label,text
Tâm thần,"Mỗi khi nhớ về cô ấy, tôi lại cảm thấy buồn."
Da liễu,"Mỗi khi mang vác đồ nặng, tôi cảm thấy như lưng mình sắp gãy."
Tim mạch,Tôi bị đau nhiều mỗi khi cử động tay.
Ngoại khoa,"Con trai tôi vừa xỏ khuyên môi và giờ môi bị sưng, phần da bên trong môi có màu xám và trông như bị nhiễm trùng."
Ngoại khoa,Các cơ ở vùng lưng dưới của tôi đang bị đau nhức.
Thấp khớp,"Tôi bị đau cơ ở lưng.
Tôi bị đau cơ ở chân sau."
Thấp khớp/Tiêu hóa,Tôi bị đau cơ ở chân trái.
Thấp khớp,Tôi bị đứt tay khi chơi bóng đá và phải bôi kem giảm đau nhưng không hiệu quả.
Da liễu,Tôi bị mụn trứng cá trên mặt và các vấn đề khác về da liễu như ngứa.
Thấp khớp,Tôi bị phát ban lạ trên cánh tay.
Tiêu hóa,Tôi bị đau nhói ở vùng bụng dưới.
Chỉnh hình,Tôi bị đau đầu gối khi đi bộ nhiều.
Tim mạch,"Bác sĩ ơi, tôi cảm thấy một cơn đau dữ dội và lạ lẫm bên trong lồng ngực."
Chỉnh hình,Đừng khóc
Tim mạch,Tôi có thuốc trị ho
Hô hấp,"Trước đây, tôi thường thở hổn hển sau khi leo cả chục bậc cầu thang, nhưng giờ đây, ngay cả khi ngồi xuống, tôi cũng khó thở."
Hô hấp,"Tôi cảm thấy khó thở, đặc biệt là sau khi chạy hoặc vận động mạnh."
Thần kinh/Tiêu hóa,Tôi đọc sách rất lâu và khi đọc xong thì tôi bị đau đầu.
Thấp khớp,Tôi không ngủ được vì bị cảm lạnh.
Da liễu,Vết thương bị nhiễm trùng của tôi gây ra sốt.
Đa khoa,Tôi bị rụng tóc rất nhiều.
Đa khoa,Tôi cảm thấy chóng mặt sau khi bị tiêu chảy nặng.
Chỉnh hình,Tôi cảm thấy đau lưng.
Ngoại khoa,"Vết rách, vết thủng hoặc vết hở trên da"
Chỉnh hình,Tôi bị đau lưng và không thể cúi gập người hay đi lại được.
Thần kinh/Tiêu hóa,Tôi bị đau đầu mỗi khi cố gắng làm bất cứ việc gì.
Da liễu,Tôi có những đốm đen trên da.
Tiêu hóa,Tôi cảm thấy đau nhói ở bụng.
Đa khoa,"Tôi không thể làm gì cả, toàn thân tôi đều yếu ớt."
Nhãn khoa,Tôi có đôi mắt mờ đục.
Chỉnh hình,Tôi bị đau lưng từ khi bước sang tuổi 70.
Nhãn khoa,Tôi đã thử đeo kính để nhìn rõ hơn nhưng vẫn không thấy có gì thay đổi.
Da liễu,"Tôi cảm thấy tê buốt sâu khi chạm vào mụn, sau đó là cảm giác khó chịu."
Da liễu,Tình trạng mụn của tôi trở nên tồi tệ hơn khi trời nóng.
Hô hấp,"Đôi khi tôi cảm thấy như có một cái móng vuốt đang cào cấu ngực mình, khiến tôi khó thở."
Thấp khớp,Tôi bị đau cơ bụng dữ dội từ khi đi tập gym.
Thấp khớp,Tôi bị đau lưng khi đang tập tạ ở phòng gym.
Chỉnh hình,Mắt cá chân của tôi đang bị đau.
Ngoại khoa,Tôi nghĩ vết thương của tôi bị nhiễm trùng rồi.
Chỉnh hình,Tôi cảm thấy đau ở đầu gối.
Da liễu,Da tôi rất khô và bong tróc.
Thấp khớp/Tiêu hóa,Tôi không thể cử động vai vì đau.
Đa khoa,"Khi thức dậy vào buổi sáng, tôi cảm thấy chóng mặt."
Da liễu,Tóc tôi rụng rất nhiều.
Thấp khớp/Chỉnh hình,Tôi bị đau nhói ở cổ.
Thấp khớp,Tôi bị đau cơ không rõ nguyên nhân.
Hô hấp,Tôi gặp vấn đề về khả năng thở ra vì tôi bị hen phế quản.
Đa khoa,"Mỗi lần cố gắng làm việc gì, tôi đều cảm thấy chóng mặt."
Thấp khớp/Chỉnh hình,Tôi bị đau dữ dội ở cổ.
Tiêu hóa,Tôi bị đau nội tạng.
Da liễu,Bệnh mãn tính của nang tóc và tuyến bã nhờn.
Tâm thần,Tôi cảm thấy vô cùng đau khổ về mặt tinh thần sau khi chia tay bạn gái.
Đa khoa,"Khi đứng dậy quá nhanh, tôi bắt đầu cảm thấy chóng mặt và choáng váng."
Tim mạch,Tôi thường xuyên bị đau nhói ở ngực và không biết mình đang làm gì mà lại gây ra triệu chứng đó.
Chỉnh hình,Tôi có cảm giác như toàn thân mình đang kêu ca.
Chỉnh hình,Tôi bị đau đầu gối khi chơi squash.
Nhãn khoa,Tôi không nhìn rõ.
Da liễu,Tôi đã thử rất nhiều loại kem nhưng tình trạng da của tôi vẫn vậy.
Thấp khớp/Tiêu hóa,Tôi cảm thấy như có ai đó đâm dao vào vai mình.
Thấp khớp,Tôi cảm thấy nóng rát ở cơ vai.
Ngoại khoa,Tôi bị đứt chân ở bể bơi và vết thương cứ hở ra mỗi khi tôi đi lại.
Chỉnh hình,Đầu gối tôi bị vướng và đau khi mới đứng dậy sau khi ngồi.
Ngoại khoa,Tôi bị đứt tay cách đây vài tuần và dù đã bôi kem kháng sinh nhưng vết thương vẫn không đỡ.
Thấp khớp/Tiêu hóa,Tôi cảm thấy đau vai khi gõ bàn phím.
Nhãn khoa,"Tôi gặp vấn đề trong việc nhìn thấy các vật thể, nó quá khó nhìn."
Ngoại khoa,"Mảnh kính vỡ và làm tôi bị thương nặng ở chân, vết thương rất rộng."
Nhãn khoa,"Tôi bị nhìn mờ trong lúc tập bơi ở bể bơi, tại sao vậy?"
Thấp khớp,Tôi thích đi bộ và hoạt động ngoài trời nhưng lòng bàn chân của tôi rất nhanh bị đau.
Chỉnh hình,Tôi cảm thấy đau đầu gối khi leo cầu thang.
Đa khoa,"Tôi nhanh mệt quá, sáng sớm hầu như không mặc nổi quần áo."
Chỉnh hình,Tôi bị đau đầu gối khi đi bộ.
Thấp khớp/Chỉnh hình,Tôi không thể xoay cổ.
Ngoại khoa,"Con trai tôi vô tình dùng dao cạo cũ cứa vào cổ và chỗ đó bị sưng tấy, trông có vẻ bị nhiễm trùng."
Chỉnh hình,"Tôi bị đau lưng, không thể duỗi thẳng được."
Thấp khớp,Tôi không thể đi lại được vì chân tôi đau quá.
Tim mạch,Tim tôi đập nhanh và điều đó khiến tôi sợ hãi.
Da liễu,Tôi từng bị mụn trứng cá khi 15 tuổi.
Thấp khớp,Tôi bị đau nhức cơ vùng lưng dưới.
Thấp khớp,Tôi bị đau cơ vai mỗi khi cố gắng với tay lên.
Tim mạch,Tôi cảm thấy đau tim mỗi khi đi bộ nhiều.
Da liễu,Tóc tôi rụng rất nhiều.
Chỉnh hình,Tôi cảm thấy đau lưng.
Da liễu,Da tôi bị ngứa và viêm.
Nhãn khoa,Tôi không nhìn rõ.
Tai Mũi Họng,Tôi bị cảm lạnh và ho rất nhiều.
Tai Mũi Họng,Tôi bị khô họng.
Tai Mũi Họng,"Tôi nghe không rõ, tôi có vấn đề về tai."
Thấp khớp,Chân tôi đau quá.
Da liễu,Ống thoát nước trong phòng tắm của tôi lúc nào cũng đầy tóc.
Thần kinh/Tiêu hóa,"Tôi bị đau đầu vùng trán và mỗi khi bị đau, ánh sáng lại làm tôi khó chịu."
Da liễu,Mặc dù đã trưởng thành nhưng mặt tôi vẫn cứ nổi mụn.
Đa khoa,"Khi thức dậy vào buổi sáng, tôi cảm thấy cơ thể rất yếu."
Chỉnh hình,Đầu gối tôi bị vướng và đau khi mới đứng dậy sau khi ngồi.
Ngoại khoa,"Vết thương phẫu thuật đỏ, có mủ chảy ra, đau và nóng khi chạm vào."
Chỉnh hình,Tôi cảm thấy như có thứ gì đó đang đâm vào các khớp của mình.
Thấp khớp,Tôi bị đau lòng bàn chân khi mang giày cao gót.
Chỉnh hình,Tôi cảm thấy đau ở vùng lưng dưới.
Thần kinh/Tiêu hóa,Tôi bị đau âm ỉ ở đầu.
Thấp khớp,Tôi bị đau lòng bàn chân khi mang giày cao gót.
Thấp khớp/Chỉnh hình,Tôi cảm thấy đau ở cổ.
Thấp khớp/Chỉnh hình,Tôi bị đau nhói ở cổ.
Tiêu hóa,Tôi bị đau nhưng không thể xác định được vị trí cụ thể.
Tai Mũi Họng,"Tôi bị đau tai mãi không khỏi. Tôi không bị cảm lạnh, đau đầu hay bất kỳ triệu chứng nào khác. Chỉ là đau tai thôi."
Nhãn khoa,Tôi có đôi mắt mờ đục.
Chỉnh hình,Tôi cảm thấy đau khớp mỗi khi cử động.
Tiêu hóa,Tôi bị đau bụng dữ dội.
Tai Mũi Họng,"Tai trái của tôi không sao, nhưng tai phải thì có cảm giác như bị đâm bằng đinh."
Thấp khớp,Tôi cần một loại kem giúp thư giãn cơ bắp.
Chỉnh hình,Tôi bị đau lưng từ khi ngã xuống sàn.
Đa khoa,Tôi cảm thấy choáng váng
Tiêu hóa,"Tôi cảm thấy đau nhức ở bên trong, giữa hông và vai."
Thấp khớp,Tôi bị đau chân sau khi chạy 500m với giày chạy bộ.
Tai Mũi Họng,"Tôi được chẩn đoán mắc chứng thiếu máu do thiếu vitamin B12, điều này giải thích tại sao tôi luôn cảm thấy lạnh."
Tâm thần,"Tôi cảm thấy tổn thương, trái tim tôi đau nhói."
Thần kinh/Tiêu hóa,Tôi đọc sách rất lâu và khi đọc xong thì tôi bị đau đầu.
Da liễu,Tôi thường xuyên bị nổi mụn trên mặt.
Đa khoa,Tôi đã cố gắng làm giảm bớt nó nhưng không được.
Thấp khớp,Tôi ngừng chơi thể thao vì bị chấn thương khi chơi thể thao.
Tai Mũi Họng,Mỗi lần hít thở sâu là tôi lại ho.
Chỉnh hình,"Khi tôi duỗi chân, khớp gối bị đau."
Thần kinh/Tiêu hóa,Đầu tôi đau quá.
Da liễu,"Khi tôi gội đầu, tóc tôi rụng rất nhiều."
Da liễu,Tôi ghét mụn trứng cá của mình.
Ngoại khoa,"Con trai tôi vô tình dùng dao cạo cũ cứa vào cổ và chỗ đó bị sưng tấy, trông có vẻ bị nhiễm trùng."
Chỉnh hình,Tôi bị đau nhức như kim châm ở các khớp.
Tim mạch,Tôi bị đau dữ dội ở ngực do tổn thương tim.
Tâm thần,Tôi không hiểu sao mình cứ buồn mãi.
Thấp khớp/Chỉnh hình,Tôi cảm thấy đau ở cổ.
Đa khoa,Tôi cảm thấy cơ bắp mệt mỏi.
Nhãn khoa,Tôi đã thử đeo kính để nhìn rõ hơn nhưng vẫn không thấy có gì thay đổi.
Tiêu hóa,Tôi cảm thấy đau bụng.
Thấp khớp,Tôi bị đau lòng bàn chân khi mang giày cao gót.
Thấp khớp,"Tôi bị đau chân vào mùa đông, hoặc khi trời lạnh, tại sao vậy?"
Chỉnh hình,Lưng tôi đau quá.
Thấp khớp,Cảm giác đau như thể ở ngay dưới da.
Chỉnh hình,"Tôi gặp khó khăn khi chịu trọng lượng lên đầu gối, khi đứng thẳng tôi cảm thấy và nghe thấy một tiếng kêu lách tách lớn."
Thấp khớp,Tôi bị đau nhói ở bắp tay. Tôi đã thử bôi kem giảm đau nhưng không hiệu quả.
Tiêu hóa,Tôi bị đau nội tạng.
Tai Mũi Họng,"Con tôi bị ho cả đêm, không ngủ được."
Đa khoa,"Tôi cảm thấy chóng mặt khi ngồi trước máy tính xách tay khoảng một đến hai tiếng, nguyên nhân có thể là gì vậy?"
Chỉnh hình,"Khi chơi thể thao, tôi cảm thấy nóng rát ở cột sống."
Thấp khớp,Tôi bị đau cơ dữ dội từ khi đi tập gym.
Da liễu,tóc tôi rụng
Chỉnh hình,Tôi cảm thấy đau khớp mỗi khi cử động.
Tiêu hóa,Tôi cảm thấy đau nhức bên trong cơ thể.
Da liễu,Tôi bị phát ban lạ trên cánh tay.
Da liễu,"Mỗi tháng, vào khoảng thời gian hành kinh, da mặt tôi lại nổi mụn rất nhiều."
Tai Mũi Họng,Tôi có rất nhiều đờm khi ho.
Tâm thần,Tôi thất vọng
Tiêu hóa,Tôi thường bị đau bụng sau khi ăn. Tôi vẫn chưa xác định được loại thực phẩm nào là nguyên nhân gây ra tình trạng này.
Đa khoa,"Tôi cảm thấy chóng mặt khi ngồi trước máy tính xách tay khoảng một đến hai tiếng, nguyên nhân có thể là gì vậy?"
Thấp khớp,Tôi đang chơi bóng đá và bị trẹo mắt cá chân.
Ngoại khoa,"Con trai tôi nặn mụn và nó vỡ ra, sau đó đóng vảy và giờ trông có vẻ bị nhiễm trùng."
Tiêu hóa,Tôi cảm thấy rất đau ở vùng bụng.
Thấp khớp/Tiêu hóa,Tôi bị đau vai sau khi làm bất cứ việc gì liên quan đến nhà.
Ngoại khoa,"vết rách, vết thủng hoặc lỗ hở trên da"
Thấp khớp/Tiêu hóa,"Tôi không thể mang vác bất cứ thứ gì, tôi bị đau vai."
Chỉnh hình,Làm sao để biết bạn có bị rách sụn chêm ở đầu gối hay không?
Đa khoa,Tôi bị chóng mặt mỗi khi cố gắng đứng dậy.
Tâm thần,Tôi cảm thấy đau lòng khi phải chia xa những người thân yêu.
Ngoại khoa,Tôi nghĩ vết thương của tôi bị nhiễm trùng rồi.
Đa khoa,Tôi cảm thấy chóng mặt sau khi bị tiêu chảy nặng.
Da liễu,Trên da tôi có một vết đỏ.
Chỉnh hình,"Tôi không thể đi được, đầu gối tôi đau quá."
Chỉnh hình,Tôi cảm thấy đau lưng.
Đa khoa,Tôi cảm thấy toàn thân yếu ớt và đã cố gắng thư giãn nhưng vẫn thấy đau.
Tim mạch,Tôi cảm thấy nhịp tim tăng nhanh khi bị chích.
Ngoại khoa,"Cháu trai tôi bị xước chân do va phải vỏ sò ở biển, giờ chân cháu đang chuyển sang màu xám và sưng tấy."
Tim mạch,Tôi cảm thấy nhịp tim tăng nhanh khi bị chích.
Thần kinh/Tiêu hóa,Cơn đau đầu tồi tệ nhất là khi tôi bị say rượu hồi hai mươi tuổi: Tôi thực sự nghĩ mình sắp chết vì viêm não.
Tai Mũi Họng,Tôi bị vấn đề ở tai giữa do nhiễm trùng.
Nhãn khoa,Màn hình tivi và máy tính của tôi trông có vẻ mờ dù tôi đã đeo kính mới.
Ngoại khoa,Tôi bị rách da giữa ngón tay cái và ngón trỏ và vết thương không lành lại được.
Da liễu,"Khi chải tóc, tôi nhận thấy có những mảng tóc lớn rụng ra trên lược."
Chỉnh hình,Tôi cảm thấy đau ở đầu gối khi đi bộ.
Hô hấp,"Tôi cảm thấy không khỏe, tôi không thể thở được."
Thấp khớp/Tiêu hóa,Tôi không thể cử động vai vì đau.
Tiêu hóa,Tôi cảm thấy đau đớn bên trong nhưng không thể xác định được nguyên nhân.
Tiêu hóa,Tôi bị khó tiêu
Tai Mũi Họng,Tôi cảm thấy lạnh dù nhiệt độ cao.
Đa khoa,Tôi cảm thấy cơ thể yếu ớt mặc dù tôi vẫn uống vitamin đều đặn.
Tiêu hóa,Tôi cảm thấy đau nhức toàn thân.
Chỉnh hình,"Cơn đau dữ dội, đặc biệt là khi tôi xuống cầu thang, cảm giác như có thứ gì đó bị gãy bên trong đầu gối."
Đa khoa,"Tôi cảm thấy chóng mặt khi ngồi trước máy tính xách tay khoảng một đến hai tiếng, nguyên nhân có thể là gì vậy?"
Tai Mũi Họng,Tôi bị đau tai khi trời lạnh.
Chỉnh hình,Các khớp của tôi cảm thấy sưng tấy.
Đa khoa,"Khi đứng lên tôi cảm thấy chóng mặt, tôi không biết tại sao."
Đa khoa,Tôi cảm thấy choáng váng
Thấp khớp,Tôi bị đau lưng dưới nhưng nếu duỗi người thì đỡ hơn.
Da liễu,Tôi bị nổi mụn khi ăn ớt.
Chỉnh hình,Tôi không thể tập thể dục vì bị đau đầu gối.
Tai Mũi Họng,"Tôi nghe không rõ, tôi có vấn đề về tai."
Da liễu,Một cơn rụng tóc khủng khiếp
Tai Mũi Họng,Tai tôi đau quá.
Ngoại khoa,"Con trai tôi vừa trải qua điều trị tủy răng và nha sĩ vô tình cắt vào bên trong má của cháu, giờ vết thương không lành được."
Tim mạch,Trái tim đau nhói vô cùng
Thấp khớp/Chỉnh hình,Đầu tôi đau quá.
Tai Mũi Họng,Cơn đau tai của tôi không thể chịu nổi.
Ngoại khoa,"Con gái tôi đi tỉa lông mày và việc đó đã làm rách da ở một bên lông mày, giờ chỗ đó bị sưng và chảy dịch."
Chỉnh hình,Bệnh xương mãn tính ở mức độ gấp đôi của Estremidades dưới
Chỉnh hình,Đầu gối tôi đau đến nỗi mỗi khi đi lại tôi lại ngồi nhiều hơn mức cần thiết.
Tâm thần,Tôi ly hôn năm ngoái và tôi cứ mãi nghĩ đến việc trả thù chồng cũ.
Chỉnh hình,Tôi có cảm giác như xương bánh chè đang cọ xát vào nhau mỗi khi đi bộ.
Tâm thần,Tôi cảm thấy muốn tự tử.
Chỉnh hình,Tôi bị đau khớp sau chấn thương trong trận bóng đá gần đây nhất.
Đa khoa,Tôi cảm thấy chóng mặt mỗi khi đứng dậy.
Chỉnh hình,"Cảm giác khó chịu xuất hiện đột ngột, thường là sau chấn thương hoặc tập luyện."
Nhãn khoa,"Tôi cảm thấy đau nhức mắt, tôi nhìn thấy như có sương mù."
Thần kinh/Tiêu hóa,Không thể tập trung
Tai Mũi Họng,Tôi cảm thấy có chất lỏng muốn trào ra khi ho.
Da liễu,"Da ở lưng tôi có màu đỏ, tôi không biết tại sao."
Tai Mũi Họng,"Tai trái của tôi không sao, nhưng tai phải thì có cảm giác như bị đâm bằng đinh."
Tai Mũi Họng,Tôi bị ho dữ dội kèm theo đờm.
Thấp khớp/Tiêu hóa,"Mỗi khi tôi cử động vai, cảm giác như có luồng điện chạy qua vai vậy."
Hô hấp,Tôi cảm thấy tức ngực.
Tiêu hóa,Tôi bị đau ngực khi hút thuốc.
Thấp khớp,Tôi bị đau chân dù không đi bộ nhiều.
Thấp khớp,Tôi cảm thấy đau ở chân.
Chỉnh hình,Tôi có cảm giác như toàn thân mình đang kêu ca.
Thấp khớp,Tôi bị va chạm khi đang chơi bóng đá. Đầu gối của tôi bị trẹo và giờ không còn vững nữa.
Da liễu,Tình trạng mụn của tôi trở nên tồi tệ hơn khi trời nóng.
Tai Mũi Họng,Tôi thường bị ho nặng khi bị cúm.
Thấp khớp,"Hôm qua tôi chơi bóng rổ, và bị bong gân mắt cá chân."
Da liễu,Ngực tôi nổi mụn đỏ và mụn đầu trắng.
Da liễu,ngứa ở phía trước và chính giữa da đầu
Chỉnh hình,Tôi cảm thấy đau ở vùng lưng dưới.
Thần kinh/Tiêu hóa,Tôi bị đau âm ỉ ở đầu.
Tai Mũi Họng,Tôi bị đau tai khi trời lạnh.
Da liễu,"Tôi bị nổi mụn ở ngực với những mảng đỏ, tình trạng này càng trầm trọng hơn khi trời nóng."
Nhãn khoa,Tôi không thể lái xe vào ban đêm vì mắt tôi bị mờ.
Chỉnh hình,Tôi cảm thấy đau ở đầu gối.
Tiêu hóa,Tôi không thể chịu nổi cảm giác khó chịu này trong bụng.
Đa khoa,"Tôi nhanh mệt quá, sáng sớm hầu như không mặc nổi quần áo."
Tai Mũi Họng,"Khi tôi cố gắng giữ ấm và mặc thêm quần áo, tôi thấy mình vẫn lạnh."
Chỉnh hình,Mắt cá chân của tôi đang bị đau.
Chỉnh hình,Đầu gối tôi đau quá.
Thần kinh/Tiêu hóa,Sọ bị vỡ như quả hạch
Tim mạch,Tôi cảm thấy như có một cây kim đang đâm xuyên tim mình.
Da liễu,Mụn ở ngực tôi cứ nổi lên và không bao giờ hết.
Da liễu,Tóc tôi không được đẹp lắm.
Thấp khớp/Tiêu hóa,Tôi cảm thấy như có ai đó đâm dao vào vai mình.
Thần kinh/Tiêu hóa,Tôi cảm thấy đầu mình bị đè nặng rất nhiều.
Ngoại khoa,Vết thương hở ở tay tôi bị nhiễm trùng.
Hô hấp,Tôi cảm thấy áp lực rất lớn ở ngực.
Hô hấp,"Tôi cảm thấy không khỏe, tôi không thể thở được."
Hô hấp,"Tôi cảm thấy khó thở, đặc biệt là sau khi chạy hoặc vận động mạnh."
Ngoại khoa,Tôi có một vết thương hở ở cánh tay.
Tai Mũi Họng,Tôi không ngủ được vì ho
Hô hấp,"Tôi khó thở khi ở trong ga tàu điện ngầm, tại sao vậy?"
Da liễu,Tôi thường xuyên bị nổi mụn trên mặt.
Đa khoa,"Tôi không thể tập thể dục được, tôi cảm thấy yếu."
Chỉnh hình,Đầu gối tôi đau đến nỗi mỗi khi đi lại tôi lại ngồi nhiều hơn mức cần thiết.
Thấp khớp,Tôi bị đau cơ vai mỗi khi cố gắng với tay lên.
Da liễu,Tôi rất lo lắng mình sẽ bị hói đầu sớm. Tôi có bị bệnh nặng không?
Thấp khớp/Tiêu hóa,Tôi cảm thấy đau dữ dội ở vai trái.
Tiêu hóa,Tôi cảm thấy đau đớn bên trong nhưng không thể xác định được nguyên nhân.
Chỉnh hình,Tôi cảm thấy đau lưng.
Da liễu,Có cách nào chữa khỏi mụn trứng cá không?
Thấp khớp,Tôi bị đau cơ.
Thấp khớp,Tôi bị đau nhói ở bắp tay. Tôi đã thử bôi kem giảm đau nhưng không hiệu quả.
Tâm thần,"Tôi cảm thấy buồn, như thể bị tổn thương hoặc đau đớn."
Đa khoa,Tôi cảm thấy cơ thể yếu ớt mặc dù tôi vẫn uống vitamin đều đặn.
Thần kinh/Tiêu hóa,Cơn đau đầu tồi tệ nhất là khi tôi bị say rượu hồi hai mươi tuổi: Tôi thực sự nghĩ mình sắp chết vì viêm não.
Da liễu,Tôi nhận thấy một số vấn đề về da và đã thử dùng kem nhưng tình trạng không được cải thiện.
Da liễu,Tôi bị nổi mẩn đỏ và ngứa trên da.
Ngoại khoa,"Con trai tôi vừa trải qua điều trị tủy răng và nha sĩ vô tình cắt vào bên trong má của cháu, giờ vết thương không lành được."
Thấp khớp/Chỉnh hình,Tôi cảm thấy đau cổ sau khi thức dậy.
Thấp khớp/Chỉnh hình,Cổ tôi bị đau từ sau vụ tai nạn.
Tâm thần,"Tôi cảm thấy tổn thương, trái tim tôi đau nhói."
Tâm thần,Tôi ly hôn năm ngoái và tôi cứ mãi nghĩ đến việc trả thù chồng cũ.
Hô hấp,"Tôi khó thở khi ở trong ga tàu điện ngầm, tại sao vậy?"
Thần kinh/Tiêu hóa,Tôi bị đau âm ỉ ở đầu.
Tim mạch,"Tôi cảm thấy đau ở bên trái ngực, ngay chỗ tim."
Tai Mũi Họng,"Khi thức dậy, tôi cảm thấy lạnh."
Da liễu,Trên mặt tôi có mụn.
Tai Mũi Họng,"Tôi không khỏe, tôi cảm thấy rất lạnh."
Ngoại khoa,Tôi vô tình cắt đứt đầu ngón tay khi đang cắt bìa cứng và hiện tại máu không chảy được.
Đa khoa,Tôi khó có thể đứng dậy và di chuyển rất chậm.
Thấp khớp/Tiêu hóa,Tôi rất đau khi cử động tay.
Thần kinh/Tiêu hóa,Tôi đọc sách rất lâu và khi đọc xong thì tôi bị đau đầu.
Da liễu,Tôi bị rụng tóc rất nhiều.
Thấp khớp,Tôi bị thương trong trận đấu bóng đá.
Nhãn khoa,Màn hình tivi và máy tính của tôi trông có vẻ mờ dù tôi đã đeo kính mới.
Thấp khớp,"Khi thức dậy vào buổi sáng, tôi cảm thấy toàn thân đau nhức."
Thần kinh/Tiêu hóa,Tôi cảm thấy đầu mình bị đè nặng rất nhiều.
Tim mạch,Tôi cảm thấy đau nhói trong tim mỗi khi thức dậy.
Da liễu,Tôi thường xuyên bị nổi mụn trên mặt.
Chỉnh hình,Tôi bị đau lưng từ khi bước sang tuổi 70.
Hô hấp,Tôi cảm thấy như có thứ gì đó đang bóp nghẹt phổi mình.
Thấp khớp,Chân tôi bị đau từ thứ Ba tuần trước.
Chỉnh hình,Tôi rất đau lưng mỗi khi cúi người.
Chỉnh hình,Tôi cảm thấy đau ở đầu gối.
Nhãn khoa,Mọi thứ trông như thể đang ở trong một khu vực đầy khói.
Đa khoa,"Mỗi lần cố gắng làm việc gì, tôi đều cảm thấy chóng mặt."
Tai Mũi Họng,Bị cảm lạnh và ho nặng
Hô hấp,Tôi cảm thấy như có thứ gì đó đang bóp nghẹt phổi mình.
Chỉnh hình,Tôi cảm thấy đau ở đầu gối khi đi bộ.
Tiêu hóa,Đau ruột mãn tính
Thấp khớp,"Khi chơi bóng đá, tôi bị trật khớp vai."
Tim mạch,Tôi thường xuyên bị đau nhói ở ngực và không biết mình đang làm gì mà lại gây ra triệu chứng đó.
Thấp khớp,Tôi cảm thấy đau ở vai phải sau trận đấu quần vợt.
Tim mạch,Tôi cảm thấy đau nhói từ ngực lan lên đến cánh tay trái.
Da liễu,Tôi bị nổi mụn thành từng mảng và da mặt bị đỏ nhiều.
Chỉnh hình,"Tôi không thể cử động chân, khớp bị đau."
Hô hấp,Tôi cảm thấy tức ngực.
Tâm thần,Tôi bị bệnh tâm thần
Chỉnh hình,Tôi cảm thấy đau nhói ở khớp mắt cá chân khi đứng.
Thần kinh/Tiêu hóa,Tôi bị đau đầu ở phía sau và cơn đau kéo dài cả ngày.
Ngoại khoa,Điều gì giúp vết thương mau lành hơn?
Chỉnh hình,Đầu gối của tôi không gập được tốt.
Chỉnh hình,"Mỗi khi lên xuống cầu thang, đầu gối tôi lại phát ra tiếng kêu ken két."
Đa khoa,"Khi thức dậy vào buổi sáng, tôi cảm thấy kỳ lạ và chóng mặt."
Ngoại khoa,Vết thương của tôi không lành tốt và tình trạng này đã kéo dài hai tuần rồi.
Thấp khớp,"Sau khi đi bộ, tôi cảm thấy đau ở lòng bàn chân."
Ngoại khoa,Tôi tự đánh mình và vết thương không muốn lành.
Chỉnh hình,Tôi bị đau đầu gối khi đi lại.
Nhãn khoa,"Khi tôi đứng dậy quá nhanh, tầm nhìn của tôi bị mờ."
Hô hấp,"Đôi khi tôi cảm thấy như có một cái móng vuốt đang cào cấu ngực mình, khiến tôi khó thở."
Ngoại khoa,Tôi bị một vết thương sâu ở tay và không thể cầm máu được.
Tiêu hóa,Tôi cảm thấy đau bụng dữ dội.
Tai Mũi Họng,"Chắc chắn là tuần hoàn máu của tôi có vấn đề rồi, ngay cả những ngày nóng nhất tôi cũng phải mang tất, ngón chân tôi lạnh cóng!"
Tai Mũi Họng,Tôi không thể ngừng ho.
Ngoại khoa,Có một người bị thương.
Thấp khớp/Tiêu hóa,Tôi bị đau khi giơ tay lên.
Ngoại khoa,"Tôi bị đứt tay khi mở lon đồ hộp, máu cứ chảy không ngừng và vết thương đang hở miệng."
Đa khoa,"Khi ăn quá nhiều đường, cơ thể tôi trở nên yếu và chóng mặt."
Nhãn khoa,"Khi tôi đứng dậy quá nhanh, tầm nhìn của tôi bị mờ."
Thấp khớp/Tiêu hóa,"Mỗi khi cử động tay, vai phải của tôi lại kêu lách tách."
Da liễu,Tôi bị phát ban và ngứa rất dữ dội.
Tiêu hóa,Tôi bị đau bụng và đầy hơi liên tục.
Thấp khớp,Chân tôi bị đau và không thể xoay được. Có lẽ nó bị gãy rồi.
Thấp khớp,Tôi bị va đập vào chân và nó đau lắm.
Da liễu,Con trai tôi bị mụn trứng cá rất nhiều.
Tiêu hóa,Tôi bị đau lan từ hông phải lên đến lồng ngực. Cơn đau dữ dội nhất khi tôi đi tiểu.
Hô hấp,Tôi cảm thấy tức ngực.
Tiêu hóa,Bụng tôi bắt đầu đau nhưng sau khi ăn thứ gì đó nhẹ nhàng thì lại thấy dễ chịu hơn.
Chỉnh hình,Bệnh xương mãn tính ở mức độ gấp đôi của Estremidades dưới
Thấp khớp/Chỉnh hình,Cổ tôi cảm thấy cứng đờ.
Đa khoa,Tôi cảm thấy chóng mặt sau khi vận động cơ bắp.
Da liễu,Tôi bị nổi mụn thành từng mảng và da mặt bị đỏ nhiều.
Đa khoa,Tôi cảm thấy choáng váng khi đứng dậy.
Thấp khớp,Tôi cảm thấy nóng rát ở cơ vai.
Chỉnh hình,Tôi cảm thấy rất đau nhức ở các khớp.
Da liễu,Mụn trứng cá khiến tôi cảm thấy xấu hổ.
Tâm thần,Tôi bị bệnh tâm thần
Tâm thần,Tôi ly hôn năm ngoái và tôi cứ mãi nghĩ đến việc trả thù chồng cũ.
Đa khoa,Mỗi khi đứng dậy tôi đều cảm thấy chóng mặt.
Ngoại khoa,Tôi bị rách da ở ngón tay cái và vết thương không lành.
Chỉnh hình,Tôi đang chơi bóng đá và bị chấn thương đau khớp.
Nhãn khoa,"Tôi không nhìn thấy biển báo, tầm nhìn của tôi bị mờ."
Tai Mũi Họng,Cơn đau tai của tôi không thể chịu nổi.
Đa khoa,"Khi đứng lên tôi cảm thấy chóng mặt, tôi không biết tại sao."
Da liễu,Tôi bị nổi mẩn đỏ và ngứa trên da.
Tim mạch,"Mỗi khi buồn, tim tôi lại đau nhói, tại sao vậy?"
Thần kinh/Tiêu hóa,Tôi bị đau đầu gần như mỗi ngày.
Tai Mũi Họng,Tôi luôn cảm thấy ngứa rát ở cổ họng.
Tiêu hóa,"Tôi cảm thấy đau nhức ở bên trong, giữa hông và vai."
Thấp khớp/Chỉnh hình,Đầu tôi đau quá.
Da liễu,Sáng nào gối tôi cũng có rất nhiều tóc.
Da liễu,Tôi có một vết thương đóng vảy ở mu bàn tay mà mãi không lành.
Da liễu,Tôi cảm thấy rất ngứa rát ở vùng gần cánh tay.
Thấp khớp,"Khi chơi thể thao, tôi bị đau dưới da."
Thấp khớp,Tôi bị va đập đầu trong trận bóng rổ. Liệu tôi có bị chấn động não không?
Tim mạch,"Chồng tôi bỏ tôi để đến với người phụ nữ khác, trái tim tôi đau đớn đến mức tôi không thể ăn không thể ngủ được."
Da liễu,Tóc tôi không được đẹp lắm.
Hô hấp,"Tôi được chẩn đoán mắc bệnh viêm phổi, tôi khó thở."
Thấp khớp/Chỉnh hình,Tôi bị đau cổ và không thể nhìn xuống hay nhìn lên.
Đa khoa,Tôi chẳng làm gì ở nhà cả mà vẫn cảm thấy kiệt sức.
Chỉnh hình,Tôi bị đau nhói và nghe thấy tiếng lách cách ở khớp mắt cá chân mỗi khi cố gắng đứng lên và đi lại.
Đa khoa,Tôi cảm thấy choáng váng
Tai Mũi Họng,Tôi thức giấc vào ban đêm vì cảm thấy lạnh.
Tai Mũi Họng,Khi đi ngủ tôi cảm thấy lạnh.
Thấp khớp/Tiêu hóa,Tôi không thể cử động vai vì đau.
Chỉnh hình,Tôi bị đau lưng rất nhiều.
Chỉnh hình,Tôi cảm thấy như có kim châm vào các khớp của mình.
Tiêu hóa,Tôi bị đau bụng mỗi khi bị cảm lạnh.
Da liễu,"Tôi bị nổi mụn ở ngực với những mảng đỏ, tình trạng này càng trầm trọng hơn khi trời nóng."
Tai Mũi Họng,"Tôi ho rất nhiều khi ngửi mùi nước hoa, phổi tôi có vấn đề gì vậy?"
Nhãn khoa,Tôi không thể lái xe vào ban đêm vì mắt tôi bị mờ.
Da liễu,"Tôi bị nổi mụn trên mặt, lúc có lúc không."
Tiêu hóa,Tôi bị đau bụng dữ dội.
Tai Mũi Họng,Tôi luôn cảm thấy ngứa rát ở cổ họng.
Thấp khớp/Chỉnh hình,Đầu tôi đau quá.
Đa khoa,"Mỗi lần cố gắng làm việc gì, tôi đều cảm thấy chóng mặt."
Tai Mũi Họng,Tôi bị ho rất nặng
Tâm thần,"Tôi đã thử đọc sách, nhưng chẳng có gì làm tôi vui lên được cả."
Chỉnh hình,Tôi cảm thấy đau nhức dữ dội ở khớp vai và cơn đau không thuyên giảm.
Da liễu,Tôi bị phát ban trên da.
Chỉnh hình,"Khi chơi bóng đá, tôi bị đau khớp."
Tai Mũi Họng,Đau tai dữ dội
Ngoại khoa,Điều gì giúp vết thương mau lành hơn?
Da liễu,Bệnh mãn tính của nang tóc và tuyến bã nhờn
Da liễu,"Khi chải tóc, tôi nhận thấy có những mảng tóc lớn rụng ra trên lược."
Hô hấp,"Tôi cảm thấy khó thở, đặc biệt là sau khi chạy hoặc vận động mạnh."
Thấp khớp,Tôi bị đau cơ vai mỗi khi cố gắng với tay lên.
Chỉnh hình,"Mỗi khi mang vác đồ nặng, tôi cảm thấy như lưng mình sắp gãy."
Da liễu,Tôi có những đốm đen trên da.
Tiêu hóa,Tôi cảm thấy đau bụng.
Thấp khớp,"Tôi đã đi bộ 3 km, và cảm thấy đau nhức ở chân, giống như đau bàn chân vậy."
Tai Mũi Họng,Tôi cảm thấy có chất lỏng muốn trào ra khi ho.
Hô hấp,"Có những lúc tôi cảm thấy như bị đè bẹp dưới một sức nặng khổng lồ và không khí không thể vào phổi, điều đó thực sự khiến tôi sợ chết khiếp mỗi khi chuyện đó xảy ra."
Da liễu,Tôi cần gãi da mỗi phút
Ngoại khoa,"Con gái tôi bị mèo cắn và giờ tay cháu bị đau, đỏ và sưng tấy, vết thương còn chảy dịch."
Chỉnh hình,Tôi bị đau khi gập tay.
Tiêu hóa,Tôi bị đau bụng.
Tiêu hóa,Đau bụng sau khi uống sữa
Chỉnh hình,Tôi cảm thấy đau ở đầu gối.
Ngoại khoa,Vết thương vẫn còn hở
Ngoại khoa,Có một người bị thương.
Nhãn khoa,"Mỗi khi ăn đường, tôi nhận thấy thị lực của mình bị mờ."
Tiêu hóa,"Tôi bị đau ở đại tràng và dạ dày, cảm giác như có vật gì đó đang cắt vào."
Đa khoa,Tôi cảm thấy chóng mặt mỗi khi đứng dậy.
Thấp khớp,Chân tôi bị đau và không thể xoay được. Có lẽ nó bị gãy rồi.
Tai Mũi Họng,Tai tôi bị đau và càng đau hơn khi nuốt. Tôi bị đau tai dữ dội và thuốc Tylenol cũng không giúp được gì.
Da liễu,Mặc dù đã trưởng thành nhưng mặt tôi vẫn cứ nổi mụn.
Đa khoa,"Tôi cảm thấy cơ thể yếu ớt sau ngày đầu tiên đến phòng tập, tại sao vậy?"
Chỉnh hình,"Khi chơi bóng đá, tôi bị đau khớp."
Nhãn khoa,Thật khó để nhìn thấy mọi thứ
Nhãn khoa,"Tôi gặp vấn đề trong việc nhìn thấy các vật thể, nó quá khó nhìn."
Chỉnh hình,Các khớp của tôi cảm thấy sưng tấy.
Tiêu hóa,Tôi cảm thấy đau bụng.
Tai Mũi Họng,Tôi bị ho rất nặng và có đờm.
Thấp khớp,Tôi cảm thấy đau dữ dội ở đầu gối sau khi bị va chạm trong trận bóng đá.
Đa khoa,"Khi đứng dậy quá nhanh, tôi bắt đầu cảm thấy chóng mặt và choáng váng."
Da liễu,Tôi bị phát ban trên da.
Tim mạch,"Ôi tim tôi đau nhói, tôi đã cố gắng bình tĩnh nhưng không thể."
Chỉnh hình,Đứng chưa đến năm phút mà lưng tôi bắt đầu đau.
Thấp khớp/Tiêu hóa,Tôi bị đau khi giơ tay lên.
Ngoại khoa,Con gái tôi vừa xỏ khuyên tai và một bên dái tai của cháu đỏ rực và nóng rát.
Da liễu,Mụn có phải là bệnh ngoài da không?
Chỉnh hình,Tôi bị ngã xe đạp và từ đó tôi bị đau đầu gối dữ dội.
Tai Mũi Họng,"Khi thức dậy, tôi cảm thấy lạnh."
Nhãn khoa,Tôi gặp khó khăn khi đọc vì các chữ cái đều bị mờ.
Thấp khớp,"Trong cuộc phẫu thuật ở mắt cá chân, các dây thần kinh của tôi bị tổn thương nghiêm trọng đến mức tôi không thể chịu được khi ai đó chạm vào vết sẹo."
Ngoại khoa,"Con trai tôi vô tình dùng dao cạo cũ cứa vào cổ và chỗ đó bị sưng tấy, trông có vẻ bị nhiễm trùng."
Da liễu,Con trai tôi bị mụn trứng cá rất nhiều.
Da liễu,"Tôi chưa từng gặp vấn đề về mụn trứng cá cho đến lần mang thai cuối cùng, khi đột nhiên lưng tôi nổi đầy mụn."
Tai Mũi Họng,Tôi bị ho rất nặng và có đờm.
Tiêu hóa,Tôi cảm thấy đau bụng.
Thần kinh/Tiêu hóa,"Đầu tôi nặng trĩu, không thể suy nghĩ bình thường được."
Tim mạch,Tôi cảm thấy đau nhói trong tim.
Chỉnh hình,"Tôi không thể đi được, đầu gối tôi đau quá."
Tai Mũi Họng,"Tôi ho rất nhiều khi ngửi mùi nước hoa, phổi tôi có vấn đề gì vậy?"
Tiêu hóa,Tôi cảm thấy đau nhói ở bụng sau khi ăn.
Tai Mũi Họng,Từ khi vào rừng tôi bị đau tai.
Chỉnh hình,Đầu gối của tôi không gập được tốt.
Nhãn khoa,"Tôi lo lắng về khả năng lái xe của mình, vì tôi hầu như không thể tập trung khi ngồi sau tay lái, mắt tôi cứ chảy nước mắt."
Tai Mũi Họng,Mỗi lần hít thở sâu là tôi lại ho.
Chỉnh hình,Tôi cảm thấy đau lưng.
Đa khoa,"Mỗi lần cố gắng làm việc gì, tôi đều cảm thấy chóng mặt."
Hô hấp,Tôi cảm thấy tức ngực.
Chỉnh hình,Tôi cảm thấy đau nhói ở khớp mắt cá chân khi đứng.
Tiêu hóa,Bụng tôi bắt đầu đau nhưng sau khi ăn thứ gì đó nhẹ nhàng thì lại thấy dễ chịu hơn.
Thấp khớp,Tôi bị đau cơ thang.
Tai Mũi Họng,Cơn đau tai của tôi không thể chịu nổi.
Chỉnh hình,Tôi cảm thấy cứng khớp ở khuỷu tay và vai.
Chỉnh hình,"Khi chơi thể thao, tôi cảm thấy nóng rát ở cột sống."
Da liễu,"Tóc tôi rụng từng mảng lớn, đặc biệt là khi gội đầu."
Nhãn khoa,"Khi tôi đứng dậy quá nhanh, tầm nhìn của tôi bị mờ."
Da liễu,Tôi cảm thấy rất ngứa rát ở vùng gần cánh tay.
Thấp khớp/Tiêu hóa,Tôi bị đau khi giơ tay lên.
Tai Mũi Họng,Tai tôi bị ù.
Tiêu hóa,Tôi bị đau lan từ hông phải lên đến lồng ngực. Cơn đau dữ dội nhất khi tôi đi tiểu.
Chỉnh hình,"Khi chơi bóng đá, tôi bị đau khớp."
Thấp khớp,Chân tôi bị đau và không thể xoay được. Có lẽ nó bị gãy rồi.
Đa khoa,"Khi ăn quá nhiều đường, cơ thể tôi trở nên yếu và chóng mặt."
Thấp khớp/Chỉnh hình,Tôi không thể xoay cổ sang trái mà không cảm thấy đau nhói.
Tim mạch,Tim tôi đập nhanh và điều đó khiến tôi sợ hãi.
Ngoại khoa,Vết thương của tôi lại bị hở ra.
Thấp khớp,Tôi ngã xuống đất khi cố gắng ném bóng rổ.
Da liễu,Con trai tôi bị mụn trứng cá rất nhiều.
Thấp khớp,Tôi bị đau chân sau khi chạy 500m với giày chạy bộ.
Thấp khớp/Tiêu hóa,Vai tôi bị đau.
Thấp khớp,"Mỗi sáng thức dậy, cổ tôi đều có cảm giác như ngủ sai tư thế."
Đa khoa,Tôi khó có thể đứng dậy và di chuyển rất chậm.
Chỉnh hình,Tôi cảm thấy đau đầu gối khi leo cầu thang.
Tâm thần,"Tôi cảm thấy tổn thương, trái tim tôi đau nhói."
Đa khoa,Tôi cảm thấy khó chịu khắp cơ thể nói chung.
Tai Mũi Họng,"Tôi không ngủ được, tôi bị ho dữ dội."
Tâm thần,"Sau khi chia tay, tôi cảm thấy có điều gì đó lạ lẫm trong mình."
Thấp khớp/Tiêu hóa,Tôi bị đau vai dữ dội.
Thấp khớp/Tiêu hóa,Tôi không thể chịu đựng được cảm giác khó chịu này ở vai.
Ngoại khoa,"Con trai tôi vô tình dùng dao cạo cũ cứa vào cổ và chỗ đó bị sưng tấy, trông có vẻ bị nhiễm trùng."
Da liễu,Tôi cần tìm phương pháp điều trị rụng tóc.
Tai Mũi Họng,Tôi có rất nhiều đờm khi ho.
Tai Mũi Họng,Tôi bị đau tai và ù tai.
Chỉnh hình,Tôi bị đau lưng rất nhiều.
Chỉnh hình,Tôi cảm thấy như có thứ gì đó sưng và viêm ở phía sau đầu gối.
Thấp khớp,Tôi cảm thấy đau dữ dội ở đầu gối sau khi bị va chạm trong trận bóng đá.
Thấp khớp/Chỉnh hình,Tôi bị sưng ở cổ và rất đau.
Thần kinh/Tiêu hóa,Tôi cảm thấy như có ai đó đang dùng búa đập vào đầu mình. Tôi thấy đau nhức ở đỉnh đầu và nó cứ giật giật.
Tai Mũi Họng,Tôi nghĩ có dịch trong tai tôi.
Chỉnh hình,Tôi cảm thấy như có kim châm vào các khớp của mình.
Ngoại khoa,Vết thương vẫn còn hở
Nhãn khoa,"Khi tôi cố gắng nhìn, tầm nhìn của tôi bị mờ."
Hô hấp,Tim tôi đập nhanh và tôi khó thở.
Tim mạch,"Chồng tôi bỏ tôi để đến với người phụ nữ khác, trái tim tôi đau đớn đến mức tôi không thể ăn không thể ngủ được."
Thấp khớp,"Khi chơi thể thao, tôi bị đau dưới da."
Tiêu hóa,Tôi bị đau lan từ hông phải lên đến lồng ngực. Cơn đau dữ dội nhất khi tôi đi tiểu.
Da liễu,Mụn của tôi bị ngứa và chảy dịch.
Ngoại khoa,Tôi bị một vết cắt đã được khâu lại nhưng nó không lành. Nó đang chảy mủ màu xanh và bị bỏng rát.
Nhãn khoa,"Khi tôi đứng dậy quá nhanh, tầm nhìn của tôi bị mờ."
Thấp khớp,"Hồi còn nhỏ, tôi từng bị chấn thương đầu gối do chơi thể thao."
Tai Mũi Họng,Tôi cảm thấy lạnh dù nhiệt độ cao.
Chỉnh hình,Tôi cảm thấy đau đầu gối khi leo cầu thang.
Thấp khớp,Cơ bắp tay của tôi bắt đầu đau nhức sau khi tôi đến phòng tập thể dục.
Tai Mũi Họng,Tôi cảm thấy lạnh mặc dù đang là mùa hè.
Da liễu,Bệnh mãn tính của nang tóc và tuyến bã nhờn
Ngoại khoa,Tôi bị rách da ở ngón tay cái và vết thương không lành.
Đa khoa,Tôi cảm thấy choáng váng khi đứng dậy.
Nhãn khoa,"Tôi bị nhìn mờ từ sáng nay, không biết nguyên nhân là gì?"
Da liễu,Tôi đã thử rất nhiều loại kem nhưng tình trạng da của tôi vẫn vậy.
Nhãn khoa,"Tôi bị nhìn mờ trong lúc tập bơi ở bể bơi, tại sao vậy?"
Chỉnh hình,"Cảm giác khó chịu xuất hiện đột ngột, thường là sau chấn thương hoặc tập luyện."
Ngoại khoa,Tôi bị đứt tay cách đây vài ngày và mặc dù tôi không nghĩ mình cần khâu nhưng vết thương vẫn chưa lành.
Thấp khớp,"Tôi bị đau chân vào mùa đông, hoặc khi trời lạnh, tại sao vậy?"
Ngoại khoa,"Mảnh kính vỡ và làm tôi bị thương nặng ở chân, vết thương rất rộng."
Ngoại khoa,"Con trai tôi vừa trải qua điều trị tủy răng và nha sĩ vô tình cắt vào bên trong má của cháu, giờ vết thương không lành được."
Chỉnh hình,Đầu gối tôi bị vướng và đau khi mới đứng dậy sau khi ngồi.
Tiêu hóa,Tôi bị đau bụng dữ dội.
Tai Mũi Họng,Tôi bị ho khan nặng
Thần kinh/Tiêu hóa,Cơn đau đầu tồi tệ nhất là khi tôi bị say rượu hồi hai mươi tuổi: Tôi thực sự nghĩ mình sắp chết vì viêm não.
Đa khoa,Tôi gần như không còn đủ sức để đứng dậy.
Nhãn khoa,Máy khử trùng mắt
Thấp khớp/Tiêu hóa,Vai tôi bị đau khi cố gắng nâng vật nặng năm pound.
Tiêu hóa,Tôi bị đau bụng dữ dội.
Chỉnh hình,Tôi bị đau nhói ở xương bánh chè sau khi tập thể dục.
Ngoại khoa,"Con gái tôi đi tỉa lông mày và việc đó đã làm rách da ở một bên lông mày, giờ chỗ đó bị sưng và chảy dịch."
Thấp khớp/Tiêu hóa,Tôi bị đau vai mỗi khi cố gắng mang vác đồ tạp hóa.
Đa khoa,Tôi cảm thấy toàn thân yếu ớt.
Tim mạch,Cảm giác nghẹn ngào trong tim khiến tôi khó thở.
Tai Mũi Họng,"Tôi không khỏe, tôi cảm thấy rất lạnh."
Thần kinh/Tiêu hóa,Tôi bị đau đầu khi làm việc này.
Nhãn khoa,"Khi tôi cố gắng nhìn, tầm nhìn của tôi bị mờ."
Tim mạch,Tôi cảm thấy như có một cây kim đang đâm xuyên tim mình.
Chỉnh hình,"Mỗi khi cúi xuống, tôi lại cảm thấy đau nhói ở lưng."
Chỉnh hình,"Khi chơi bóng đá, tôi bị đau khớp."
Tai Mũi Họng,Tôi không thở được vì ho
Chỉnh hình,Tôi bị đau khớp. Tôi không thể chịu đựng được cơn đau.
Thấp khớp/Tiêu hóa,"Mỗi khi cử động tay, vai phải của tôi lại kêu lách tách."
Thấp khớp/Tiêu hóa,Tôi bị đau vai dữ dội.
Thấp khớp,Tôi bị gãy mắt cá chân khi leo núi đá ở dãy Carpathians.
Tâm thần,Dạo này tôi cảm thấy rất buồn.
Chỉnh hình,Tôi cảm thấy như có kim châm vào các khớp của mình.
Tai Mũi Họng,Tôi bị đau tai và ù tai.
Chỉnh hình,Tôi cảm thấy đau ở đầu gối.
Da liễu,Con trai tôi bị mụn trứng cá rất nhiều.
Tai Mũi Họng,Khi đi ngủ tôi cảm thấy lạnh.
Da liễu,Tôi không thể có bạn gái vì mụn trứng cá.
Thấp khớp,"Khi chơi bóng đá, tôi bị đau cơ."
Chỉnh hình,Tôi nghĩ mình đã làm quá sức khi khiêng đống gỗ đó từ ngoài sân về. Lưng dưới của tôi đau nhức kinh khủng.
Tâm thần,Tôi cảm thấy muốn tự tử.
Da liễu,Tôi bị thiếu tóc
Da liễu,Tôi bị nổi mụn thành từng mảng và da mặt bị đỏ nhiều.
Nhãn khoa,Màn hình tivi và máy tính của tôi trông có vẻ mờ dù tôi đã đeo kính mới.
Da liễu,Mụn trứng cá khiến tôi cảm thấy xấu hổ.
Nhãn khoa,"Tôi đang gặp vấn đề về thị lực, cảm giác như có một đám mây che mắt, mọi thứ đều mờ."
Ngoại khoa,"Tôi bị một vết thương hở trên da bên trong một bên lỗ mũi, vết thương đã bị nhiễm trùng và hiện giờ chứa đầy mủ."
Thần kinh/Tiêu hóa,"Tôi bị đau đầu dữ dội vài tháng một lần, và mỗi khi bị đau đầu thì thị lực của tôi lại bị ảnh hưởng."
Tâm thần,Tôi bị bệnh tâm thần
Da liễu,Tôi có làn da khô
Tim mạch,Lòng tôi đau nhói.
Thấp khớp,Tôi bị đứt tay khi chơi bóng đá và đã bôi kem giảm đau nhưng không hiệu quả.
Chỉnh hình,Tôi cảm thấy cứng khớp ở khuỷu tay và vai.
Tai Mũi Họng,Tôi bị sổ mũi.
Tâm thần,Tôi thất vọng
Thấp khớp,Tôi bị thương khi tập thể dục
Tai Mũi Họng,"Tôi bị đau tai mãi không khỏi. Tôi không bị cảm lạnh, đau đầu hay bất kỳ triệu chứng nào khác. Chỉ là đau tai thôi."
Tai Mũi Họng,Tôi bị ho dữ dội kèm theo đờm.
Tai Mũi Họng,"Tôi vừa đi máy bay cách đây vài ngày và lần này, trong lúc hạ cánh, tai tôi vẫn bị ù và đau."
Tai Mũi Họng,Tôi bị ho suốt hai tuần nay rồi.
Tim mạch,Tôi cảm thấy nhịp tim tăng nhanh khi bị chích.
Chỉnh hình,Tôi có cảm giác như xương bánh chè đang cọ xát vào nhau mỗi khi đi bộ.
Tai Mũi Họng,Tôi bị cảm lạnh và ho rất nhiều.
Tim mạch,Tôi cảm thấy đau nhói trong tim mỗi khi thức dậy.
Chỉnh hình,Tôi cảm thấy đau nhức ở đầu gối khi đi bộ.
Ngoại khoa,Vết thương của tôi bị nhiễm trùng khi tôi đang trồng hoa trong vườn.
Chỉnh hình,Tôi cảm thấy như có thứ gì đó đang đâm vào các khớp của mình.
Thấp khớp,"Tôi bị đau chân vào mùa đông, hoặc khi trời lạnh, tại sao vậy?"
Thấp khớp/Chỉnh hình,Tôi không thể ngẩng đầu lên cúi xuống được.
Đa khoa,Tôi cảm thấy chóng mặt sau khi bị tiêu chảy nặng.
Tiêu hóa,Tôi cảm thấy đau nhói ở bụng.
Thấp khớp,"Nếu tôi giẫm phải kim thì chắc cũng không đau đến thế, như cái gai chết tiệt ở gót chân này."
Tiêu hóa,Tôi bị đau nhưng không thể xác định được vị trí cụ thể.
Thấp khớp/Chỉnh hình,Tôi cảm thấy đau cổ khi đang làm việc.
Chỉnh hình,Tôi không thể tập thể dục vì bị đau đầu gối.
Hô hấp,"Tôi cảm thấy khó thở, đặc biệt là sau khi chạy hoặc vận động mạnh."
Tai Mũi Họng,Tôi bị sổ mũi.
Thần kinh/Tiêu hóa,Tôi bị đau đầu mỗi khi ăn kem.
Tiêu hóa,Đau nhói và khó thở
Thấp khớp,Tôi bị đau nhói ở bắp chân.
Đa khoa,Tôi cảm thấy chóng mặt khi thực hiện các chuyển động đột ngột.
Thấp khớp,"Khi thức dậy vào buổi sáng, tôi cảm thấy toàn thân đau nhức."
Thấp khớp,Tôi bị chấn thương trong một trận bóng đá và được chẩn đoán là tổn thương dây chằng chéo.
Tai Mũi Họng,Tôi bị đau nhói ở tai.
Chỉnh hình,Đứng chưa đến năm phút mà lưng tôi bắt đầu đau.
Da liễu,Tôi cần gãi da mỗi phút
Tai Mũi Họng,Tôi không thở được vì ho
Tai Mũi Họng,Tôi thức giấc vào ban đêm vì cảm thấy lạnh.
Chỉnh hình,Tôi đã dùng rất nhiều thuốc giảm đau để đỡ hơn nhưng tôi vẫn cảm thấy đau lưng.
Tai Mũi Họng,Tôi cảm thấy lạnh và ớn lạnh dù đã mặc quần áo dày.
Đa khoa,"Khi tôi đứng dậy, tôi có cảm giác như mình sắp ngã ngay lập tức."
Thần kinh/Tiêu hóa,Tôi bị đau đầu từ khi thức dậy sáng nay.
Thần kinh/Tiêu hóa,Tôi cảm thấy đau nhói ở đầu mỗi khi suy nghĩ quá nhiều.
Chỉnh hình,Tôi bị đau đầu gối khi đi bộ.
Ngoại khoa,Tôi bị một vết cắt ở chân và nó đã bị nhiễm trùng do sử dụng vòi sen ở phòng tập thể dục.
Chỉnh hình,Tôi bị đau đầu gối khi đang bơi.
Thấp khớp/Chỉnh hình,Tôi thức dậy mỗi sáng với chứng cứng cổ. Mát-xa giúp giảm đau nhưng vài ngày sau lại bị lại.
Thấp khớp,Tôi bị chấn thương nên không thể chơi thể thao.
Tai Mũi Họng,Phổi tôi cảm thấy nặng trĩu như thể chứa đầy chất nhầy.
Tai Mũi Họng,Tôi không thể ngừng ho
Chỉnh hình,Đầu gối tôi có cảm giác như bị rỉ sét và đột nhiên tôi không thể gập nó lại được nữa.
Ngoại khoa,Người ta phát hiện anh ta có một vết thương hở.
Chỉnh hình,Tôi bị đau đầu gối khi chơi squash.
Đa khoa,"Tôi không thể làm gì cả, toàn thân tôi đều yếu ớt."
Thấp khớp/Tiêu hóa,Vai tôi đau quá.
Tiêu hóa,"Tôi cảm thấy đau đớn bên trong, tôi không biết đó là gì."
Thấp khớp/Chỉnh hình,"Mỗi lần nhìn sang trái, tôi đều cảm thấy đau nhói ở cổ."
Ngoại khoa,Tôi bị một vết thương sâu ở tay và không thể cầm máu được.
Đa khoa,Tôi chẳng làm gì ở nhà cả mà vẫn cảm thấy kiệt sức.
Thấp khớp/Tiêu hóa,"Khi giơ tay lên, tôi cảm thấy đau ở vai."
Chỉnh hình,Tôi bị đau nhói ở xương bánh chè sau khi tập thể dục.
Chỉnh hình,Tôi cảm thấy đau nhức ở đầu gối khi đi bộ.
Thấp khớp,Tôi không thể nhảy bằng chân trái vì chấn thương gãy ba xương ở mắt cá chân khiến tôi đau nhức không dứt.
Tim mạch,Tôi cảm thấy tim mình đau nhói khi chạy một quãng đường dài.
Thần kinh/Tiêu hóa,"Tôi đau đầu và mất cảm giác ở mặt, sau đó mất thị lực ở mắt."
Chỉnh hình,Tôi bị đau khớp khi cố gắng gập chân hoặc tay.
Thấp khớp,Tôi cảm thấy rất đau ở chân sau khi chơi một trong những trò chơi thể thao.
Thấp khớp,Cơ bắp tay của tôi bắt đầu đau nhức sau khi tôi đến phòng tập thể dục.
Da liễu,Ngực tôi nổi mụn đỏ và mụn đầu trắng.
Tai Mũi Họng,Tôi bị cảm lạnh và ho rất nhiều.
Nhãn khoa,Tôi bị nhìn mờ.
Thấp khớp/Tiêu hóa,Tại sao vai tôi lại đau khi tôi cố gắng nhặt quần áo giặt?
Tim mạch,Tôi cảm thấy đau nhói trong tim mỗi khi thức dậy.
Da liễu,Trên da tôi có một vết đỏ.
Thần kinh/Tiêu hóa,Tôi đọc sách rất lâu và khi đọc xong thì tôi bị đau đầu.
Tâm thần,Tôi cảm thấy vô cùng đau khổ về mặt tinh thần sau khi chia tay bạn gái.
Thấp khớp,Tôi bị đau tay khi duỗi người.
Ngoại khoa,Vết thương nhiễm trùng của anh ta bắt đầu bị hoại tử.
Tai Mũi Họng,Tôi bị khô họng.
Chỉnh hình,Tôi cảm thấy đau ở đầu gối.
Chỉnh hình,Lưng tôi đau quá.
Tai Mũi Họng,"Con tôi bị ho cả đêm, không ngủ được."
Tim mạch,"Mỗi khi buồn, tim tôi lại đau nhói, tại sao vậy?"
Chỉnh hình,Tôi rất đau lưng mỗi khi cúi người.
Da liễu,"Tôi bị nổi những mảng mụn lớn, ngứa rát trên lưng và rất đau."
Chỉnh hình,Đường nóng rát dọc theo lưng kèm theo khó thở.
Ngoại khoa,"Con trai tôi vừa trải qua điều trị tủy răng và nha sĩ vô tình cắt vào bên trong má của cháu, giờ vết thương không lành được."
Hô hấp,Ngực tôi đau khi hít thở.
Tâm thần,Tôi cảm thấy buồn
Tai Mũi Họng,"Tôi cứ mãi không thấy ấm. Ngay cả khi mọi người xung quanh đều ấm áp, tôi vẫn luôn cảm thấy lạnh."
Ngoại khoa,"Tôi cảm thấy không khỏe, vết thương của tôi bị nhiễm trùng."
Chỉnh hình,Tôi gặp khó khăn khi cử động đầu gối.
Da liễu,Tóc tôi luôn bị rụng và dạo này tôi bị rụng rất nhiều tóc.
Tâm thần,Tôi ước cảm giác mất mát đau đớn này có thể biến mất.
Chỉnh hình,Tôi cảm thấy đau ở đầu gối khi đi bộ.
Tim mạch,Tôi cảm thấy đau nhói trong tim.
Thấp khớp,"Tôi đã đi bộ 3 km, và cảm thấy đau nhức ở chân, giống như đau bàn chân vậy."
Đa khoa,Tôi cảm thấy như thế giới cứ xoay vòng vòng.
Tai Mũi Họng,Tôi cảm thấy như mình khó thở nếu không tống hết những thứ trong phổi ra ngoài.
Đa khoa,"Tôi cảm thấy cơ thể yếu ớt dù ăn rất nhiều, tại sao vậy?"
Da liễu,Tôi bị phát ban trên da.
Tai Mũi Họng,"Chắc chắn là tuần hoàn máu của tôi có vấn đề rồi, ngay cả những ngày nóng nhất tôi cũng phải mang tất, ngón chân tôi lạnh cóng!"
Da liễu,Trên mặt tôi có vài nốt mụn khiến tôi rất khó chịu.
Tai Mũi Họng,"Tôi không thể ngừng run rẩy hay nới lỏng hàm, tôi lạnh đến mức đó."
Tiêu hóa,Tôi không thể chịu nổi cảm giác khó chịu này trong bụng.
Chỉnh hình,Tôi cảm thấy đau lưng.
Đa khoa,Tôi không còn đủ sức lực để làm những việc mà trước đây tôi vẫn làm.
Đa khoa,"Tôi cảm thấy toàn thân yếu ớt, mặt mũi tái nhợt và không ngủ ngon được."
Hô hấp,Tôi cảm thấy như có thứ gì đó đang bóp nghẹt phổi mình.
Chỉnh hình,Khớp mắt cá chân của tôi bị nhức nhối mỗi khi tôi đặt trọng lực lên bàn chân.
Thần kinh/Tiêu hóa,Cơn đau đầu tồi tệ nhất là khi tôi bị say rượu hồi hai mươi tuổi: Tôi thực sự nghĩ mình sắp chết vì viêm não.
Thấp khớp,Chân tôi đau quá.
Tai Mũi Họng,Tôi cảm thấy lúc nào cũng có thứ gì đó vướng trong cổ họng.
Đa khoa,Tôi cảm thấy cơ thể yếu ớt mặc dù tôi vẫn uống vitamin đều đặn.
Tiêu hóa,Tôi luôn có cảm giác như bị đau bụng kinh ngay cả khi không đến kỳ kinh nguyệt.
Tiêu hóa,"Tôi cảm thấy đau nhức ở bên trong, giữa hông và vai."
Tai Mũi Họng,Tôi luôn cảm thấy ngứa rát ở cổ họng.
Đa khoa,"Khi đứng lên tôi cảm thấy chóng mặt, tôi không biết tại sao."
Da liễu,Tôi cảm thấy chán nản khi thấy tóc mình rụng.
Chỉnh hình,Đầu gối tôi đau đến nỗi mỗi khi đi lại tôi lại ngồi nhiều hơn mức cần thiết.
Thấp khớp/Chỉnh hình,Tôi bị đau cổ và không thể nhìn xuống hay nhìn lên.
Thấp khớp/Tiêu hóa,Tôi bị nhức nhối ở vai.
Nhãn khoa,"Tôi bị nhìn mờ trong lúc tập bơi ở bể bơi, tại sao vậy?"
Đa khoa,Tôi cảm thấy như căn phòng đang quay cuồng.
Tai Mũi Họng,Tôi không ngủ được vì ho
Thấp khớp,Tôi bị đau lưng khi đang tập tạ ở phòng gym.
Thấp khớp,"Tôi bị đau chân vào mùa đông, hoặc khi trời lạnh, tại sao vậy?"
Tai Mũi Họng,Tôi bị ho suốt hai tuần nay rồi.
Tiêu hóa,"Tôi cảm thấy áp lực rất lớn ở vùng bụng dưới bên phải, mỗi khi ra ngoài chạy bộ."
Tai Mũi Họng,"Tôi luôn cảm thấy lạnh, ngay cả khi mặc nhiều lớp áo."
Tâm thần,"Khi ông nội tôi qua đời, tôi đã trải qua một nỗi đau tinh thần sâu sắc."
Thấp khớp,Tôi bị đau cơ bụng dữ dội từ khi đi tập gym.
Thần kinh/Tiêu hóa,Tôi bị đau đầu kèm theo chóng mặt.
Nhãn khoa,Tôi bị nhìn mờ sau khi dùng nhầm thuốc.
Thấp khớp,Bắp chân tôi có cảm giác như bị căng cứng và nhức nhối.
Chỉnh hình,Tôi thường bị đau đầu gối mỗi khi chạy bộ.
Thấp khớp,Tôi bị đau cơ ở chân trái.
Hô hấp,Tôi cảm thấy áp lực rất lớn ở ngực.
Hô hấp,"Trước đây, tôi thường thở hổn hển sau khi leo cả chục bậc cầu thang, nhưng giờ đây, ngay cả khi ngồi xuống, tôi cũng khó thở."
Thấp khớp,Tôi cảm thấy rất đau ở chân sau khi chơi một trong những trò chơi thể thao.
Tiêu hóa,Tôi cảm thấy đau nhói ở bụng.
Thấp khớp/Chỉnh hình,Tôi bị đau cổ khi ngồi trước máy tính xách tay.
Thấp khớp,Tôi bị đau nhức cơ vùng lưng dưới.
Chỉnh hình,Tôi bị đau ở khớp khuỷu tay.
Thấp khớp,Tôi cần một loại kem giúp thư giãn cơ bắp.
Thần kinh/Tiêu hóa,Tôi bị đau đầu.
Thấp khớp,Tôi bị đau lưng dưới nhưng nếu duỗi người thì đỡ hơn.
Chỉnh hình,"Khi tôi duỗi chân, khớp gối bị đau."
Tiêu hóa,Tôi bị đau bụng từ hôm qua.
Chỉnh hình,"Mỗi khi lên xuống cầu thang, đầu gối tôi lại phát ra tiếng kêu ken két."
Da liễu,Mụn của tôi thật sự khiến tôi xấu hổ. Nó đỏ quá.
Da liễu,Có thứ gì đó tối màu trên cánh tay tôi.
Nhãn khoa,"Khi lái xe, mắt tôi nhìn thấy hình ảnh kép."
Chỉnh hình,Lưng trên của tôi bị đau suốt một tuần nay.
Thấp khớp/Tiêu hóa,Tôi bị đau vai dữ dội.
Tai Mũi Họng,"Tôi lo lắng vì khả năng chịu lạnh của mình kém, tôi luôn run rẩy, ngay cả khi ở ngoài trời nắng."
Thần kinh/Tiêu hóa,"Tôi bị đau đầu vùng trán và mỗi khi bị đau, ánh sáng lại làm tôi khó chịu."
Ngoại khoa,Tôi bị đứt tay cách đây vài tuần và dù đã bôi kem kháng sinh nhưng vết thương vẫn không đỡ.
Tai Mũi Họng,Tôi không thể ngừng ho.
Chỉnh hình,Tôi bị đau khớp. Tôi không thể chịu đựng được cơn đau.
Thấp khớp,Tôi bị gãy mắt cá chân khi leo núi đá ở dãy Carpathians.
Tai Mũi Họng,Tôi đang gặp khó khăn trong việc nghe.
Thấp khớp/Tiêu hóa,"Tôi không thể mang vác bất cứ thứ gì, tôi bị đau vai."
Thấp khớp,Tôi cảm thấy nóng rát ở cơ vai.
Da liễu,Tôi từng bị mụn trứng cá khi 15 tuổi.
Da liễu,"Mỗi tháng, vào khoảng thời gian hành kinh, da mặt tôi lại nổi mụn rất nhiều."
Chỉnh hình,Đầu gối tôi đau đến nỗi mỗi khi đi lại tôi lại ngồi nhiều hơn mức cần thiết.
Thấp khớp,"Có lẽ tôi đã tập tạ quá sức, vì tôi sợ mình đã bị rách cơ lưng."
Tiêu hóa,Hôm qua ăn đồ ăn cay Ấn Độ thì tôi bị đau bụng và đầy hơi.
Da liễu,Tôi nhận thấy một số vấn đề về da và đã thử dùng kem nhưng tình trạng không được cải thiện.
Tai Mũi Họng,"Con tôi bị ho cả đêm, không ngủ được."
Da liễu,Hồi trung học tôi bị mụn rất nhiều.
Đa khoa,"Tôi cảm thấy cơ thể yếu ớt dù ăn rất nhiều, tại sao vậy?"
Da liễu,Tôi rất lo lắng mình sẽ bị hói đầu sớm. Tôi có bị bệnh nặng không?
Thấp khớp,Chân tôi đau quá.
Tiêu hóa,Tôi cảm thấy đau nhói ở bụng sau khi ăn.
Thấp khớp,Tôi bị đau cơ.
Tiêu hóa,Tôi luôn có cảm giác như bị đau bụng kinh ngay cả khi không đến kỳ kinh nguyệt.
Đa khoa,Tôi cảm thấy cơ thể yếu ớt mặc dù tôi vẫn uống vitamin đều đặn.
Tiêu hóa,Tôi cảm thấy đau nhức bên trong cơ thể.
Thấp khớp/Tiêu hóa,Vai tôi bị đau khi cố gắng nâng vật nặng năm pound.
Tiêu hóa,"Tôi cảm thấy đau nhức ở bên trong, giữa hông và vai."
Đa khoa,"Khi phê quá, tôi bắt đầu cảm thấy chóng mặt."
Đa khoa,"Khi thức dậy vào buổi sáng, tôi cảm thấy chóng mặt."
Tai Mũi Họng,"Tôi nghe không rõ, tôi có vấn đề về tai."
Tim mạch,Tôi cảm thấy đau nhói trong tim.
Tai Mũi Họng,"Con tôi bị ho cả đêm, không ngủ được."
Tiêu hóa,Tôi cảm thấy đau đớn bên trong nhưng không thể xác định được nguyên nhân.
Chỉnh hình,Tôi gặp khó khăn khi cử động đầu gối.
Thần kinh/Tiêu hóa,"Mỗi khi uống nhiều rượu, tôi lại bị đau đầu."
Tiêu hóa,Tôi cảm thấy đau nhói ở bụng sau khi ăn.
Tai Mũi Họng,Tôi cảm thấy lúc nào cũng có thứ gì đó vướng trong cổ họng.
Tâm thần,Tôi cảm thấy buồn
Ngoại khoa,"Lần trước khi cắt móng chân, tôi đã cắt quá ngắn và giờ móng chân của tôi bị nhiễm trùng."
Chỉnh hình,Đầu gối tôi có cảm giác như bị rỉ sét và đột nhiên tôi không thể gập nó lại được nữa.
Tiêu hóa,Tôi không thể chịu nổi cảm giác khó chịu này trong bụng.
Thấp khớp,Tôi bị đau cơ không rõ nguyên nhân.
Ngoại khoa,Tôi bị một vết thương sâu ở tay và không thể cầm máu được.
Thấp khớp,"Sau khi chơi bóng đá, tôi bị đau cơ ở cả hai chân."
Thần kinh/Tiêu hóa,Tôi bị đau đầu từ khi thức dậy sáng nay.
Chỉnh hình,Tôi bị đau nhói và nghe thấy tiếng lách cách ở khớp mắt cá chân mỗi khi cố gắng đứng lên và đi lại.
Tiêu hóa,Tôi cảm thấy đau nhức toàn thân.
Thấp khớp/Tiêu hóa,Vai tôi đau quá.
Tiêu hóa,Khi ăn tôi cảm thấy đau bụng.
Chỉnh hình,Toàn thân tôi đang trong tình trạng tồi tệ và tôi cần được điều trị tốt.
Tiêu hóa,"Tôi bị đau ở đại tràng và dạ dày, cảm giác như có vật gì đó đang cắt vào."
Da liễu,Tôi đã đi khám nhiều bác sĩ nhưng họ vẫn không tìm ra phương pháp điều trị phù hợp để giúp tôi lấy lại mái tóc.
Ngoại khoa,Tôi có một vết thương hở đã chuyển sang màu đỏ và chảy mủ.
Hô hấp,"Năm ngoái, bà tôi phải nhập viện vì khó thở."
Tai Mũi Họng,"Tôi được chẩn đoán mắc chứng thiếu máu do thiếu vitamin B12, điều này giải thích tại sao tôi luôn cảm thấy lạnh."
Chỉnh hình,Tôi bị đau ở khớp khuỷu tay.
Thần kinh/Tiêu hóa,Sọ bị vỡ như quả hạch
Tiêu hóa,Tôi cảm thấy đau bụng dữ dội.
Da liễu,Tôi có vấn đề về da.
Tiêu hóa,Bụng tôi bắt đầu đau nhưng sau khi ăn thứ gì đó nhẹ nhàng thì lại thấy dễ chịu hơn.
Da liễu,Tôi có làn da khô
Tai Mũi Họng,Thỉnh thoảng tôi ho vì tôi hút thuốc.
Tai Mũi Họng,"Tôi bị đau tai mãi không khỏi. Tôi không bị cảm lạnh, đau đầu hay bất kỳ triệu chứng nào khác. Chỉ là đau tai thôi."
Đa khoa,"Tôi không khỏe, tôi cảm thấy chóng mặt."
Chỉnh hình,Tôi cảm thấy đau lưng.
Ngoại khoa,Tôi vô tình bị dao cứa vào tay khi đang nấu ăn.
Da liễu,Tóc tôi bị rụng khi tôi chải tóc.
Thấp khớp,Tôi bị va chạm khi đang chơi bóng đá. Đầu gối của tôi bị trẹo và giờ không còn vững nữa.
Tiêu hóa,"Cảm giác khó chịu hoặc đau nhức ở một điểm nào đó dọc theo phía trước cơ thể, giữa cổ và vùng bụng trên."
Thấp khớp,Tôi đã thử xoa bóp chân nhưng chúng vẫn đau.
Tim mạch,Lòng tôi đau nhói.
Thấp khớp,Tôi bị đau chân rất nhiều khi chơi bóng đá.
Tim mạch,Tôi bị đau dữ dội ở ngực do tổn thương tim.
Chỉnh hình,"Tôi gặp khó khăn khi chịu trọng lượng lên đầu gối, khi đứng thẳng tôi cảm thấy và nghe thấy một tiếng kêu lách tách lớn."
Tiêu hóa,Tôi bị đau bụng và đầy hơi liên tục.
Tai Mũi Họng,Tôi bị ớn lạnh và đau nhức khắp người.
Da liễu,Tóc của anh ấy rụng chỉ vì chải tóc thôi.
Tai Mũi Họng,Tôi gặp một số vấn đề nghiêm trọng về hô hấp vào ban đêm.
Tiêu hóa,"Tôi cảm thấy bụng đầy và khó chịu, chướng bụng sau những bữa ăn no."
Thấp khớp,Tôi bị va đập đầu trong trận bóng rổ. Liệu tôi có bị chấn động não không?
Tâm thần,"Tâm trí tôi cảm thấy rất buồn, như thể đang đau đớn. Cảm giác trong đầu tôi thật tồi tệ và mỗi khi nghĩ về chuyện chia tay, tôi lại khóc vì buồn bã."
Da liễu,Sáng nào gối tôi cũng có rất nhiều tóc.
Da liễu,Tôi bị phát ban và ngứa rất dữ dội.
Tiêu hóa,Tôi bị đau đầu mỗi ngày.
Tim mạch,Tim tôi như muốn nổ tung.
Thấp khớp/Tiêu hóa,Vai tôi bị đau mỗi khi cố với lấy thứ gì đó ở trên cao.
Thấp khớp,Trước đây tôi rất tích cực tham gia thể thao nhưng giờ cơ thể tôi đang bị đau nhức.
Chỉnh hình,"Khi chơi thể thao, tôi cảm thấy nóng rát ở cột sống."
Thấp khớp,"Mỗi sáng thức dậy, cổ tôi đều có cảm giác như ngủ sai tư thế."
Tai Mũi Họng,Tôi đã khỏi cảm lạnh được vài tuần rồi nhưng vẫn ho mỗi ngày.
Tai Mũi Họng,"Tôi không nghe rõ bằng tai, cảm giác như có vật gì đó gây khó chịu trong tai."
Tim mạch,Tôi bị đau ngực và cảm thấy rất buồn.
Thấp khớp,Chân tôi bị đau và không thể xoay được. Có lẽ nó bị gãy rồi.
Tai Mũi Họng,Tai tôi bị đau khi nghe nhạc.
Thần kinh/Tiêu hóa,"Tôi bị đau đầu dữ dội vài tháng một lần, và mỗi khi bị đau đầu thì thị lực của tôi lại bị ảnh hưởng."
Thấp khớp,Tôi bị đau cơ vai mỗi khi cố gắng với tay lên.
Da liễu,Ống thoát nước trong phòng tắm của tôi lúc nào cũng đầy tóc.
Nhãn khoa,"Tôi đang gặp vấn đề về thị lực, cảm giác như có một đám mây che mắt, mọi thứ đều mờ."
Tiêu hóa,Tôi cảm thấy buồn nôn.
Tiêu hóa,"Tôi bị đau bụng khi ăn đồ ăn nóng, tại sao vậy?"
Tai Mũi Họng,Tôi cảm thấy lạnh dù nhiệt độ cao.
Chỉnh hình,"Cơn đau dữ dội, đặc biệt là khi tôi xuống cầu thang, cảm giác như có thứ gì đó bị gãy bên trong đầu gối."
Tâm thần,Tôi không hiểu sao mình cứ buồn mãi.
Đa khoa,Tôi cảm thấy như căn phòng đang quay cuồng.
Tai Mũi Họng,"Tôi được chẩn đoán mắc chứng thiếu máu do thiếu vitamin B12, điều này giải thích tại sao tôi luôn cảm thấy lạnh."
Ngoại khoa,Chồng tôi có một vết trên môi mà anh ấy tưởng là mụn rộp nhưng giờ nó đã bị vỡ ra và chảy dịch cả ngày.
Da liễu,Tôi bị nổi mụn thành từng mảng và da mặt bị đỏ nhiều.
Đa khoa,Tôi cảm thấy chóng mặt sau khi bị tiêu chảy nặng.
Thấp khớp/Chỉnh hình,Tôi cảm thấy đau ở cổ.
Hô hấp,Tôi không gặp vấn đề gì khi hít vào nhưng thở ra thì rất nặng nhọc.
Hô hấp,"Tôi cảm thấy khó thở, đặc biệt là sau khi chạy hoặc vận động mạnh."
Thấp khớp,Tôi bị va chạm khi đang chơi bóng đá. Đầu gối của tôi bị trẹo và giờ không còn vững nữa.
Đa khoa,"Tôi cảm thấy toàn thân yếu ớt, mặt mũi tái nhợt và không ngủ ngon được."
Tiêu hóa,Tôi cảm thấy đau đớn bên trong nhưng không thể xác định được nguyên nhân.
Chỉnh hình,"Tôi không thể đi được, đầu gối tôi đau quá."
Da liễu,Có cách nào chữa khỏi mụn trứng cá không?
Tai Mũi Họng,"Khi tôi cố gắng giữ ấm và mặc thêm quần áo, tôi thấy mình vẫn lạnh."
Thấp khớp/Tiêu hóa,Tôi cảm thấy đau vai khi gõ bàn phím.
Da liễu,Bệnh mãn tính của nang tóc và tuyến bã nhờn.
Chỉnh hình,Đầu gối tôi đau quá.
Tai Mũi Họng,"Khi tôi cố gắng giữ ấm và mặc thêm quần áo, tôi thấy mình vẫn lạnh."
Đa khoa,"Khi đứng dậy quá nhanh, tôi bắt đầu cảm thấy chóng mặt và choáng váng."
Tiêu hóa,Đau nhói và khó thở
Chỉnh hình,Tôi thường bị đau nhức khớp mỗi khi trời lạnh.
Da liễu,đỏ mặt kèm theo ngứa
Tim mạch,Tim tôi như muốn nổ tung.
Thần kinh/Tiêu hóa,"Tôi đau đầu và mất cảm giác ở mặt, sau đó mất thị lực ở mắt."
Tai Mũi Họng,Tôi đang gặp khó khăn trong việc nghe.
Thấp khớp/Chỉnh hình,Tôi bị đau dữ dội ở cổ.
Đa khoa,Tôi thấy đầu óc quay cuồng mỗi khi thức dậy.
Da liễu,"Tôi chưa từng gặp vấn đề về mụn trứng cá cho đến lần mang thai cuối cùng, khi đột nhiên lưng tôi nổi đầy mụn."
Tai Mũi Họng,"Khi tôi cố gắng nghe điện thoại, tôi phát hiện ra mình không nghe thấy giọng người ở đầu dây bên kia."
Ngoại khoa,Tôi bị một vết cắt đã được khâu lại nhưng nó không lành. Nó đang chảy mủ màu xanh và bị bỏng rát.
Da liễu,Tóc tôi rụng rất nhiều.
Chỉnh hình,Tôi cảm thấy như có kim châm vào các khớp của mình.
Tai Mũi Họng,Tôi gặp một số vấn đề nghiêm trọng về hô hấp vào ban đêm.
Da liễu,"Tóc tôi rụng từng mảng lớn, đặc biệt là khi gội đầu."
Hô hấp,Tôi gần như không thở được
Nhãn khoa,"Mỗi khi ăn đường, tôi nhận thấy thị lực của mình bị mờ."
Tai Mũi Họng,Tôi cảm thấy có chất lỏng muốn trào ra khi ho.
Da liễu,Tôi cảm thấy ngứa dữ dội trên da và da bị đỏ.
Thấp khớp/Chỉnh hình,Đau ở vùng cổ lớn
Tim mạch,Vùng xung quanh tim tôi cảm thấy không ổn.
Thấp khớp/Tiêu hóa,Hôm qua tôi bị đau vai.
Thấp khớp/Tiêu hóa,Vai tôi đau dữ dội.
Ngoại khoa,"Con gái tôi đi tỉa lông mày và việc đó đã làm rách da ở một bên lông mày, giờ chỗ đó bị sưng và chảy dịch."
Tai Mũi Họng,Tôi bị sổ mũi.
Tiêu hóa,Tôi bị đau bụng.
Chỉnh hình,Tôi cảm thấy đau nhức ở đầu gối khi đi bộ.
Thấp khớp/Tiêu hóa,"Khi giơ tay lên, tôi cảm thấy đau ở vai."
Chỉnh hình,Tôi cảm thấy đau lưng khi ngồi trên ghế lâu.
Da liễu,tóc tôi rụng
Thấp khớp/Tiêu hóa,"Tôi không thể mang vác bất cứ thứ gì, tôi bị đau vai."
Thấp khớp,Tôi bị đau chân.
Da liễu,Tôi có làn da khô
Tâm thần,Tôi cảm thấy muốn tự tử.
Nhãn khoa,Màn hình tivi và máy tính của tôi trông có vẻ mờ dù tôi đã đeo kính mới.
Ngoại khoa,"Tôi bị một vết thương hở trên da bên trong một bên lỗ mũi, vết thương đã bị nhiễm trùng và hiện giờ chứa đầy mủ."
Thấp khớp/Chỉnh hình,Tôi hay than phiền về chứng đau cổ và tôi thực sự cần phải khỏe hơn.
Tai Mũi Họng,Tôi cảm thấy lạnh
Da liễu,Tôi bị nổi mụn thành từng cụm trên mặt và chúng không bao giờ biến mất.
Hô hấp,Tôi cảm thấy như mình không thể hít thở sâu được.
Da liễu,Tóc tôi bị rụng khi tôi chải tóc.
Thấp khớp,Tôi bị chuột rút đau ở chân.
Đa khoa,Tôi bị chóng mặt mỗi khi cố gắng đứng dậy.
Tai Mũi Họng,Tôi không thể thở được
Thấp khớp,Tôi cảm thấy đau ở chân.
Nhãn khoa,Tôi gặp khó khăn khi đọc vì các chữ cái đều bị mờ.
Thấp khớp,"Mỗi khi tập luyện cường độ cao, tôi đều cảm thấy đau nhức dữ dội ở các cơ."
Chỉnh hình,Tôi cảm thấy đau nhói ở khớp mắt cá chân khi đứng.
Tai Mũi Họng,Tôi bị ho dữ dội kèm theo đờm.
Da liễu,Bệnh mãn tính của nang tóc và tuyến bã nhờn
Đa khoa,Tôi cảm thấy khó chịu khắp cơ thể nói chung.
Đa khoa,Tôi đã cố gắng làm giảm bớt nó nhưng không được.
Tiêu hóa,Đau ruột mãn tính
Ngoại khoa,Tôi vô tình bị dao cứa vào tay khi đang nấu ăn.
Đa khoa,Tôi cảm thấy chóng mặt và mất phương hướng.
Thấp khớp,Tôi đã thử xoa bóp chân nhưng chúng vẫn đau.
Ngoại khoa,Tôi có một vết thương hở đã chuyển sang màu đỏ và chảy mủ.
Da liễu,Tôi hay phàn nàn về dị ứng da.
Da liễu,Tôi cảm thấy như mình vừa rơi vào vũng nước nóng vậy.
Tâm thần,"Tôi đã thử đọc sách, nhưng chẳng có gì làm tôi vui lên được cả."
Chỉnh hình,Tôi bị đau nhức như kim châm ở các khớp.
Đa khoa,"Khi thức dậy vào buổi sáng, tôi cảm thấy chóng mặt."
Da liễu,Tôi nhận thấy có nhiều tóc rụng hơn bình thường khi chải tóc.
Thấp khớp,Chân tôi đau quá.
Da liễu,Dạo này tôi thấy tóc mình rụng nhiều quá.
Thấp khớp/Tiêu hóa,Vai tôi bị đau khi cố gắng nâng vật nặng năm pound.
Da liễu,Tóc tôi luôn bị rụng và dạo này tôi bị rụng rất nhiều tóc.
Tiêu hóa,Hôm qua ăn đồ ăn cay Ấn Độ thì tôi bị đau bụng và đầy hơi.
Đa khoa,"Mỗi lần cố gắng làm việc gì, tôi đều cảm thấy chóng mặt."
Tai Mũi Họng,Tôi cảm thấy như mình khó thở nếu không tống hết những thứ trong phổi ra ngoài.
Tai Mũi Họng,Tôi cảm thấy toàn thân như đang ở trong tủ lạnh.
Ngoại khoa,Tôi bị đứt chân ở bể bơi và vết thương cứ hở ra mỗi khi tôi đi lại.
Tâm thần,Tôi ước cảm giác mất mát đau đớn này có thể biến mất.
Đa khoa,"Khi phê quá, tôi bắt đầu cảm thấy chóng mặt."
Thấp khớp,Tôi bị đau nhói ở bắp tay. Tôi đã thử bôi kem giảm đau nhưng không hiệu quả.
Chỉnh hình,Các khớp của tôi cảm thấy sưng tấy.
Da liễu,Tôi bị phát ban trên da.
Tiêu hóa,Tôi cảm thấy đau nhói ở bụng sau khi ăn.
Đa khoa,"Tôi cảm thấy cơ thể yếu ớt dù ăn rất nhiều, tại sao vậy?"
Đa khoa,Tôi cảm thấy cơ bắp mệt mỏi.
Thấp khớp,Tôi bị đau cơ.
Thấp khớp,"Tôi đi lại khó khăn, chân tôi bị đau."
Đa khoa,Tôi cảm thấy cơ thể yếu ớt mặc dù tôi vẫn uống vitamin đều đặn.
Tai Mũi Họng,Tôi bị vấn đề ở tai giữa do nhiễm trùng.
Hô hấp,"Có những lúc tôi cảm thấy như bị đè bẹp dưới một sức nặng khổng lồ và không khí không thể vào phổi, điều đó thực sự khiến tôi sợ chết khiếp mỗi khi chuyện đó xảy ra."
Đa khoa,Tôi có cảm giác toàn thân không còn chút sức lực nào.
Ngoại khoa,Điều gì giúp vết thương mau lành hơn?
Da liễu,Tôi bị phát ban và ngứa rất dữ dội.
Da liễu,Có thứ gì đó tối màu trên cánh tay tôi.
Ngoại khoa,Vết thương của tôi không lành tốt và tình trạng này đã kéo dài hai tuần rồi.
Đa khoa,"Khi thức dậy vào buổi sáng, tôi cảm thấy kỳ lạ và chóng mặt."
Hô hấp,Tim tôi đập nhanh và tôi khó thở.
Tim mạch,Tôi cảm thấy như tim mình sắp nhảy ra khỏi lồng ngực. Đau quá.
Tiêu hóa,Các triệu chứng của viêm ruột thừa là gì?
Tai Mũi Họng,Tai tôi bị ù.
Tiêu hóa,Tôi bị đau bụng và đầy hơi liên tục.
Tim mạch,Tim tôi như muốn nổ tung.
Tâm thần,"Sau khi chia tay, tôi cảm thấy có điều gì đó lạ lẫm trong mình."
Tai Mũi Họng,Tôi gặp một số vấn đề nghiêm trọng về hô hấp vào ban đêm.
Tâm thần,"Tâm trí tôi cảm thấy rất buồn, như thể đang đau đớn. Cảm giác trong đầu tôi thật tồi tệ và mỗi khi nghĩ về chuyện chia tay, tôi lại khóc vì buồn bã."
Da liễu,Tóc của anh ấy rụng chỉ vì chải tóc thôi.
Da liễu,Mụn của tôi thật sự khiến tôi xấu hổ. Nó đỏ quá.
Tiêu hóa,"Sau khi ăn, tôi cảm thấy nóng rát bên trong cơ thể."
Tai Mũi Họng,Tôi không thể cảm thấy ấm áp dù có mặc nhiều lớp áo hay bật máy sưởi ở mức cao nhất.
Thấp khớp/Tiêu hóa,"Sau khi chơi tennis, tôi cảm thấy một cảm giác mạnh ở gần cổ."
Tiêu hóa,"Tôi cảm thấy bụng đầy và khó chịu, chướng bụng sau những bữa ăn no."
Da liễu,Mụn của tôi bị ngứa và chảy dịch.
Tai Mũi Họng,Tôi bị đau tai khi tắm.
Thấp khớp/Tiêu hóa,Tôi bị đau vai mỗi khi cố gắng mang vác đồ tạp hóa.
Tim mạch,Tôi bị đau tim dữ dội.
Tai Mũi Họng,Hệ thống sưởi trong nhà tôi bị hỏng nên tôi cảm thấy rất lạnh.
Tai Mũi Họng,"Tôi không ngủ được, tôi bị ho dữ dội."
Thấp khớp/Tiêu hóa,Vai tôi đau dữ dội.
Chỉnh hình,Tôi không thể tập thể dục vì bị đau đầu gối.
Chỉnh hình,Tôi cảm thấy đau khớp mỗi khi cử động.
Da liễu,Tóc tôi bị rụng nhiều sau khi tắm.
Thấp khớp,"Hồi còn nhỏ, tôi từng bị chấn thương đầu gối do chơi thể thao."
Chỉnh hình,"Cảm giác khó chịu xuất hiện đột ngột, thường là sau chấn thương hoặc tập luyện."
Tai Mũi Họng,Tôi bị khô họng.
Chỉnh hình,Tôi bị đau nhói ở xương bánh chè sau khi tập thể dục.
Tim mạch,Cảm giác nghẹn ngào trong tim khiến tôi khó thở.
Đa khoa,"Khi tôi đứng dậy, tôi có cảm giác như mình sắp ngã ngay lập tức."
Ngoại khoa,"Tôi bị ngã xuyên qua cửa sổ khi đang lau chùi và có một mảnh kính găm vào mắt trái, tôi nghĩ tình trạng khá nghiêm trọng, xin hãy giúp tôi!"
Thấp khớp/Tiêu hóa,Tôi cảm thấy đau vai khi gõ bàn phím.
Chỉnh hình,Tôi bị đau đầu gối khi chơi squash.
Chỉnh hình,Đầu gối tôi đau quá.
Da liễu,Bệnh mãn tính của nang tóc và tuyến bã nhờn.
Thấp khớp/Chỉnh hình,Tôi thức dậy mỗi sáng với chứng cứng cổ. Mát-xa giúp giảm đau nhưng vài ngày sau lại bị lại.
Tai Mũi Họng,Tôi cảm thấy lạnh và ớn lạnh dù đã mặc quần áo dày.
Tiêu hóa,Tôi cảm thấy đau nhức toàn thân.
Ngoại khoa,"Lần trước khi cắt móng chân, tôi đã cắt quá ngắn và giờ móng chân của tôi bị nhiễm trùng."
Tim mạch,Tôi bị đau dữ dội ở ngực do tổn thương tim.
Tai Mũi Họng,"Khi tôi cố gắng giữ ấm và mặc thêm quần áo, tôi thấy mình vẫn lạnh."
Thấp khớp,Tôi bị đau chân dù không đi bộ nhiều.
Tiêu hóa,"Tôi bị đau bụng khi ăn đồ ăn nóng, tại sao vậy?"
Chỉnh hình,Tôi bị đau đầu gối khi đi bộ.
Da liễu,"Tôi chưa từng gặp vấn đề về mụn trứng cá cho đến lần mang thai cuối cùng, khi đột nhiên lưng tôi nổi đầy mụn."
Tai Mũi Họng,"Tôi lo lắng vì khả năng chịu lạnh của mình kém, tôi luôn run rẩy, ngay cả khi ở ngoài trời nắng."
Ngoại khoa,"Con trai tôi vô tình dùng dao cạo cũ cứa vào cổ và chỗ đó bị sưng tấy, trông có vẻ bị nhiễm trùng."
Tai Mũi Họng,Tôi bị đau tai và ù tai.
Tai Mũi Họng,Tôi cảm thấy đau họng.
Ngoại khoa,Tôi bị một vết thương sâu ở tay và không thể cầm máu được.
Thấp khớp/Chỉnh hình,"Mỗi lần nhìn sang trái, tôi đều cảm thấy đau nhói ở cổ."
Thần kinh/Tiêu hóa,"Tôi không thể đứng dậy, tôi cảm thấy não mình như đang di chuyển bên trong hộp sọ."
Tai Mũi Họng,Tôi không thể ngừng ho
Tai Mũi Họng,Tôi cảm thấy lạnh và ớn lạnh dù đã mặc quần áo dày.
Da liễu,Tôi bị mụn ở lưng.
Ngoại khoa,"Lần trước khi cắt móng chân, tôi đã cắt quá ngắn và giờ móng chân của tôi bị nhiễm trùng."
Thần kinh/Tiêu hóa,Tôi bị đau đầu từ khi thức dậy sáng nay.
Hô hấp,Tôi cảm thấy khó thở - liệu tôi có bị đau tim không?
Tim mạch,Trái tim đau nhói vô cùng
Hô hấp,Tôi cảm thấy như có thứ gì đó đang bóp nghẹt phổi mình.
Đa khoa,Tôi cảm thấy cơ thể yếu ớt mặc dù tôi vẫn uống vitamin đều đặn.
Ngoại khoa,"vết rách, vết thủng hoặc lỗ hở trên da"
Đa khoa,"Khi đứng dậy quá nhanh, tôi bắt đầu cảm thấy chóng mặt và choáng váng."
Tai Mũi Họng,Tôi bị ho rất nặng và có đờm.
Chỉnh hình,Tôi không thể làm việc tốt vì bị đau đầu gối.
Da liễu,"Mỗi khi trời mưa, tôi lại bị nổi mẩn ngứa ở bụng và hai bên sườn."
Tai Mũi Họng,Tôi bị vấn đề ở tai giữa do nhiễm trùng.
Thấp khớp/Tiêu hóa,Vai tôi bị đau.
Chỉnh hình,Khớp mắt cá chân của tôi bị nhức nhối mỗi khi tôi đặt trọng lực lên bàn chân.
Ngoại khoa,Vết thương của tôi có mủ màu vàng hoặc xanh lục.
Thấp khớp/Chỉnh hình,Cổ tôi bị đau từ sau vụ tai nạn.
Tai Mũi Họng,"Tôi bị ho gà kèm theo nhiều đờm, cần thuốc long đờm."
Thấp khớp,Tôi bị đau lòng bàn chân khi mang giày cao gót.
Nhãn khoa,Tôi không thể lái xe vào ban đêm vì mắt tôi bị mờ.
Đa khoa,"Khi tôi đứng dậy, tôi có cảm giác như mình sắp ngã ngay lập tức."
Tai Mũi Họng,Tôi cảm thấy toàn thân như đang ở trong tủ lạnh.
Thấp khớp,Tôi không thể đi lại được vì chân tôi đau quá.
Chỉnh hình,Tôi bị đau lưng và không thể cúi gập người hay đi lại được.
Tai Mũi Họng,Tôi cảm thấy lạnh và ớn lạnh dù đã mặc quần áo dày.
Đa khoa,Tôi gần như không còn đủ sức để đứng dậy.
Chỉnh hình,Tôi bị đau lưng từ khi bước sang tuổi 70.
Ngoại khoa,Tôi bị đứt tay cách đây vài tuần và dù đã bôi kem kháng sinh nhưng vết thương vẫn không đỡ.
Thấp khớp,Chân tôi bị đau và không thể xoay được. Có lẽ nó bị gãy rồi.
Chỉnh hình,Tôi thường bị đau nhức khớp mỗi khi trời lạnh.
Tai Mũi Họng,Từ khi vào rừng tôi bị đau tai.
Thấp khớp/Chỉnh hình,Tôi bị đau dữ dội ở cổ.
Chỉnh hình,Tôi bị đau khớp. Tôi không thể chịu đựng được cơn đau.
Ngoại khoa,"Tôi nghĩ vết thương của tôi có vấn đề, nó dường như không lành lại như bình thường."
Chỉnh hình,Đầu gối của tôi không gập được tốt.
Tâm thần,"Sau khi chia tay, tôi cảm thấy có điều gì đó lạ lẫm trong mình."
Tiêu hóa,Tôi bị đau nhói ở vùng bụng dưới.
Đa khoa,"Tôi cảm thấy cơ thể yếu ớt sau ngày đầu tiên đến phòng tập, tại sao vậy?"
Da liễu,Da tôi bị ngứa và viêm.
Thấp khớp/Tiêu hóa,Tôi bị đau khi giơ tay lên.
Ngoại khoa,"Vết thương phẫu thuật đỏ, có mủ chảy ra, đau và nóng khi chạm vào."
Tai Mũi Họng,Tôi không thể ngừng ho.
Thấp khớp,"Tối qua khi chơi bóng đá, tôi bị đá vào đầu."
Đa khoa,Mỗi khi đứng dậy tôi đều cảm thấy chóng mặt.
Đa khoa,Tôi đã cố gắng làm giảm bớt nó nhưng không được.
Tai Mũi Họng,Tôi cảm thấy lạnh
Đa khoa,Tôi cảm thấy chóng mặt sau khi vận động cơ bắp.
Thần kinh/Tiêu hóa,Tôi bị đau đầu kèm theo chóng mặt.
Tai Mũi Họng,Tôi không ngủ được vì ho
Thấp khớp,Tôi cảm thấy rất đau ở chân sau khi chơi một trong những trò chơi thể thao.
Tiêu hóa,Tôi cảm thấy đau nhói ở bụng.
Da liễu,Trên mặt tôi có mụn.
Tai Mũi Họng,Tôi bị khô họng.
Thấp khớp,"Mỗi khi đi bộ, tôi đều cảm thấy đau nhói ở mu bàn chân."
Tai Mũi Họng,Tôi cảm thấy đau họng.
Da liễu,"Tôi chưa từng gặp vấn đề về mụn trứng cá cho đến lần mang thai cuối cùng, khi đột nhiên lưng tôi nổi đầy mụn."
Nhãn khoa,"Tôi gặp vấn đề trong việc nhìn thấy các vật thể, nó quá khó nhìn."
Tai Mũi Họng,"Khi tôi cố gắng nghe điện thoại, tôi phát hiện ra mình không nghe thấy giọng người ở đầu dây bên kia."
Ngoại khoa,"Tôi có một vết thương giữa các ngón chân, vết thương lành lại qua đêm nhưng lại tái phát mỗi ngày khi tôi mang giày tây đi làm."
Chỉnh hình,Tôi cảm thấy đau lưng.
Ngoại khoa,Vết thương của tôi có mủ màu vàng hoặc xanh lục.
Da liễu,Dạo này tôi thấy tóc mình rụng nhiều quá.
Thấp khớp,"Lúc đầu tôi cảm thấy tê cứng, nhưng sau đó hàng nghìn mũi kim bắt đầu châm chích khắp bàn chân."
Tiêu hóa,Tôi bị đau bụng dữ dội.
Thần kinh/Tiêu hóa,"Mỗi khi uống nhiều rượu, tôi lại bị đau đầu."
Tiêu hóa,"Tôi bị đau ở đại tràng và dạ dày, cảm giác như có vật gì đó đang cắt vào."
Da liễu,Tôi cảm thấy rất ngứa rát ở vùng gần cánh tay.
Tai Mũi Họng,Tôi gặp một số vấn đề nghiêm trọng về hô hấp vào ban đêm.
Ngoại khoa,Tôi tự đánh mình và vết thương không muốn lành.
Đa khoa,"Kết quả xét nghiệm CBC của tôi cho thấy 10 Hb, tôi cảm thấy mệt mỏi vì công việc ít ỏi."
Đa khoa,"Mỗi khi đứng dậy quá nhanh, tôi đều cảm thấy như mình sắp ngất xỉu."
Thấp khớp/Tiêu hóa,Tôi không thể chịu đựng được cảm giác khó chịu này ở vai.
Thấp khớp/Tiêu hóa,Tôi bị đau vai dữ dội.
Tiêu hóa,Tôi cảm thấy rất đau ở vùng bụng.
Tai Mũi Họng,Tôi không thở được vì ho
Ngoại khoa,Tôi phải đi khám bác sĩ vì tôi có một vết thương hở.
Chỉnh hình,Cơn đau lưng của tôi nhói lên như dao đâm.
Thấp khớp/Chỉnh hình,Tôi bị đau dữ dội ở cổ.
Thấp khớp/Tiêu hóa,Tôi bị đau khi giơ tay lên.
Thấp khớp,Tôi bị đau nhói ở bắp chân.
Da liễu,Tôi cần gãi da mỗi phút
Tim mạch,Tim tôi đập nhanh và điều đó khiến tôi sợ hãi.
Thấp khớp,Tôi bị chấn thương trong một trận bóng đá và được chẩn đoán là tổn thương dây chằng chéo.
Ngoại khoa,Con gái tôi vừa xỏ khuyên tai và một bên dái tai của cháu đỏ rực và nóng rát.
Ngoại khoa,"Vết thương phẫu thuật đỏ, có mủ chảy ra, đau và nóng khi chạm vào."
Thấp khớp/Chỉnh hình,Tôi hầu như không thể cử động cổ được. Nó đau quá.
Da liễu,"Tóc tôi rụng từng mảng lớn, đặc biệt là khi gội đầu."
Chỉnh hình,Tôi bị đau khớp sau chấn thương trong trận bóng đá gần đây nhất.
Đa khoa,Tôi cảm thấy chóng mặt khi thực hiện các chuyển động đột ngột.
Thấp khớp,"Khi thức dậy vào buổi sáng, tôi cảm thấy toàn thân đau nhức."
Tiêu hóa,Tôi bị khó tiêu
Chỉnh hình,Tôi bị đau khớp. Tôi không thể chịu đựng được cơn đau.
Chỉnh hình,Tôi thường bị đau nhức khớp mỗi khi trời lạnh.
Tai Mũi Họng,Tôi không thể ngừng ho.
Ngoại khoa,Tôi bị một vết cắt đã được khâu lại nhưng nó không lành. Nó đang chảy mủ màu xanh và bị bỏng rát.
Chỉnh hình,Tôi cảm thấy đau nhức như xương cọ xát vào nhau ở đầu gối khi leo cầu thang.
Thần kinh/Tiêu hóa,Không thể tập trung
Da liễu,Một cơn rụng tóc khủng khiếp
Hô hấp,"Khi đi bộ, tôi khó thở."
Da liễu,"Tóc tôi rụng từng mảng lớn, đặc biệt là khi gội đầu."
Thấp khớp/Chỉnh hình,Tôi hầu như không thể cử động cổ được. Nó đau quá.
Chỉnh hình,"Tôi bị đau âm ỉ ở vùng lưng dưới, khiến việc di chuyển trở nên khó khăn."
Đa khoa,"Khi ăn quá nhiều đường, cơ thể tôi trở nên yếu và chóng mặt."
Thấp khớp,"Tôi bị đau dữ dội ở chân, đau như bị giật, và việc thư giãn bằng thuốc giảm đau không hiệu quả."
Ngoại khoa,Tôi bị một vết cắt đã được khâu lại nhưng nó không lành. Nó đang chảy mủ màu xanh và bị bỏng rát.
Tâm thần,Dạo này tôi cảm thấy rất buồn.
Đa khoa,"Mỗi khi đứng dậy quá nhanh, tôi đều cảm thấy như mình sắp ngất xỉu."
Da liễu,Một cơn rụng tóc khủng khiếp
Chỉnh hình,Tôi cảm thấy đau nhức như xương cọ xát vào nhau ở đầu gối khi leo cầu thang.
Tai Mũi Họng,Tôi bị đau tai khi trời lạnh.
Nhãn khoa,"Mỗi khi ăn đường, tôi nhận thấy thị lực của mình bị mờ."
Chỉnh hình,Tôi thường bị đau nhức khớp mỗi khi trời lạnh.
Chỉnh hình,Tôi cảm thấy như có thứ gì đó sưng và viêm ở phía sau đầu gối.
Ngoại khoa,"Con gái tôi bị mèo cắn và giờ tay cháu bị đau, đỏ và sưng tấy, vết thương còn chảy dịch."
Tai Mũi Họng,Tôi cảm thấy lúc nào cũng có thứ gì đó vướng trong cổ họng.
Ngoại khoa,Vết thương của tôi lại bị hở ra.
Tai Mũi Họng,"Ban đầu chỉ là chứng ù tai, nhưng giờ cơn đau nhức nhối và không thể chịu đựng được."
Thấp khớp/Tiêu hóa,Vai tôi bị đau.
Tai Mũi Họng,Tôi cảm thấy có chất lỏng muốn trào ra khi ho.
Da liễu,Tôi cảm thấy ngứa dữ dội trên da và da bị đỏ.
Tai Mũi Họng,Cảm giác ho càng tăng lên khi mùa đông đến.
Đa khoa,Tôi đột nhiên cảm thấy chóng mặt khi đứng dậy.
Ngoại khoa,"Con trai tôi xăm hình cách đây vài tuần và vùng da xung quanh hình xăm bị sưng tấy, nóng rát và có vẻ như bị nhiễm trùng."
Ngoại khoa,"Tôi có một vết thương giữa các ngón chân, vết thương lành lại qua đêm nhưng lại tái phát mỗi ngày khi tôi mang giày tây đi làm."
Tâm thần,"Tôi cảm thấy buồn, như thể bị tổn thương hoặc đau đớn."
Tai Mũi Họng,Tôi luôn cảm thấy ngứa rát ở cổ họng.
Da liễu,Tóc tôi rụng rất nhiều.
Chỉnh hình,"Tôi bị đau lưng, không thể duỗi thẳng được."
Ngoại khoa,"Con trai tôi vô tình dùng dao cạo cũ cứa vào cổ và chỗ đó bị sưng tấy, trông có vẻ bị nhiễm trùng."
Da liễu,"Tôi cảm thấy tê buốt sâu khi chạm vào mụn, sau đó là cảm giác khó chịu."
Tai Mũi Họng,"Tôi được chẩn đoán mắc chứng thiếu máu do thiếu vitamin B12, điều này giải thích tại sao tôi luôn cảm thấy lạnh."
Chỉnh hình,Tôi bị đau khi gập tay.
Đa khoa,Tôi cảm thấy chóng mặt khi thực hiện các chuyển động đột ngột.
Tiêu hóa,Đau bụng sau khi uống sữa
Ngoại khoa,"Tôi nghĩ vết thương của tôi có vấn đề, nó dường như không lành lại như bình thường."
Tai Mũi Họng,Tôi bị đau nhói ở tai.
Chỉnh hình,Tôi cảm thấy như có thứ gì đó sưng và viêm ở phía sau đầu gối.
Hô hấp,"Khi đi bộ, tôi khó thở."
Nhãn khoa,"Khi tôi đứng dậy quá nhanh, tầm nhìn của tôi bị mờ."
Chỉnh hình,Tôi cảm thấy đau nhức như xương cọ xát vào nhau ở đầu gối khi leo cầu thang.
Tai Mũi Họng,Từ khi vào rừng tôi bị đau tai.
Đa khoa,"Mỗi khi đứng dậy quá nhanh, tôi đều cảm thấy như mình sắp ngất xỉu."
Chỉnh hình,"Mỗi khi mang vác đồ nặng, tôi cảm thấy như lưng mình sắp gãy."
Da liễu,Tóc tôi bị rụng nhiều sau khi tắm.
Ngoại khoa,Vết thương bị nhiễm trùng của tôi gây ra sốt.
Hô hấp,Tôi đi bộ mỗi ngày nhưng giờ đây chỉ đi được một đoạn ngắn là tôi đã bị khó thở.
Tai Mũi Họng,"Tôi luôn cảm thấy lạnh, ngay cả khi mặc nhiều lớp áo."
Chỉnh hình,Bệnh xương mãn tính ở mức độ gấp đôi của Estremidades dưới
Da liễu,Tôi đã thử rất nhiều loại kem nhưng tình trạng da của tôi vẫn vậy.
Thấp khớp/Chỉnh hình,Tôi không thể xoay cổ.
Da liễu,Tôi bị phát ban lạ trên cánh tay.
Tâm thần,"Khi ông nội tôi qua đời, tôi đã trải qua một nỗi đau tinh thần sâu sắc."
Thần kinh/Tiêu hóa,Tôi bị đau đầu mỗi khi ăn kem.
Tim mạch,Tôi thường xuyên bị đau nhói ở ngực và không biết mình đang làm gì mà lại gây ra triệu chứng đó.
Thấp khớp/Tiêu hóa,"Tôi cảm thấy như có một cục u sưng tấy ở xương bả vai, kèm theo cơn đau nhói từ đó."
Nhãn khoa,"Tôi bị nhìn mờ từ sáng nay, không biết nguyên nhân là gì?"
Thấp khớp,Tôi bị đau nhói ở bắp tay.
Hô hấp,Tôi gần như không thở được
Thấp khớp,Tôi bị đau lòng bàn chân khi mang giày cao gót.
Chỉnh hình,Tôi bị đau khi gập tay.
Da liễu,Tóc tôi rụng rất nhiều.
Tim mạch,"Tôi không thể chịu đựng được cảm giác khó chịu, nghẹn ngào trong ngực này."
Tai Mũi Họng,"Khi tôi cố gắng nghe điện thoại, tôi phát hiện ra mình không nghe thấy giọng người ở đầu dây bên kia."
Da liễu,Tôi có những đốm đen trên da.
Chỉnh hình,Tôi bị đau khớp sau chấn thương trong trận bóng đá gần đây nhất.
Chỉnh hình,Tôi bị đau lưng khi mang vác đồ nặng.
Da liễu,"Mỗi khi trời mưa, tôi lại bị nổi mẩn ngứa ở bụng và hai bên sườn."
Thấp khớp/Tiêu hóa,Tôi bị đau vai dữ dội.
Thấp khớp,Tôi bị đau chân sau khi chạy 500m với giày chạy bộ.
Chỉnh hình,Tôi bị đau khớp ở các ngón tay vào buổi sáng.
Tai Mũi Họng,Tôi bị ho khan nặng
Chỉnh hình,Tôi bị đau nhức như kim châm ở các khớp.
Tâm thần,Tôi cảm thấy buồn
Thấp khớp,"Tôi đi lại khó khăn, chân tôi bị đau."
Chỉnh hình,Tôi bị đau đầu gối khi đi bộ.
Ngoại khoa,"Lần trước khi cắt móng chân, tôi đã cắt quá ngắn và giờ móng chân của tôi bị nhiễm trùng."
Chỉnh hình,Tôi đã dùng rất nhiều thuốc giảm đau để đỡ hơn nhưng tôi vẫn cảm thấy đau lưng.
Chỉnh hình,Lưng tôi đau quá.
Đa khoa,Đôi khi tôi cảm thấy cơ thể yếu ớt mà không rõ lý do.
Thấp khớp,"Tôi đi lại khó khăn, chân tôi bị đau."
Chỉnh hình,Tôi gặp khó khăn khi cử động đầu gối.
Da liễu,Tóc tôi luôn bị rụng và dạo này tôi bị rụng rất nhiều tóc.
Thấp khớp,Tôi bị đau nhói ở bắp tay. Tôi đã thử bôi kem giảm đau nhưng không hiệu quả.
Thần kinh/Tiêu hóa,Tôi bị đau đầu gần như mỗi ngày.
Tai Mũi Họng,Bị cảm lạnh và ho nặng
Tai Mũi Họng,Tôi bị ho khan nặng
Tiêu hóa,Tôi cảm thấy đau đớn bên trong nhưng không thể xác định được nguyên nhân.
Thấp khớp,Chân tôi đau quá.
Chỉnh hình,Khớp mắt cá chân của tôi bị nhức nhối mỗi khi tôi đặt trọng lực lên bàn chân.
Tai Mũi Họng,"Dù nhiệt độ trong nhà có cao, người tôi vẫn luôn cảm thấy lạnh."
Thấp khớp,Tôi bị va đập đầu trong trận bóng rổ. Liệu tôi có bị chấn động não không?
Đa khoa,"Khi thức dậy vào buổi sáng, tôi cảm thấy cơ thể rất yếu."
Ngoại khoa,Tôi bị đứt tay và đang chảy máu.
Da liễu,Mặt tôi nổi đầy mụn.
Tiêu hóa,Các triệu chứng của viêm ruột thừa là gì?
Tai Mũi Họng,Tôi đã khỏi cảm lạnh được vài tuần rồi nhưng vẫn ho mỗi ngày.
Thấp khớp,"Mỗi sáng thức dậy, cổ tôi đều có cảm giác như ngủ sai tư thế."
Ngoại khoa,Vết thương của tôi có mủ màu vàng hoặc xanh lục.
Chỉnh hình,Tôi bị đau khớp khi cố gắng gập chân hoặc tay.
Da liễu,Tóc tôi bị rụng khi tôi chải tóc.
Da liễu,"Khi chải tóc, tôi nhận thấy có những mảng tóc lớn rụng ra trên lược."
Da liễu,Tôi có làn da khô
Tai Mũi Họng,"Tôi bị đau tai mãi không khỏi. Tôi không bị cảm lạnh, đau đầu hay bất kỳ triệu chứng nào khác. Chỉ là đau tai thôi."
Đa khoa,"Khi tôi thức dậy, tôi cảm thấy chóng mặt và ngã xuống."
Chỉnh hình,Tôi cảm thấy rất đau nhức ở các khớp.
Tiêu hóa,Tôi thường bị đau bụng sau khi ăn. Tôi vẫn chưa xác định được loại thực phẩm nào là nguyên nhân gây ra tình trạng này.
Da liễu,Tóc tôi luôn bị rụng và dạo này tôi bị rụng rất nhiều tóc.
Thấp khớp/Chỉnh hình,Đầu tôi đau quá.
Tai Mũi Họng,Tôi bị ho khan nặng
Chỉnh hình,Tôi cảm thấy đau ở đầu gối.
Chỉnh hình,Tôi bị đau khớp ở các ngón tay vào buổi sáng.
Chỉnh hình,Đầu gối tôi bị vướng và đau khi mới đứng dậy sau khi ngồi.
Đa khoa,"Khi đứng dậy quá nhanh, tôi bắt đầu cảm thấy chóng mặt và choáng váng."
Tai Mũi Họng,"Khi tôi cố gắng giữ ấm và mặc thêm quần áo, tôi thấy mình vẫn lạnh."
Tiêu hóa,Tôi không thể chịu nổi cảm giác khó chịu này trong bụng.
Đa khoa,"Tôi không khỏe, tôi cảm thấy chóng mặt."
Đa khoa,"Khi tôi đứng dậy, tôi có cảm giác như mình sắp ngã ngay lập tức."
Thấp khớp,"Mỗi khi tập luyện cường độ cao, tôi đều cảm thấy đau nhức dữ dội ở các cơ."
Thấp khớp,Tôi bị đau chân rất nhiều khi chơi bóng đá.
Đa khoa,Tôi đã cố gắng làm giảm bớt nó nhưng không được.
Tai Mũi Họng,Tôi cảm thấy lạnh
Hô hấp,Tôi cảm thấy tức ngực.
Chỉnh hình,Tôi đang chơi bóng đá và bị chấn thương đau khớp.
Thấp khớp,"Khi chơi bóng đá, tôi bị đau cơ."
Ngoại khoa,Tôi bị rách da giữa ngón tay cái và ngón trỏ và vết thương không lành lại được.
Tai Mũi Họng,Tôi không thể thở được
Thấp khớp,"Tôi bị đau cơ chân sau khi chạy bộ hôm qua, tôi đã uống thuốc giảm đau nhưng không hiệu quả."
Tâm thần,Tôi cảm thấy muốn tự tử.
Tim mạch,Tôi cảm thấy đau tim mỗi khi đi bộ nhiều.
Tai Mũi Họng,Tai tôi bị đau khi nghe nhạc.
Da liễu,"Tôi bị nổi mụn ở ngực với những mảng đỏ, tình trạng này càng trầm trọng hơn khi trời nóng."
Chỉnh hình,Đầu gối tôi thường đau nhức vào những ngày trời lạnh và mưa.
Da liễu,tóc tôi rụng
Tim mạch,Lòng tôi đau nhói.
Ngoại khoa,Tôi bị rách da ở ngón tay cái và vết thương không lành.
Chỉnh hình,"Tôi không thể cử động chân, khớp bị đau."
Tai Mũi Họng,Tôi cảm thấy tức ngực.
Chỉnh hình,Tôi cảm thấy đau lưng.
Tai Mũi Họng,Tôi nghĩ nhiệt độ cơ thể của tôi rất thấp.
Tiêu hóa,"Tôi bị đau bụng sau khi uống bất kỳ loại nước ngọt nào, tại sao vậy?"
Nhãn khoa,Tôi bị mờ mắt sau khi bị va đập vào đầu hôm qua.
Tiêu hóa,Tôi bị đau bụng dữ dội.
Da liễu,Tôi bị phát ban và ngứa rất dữ dội.
Ngoại khoa,"Tôi bị đứt tay khi mở lon đồ hộp, máu cứ chảy không ngừng và vết thương đang hở miệng."
Chỉnh hình,"Tôi bị đau âm ỉ ở vùng lưng dưới, khiến việc di chuyển trở nên khó khăn."
Tiêu hóa,"Sau khi ăn, tôi cảm thấy nóng rát bên trong cơ thể."
Chỉnh hình,Đầu gối tôi cảm thấy yếu và hôm trước nó bị khuỵt xuống ở đầu cầu thang. May mắn là có lan can để vịn vào.
Thấp khớp,Tôi bị va đập vào chân và nó đau lắm.
Tai Mũi Họng,Tôi nghĩ có dịch trong tai tôi.
Chỉnh hình,Tôi thường bị đau nhức khớp mỗi khi trời lạnh.
Tiêu hóa,Đau nhói và khó thở
Thấp khớp/Chỉnh hình,Tôi bị đau dữ dội ở cổ.
Thấp khớp/Chỉnh hình,Tôi hầu như không thể cử động cổ được. Nó đau quá.
Tai Mũi Họng,Tai tôi bị đau và càng đau hơn khi nuốt. Tôi bị đau tai dữ dội và thuốc Tylenol cũng không giúp được gì.
Chỉnh hình,"Mỗi khi lên xuống cầu thang, đầu gối tôi lại phát ra tiếng kêu ken két."
Tai Mũi Họng,Tôi bị đau tai khi trời lạnh.
Ngoại khoa,Có một người bị thương.
Thấp khớp,Trước đây tôi rất tích cực tham gia thể thao nhưng giờ cơ thể tôi đang bị đau nhức.
Ngoại khoa,Tôi bị đứt tay và đang chảy máu.
Thần kinh/Tiêu hóa,"Tôi đau đầu và mất cảm giác ở mặt, sau đó mất thị lực ở mắt."
Tiêu hóa,Tôi bị đau nhói ở vùng bụng dưới.
Tim mạch,Tôi cảm thấy như tim mình sắp nhảy ra khỏi lồng ngực. Đau quá.
Tai Mũi Họng,Tôi đang gặp khó khăn trong việc nghe.
Nhãn khoa,"Mỗi khi ăn đường, tôi nhận thấy thị lực của mình bị mờ."
Thấp khớp/Chỉnh hình,Tôi cảm thấy tê rần ở cổ.
Ngoại khoa,Vết thương của tôi không lành tốt và tình trạng này đã kéo dài hai tuần rồi.
Chỉnh hình,Tôi bị đau khớp. Tôi không thể chịu đựng được cơn đau.
Ngoại khoa,Tôi bị một vết cắt đã được khâu lại nhưng nó không lành. Nó đang chảy mủ màu xanh và bị bỏng rát.
Thấp khớp/Tiêu hóa,"Mỗi khi cử động tay, vai phải của tôi lại kêu lách tách."
Thần kinh/Tiêu hóa,Tôi cảm thấy đau đầu dữ dội.
Tai Mũi Họng,"Tôi lo lắng vì khả năng chịu lạnh của mình kém, tôi luôn run rẩy, ngay cả khi ở ngoài trời nắng."
Tai Mũi Họng,Tôi luôn cảm thấy ngứa rát ở cổ họng.
Da liễu,"Da ở lưng tôi có màu đỏ, tôi không biết tại sao."
Đa khoa,Tôi cảm thấy cơ bắp mệt mỏi.
Thần kinh/Tiêu hóa,Đầu tôi đau quá.
Da liễu,Tôi bị phát ban trên da.
Đa khoa,Tôi cảm thấy như thế giới cứ xoay vòng vòng.
Tâm thần,"Tôi đã thử đọc sách, nhưng chẳng có gì làm tôi vui lên được cả."
Tiêu hóa,Tôi cảm thấy khó chịu toàn thân.
Da liễu,Dạo này tôi thấy tóc mình rụng nhiều quá.
Tai Mũi Họng,Tôi bị ho rất nặng
Thấp khớp,Tôi bị ngã khi nhảy lên để bắt bóng.
Chỉnh hình,Tôi bị đau lưng khi mang vác đồ nặng.
Ngoại khoa,"Con trai tôi xăm hình cách đây vài tuần và vùng da xung quanh hình xăm bị sưng tấy, nóng rát và có vẻ như bị nhiễm trùng."
Tâm thần,"Tôi cảm thấy buồn, như thể bị tổn thương hoặc đau đớn."
Tai Mũi Họng,Tôi bị đau tai và ù tai.
Thấp khớp,"Sau một ngày làm việc vất vả, tôi bị đau chân."
Tai Mũi Họng,Tôi cảm thấy đau họng.
Ngoại khoa,Vết thương của tôi lại bị hở ra.
Chỉnh hình,Tôi bị đau khớp khi cố gắng gập chân hoặc tay.
Da liễu,Mặt tôi nổi đầy mụn.
Tiêu hóa,"Tôi cảm thấy áp lực rất lớn ở vùng bụng dưới bên phải, mỗi khi ra ngoài chạy bộ."
Ngoại khoa,"Con trai tôi vừa xỏ khuyên môi và giờ môi bị sưng, phần da bên trong môi có màu xám và trông như bị nhiễm trùng."
Da liễu,Trên da tôi có một vết đỏ.
Chỉnh hình,Tôi thường bị đau đầu gối mỗi khi chạy bộ.
Chỉnh hình,Tôi bị đau lưng từ khi ngã xuống sàn.
Ngoại khoa,Tôi bị đứt tay cách đây vài ngày và mặc dù tôi không nghĩ mình cần khâu nhưng vết thương vẫn chưa lành.
Thấp khớp,"Tôi bị đau chân vào mùa đông, hoặc khi trời lạnh, tại sao vậy?"
Chỉnh hình,"Cảm giác khó chịu xuất hiện đột ngột, thường là sau chấn thương hoặc tập luyện."
Đa khoa,"Tôi cảm thấy rất chóng mặt, cơ thể rất yếu."
Da liễu,Ngực tôi nổi mụn đỏ và mụn đầu trắng.
Thấp khớp,Trước đây tôi rất tích cực tham gia thể thao nhưng giờ cơ thể tôi đang bị đau nhức.
Đa khoa,"Khi thức dậy vào buổi sáng, tôi cảm thấy kỳ lạ và chóng mặt."
Tai Mũi Họng,Tôi đã khỏi cảm lạnh được vài tuần rồi nhưng vẫn ho mỗi ngày.
Tiêu hóa,"Sau khi ăn, tôi cảm thấy nóng rát bên trong cơ thể."
Thần kinh/Tiêu hóa,Không thể tập trung
Chỉnh hình,Đứng chưa đến năm phút mà lưng tôi bắt đầu đau.
Da liễu,Một cơn rụng tóc khủng khiếp
Tâm thần,"Mỗi khi nhớ về cô ấy, tôi lại cảm thấy buồn."
Ngoại khoa,"Con trai tôi xăm hình cách đây vài tuần và vùng da xung quanh hình xăm bị sưng tấy, nóng rát và có vẻ như bị nhiễm trùng."
Da liễu,Tôi đã đi khám nhiều bác sĩ nhưng họ vẫn không tìm ra phương pháp điều trị phù hợp để giúp tôi lấy lại mái tóc.
Tai Mũi Họng,Khi đi ngủ tôi cảm thấy lạnh.
Thấp khớp/Tiêu hóa,"Mỗi khi cử động tay, vai phải của tôi lại kêu lách tách."
Thấp khớp/Tiêu hóa,Tôi bị đau vai dữ dội.
Ngoại khoa,"Con gái tôi bị mèo cắn và giờ tay cháu bị đau, đỏ và sưng tấy, vết thương còn chảy dịch."
Tai Mũi Họng,"Khi tôi cố gắng nghe điện thoại, tôi phát hiện ra mình không nghe thấy giọng người ở đầu dây bên kia."
Ngoại khoa,Tôi phải đi khám bác sĩ vì tôi có một vết thương hở.
Da liễu,Tôi cần gãi da mỗi phút
Đa khoa,"Kết quả xét nghiệm CBC của tôi cho thấy 10 Hb, tôi cảm thấy mệt mỏi vì công việc ít ỏi."
Tai Mũi Họng,Mỗi lần hít thở sâu là tôi lại ho.
Chỉnh hình,Tôi bị đau khớp sau chấn thương trong trận bóng đá gần đây nhất.
Tiêu hóa,Đau bụng sau khi uống sữa
Nhãn khoa,Thật khó để nhìn thấy mọi thứ
Thần kinh/Tiêu hóa,Tôi cảm thấy đau đầu dữ dội.
Tiêu hóa,Tôi bị đau bụng dữ dội.
Tai Mũi Họng,"Mỗi khi làm vậy, tôi đều cảm thấy đau nhói ở tai."
Tim mạch,"Tôi không thể chịu đựng được cảm giác khó chịu, nghẹn ngào trong ngực này."
Ngoại khoa,Vết thương của tôi lại bị hở ra.
Tiêu hóa,"Tôi bị đau ở đại tràng và dạ dày, cảm giác như có vật gì đó đang cắt vào."
Da liễu,"Tôi cảm thấy tê buốt sâu khi chạm vào mụn, sau đó là cảm giác khó chịu."
Tiêu hóa,Tôi bị khó tiêu
Tai Mũi Họng,Tôi không thở được vì ho
Da liễu,Tôi có những đốm đen trên da.
Da liễu,"Tôi chưa từng gặp vấn đề về mụn trứng cá cho đến lần mang thai cuối cùng, khi đột nhiên lưng tôi nổi đầy mụn."
Đa khoa,Tôi cảm thấy chóng mặt khi thực hiện các chuyển động đột ngột.
Ngoại khoa,Con gái tôi vừa xỏ khuyên tai và một bên dái tai của cháu đỏ rực và nóng rát.
Thấp khớp,"Sau khi đi bộ, tôi cảm thấy đau ở lòng bàn chân."
Tai Mũi Họng,Tai tôi bị ù.
Tai Mũi Họng,"Tôi ho rất nhiều khi ngửi mùi nước hoa, phổi tôi có vấn đề gì vậy?"
Chỉnh hình,Tôi bị đau đầu gối khi chơi squash.
Tai Mũi Họng,Tôi gặp một số vấn đề nghiêm trọng về hô hấp vào ban đêm.
Tâm thần,"Sau khi chia tay, tôi cảm thấy có điều gì đó lạ lẫm trong mình."
Thấp khớp/Tiêu hóa,Vai tôi bị đau mỗi khi cố với lấy thứ gì đó ở trên cao.
Da liễu,Tôi bị phát ban và ngứa rất dữ dội.
Thấp khớp,"Khi chơi thể thao, tôi bị đau dưới da."
Tâm thần,"Tâm trí tôi cảm thấy rất buồn, như thể đang đau đớn. Cảm giác trong đầu tôi thật tồi tệ và mỗi khi nghĩ về chuyện chia tay, tôi lại khóc vì buồn bã."
Chỉnh hình,"Mỗi khi leo cầu thang, đầu gối phải của tôi đều bị đau."
Tiêu hóa,Tôi cảm thấy khó chịu toàn thân.
Tai Mũi Họng,Tôi bị ho rất nặng và có đờm.
Tai Mũi Họng,Tôi cảm thấy đau họng.
Chỉnh hình,Tôi cảm thấy đau ở đầu gối.
Chỉnh hình,Tôi cảm thấy đau lưng.
Thấp khớp/Tiêu hóa,Vai tôi bị đau.
Thấp khớp/Tiêu hóa,Tôi bị đau vai dữ dội.
Thần kinh/Tiêu hóa,Sọ bị vỡ như quả hạch
Đa khoa,Tôi đang đi du thuyền và cảm thấy chóng mặt.
Da liễu,Tôi bị nổi mụn khi ăn ớt.
Ngoại khoa,"Con gái tôi đi tỉa lông mày và việc đó đã làm rách da ở một bên lông mày, giờ chỗ đó bị sưng và chảy dịch."
Thấp khớp/Tiêu hóa,Tôi cảm thấy rất đau ở vai mỗi khi cố gắng nâng vật nặng.
Nhãn khoa,"Khi tôi cố gắng nhìn, tầm nhìn của tôi bị mờ."
Tai Mũi Họng,Tôi không biết tại sao mình lại cảm thấy lạnh.
Tai Mũi Họng,Hệ thống sưởi trong nhà tôi bị hỏng nên tôi cảm thấy rất lạnh.
Thấp khớp/Tiêu hóa,Vai tôi đau dữ dội.
Thấp khớp/Chỉnh hình,"Cứng đờ, không thể nhìn sang phải hoặc trái trừ khi di chuyển toàn bộ cơ thể."
Chỉnh hình,Tôi cảm thấy đau nhức ở đầu gối khi đi bộ.
Da liễu,"Mỗi lần chải tóc, tôi đều thấy rất nhiều tóc mắc trong lược."
Da liễu,Mụn ở ngực tôi cứ nổi lên và không bao giờ hết.
Thấp khớp,"Khi chơi bóng đá, tôi bị đau cơ."
Da liễu,Tóc tôi bị rụng nhiều sau khi tắm.
Thấp khớp,"Khi chơi bóng đá, tôi bị trật khớp vai."
Tai Mũi Họng,"Tôi luôn cảm thấy lạnh, ngay cả khi mặc nhiều lớp áo."
Thấp khớp,Tôi bị đau cơ dữ dội từ khi đi tập gym.
Chỉnh hình,"Khi tôi duỗi chân, khớp gối bị đau."
Tiêu hóa,Tôi bị đau bụng dữ dội và không thể ăn bất cứ thứ gì.
Tim mạch,Tôi khó thở vì cơn đau âm ỉ dưới vai trái.
Chỉnh hình,Tôi cảm thấy đau lưng khi ngồi trên ghế lâu.
Ngoại khoa,"Con gái tôi đi tỉa lông mày và việc đó đã làm rách da ở một bên lông mày, giờ chỗ đó bị sưng và chảy dịch."
Chỉnh hình,Tôi bị đau đầu gối khi đi lại.
Da liễu,Sáng nào gối tôi cũng có rất nhiều tóc.
Chỉnh hình,"Khi chơi thể thao, tôi cảm thấy nóng rát ở cột sống."
Tiêu hóa,Tôi bị đau âm ỉ ở bụng. Cơn đau càng nặng hơn sau khi ăn.
Tai Mũi Họng,"Tôi không nghe rõ bằng tai, cảm giác như có vật gì đó gây khó chịu trong tai."
Thấp khớp/Chỉnh hình,Tôi hầu như không thể cử động cổ được. Nó đau quá.
Tim mạch,Tôi cảm thấy như tim mình sắp nhảy ra khỏi lồng ngực. Đau quá.
Tai Mũi Họng,Tôi đang gặp khó khăn trong việc nghe.
Chỉnh hình,Tôi bị đau nhói dọc sống lưng.
Tai Mũi Họng,Tôi nghĩ có dịch trong tai tôi.
Tai Mũi Họng,"Dù nhiệt độ trong nhà có cao, người tôi vẫn luôn cảm thấy lạnh."
Da liễu,Mụn của tôi thật sự khiến tôi xấu hổ. Nó đỏ quá.
Ngoại khoa,Vết thương của tôi không lành tốt và tình trạng này đã kéo dài hai tuần rồi.
Thần kinh/Tiêu hóa,Tôi bị đau đầu ở phía sau và cơn đau kéo dài cả ngày.
Da liễu,Tôi bị phát ban và ngứa rất dữ dội.
Tim mạch,Tim tôi như muốn nổ tung.
Da liễu,Mụn có phải là bệnh ngoài da không?
Thấp khớp/Tiêu hóa,"Sau khi chơi tennis, tôi cảm thấy một cảm giác mạnh ở gần cổ."
Da liễu,Tóc tôi rụng từng mảng lớn.
Thấp khớp/Tiêu hóa,Vai tôi bị đau mỗi khi cố với lấy thứ gì đó ở trên cao.
Thấp khớp,Tôi bị va đập vào chân và nó đau lắm.
Da liễu,Tôi có một vết thương đóng vảy ở mu bàn tay mà mãi không lành.
Ngoại khoa,"Tôi có một vết thương hở, đỏ và sưng lên."
Da liễu,Da tôi rất khô và bong tróc.
Chỉnh hình,"Tôi bị đau âm ỉ ở vùng lưng dưới, khiến việc di chuyển trở nên khó khăn."
Tiêu hóa,Tôi bị đau nhói ở vùng bụng dưới.
Da liễu,Mặc dù đã trưởng thành nhưng mặt tôi vẫn cứ nổi mụn.
Thần kinh/Tiêu hóa,"Tôi bị đau đầu vùng trán và mỗi khi bị đau, ánh sáng lại làm tôi khó chịu."
Tiêu hóa,Tôi bị đau lan từ hông phải lên đến lồng ngực. Cơn đau dữ dội nhất khi tôi đi tiểu.
Tai Mũi Họng,Tôi đang gặp khó khăn trong việc nghe.
Ngoại khoa,"Tôi nghĩ vết thương của tôi có vấn đề, nó dường như không lành lại như bình thường."
Đa khoa,"Mỗi khi đứng dậy quá nhanh, tôi đều cảm thấy như mình sắp ngất xỉu."
Tim mạch,Tim tôi đập nhanh và điều đó khiến tôi sợ hãi.
Thần kinh/Tiêu hóa,Tôi bị đau âm ỉ ở đầu.
Thấp khớp/Tiêu hóa,"Tôi không thể mang vác bất cứ thứ gì, tôi bị đau vai."
Hô hấp,Tôi đi bộ mỗi ngày nhưng giờ đây chỉ đi được một đoạn ngắn là tôi đã bị khó thở.
Thần kinh/Tiêu hóa,Tôi cảm thấy đau đầu
Tai Mũi Họng,"Tôi vừa đi máy bay cách đây vài ngày và lần này, trong lúc hạ cánh, tai tôi vẫn bị ù và đau."
Ngoại khoa,Vết thương nhiễm trùng của anh ta bắt đầu bị hoại tử.
Ngoại khoa,Tôi có một vết thương hở ở cánh tay.
Đa khoa,Tôi cảm thấy toàn thân yếu ớt và đã cố gắng thư giãn nhưng vẫn thấy đau.
Đa khoa,Tôi cảm thấy toàn thân rất yếu.
Thấp khớp/Tiêu hóa,Tôi bị nhức nhối ở vai.
Da liễu,Tôi cảm thấy chán nản khi thấy tóc mình rụng.
Hô hấp,"Tôi khó thở khi ở trong ga tàu điện ngầm, tại sao vậy?"
Nhãn khoa,Tôi gặp khó khăn khi đọc vì các chữ cái đều bị mờ.
Tâm thần,Tôi cảm thấy vô cùng đau khổ về mặt tinh thần sau khi chia tay bạn gái.
Đa khoa,Tôi bị chóng mặt mỗi khi cố gắng đứng dậy.
Ngoại khoa,"Con trai tôi vừa xỏ khuyên môi và giờ môi bị sưng, phần da bên trong môi có màu xám và trông như bị nhiễm trùng."
Chỉnh hình,Tôi không thể tập thể dục vì bị đau đầu gối.
Hô hấp,Tôi gặp khó khăn khi thở ở những nơi đông người.
Tai Mũi Họng,"Con tôi bị ho cả đêm, không ngủ được."
Chỉnh hình,Tôi bị đau lưng từ khi bước sang tuổi 70.
Hô hấp,Tôi cảm thấy như có thứ gì đó đang bóp nghẹt phổi mình.
Chỉnh hình,Tôi cảm thấy đau ở đầu gối.
Chỉnh hình,Khớp mắt cá chân của tôi bị nhức nhối mỗi khi tôi đặt trọng lực lên bàn chân.
Tiêu hóa,Tôi luôn có cảm giác như bị đau bụng kinh ngay cả khi không đến kỳ kinh nguyệt.
Da liễu,Hồi trung học tôi bị mụn rất nhiều.
Da liễu,Tôi bị nổi mẩn đỏ và ngứa trên da.
Chỉnh hình,Tôi bị đau nhức như kim châm ở các khớp.
Thấp khớp,Chân tôi bị đau từ thứ Ba tuần trước.
Tai Mũi Họng,"Tôi không thể ngừng run rẩy hay nới lỏng hàm, tôi lạnh đến mức đó."
Chỉnh hình,Đường nóng rát dọc theo lưng kèm theo khó thở.
Tiêu hóa,Tôi cảm thấy đau nhức bên trong cơ thể.
Da liễu,Tóc tôi luôn bị rụng và dạo này tôi bị rụng rất nhiều tóc.
Thấp khớp/Chỉnh hình,Cổ tôi bị đau từ sau vụ tai nạn.
Thần kinh/Tiêu hóa,Tôi bị đau đầu gần như mỗi ngày.
Thần kinh/Tiêu hóa,Tôi bị đau nửa đầu và đã uống Panadol nhưng không có tác dụng.
Chỉnh hình,Tôi rất đau lưng mỗi khi cúi người.
Hô hấp,Ngực tôi đau khi hít thở.
Tai Mũi Họng,Bị cảm lạnh và ho nặng
Ngoại khoa,"Chân tôi đang nuốt nước bọt, điều này cho thấy vết thương của tôi bị nhiễm trùng."
Tâm thần,Tôi cảm thấy buồn
Da liễu,Tôi rất lo lắng mình sẽ bị hói đầu sớm. Tôi có bị bệnh nặng không?
Tai Mũi Họng,Tôi cảm thấy như mình khó thở nếu không tống hết những thứ trong phổi ra ngoài.
Thấp khớp/Chỉnh hình,Đầu tôi đau quá.
Đa khoa,"Tôi cảm thấy cơ thể yếu ớt dù ăn rất nhiều, tại sao vậy?"
Chỉnh hình,Mắt cá chân của tôi đang bị đau.
Ngoại khoa,Tôi bị đứt chân ở bể bơi và vết thương cứ hở ra mỗi khi tôi đi lại.
Tim mạch,"Mỗi khi buồn, tim tôi lại đau nhói, tại sao vậy?"
Nhãn khoa,Mọi thứ trông như thể đang ở trong một khu vực đầy khói.
Tai Mũi Họng,Tôi cảm thấy toàn thân như đang ở trong tủ lạnh.
Tâm thần,"Tôi đã thử đọc sách, nhưng chẳng có gì làm tôi vui lên được cả."
Nhãn khoa,Máy khử trùng mắt
Hô hấp,Ngực tôi đau khi hít thở.
Tim mạch,"Mỗi khi buồn, tim tôi lại đau nhói, tại sao vậy?"
Nhãn khoa,Mọi thứ trông như thể đang ở trong một khu vực đầy khói.
Chỉnh hình,Tôi cảm thấy đau ở đầu gối khi đi bộ.
Da liễu,Tôi bị nổi mẩn đỏ và ngứa trên da.
Da liễu,Tôi cảm thấy như mình vừa rơi vào vũng nước nóng vậy.
Đa khoa,"Tôi cảm thấy cơ thể yếu ớt dù ăn rất nhiều, tại sao vậy?"
Tiêu hóa,"Tôi cảm thấy đau nhức ở bên trong, giữa hông và vai."
Chỉnh hình,Khớp mắt cá chân của tôi bị nhức nhối mỗi khi tôi đặt trọng lực lên bàn chân.
Tai Mũi Họng,"Tôi nghe không rõ, tôi có vấn đề về tai."
Tâm thần,Tôi cảm thấy suy sụp tinh thần.
Thấp khớp,Tôi bị đau nhói ở bắp tay. Tôi đã thử bôi kem giảm đau nhưng không hiệu quả.
Thần kinh/Tiêu hóa,Tôi bị đau đầu.
Chỉnh hình,Tôi bị đau nhức ở các khớp.
Thấp khớp,Tôi bị đau cơ dữ dội từ khi đi tập gym.
Thấp khớp/Tiêu hóa,Tôi không thể cử động tay một cách bình thường.
Hô hấp,"Tôi được chẩn đoán mắc bệnh viêm phổi, tôi khó thở."
Tim mạch,Vùng xung quanh tim tôi cảm thấy không ổn.
Chỉnh hình,Tôi bị đau đầu gối mỗi khi đi bộ nhiều.
Đa khoa,"Khi đứng dậy quá nhanh, tôi bắt đầu cảm thấy chóng mặt và choáng váng."
Da liễu,Tôi bị nổi mụn khi ăn ớt.
Tai Mũi Họng,Tôi thường bị ho nặng khi bị cúm.
Thấp khớp/Chỉnh hình,Tôi bị đau cổ khi ngồi trước máy tính xách tay.
Tim mạch,Đau dữ dội ở phía trên bên trái ngực và có thể lan ra lưng.
Chỉnh hình,"Tôi rất thích làm vườn nhưng mỗi khi cúi người xuống, tôi lại bị đau nhói ở lưng dưới."
Chỉnh hình,Tôi bị đau ở khớp khuỷu tay.
Ngoại khoa,Tôi bị tai nạn và vết thương vẫn còn hở khi tôi đến bệnh viện.
Đa khoa,Tôi chẳng làm gì ở nhà cả mà vẫn cảm thấy kiệt sức.
Hô hấp,Tôi cảm thấy rất khó thở.
Thấp khớp,Tôi bị đau lưng dưới nhưng nếu duỗi người thì đỡ hơn.
Tiêu hóa,Tôi cảm thấy nóng rát ở bụng khoảng 2 tiếng sau mỗi bữa ăn.
Da liễu,"Đôi khi trời lạnh, mặt tôi bị đau, đặc biệt là vùng quanh những nốt mụn sắp vỡ."
Chỉnh hình,"Tôi không thể đứng lên hay ngồi xuống được, tôi bị đau lưng rất khó chịu."
Thấp khớp/Tiêu hóa,"Mỗi khi tôi cử động vai, cơn đau lại lan xuống cánh tay."
Thấp khớp/Tiêu hóa,Tôi cảm thấy rất đau ở vai mỗi khi cố gắng nâng vật nặng.
Đa khoa,Tôi đang đi du thuyền và cảm thấy chóng mặt.
Da liễu,Tóc tôi không được đẹp lắm.
Tiêu hóa,Tôi bị đau bụng.
Tiêu hóa,Tôi bị đau bụng dữ dội và không thể ăn bất cứ thứ gì.
Tai Mũi Họng,Toàn thân tôi lạnh cóng.
Đa khoa,"Khi đứng dậy quá nhanh, tôi bắt đầu cảm thấy chóng mặt và choáng váng."
Chỉnh hình,Tôi cảm thấy đau nhức ở đầu gối khi đi bộ.
Thấp khớp,Tôi bị đau nhói ở bắp tay.
Hô hấp,Tôi gần như không thở được
Thấp khớp,Tôi bị ngã khi nhảy lên để bắt bóng.
Thấp khớp,"Khi thức dậy vào buổi sáng, tôi cảm thấy toàn thân đau nhức."
Tai Mũi Họng,Tôi bị đau tai khi trời lạnh.
Thấp khớp,"Tôi bị đau dữ dội ở chân, đau như bị giật, và việc thư giãn bằng thuốc giảm đau không hiệu quả."
Thần kinh/Tiêu hóa,Tôi cảm thấy đau đầu dữ dội.
Tai Mũi Họng,Tôi cảm thấy đau họng.
Tiêu hóa,Tôi đã phân tích rất nhiều để tìm ra nguyên nhân chính gây ra chứng đau bụng của mình.
Da liễu,Tôi bị thiếu tóc
Chỉnh hình,Tôi cảm thấy cứng khớp ở khuỷu tay và vai.
Tai Mũi Họng,Tôi bị ho dữ dội kèm theo đờm.
Da liễu,Tôi có vấn đề về da.
Ngoại khoa,Người ta phát hiện anh ta có một vết thương hở.
Tâm thần,"Mỗi khi nghĩ về cha mẹ, tôi lại cảm thấy đau lòng."
Tai Mũi Họng,"Chắc chắn là tuần hoàn máu của tôi có vấn đề rồi, ngay cả những ngày nóng nhất tôi cũng phải mang tất, ngón chân tôi lạnh cóng!"
Chỉnh hình,Tôi cảm thấy đau nhói ở khớp mắt cá chân khi đứng.
Tai Mũi Họng,Thỉnh thoảng tôi ho vì tôi hút thuốc.
Thấp khớp,Tôi bị đau chân rất nhiều khi chơi bóng đá.
Da liễu,Tóc tôi bị rụng khi tôi chải tóc.
Tai Mũi Họng,Cơn đau tai của tôi không thể chịu nổi.
Tiêu hóa,Đau ruột mãn tính
Tiêu hóa,"Tôi bị đau bụng sau khi uống bất kỳ loại nước ngọt nào, tại sao vậy?"
Chỉnh hình,Đầu gối tôi thường đau nhức vào những ngày trời lạnh và mưa.
Tai Mũi Họng,Lần trước đi máy bay tôi bị cảm lạnh và đến giờ vẫn còn cảm giác khó chịu ở tai.
Da liễu,Da tôi bị ngứa.
Thấp khớp,Tôi cảm thấy đau ở vai phải sau trận đấu quần vợt.
Da liễu,Ống thoát nước trong phòng tắm của tôi lúc nào cũng đầy tóc.
Tiêu hóa,Tôi bị đau bụng.
Đa khoa,"Khi đứng dậy quá nhanh, tôi bắt đầu cảm thấy chóng mặt và choáng váng."
Thấp khớp/Tiêu hóa,Tôi cảm thấy rất đau ở vai mỗi khi cố gắng nâng vật nặng.
Da liễu,"Đôi khi trời lạnh, mặt tôi bị đau, đặc biệt là vùng quanh những nốt mụn sắp vỡ."
Tim mạch,Tôi cảm thấy tim mình đau nhói khi chạy một quãng đường dài.
Thấp khớp/Tiêu hóa,Tôi không thể cử động tay một cách bình thường.
Thấp khớp/Chỉnh hình,Tôi bị đau cổ nên không ngủ được.
Tiêu hóa,"Tôi bị đau bụng sau khi uống bất kỳ loại nước ngọt nào, tại sao vậy?"
Thấp khớp/Tiêu hóa,"Mỗi khi tôi cử động vai, cảm giác như có luồng điện chạy qua vai vậy."
Da liễu,Tôi bị thiếu tóc
Thấp khớp/Chỉnh hình,Tôi cảm thấy đau ở cổ.
Chỉnh hình,Tôi cảm thấy đau lưng.
Tai Mũi Họng,Tôi nghĩ nhiệt độ cơ thể của tôi rất thấp.
Chỉnh hình,Tôi bị đau khớp.
Da liễu,Tôi không thể có bạn gái vì mụn trứng cá.
Đa khoa,"Mỗi khi tôi đứng dậy, đầu tôi lại bắt đầu quay cuồng."
Thấp khớp,"Tối qua khi chơi bóng đá, tôi bị đá vào đầu."
Chỉnh hình,Bệnh xương mãn tính ở mức độ gấp đôi của Estremidades dưới
Da liễu,Tôi bị nổi mụn thành từng mảng và da mặt bị đỏ nhiều.
Da liễu,Tôi bị mụn trên mặt và các vấn đề khác về da liễu như ngứa.
Da liễu,"Đôi khi trời lạnh, mặt tôi bị đau, đặc biệt là vùng quanh những nốt mụn sắp vỡ."
Nhãn khoa,Tôi bị nhìn mờ sau khi dùng nhầm thuốc.
Tim mạch,Tôi bị đau tim dữ dội.
Chỉnh hình,Tôi bị đau đầu gối mỗi khi đi bộ nhiều.
Thấp khớp,Tôi bị thương trong trận đấu bóng đá.
Thấp khớp/Chỉnh hình,Tôi bị đau cổ nên không ngủ được.
Thấp khớp,Tôi bị đau cơ vai mỗi khi cố gắng với tay lên.
Nhãn khoa,"Tôi bị nhìn mờ trong lúc tập bơi ở bể bơi, tại sao vậy?"
Tiêu hóa,Tôi bị đau bụng.
Chỉnh hình,Đầu gối tôi đau đến nỗi mỗi khi đi lại tôi lại ngồi nhiều hơn mức cần thiết.
Thấp khớp,Tôi vẫn không cảm thấy cơ bắp của mình đỡ hơn.
Ngoại khoa,Vết thương nhiễm trùng của anh ta bắt đầu bị hoại tử.
Da liễu,Tôi từng bị mụn trứng cá khi 15 tuổi.
Tâm thần,thở nặng nhọc kèm theo mệt mỏi
Ngoại khoa,"Mảnh kính vỡ và làm tôi bị thương nặng ở chân, vết thương rất rộng."
Nhãn khoa,Tôi không nhìn rõ.
Chỉnh hình,Tôi bị đau nhức ở các khớp.
Da liễu,Tôi ghét mụn trứng cá của mình.
Thấp khớp,Tôi bị đau lưng khi đang tập tạ ở phòng gym.
Thấp khớp/Tiêu hóa,Tôi cảm thấy rất đau ở vai mỗi khi cố gắng nâng vật nặng.
Hô hấp,"Tôi cảm thấy không khỏe, tôi không thể thở được."
Thấp khớp,Hôm qua tôi tập thể dục rất nhiều nên giờ tôi bị đau nhức cơ bắp dữ dội.
Tim mạch,Tôi khó thở vì cơn đau âm ỉ dưới vai trái.
Chỉnh hình,Đầu gối tôi bị sưng ngay dưới xương bánh chè và đau khi tôi tì trọng lượng lên đó.
Da liễu,"Khi tôi gội đầu, tóc tôi rụng rất nhiều."
Thấp khớp,Tôi bị đau nhức cơ vùng lưng dưới.
Tâm thần,Tôi cảm thấy đau lòng khi phải chia xa những người thân yêu.
Ngoại khoa,Tôi bị đứt tay cách đây vài ngày và mặc dù tôi không nghĩ mình cần khâu nhưng vết thương vẫn chưa lành.
Thấp khớp/Tiêu hóa,Tôi bị nhức nhối ở vai.
Ngoại khoa,"Con trai tôi vừa xỏ khuyên môi và giờ môi bị sưng, phần da bên trong môi có màu xám và trông như bị nhiễm trùng."
Thần kinh/Tiêu hóa,Sọ bị vỡ như quả hạch
Hô hấp,"Tôi được chẩn đoán mắc bệnh viêm phổi, tôi khó thở."
Chỉnh hình,Tôi bị đau ở khớp khuỷu tay.
Tai Mũi Họng,Hệ thống sưởi trong nhà tôi bị hỏng nên tôi cảm thấy rất lạnh.
Tai Mũi Họng,Tôi không thể ngừng ho.
Thấp khớp/Tiêu hóa,Tôi bị đau vai sau khi làm bất cứ việc gì liên quan đến nhà.
Tai Mũi Họng,Tôi có rất nhiều đờm khi ho.
Đa khoa,"Mỗi khi đứng dậy quá nhanh, tôi đều cảm thấy như mình sắp ngất xỉu."
Tiêu hóa,"Tôi bị đau ở đại tràng và dạ dày, cảm giác như có vật gì đó đang cắt vào."
Ngoại khoa,"Con gái tôi bị mèo cắn và giờ tay cháu bị đau, đỏ và sưng tấy, vết thương còn chảy dịch."
Tiêu hóa,Đau bụng sau khi uống sữa
Hô hấp,"Khi đi bộ, tôi khó thở."
Chỉnh hình,"Khi chơi bóng đá, tôi bị đau khớp."
Tai Mũi Họng,Nhiệt độ cơ thể tôi giảm xuống và toàn thân bị co giật.
Tiêu hóa,Tôi cảm thấy rất đau ở vùng bụng.
Da liễu,"Khi tôi thức dậy, tôi thấy da mình mờ ảo."
Tai Mũi Họng,"Tôi ho rất nhiều khi ngửi mùi nước hoa, phổi tôi có vấn đề gì vậy?"
Tai Mũi Họng,"Chắc chắn là tuần hoàn máu của tôi có vấn đề rồi, ngay cả những ngày nóng nhất tôi cũng phải mang tất, ngón chân tôi lạnh cóng!"
Da liễu,Tôi bị mụn ở lưng.
Da liễu,Khi tôi cố gắng chăm sóc tóc thì phát hiện ra tóc mình bị rụng nhiều.
Ngoại khoa,"Tôi bị ngã xuyên qua cửa sổ khi đang lau chùi và có một mảnh kính găm vào mắt trái, tôi nghĩ tình trạng khá nghiêm trọng, xin hãy giúp tôi!"
Đa khoa,Tôi cảm thấy choáng váng
Tai Mũi Họng,"Tôi cứ mãi không thấy ấm. Ngay cả khi mọi người xung quanh đều ấm áp, tôi vẫn luôn cảm thấy lạnh."
Nhãn khoa,Tôi nhận thấy thị lực của mình giảm sút đáng kể khi cố gắng nhìn những vật ở cự ly gần.
Ngoại khoa,"Tôi cảm thấy không khỏe, vết thương của tôi bị nhiễm trùng."
Thấp khớp,"Tôi bị đau cơ chân sau khi chạy bộ hôm qua, tôi đã uống thuốc giảm đau nhưng không hiệu quả."
Ngoại khoa,"Lần trước khi cắt móng chân, tôi đã cắt quá ngắn và giờ móng chân của tôi bị nhiễm trùng."
Chỉnh hình,Tôi bị đau lưng và không thể cúi gập người hay đi lại được.
Tim mạch,Tôi cảm thấy đau tim mỗi khi đi bộ nhiều.
Ngoại khoa,Chồng tôi có một vết trên môi mà anh ấy tưởng là mụn rộp nhưng giờ nó đã bị vỡ ra và chảy dịch cả ngày.
Ngoại khoa,Tôi bị tai nạn và vết thương vẫn còn hở khi tôi đến bệnh viện.
Nhãn khoa,Tôi đang xem tivi thì đột nhiên bị nhìn mờ.
Thấp khớp,Tôi cảm thấy đau cơ mỗi khi gắng sức quá mức.
Chỉnh hình,"Tôi rất thích làm vườn nhưng mỗi khi cúi người xuống, tôi lại bị đau nhói ở lưng dưới."
Thần kinh/Tiêu hóa,Tôi bị đau đầu mỗi khi ăn kem.
Da liễu,ngứa ở phía trước và chính giữa da đầu
Da liễu,"Mỗi lần chải tóc, tôi đều thấy rất nhiều tóc mắc trong lược."
Thấp khớp,"Tôi bắt đầu học bơi và hình như tôi đã nuốt quá nhiều nước qua mũi, vì vậy giờ tôi bị viêm xoang hành hạ."
Nhãn khoa,Tôi đang xem tivi thì đột nhiên bị nhìn mờ.
Ngoại khoa,Tôi có một vết thương hở ở cánh tay.
Chỉnh hình,Tôi bị đau lưng rất nhiều.
Đa khoa,"Tôi cảm thấy cơ thể yếu ớt sau ngày đầu tiên đến phòng tập, tại sao vậy?"
Chỉnh hình,"Khi chơi bóng đá, tôi bị đau khớp."
Ngoại khoa,Tôi bị đứt tay cách đây vài tuần và dù đã bôi kem kháng sinh nhưng vết thương vẫn không đỡ.
Chỉnh hình,Tôi có cảm giác như xương bánh chè đang cọ xát vào nhau mỗi khi đi bộ.
Chỉnh hình,Tôi cảm thấy đau đầu gối khi leo cầu thang.
Tâm thần,Tôi cảm thấy đau lòng mỗi khi nghĩ về cô ấy.
Da liễu,Trên mặt tôi có mụn.
Thấp khớp,"Tôi bị đau chân vào mùa đông, hoặc khi trời lạnh, tại sao vậy?"
Tiêu hóa,"Tôi cảm thấy áp lực rất lớn ở vùng bụng dưới bên phải, mỗi khi ra ngoài chạy bộ."
Chỉnh hình,Tôi bị đau lưng từ khi ngã xuống sàn.
Đa khoa,Tôi khó có thể đứng dậy và di chuyển rất chậm.
Thấp khớp/Chỉnh hình,Tôi bị đau cổ và không thể nhìn xuống hay nhìn lên.
Ngoại khoa,"Cháu trai tôi bị xước chân do va phải vỏ sò ở biển, giờ chân cháu đang chuyển sang màu xám và sưng tấy."
Đa khoa,Tôi cảm thấy như căn phòng đang quay cuồng.
Da liễu,Tôi bị rụng tóc rất nhiều.
Chỉnh hình,"Cảm giác khó chịu xuất hiện đột ngột, thường là sau chấn thương hoặc tập luyện."
Tâm thần,"Tôi cảm thấy tổn thương, trái tim tôi đau nhói."
Tim mạch,Tôi cảm thấy nhịp tim tăng nhanh khi bị chích.
Ngoại khoa,"Con trai tôi nặn mụn và nó vỡ ra, sau đó đóng vảy và giờ trông có vẻ bị nhiễm trùng."
Đa khoa,"Khi thức dậy vào buổi sáng, tôi cảm thấy chóng mặt."
Thấp khớp,Chân tôi bị đau từ thứ Ba tuần trước.
Tai Mũi Họng,"Tôi không thể ngừng run rẩy hay nới lỏng hàm, tôi lạnh đến mức đó."
Ngoại khoa,"Chân tôi đang nuốt nước bọt, điều này cho thấy vết thương của tôi bị nhiễm trùng."
Tai Mũi Họng,Phổi tôi cảm thấy nặng trĩu như thể chứa đầy chất nhầy.
Da liễu,Tôi bị mụn ở lưng.
Thần kinh/Tiêu hóa,Tôi bị đau nửa đầu và đã uống Panadol nhưng không có tác dụng.
Đa khoa,Tôi vốn luôn rất năng động nhưng giờ tôi không còn đủ sức lực hay năng lượng để đi bộ dù chỉ một quãng ngắn.
Tiêu hóa,"Tôi cảm thấy đau nhức ở bên trong, giữa hông và vai."
Da liễu,Tôi cảm thấy như mình vừa rơi vào vũng nước nóng vậy.
Chỉnh hình,Tôi cảm thấy đau nhức dữ dội ở khớp vai và cơn đau không thuyên giảm.
Tai Mũi Họng,Bị cảm lạnh và ho nặng
Tai Mũi Họng,Tôi bị vấn đề ở tai giữa do nhiễm trùng.
Đa khoa,"Khi đứng lên tôi cảm thấy chóng mặt, tôi không biết tại sao."
Chỉnh hình,Các khớp của tôi cảm thấy sưng tấy.
Thấp khớp/Chỉnh hình,Cổ tôi bị đau từ sau vụ tai nạn.
Chỉnh hình,Tôi bị đau nhói và nghe thấy tiếng lách cách ở khớp mắt cá chân mỗi khi cố gắng đứng lên và đi lại.
Ngoại khoa,"Tôi cảm thấy không khỏe, vết thương của tôi bị nhiễm trùng."
Thấp khớp,Tôi bị chấn thương nên không thể chơi thể thao.
Chỉnh hình,Tôi bị đau đầu gối khi đang bơi.
Da liễu,Tôi nhận thấy một số vấn đề về da và đã thử dùng kem nhưng tình trạng không được cải thiện.
Thấp khớp,"Sau một ngày làm việc vất vả, tôi bị đau chân."
Tai Mũi Họng,Tôi cảm thấy như mình khó thở nếu không tống hết những thứ trong phổi ra ngoài.
Đa khoa,"Mỗi lần cố gắng làm việc gì, tôi đều cảm thấy chóng mặt."
Tiêu hóa,Tôi cảm thấy đau nhức bên trong cơ thể.
Thần kinh/Tiêu hóa,Đầu tôi đau quá.
Da liễu,"Mỗi khi trời mưa, tôi lại bị nổi mẩn ngứa ở bụng và hai bên sườn."
Thấp khớp,Chân tôi bị đau từ thứ Ba tuần trước.
Thần kinh/Tiêu hóa,Tôi bị đau nửa đầu và đã uống Panadol nhưng không có tác dụng.
Thần kinh/Tiêu hóa,Tôi bị đau đầu gần như mỗi ngày.
Thấp khớp,"Hồi còn nhỏ, tôi từng bị chấn thương đầu gối do chơi thể thao."
Đa khoa,Tôi cảm thấy chóng mặt sau khi bị tiêu chảy nặng.
Tim mạch,"Ôi tim tôi đau nhói, tôi đã cố gắng bình tĩnh nhưng không thể."
Chỉnh hình,"Cảm giác khó chịu xuất hiện đột ngột, thường là sau chấn thương hoặc tập luyện."
Thấp khớp,Tôi bị đau tay khi duỗi người.
Da liễu,Tôi từng bị mụn trứng cá khi 15 tuổi.
Tiêu hóa,Tôi có một nỗi đau nội tâm không thể diễn tả được.
Thấp khớp,Tôi thích đi bộ và hoạt động ngoài trời nhưng lòng bàn chân của tôi rất nhanh bị đau.
Thấp khớp,"Nếu tôi giẫm phải kim thì chắc cũng không đau đến thế, như cái gai chết tiệt ở gót chân này."
Thấp khớp,"Khi chơi bóng đá, tôi bị trật khớp vai."
Đa khoa,"Khi đứng dậy quá nhanh, tôi bắt đầu cảm thấy chóng mặt và choáng váng."
Chỉnh hình,Tôi cảm thấy đau khớp mỗi khi cử động.
Ngoại khoa,"Con trai tôi nặn mụn và nó vỡ ra, sau đó đóng vảy và giờ trông có vẻ bị nhiễm trùng."
Tiêu hóa,Tôi bị đau nội tạng.
Thấp khớp,"Trong cuộc phẫu thuật ở mắt cá chân, các dây thần kinh của tôi bị tổn thương nghiêm trọng đến mức tôi không thể chịu được khi ai đó chạm vào vết sẹo."
Tim mạch,Tôi khó thở vì cơn đau âm ỉ dưới vai trái.
Thấp khớp/Chỉnh hình,"Cứng đờ, không thể nhìn sang phải hoặc trái trừ khi di chuyển toàn bộ cơ thể."
Tim mạch,Đau dữ dội ở phía trên bên trái ngực và có thể lan ra lưng.
Thấp khớp,Hôm qua tôi tập thể dục rất nhiều nên giờ tôi bị đau nhức cơ bắp dữ dội.
Da liễu,Trên da tôi có một vết đỏ.
Da liễu,"Khi tôi gội đầu, tóc tôi rụng rất nhiều."
Thấp khớp,Tôi bị đau nhói ở bắp tay. Tôi đã thử bôi kem giảm đau nhưng không hiệu quả.
Da liễu,Tôi bị phát ban lạ trên cánh tay.
Tim mạch,Tôi thường xuyên bị đau nhói ở ngực và không biết mình đang làm gì mà lại gây ra triệu chứng đó.
Ngoại khoa,Vết thương bị nhiễm trùng của tôi gây ra sốt.
Thấp khớp/Tiêu hóa,Tôi cảm thấy như có ai đó đâm dao vào vai mình.
Chỉnh hình,"Mỗi khi mang vác đồ nặng, tôi cảm thấy như lưng mình sắp gãy."
Chỉnh hình,Đầu gối tôi bị sưng ngay dưới xương bánh chè và đau khi tôi tì trọng lượng lên đó.
Ngoại khoa,Vết thương hở ở tay tôi bị nhiễm trùng.
Thấp khớp/Tiêu hóa,Tại sao vai tôi lại đau khi tôi cố gắng nhặt quần áo giặt?
Thấp khớp,Tôi không thể nhảy bằng chân trái vì chấn thương gãy ba xương ở mắt cá chân khiến tôi đau nhức không dứt.
Thần kinh/Tiêu hóa,Tôi bị đau đầu mỗi khi ăn kem.
Tai Mũi Họng,Tôi không thể cảm thấy ấm áp dù có mặc nhiều lớp áo hay bật máy sưởi ở mức cao nhất.
Tâm thần,"Tâm trí tôi cảm thấy rất buồn, như thể đang đau đớn. Cảm giác trong đầu tôi thật tồi tệ và mỗi khi nghĩ về chuyện chia tay, tôi lại khóc vì buồn bã."
Hô hấp,Buổi sáng tôi thở rất to.
Thấp khớp/Tiêu hóa,Vai tôi bị đau mỗi khi cố với lấy thứ gì đó ở trên cao.
Ngoại khoa,Vết thương của tôi không lành tốt và tình trạng này đã kéo dài hai tuần rồi.
Thần kinh/Tiêu hóa,Tôi bị đau đầu ở phía sau và cơn đau kéo dài cả ngày.
Tai Mũi Họng,Tai tôi bị ù.
Da liễu,Mụn có phải là bệnh ngoài da không?
Chỉnh hình,Đầu gối tôi cảm thấy yếu và hôm trước nó bị khuỵt xuống ở đầu cầu thang. May mắn là có lan can để vịn vào.
Hô hấp,Tôi gần như không thở được
Đa khoa,Tôi thấy đầu óc quay cuồng mỗi khi thức dậy.
Tiêu hóa,đau quặn bụng khắp vùng bụng
Thấp khớp/Tiêu hóa,Tôi bị đau khi giơ tay lên.
Tiêu hóa,Tôi đã phân tích rất nhiều để tìm ra nguyên nhân chính gây ra chứng đau bụng của mình.
Đa khoa,"Tôi cảm thấy cơ thể yếu ớt sau ngày đầu tiên đến phòng tập, tại sao vậy?"
Ngoại khoa,Vết thương của tôi có vẻ không lành tốt.
Thấp khớp,Tôi bị va đập vào chân và nó đau lắm.
Đa khoa,Tôi cảm thấy chóng mặt mỗi khi đứng dậy.
Tim mạch,"Ôi tim tôi đau nhói, tôi đã cố gắng bình tĩnh nhưng không thể."
Thấp khớp,Cơ bắp tay của tôi bắt đầu đau nhức sau khi tôi đến phòng tập thể dục.
Nhãn khoa,"Tôi bị nhìn mờ từ sáng nay, không biết nguyên nhân là gì?"
Hô hấp,Tôi gặp khó khăn khi thở ở những nơi đông người.
Chỉnh hình,Bệnh xương mãn tính ở mức độ gấp đôi của Estremidades dưới
Thấp khớp,"Hôm qua tôi chơi bóng rổ, và bị bong gân mắt cá chân."
Đa khoa,Tôi bị chóng mặt mỗi khi cố gắng đứng dậy.
Thấp khớp,Tôi bị đau chân.
Chỉnh hình,Tôi cảm thấy đau nhói ở khớp mắt cá chân khi đứng.
Tai Mũi Họng,Tôi cảm thấy lạnh
Nhãn khoa,"Tôi bị nhìn mờ từ sáng nay, không biết nguyên nhân là gì?"
Chỉnh hình,Đầu gối tôi bị vướng và đau khi mới đứng dậy sau khi ngồi.
Đa khoa,Đôi khi tôi cảm thấy cơ thể yếu ớt mà không rõ lý do.
Tim mạch,"Mỗi khi buồn, tim tôi lại đau nhói, tại sao vậy?"
Tiêu hóa,Tôi bị đau bụng dữ dội.
Thần kinh/Tiêu hóa,Tôi bị đau đầu gần như mỗi ngày.
Tai Mũi Họng,Bị cảm lạnh và ho nặng
Da liễu,"Tôi bị nổi những mảng mụn lớn, ngứa rát trên lưng và rất đau."
Tâm thần,Tôi cảm thấy buồn
Ngoại khoa,"Chân tôi đang nuốt nước bọt, điều này cho thấy vết thương của tôi bị nhiễm trùng."
Da liễu,Có cách nào chữa khỏi mụn trứng cá không?
Chỉnh hình,Tôi gặp khó khăn khi cử động đầu gối.
Tai Mũi Họng,Tôi cảm thấy lạnh khi màn đêm buông xuống.
Hô hấp,Ngực tôi đau khi hít thở.
Ngoại khoa,"Con trai tôi vừa trải qua điều trị tủy răng và nha sĩ vô tình cắt vào bên trong má của cháu, giờ vết thương không lành được."
Thần kinh/Tiêu hóa,Tôi bị đau nửa đầu và đã uống Panadol nhưng không có tác dụng.
Thấp khớp,Tôi bị đau nhói ở bắp tay. Tôi đã thử bôi kem giảm đau nhưng không hiệu quả.
Đa khoa,Tôi vốn luôn rất năng động nhưng giờ tôi không còn đủ sức lực hay năng lượng để đi bộ dù chỉ một quãng ngắn.
Chỉnh hình,"Tôi không thể đi được, đầu gối tôi đau quá."
Thấp khớp/Tiêu hóa,Tôi cảm thấy đau dữ dội ở vai trái.
Da liễu,Tóc tôi luôn bị rụng và dạo này tôi bị rụng rất nhiều tóc.
Tai Mũi Họng,Tôi bị vấn đề ở tai giữa do nhiễm trùng.
Chỉnh hình,Đường nóng rát dọc theo lưng kèm theo khó thở.
Hô hấp,"Có những lúc tôi cảm thấy như bị đè bẹp dưới một sức nặng khổng lồ và không khí không thể vào phổi, điều đó thực sự khiến tôi sợ chết khiếp mỗi khi chuyện đó xảy ra."
Tai Mũi Họng,Tôi bị ho khan nặng
Chỉnh hình,Tôi bị đau nhức như kim châm ở các khớp.
Da liễu,Tôi cảm thấy như mình vừa rơi vào vũng nước nóng vậy.
Đa khoa,"Mỗi lần cố gắng làm việc gì, tôi đều cảm thấy chóng mặt."
Da liễu,Tôi nhận thấy một số vấn đề về da và đã thử dùng kem nhưng tình trạng không được cải thiện.
Tai Mũi Họng,Tôi cảm thấy toàn thân như đang ở trong tủ lạnh.
Tiêu hóa,Tôi luôn có cảm giác như bị đau bụng kinh ngay cả khi không đến kỳ kinh nguyệt.
Hô hấp,Tôi gặp khó khăn khi thở ở những nơi đông người.
Tiêu hóa,Tôi cảm thấy đau bụng dữ dội.
Thần kinh/Tiêu hóa,Tôi cảm thấy đau nhói ở đầu mỗi khi suy nghĩ quá nhiều.
Thấp khớp,Tôi bị đau chân dù không đi bộ nhiều.
Da liễu,Bệnh mãn tính của nang tóc và tuyến bã nhờn.
Hô hấp,Tôi không gặp vấn đề gì khi hít vào nhưng thở ra thì rất nặng nhọc.
Thấp khớp,Tôi không thể đi lại được vì chân tôi đau quá.
Tiêu hóa,Tôi bị đau bụng mỗi khi bị cảm lạnh.
Chỉnh hình,Tôi bị đau đầu gối khi đi bộ.
Chỉnh hình,Đầu gối tôi đau quá.
Nhãn khoa,Tôi không thể lái xe vào ban đêm vì mắt tôi bị mờ.
Thấp khớp/Tiêu hóa,Tôi cảm thấy đau vai khi gõ bàn phím.
Tai Mũi Họng,Tôi không thể ngừng ho
Tai Mũi Họng,Lần trước đi máy bay tôi bị cảm lạnh và đến giờ vẫn còn cảm giác khó chịu ở tai.
Da liễu,Tóc của anh ấy rụng chỉ vì chải tóc thôi.
Đa khoa,"Khi đứng dậy quá nhanh, tôi bắt đầu cảm thấy chóng mặt và choáng váng."
Đa khoa,Tôi cảm thấy chóng mặt mỗi khi đứng dậy.
Tai Mũi Họng,Tôi không thể ngừng ho.
Tiêu hóa,Tôi cảm thấy buồn nôn.
Đa khoa,"Khi tôi thức dậy, tôi cảm thấy chóng mặt và ngã xuống."
Tiêu hóa,Tôi cảm thấy đau nhức toàn thân.
Da liễu,Mụn trứng cá khiến tôi cảm thấy xấu hổ.
Tai Mũi Họng,"Tôi luôn cảm thấy lạnh, ngay cả khi mặc nhiều lớp áo."
Thần kinh/Tiêu hóa,Tôi bị đau đầu kèm theo chóng mặt.
Da liễu,"Khi tôi gội đầu, tóc tôi rụng rất nhiều."
Ngoại khoa,Vết thương bị nhiễm trùng của tôi gây ra sốt.
Thần kinh/Tiêu hóa,Tôi bị đau đầu khi làm việc này.
Thấp khớp/Tiêu hóa,"Tôi cảm thấy như có một cục u sưng tấy ở xương bả vai, kèm theo cơn đau nhói từ đó."
Thấp khớp,Tôi thích đi bộ và hoạt động ngoài trời nhưng lòng bàn chân của tôi rất nhanh bị đau.
Tai Mũi Họng,Tai tôi bị đau khi nghe nhạc.
Thấp khớp,Tôi bị chấn thương nên không thể chơi thể thao.
Thấp khớp,Tôi bị đau chân dù không đi bộ nhiều.
Thấp khớp/Tiêu hóa,Tôi cảm thấy đau vai từng đợt.
Đa khoa,"Tôi nhanh mệt quá, sáng sớm hầu như không mặc nổi quần áo."
Tiêu hóa,Tôi cảm thấy đau nhức toàn thân.
Tai Mũi Họng,"Tôi cứ mãi không thấy ấm. Ngay cả khi mọi người xung quanh đều ấm áp, tôi vẫn luôn cảm thấy lạnh."
Tiêu hóa,Khi ăn tôi cảm thấy đau bụng.
Hô hấp,"Năm ngoái, bà tôi phải nhập viện vì khó thở."
Nhãn khoa,"Tôi không nhìn thấy biển báo, tầm nhìn của tôi bị mờ."
Thấp khớp,Tôi bị đau nhức cơ vai mỗi khi cử động tay.
Chỉnh hình,Tôi có cảm giác như toàn thân mình đang kêu ca.
Tai Mũi Họng,Tôi nghĩ nhiệt độ cơ thể của tôi rất thấp.
Thấp khớp,Tôi bị đau cơ thang.
Chỉnh hình,Lưng trên của tôi bị đau suốt một tuần nay.
Chỉnh hình,Đầu gối tôi thường đau nhức vào những ngày trời lạnh và mưa.
Chỉnh hình,Đầu gối tôi cảm thấy yếu và hôm trước nó bị khuỵt xuống ở đầu cầu thang. May mắn là có lan can để vịn vào.
Tiêu hóa,Các triệu chứng của viêm ruột thừa là gì?
Tai Mũi Họng,Tôi bị ngứa tai.
Thấp khớp/Chỉnh hình,Tôi cảm thấy tê rần ở cổ.
Tai Mũi Họng,Tôi nghĩ có dịch trong tai tôi.
Thấp khớp/Chỉnh hình,Tôi không thể xoay cổ sang trái mà không cảm thấy đau nhói.
Da liễu,"Mặt tôi nổi những nốt mụn đỏ và cục u đau rát, dù tôi có rửa mặt bao nhiêu lần cũng không hết."
Thấp khớp,"Khi chơi thể thao, tôi bị đau dưới da."
Chỉnh hình,"Mỗi khi leo cầu thang, đầu gối phải của tôi đều bị đau."
Nhãn khoa,"Khi lái xe, mắt tôi nhìn thấy hình ảnh kép."
Chỉnh hình,Tôi bị đau nhói dọc sống lưng.
Đa khoa,Tôi có cảm giác toàn thân không còn chút sức lực nào.
Chỉnh hình,Làm sao để biết bạn có bị rách sụn chêm ở đầu gối hay không?
Thần kinh/Tiêu hóa,Tôi cảm thấy như có ai đó đang dùng búa đập vào đầu mình. Tôi thấy đau nhức ở đỉnh đầu và nó cứ giật giật.
Tim mạch,Tôi bị đau ngực và cảm thấy rất buồn.
Hô hấp,Buổi sáng tôi thở rất to.
Ngoại khoa,"Tôi có một vết thương hở, đỏ và sưng lên."
Hô hấp,Tôi cảm thấy khó thở - liệu tôi có bị đau tim không?
Tai Mũi Họng,"Dù nhiệt độ trong nhà có cao, người tôi vẫn luôn cảm thấy lạnh."
Thấp khớp/Tiêu hóa,Vai tôi bị đau mỗi khi cố với lấy thứ gì đó ở trên cao.
Chỉnh hình,Tôi bị đau nhói dọc sống lưng.
Thần kinh/Tiêu hóa,Tôi bị đau đầu mỗi khi cố gắng làm bất cứ việc gì.
Thấp khớp,Cảm giác đau như thể ở ngay dưới da.
Chỉnh hình,Tôi bị đau đầu gối khi đi bộ.
Tim mạch,Tôi cảm thấy đau nhói từ ngực lan lên đến cánh tay trái.
Da liễu,Tôi bị nổi mụn đầu trắng và mụn đầu đen thành từng cụm trên lưng.
Tiêu hóa,"Cảm giác khó chịu hoặc đau nhức ở một điểm nào đó dọc theo phía trước cơ thể, giữa cổ và vùng bụng trên."
Thấp khớp,Tôi đã thử xoa bóp chân nhưng chúng vẫn đau.
Thấp khớp,Tôi bị đau chân dù không đi bộ nhiều.
Thấp khớp/Tiêu hóa,Tôi có cảm giác như mình vừa đến một phòng khám châm cứu và bị cắm 100 cây kim vào vai.
Tiêu hóa,Khi ăn tôi cảm thấy đau bụng.
Tai Mũi Họng,Lần trước đi máy bay tôi bị cảm lạnh và đến giờ vẫn còn cảm giác khó chịu ở tai.
Thấp khớp/Tiêu hóa,Tôi cảm thấy đau vai từng đợt.
Da liễu,"Tóc tôi rụng không rõ lý do, tôi thấy rất nhiều tóc trên bàn làm việc."
Đa khoa,"Tôi không thể tập thể dục được, tôi cảm thấy yếu."
Thấp khớp/Tiêu hóa,Tôi bị nhức nhối ở vai.
Tai Mũi Họng,Nghe thấy bất kỳ tiếng động lớn nào cũng khiến tai tôi đau nhức.
Chỉnh hình,Tôi bị đau nhói và nghe thấy tiếng lách cách ở khớp mắt cá chân mỗi khi cố gắng đứng lên và đi lại.
Chỉnh hình,Tôi bị đau đầu gối khi đang bơi.
Đa khoa,"Tôi không thể làm gì cả, toàn thân tôi đều yếu ớt."
Thấp khớp/Chỉnh hình,"Mỗi lần nhìn sang trái, tôi đều cảm thấy đau nhói ở cổ."
Da liễu,Trên mặt tôi có vài nốt mụn khiến tôi rất khó chịu.
Thấp khớp,"Khi thức dậy vào buổi sáng, tôi cảm thấy toàn thân đau nhức."
Tiêu hóa,Tôi bị đau bụng.
Tai Mũi Họng,"Ban đầu chỉ là chứng ù tai, nhưng giờ cơn đau nhức nhối và không thể chịu đựng được."
Ngoại khoa,Vết thương của tôi lại bị hở ra.
Thấp khớp,Trước đây tôi rất tích cực tham gia thể thao nhưng giờ cơ thể tôi đang bị đau nhức.
Chỉnh hình,Tôi cảm thấy đau lưng.
Ngoại khoa,"Con trai tôi vô tình dùng dao cạo cũ cứa vào cổ và chỗ đó bị sưng tấy, trông có vẻ bị nhiễm trùng."
Thấp khớp,Tôi cảm thấy đau dữ dội ở đầu gối sau khi bị va chạm trong trận bóng đá.
Chỉnh hình,"Tôi bị đau âm ỉ ở vùng lưng dưới, khiến việc di chuyển trở nên khó khăn."
Thấp khớp,Tôi bị đau nhói ở bắp tay.
Ngoại khoa,"Con trai tôi xăm hình cách đây vài tuần và vùng da xung quanh hình xăm bị sưng tấy, nóng rát và có vẻ như bị nhiễm trùng."
Thấp khớp/Chỉnh hình,Tôi bị sưng ở cổ và rất đau.
Đa khoa,"Mỗi khi đứng dậy quá nhanh, tôi đều cảm thấy như mình sắp ngất xỉu."
Tai Mũi Họng,Khi đi ngủ tôi cảm thấy lạnh.
Ngoại khoa,"Tôi nghĩ vết thương của tôi có vấn đề, nó dường như không lành lại như bình thường."
Tai Mũi Họng,"Tôi lo lắng vì khả năng chịu lạnh của mình kém, tôi luôn run rẩy, ngay cả khi ở ngoài trời nắng."
Thấp khớp,Tôi ngừng chơi thể thao vì bị chấn thương khi chơi thể thao.
Thấp khớp/Tiêu hóa,Vai tôi bị đau mỗi khi cố với lấy thứ gì đó ở trên cao.
Hô hấp,Tim tôi đập nhanh và tôi khó thở.
Đa khoa,Tôi đột nhiên cảm thấy chóng mặt khi đứng dậy.
Chỉnh hình,"Tôi bị đau lưng, không thể duỗi thẳng được."
Ngoại khoa,Vết thương của tôi không lành tốt và tình trạng này đã kéo dài hai tuần rồi.
Da liễu,Tôi có những đốm đen trên da.
Thần kinh/Tiêu hóa,Tôi bị đau đầu ở phía sau và cơn đau kéo dài cả ngày.
Tai Mũi Họng,Tôi bị đau tai và ù tai.
Tiêu hóa,Tôi bị đau nhói ở vùng bụng dưới.
Ngoại khoa,Vết thương của tôi có vẻ không lành tốt.
Nhãn khoa,"Tôi gặp vấn đề trong việc nhìn thấy các vật thể, nó quá khó nhìn."
Tim mạch,Cảm giác nghẹn ngào trong tim khiến tôi khó thở.
Tim mạch,Đau dữ dội ở phía trên bên trái ngực và có thể lan ra lưng.
Chỉnh hình,Tôi cảm thấy đau khớp mỗi khi cử động.
Da liễu,"Mỗi lần chải tóc, tôi đều thấy rất nhiều tóc mắc trong lược."
Tim mạch,Tôi cảm thấy tim mình đau nhói khi chạy một quãng đường dài.
Chỉnh hình,"Tôi rất thích làm vườn nhưng mỗi khi cúi người xuống, tôi lại bị đau nhói ở lưng dưới."
Chỉnh hình,Tôi bị đau nhức ở các khớp.
Thấp khớp/Tiêu hóa,Tôi cảm thấy rất đau ở vai mỗi khi cố gắng nâng vật nặng.
Thấp khớp/Tiêu hóa,"Mỗi khi tôi cử động vai, cảm giác như có luồng điện chạy qua vai vậy."
Chỉnh hình,"Tôi không thể cử động chân, khớp bị đau."
Tai Mũi Họng,Tôi cảm thấy tức ngực.
Tai Mũi Họng,Thỉnh thoảng tôi ho vì tôi hút thuốc.
Da liễu,Ống thoát nước trong phòng tắm của tôi lúc nào cũng đầy tóc.
Da liễu,Da tôi bị ngứa.
Ngoại khoa,"Con trai tôi vừa xỏ khuyên môi và giờ môi bị sưng, phần da bên trong môi có màu xám và trông như bị nhiễm trùng."
Đa khoa,"Tôi không khỏe, tôi cảm thấy chóng mặt."
Da liễu,Tôi cảm thấy chán nản khi thấy tóc mình rụng.
Thần kinh/Tiêu hóa,"Tôi bị đau đầu dữ dội vài tháng một lần, và mỗi khi bị đau đầu thì thị lực của tôi lại bị ảnh hưởng."
Chỉnh hình,Tôi cảm thấy cứng khớp ở khuỷu tay và vai.
Chỉnh hình,Tôi bị đau khớp.
Thấp khớp/Tiêu hóa,Tôi có cảm giác như mình vừa đến một phòng khám châm cứu và bị cắm 100 cây kim vào vai.
Da liễu,Tôi bị thiếu tóc
Da liễu,Tôi bị mụn khắp mặt.
Hô hấp,"Năm ngoái, bà tôi phải nhập viện vì khó thở."
Tai Mũi Họng,Bị cảm lạnh và ho nặng
Ngoại khoa,"Chân tôi đang nuốt nước bọt, điều này cho thấy vết thương của tôi bị nhiễm trùng."
Nhãn khoa,Mọi thứ trông như thể đang ở trong một khu vực đầy khói.
Đa khoa,Tôi cảm thấy như thế giới cứ xoay vòng vòng.
Chỉnh hình,Tôi rất đau lưng mỗi khi cúi người.
Tâm thần,"Tôi cảm thấy buồn, như thể bị tổn thương hoặc đau đớn."
Tiêu hóa,Tôi luôn có cảm giác như bị đau bụng kinh ngay cả khi không đến kỳ kinh nguyệt.
Chỉnh hình,Tôi cảm thấy đau nhức dữ dội ở khớp vai và cơn đau không thuyên giảm.
Thần kinh/Tiêu hóa,Cơn đau đầu tồi tệ nhất là khi tôi bị say rượu hồi hai mươi tuổi: Tôi thực sự nghĩ mình sắp chết vì viêm não.
Thấp khớp/Tiêu hóa,Tôi cảm thấy rất khó chịu ở hai bên cổ.
Tiêu hóa,Tôi cảm thấy đau nhức bên trong cơ thể.
Hô hấp,Tôi cảm thấy như có thứ gì đó đang bóp nghẹt phổi mình.
Hô hấp,Ngực tôi đau khi hít thở.
Thấp khớp,Tôi ngã xuống đất khi cố gắng ném bóng rổ.
Chỉnh hình,Tôi bị đau khớp ở các ngón tay vào buổi sáng.
Tâm thần,Tôi cảm thấy buồn
Tai Mũi Họng,"Con tôi bị ho cả đêm, không ngủ được."
Tai Mũi Họng,Tôi cảm thấy lúc nào cũng có thứ gì đó vướng trong cổ họng.
Thấp khớp,"Có lẽ tôi đã tập tạ quá sức, vì tôi sợ mình đã bị rách cơ lưng."
Tâm thần,Tôi cảm thấy suy sụp tinh thần.
Da liễu,"Tôi bị nổi những mảng mụn lớn, ngứa rát trên lưng và rất đau."
Đa khoa,Đôi khi tôi cảm thấy cơ thể yếu ớt mà không rõ lý do.
Thấp khớp/Chỉnh hình,Cổ tôi bị đau từ sau vụ tai nạn.
Thấp khớp,"Tôi nghĩ mình bị bong gân mắt cá chân rồi, đau quá."
Chỉnh hình,Tôi bị đau đầu gối khi đi lại.
Tai Mũi Họng,Tôi bị ớn lạnh và đau nhức khắp người.
Da liễu,Da tôi rất khô và bong tróc.
Hô hấp,Buổi sáng tôi thở rất to.
Thấp khớp,Trước đây tôi rất tích cực tham gia thể thao nhưng giờ cơ thể tôi đang bị đau nhức.
Da liễu,Tóc tôi rụng từng mảng lớn.
Thần kinh/Tiêu hóa,Tôi cảm thấy như có ai đó đang dùng búa đập vào đầu mình. Tôi thấy đau nhức ở đỉnh đầu và nó cứ giật giật.
Tai Mũi Họng,Tôi nghĩ có dịch trong tai tôi.
Đa khoa,"Khi thức dậy vào buổi sáng, tôi cảm thấy cơ thể rất yếu."
Tai Mũi Họng,Từ khi vào rừng tôi bị đau tai.
Tai Mũi Họng,Tôi bị ngứa tai.
Nhãn khoa,"Khi lái xe, mắt tôi nhìn thấy hình ảnh kép."
Chỉnh hình,"Khi chơi thể thao, tôi cảm thấy nóng rát ở cột sống."
Chỉnh hình,"Tôi gặp khó khăn khi chịu trọng lượng lên đầu gối, khi đứng thẳng tôi cảm thấy và nghe thấy một tiếng kêu lách tách lớn."
Ngoại khoa,Vết thương của tôi bị nhiễm trùng hay chỉ đang lành lại?
Thần kinh/Tiêu hóa,Tôi bị đau đầu ở phía sau và cơn đau kéo dài cả ngày.
Chỉnh hình,Tôi bị đau nhói dọc sống lưng.
Tai Mũi Họng,Tôi đã khỏi cảm lạnh được vài tuần rồi nhưng vẫn ho mỗi ngày.
Thấp khớp/Tiêu hóa,Vai tôi bị đau mỗi khi cố với lấy thứ gì đó ở trên cao.
Thấp khớp/Chỉnh hình,Tôi không thể xoay cổ sang trái mà không cảm thấy đau nhói.
Chỉnh hình,"Mỗi khi lên xuống cầu thang, đầu gối tôi lại phát ra tiếng kêu ken két."
Tim mạch,Tôi bị đau ngực và cảm thấy rất buồn.
Tâm thần,Tôi luôn cảm thấy rất buồn.
Thấp khớp,Tôi bị đau tay khi duỗi người.
Tim mạch,Tôi cảm thấy đau nhói trong tim mỗi khi thức dậy.
Thấp khớp/Tiêu hóa,Tôi không thể cử động tay một cách bình thường.
Thấp khớp/Tiêu hóa,Tôi bị nhức nhối ở vai.
Chỉnh hình,"Tôi không thể đứng lên hay ngồi xuống được, tôi bị đau lưng rất khó chịu."
Tai Mũi Họng,"Tôi vừa đi máy bay cách đây vài ngày và lần này, trong lúc hạ cánh, tai tôi vẫn bị ù và đau."
Thấp khớp/Tiêu hóa,"Mỗi khi tôi cử động vai, cơn đau lại lan xuống cánh tay."
Chỉnh hình,Tôi bị đau đầu gối mỗi khi đi bộ nhiều.
Hô hấp,Tôi cảm thấy có gì đó làm tôi khó thở và tôi không thể thở được.
Tâm thần,Tôi cảm thấy đau lòng mỗi khi nghĩ về cô ấy.
Hô hấp,Tôi bị nghẹt mũi suốt ngày và có chất dịch nhầy dính trong cổ họng khiến tôi không thể ngủ được. Tôi thường phải ngủ trưa trong tư thế ngồi.
Thấp khớp/Tiêu hóa,Hôm qua tôi bị đau vai.
Tai Mũi Họng,"Khi thức dậy, tôi cảm thấy lạnh."
Tâm thần,Tôi cảm thấy vô cùng đau khổ về mặt tinh thần sau khi chia tay bạn gái.
Tiêu hóa,"Khi thức dậy, tôi thấy mình bị đau bụng và đã thử uống thuốc nhưng bụng vẫn đau."
Thấp khớp/Chỉnh hình,Tôi cảm thấy đau cổ sau khi thức dậy.
Tai Mũi Họng,"Tôi ho rất nhiều khi ngửi mùi nước hoa, phổi tôi có vấn đề gì vậy?"
Tiêu hóa,"Tôi cảm thấy đau đớn bên trong, tôi không biết đó là gì."
Thần kinh/Tiêu hóa,Tôi bị đau đầu mỗi khi cố gắng làm bất cứ việc gì.
Thấp khớp/Chỉnh hình,Tôi cảm thấy đau ở cổ.
Thấp khớp,Tôi bị va chạm khi đang chơi bóng đá. Đầu gối của tôi bị trẹo và giờ không còn vững nữa.
Tai Mũi Họng,"Tai trái của tôi không sao, nhưng tai phải thì có cảm giác như bị đâm bằng đinh."
Tim mạch,Tôi cảm thấy đau tim mỗi khi đi bộ nhiều.
Thấp khớp,Cảm giác đau như thể ở ngay dưới da.
Đa khoa,Tôi không còn đủ sức lực để làm những việc mà trước đây tôi vẫn làm.
Tiêu hóa,Tôi thường bị đau bụng sau khi ăn. Tôi vẫn chưa xác định được loại thực phẩm nào là nguyên nhân gây ra tình trạng này.
Thấp khớp,"Tôi bị đau cơ chân sau khi chạy bộ hôm qua, tôi đã uống thuốc giảm đau nhưng không hiệu quả."
Ngoại khoa,"Tôi cảm thấy không khỏe, vết thương của tôi bị nhiễm trùng."
Tiêu hóa,Tôi cảm thấy buồn nôn.
Tiêu hóa,Bên trái của tôi đau nhức nhiều.
Tai Mũi Họng,Nghe thấy bất kỳ tiếng động lớn nào cũng khiến tai tôi đau nhức.
Ngoại khoa,Người ta phát hiện anh ta có một vết thương hở.
Da liễu,"Khi tôi thức dậy, tôi thấy da mình mờ ảo."
Thấp khớp,Tôi đang chơi bóng đá và bị trẹo mắt cá chân.
Chỉnh hình,Tôi có cảm giác như toàn thân mình đang kêu ca.
Chỉnh hình,Tôi nghĩ mình đã làm quá sức khi khiêng đống gỗ đó từ ngoài sân về. Lưng dưới của tôi đau nhức kinh khủng.
Nhãn khoa,Tôi bị mờ mắt sau khi bị va đập vào đầu hôm qua.
Nhãn khoa,"Tôi đang gặp vấn đề về thị lực, cảm giác như có một đám mây che mắt, mọi thứ đều mờ."
Tai Mũi Họng,Lần trước đi máy bay tôi bị cảm lạnh và đến giờ vẫn còn cảm giác khó chịu ở tai.
Da liễu,đỏ mặt kèm theo ngứa
Tai Mũi Họng,"Ban đầu chỉ là chứng ù tai, nhưng giờ cơn đau nhức nhối và không thể chịu đựng được."
Tai Mũi Họng,"Tôi bị ho gà kèm theo nhiều đờm, cần thuốc long đờm."
Đa khoa,"Khi tôi đứng dậy, tôi có cảm giác như mình sắp ngã ngay lập tức."
Thấp khớp/Chỉnh hình,Tôi cảm thấy đau cổ sau khi thức dậy.
Thấp khớp,"Sau khi chơi bóng đá, tôi bị đau cơ ở cả hai chân."
Tai Mũi Họng,Phổi tôi cảm thấy nặng trĩu như thể chứa đầy chất nhầy.
Chỉnh hình,Lưng tôi đau quá.
Thấp khớp/Chỉnh hình,Tôi thức dậy mỗi sáng với chứng cứng cổ. Mát-xa giúp giảm đau nhưng vài ngày sau lại bị lại.
Thần kinh/Tiêu hóa,Tôi bị đau đầu gần như mỗi ngày.
Da liễu,Tôi nhận thấy có nhiều tóc rụng hơn bình thường khi chải tóc.
Da liễu,Tóc tôi luôn bị rụng và dạo này tôi bị rụng rất nhiều tóc.
Tâm thần,"Tôi cảm thấy buồn, như thể bị tổn thương hoặc đau đớn."
Thấp khớp/Tiêu hóa,Vai tôi bị đau khi cố gắng nâng vật nặng năm pound.
Đa khoa,Tôi cảm thấy cơ bắp mệt mỏi.
Thấp khớp,Tôi ngã xuống đất khi cố gắng ném bóng rổ.
Tai Mũi Họng,Tôi cảm thấy như mình khó thở nếu không tống hết những thứ trong phổi ra ngoài.
Thấp khớp,Chân tôi đau quá.
Hô hấp,"Có những lúc tôi cảm thấy như bị đè bẹp dưới một sức nặng khổng lồ và không khí không thể vào phổi, điều đó thực sự khiến tôi sợ chết khiếp mỗi khi chuyện đó xảy ra."
Đa khoa,Đôi khi tôi cảm thấy cơ thể yếu ớt mà không rõ lý do.
Da liễu,Hồi trung học tôi bị mụn rất nhiều.
Tiêu hóa,Tôi cảm thấy đau bụng.
Tai Mũi Họng,Tôi cảm thấy lạnh khi màn đêm buông xuống.
Tiêu hóa,đau quặn bụng khắp vùng bụng
Đa khoa,"Tôi cảm thấy cơ thể yếu ớt dù ăn rất nhiều, tại sao vậy?"
Nhãn khoa,Mọi thứ trông như thể đang ở trong một khu vực đầy khói.
Thấp khớp,"Có lẽ tôi đã tập tạ quá sức, vì tôi sợ mình đã bị rách cơ lưng."
Chỉnh hình,Tôi cảm thấy đau ở đầu gối khi đi bộ.
Tai Mũi Họng,Bị cảm lạnh và ho nặng
Tiêu hóa,Hôm qua ăn đồ ăn cay Ấn Độ thì tôi bị đau bụng và đầy hơi.
Tai Mũi Họng,Cảm giác ho càng tăng lên khi mùa đông đến.
Thấp khớp,"Sau một ngày làm việc vất vả, tôi bị đau chân."
Thấp khớp,Tôi bị đau chân sau khi chạy 500m với giày chạy bộ.
Thấp khớp/Tiêu hóa,Tôi cảm thấy rất khó chịu ở hai bên cổ.
Tâm thần,Tôi cảm thấy suy sụp tinh thần.
Đa khoa,"Khi đứng lên tôi cảm thấy chóng mặt, tôi không biết tại sao."
Tiêu hóa,"Tôi cảm thấy đau nhức ở bên trong, giữa hông và vai."
Tai Mũi Họng,Tôi bị đau tai mỗi khi chạm vào.
Ngoại khoa,"Bạn sẽ không tin đâu, nhưng vết thương nhiễm trùng trên tay tôi là do một vết cắt giấy mà tôi đã không coi trọng."
Đa khoa,"Tôi không thể làm gì cả, toàn thân tôi đều yếu ớt."
Chỉnh hình,Tôi bị đau nhói và nghe thấy tiếng lách cách ở khớp mắt cá chân mỗi khi cố gắng đứng lên và đi lại.
Chỉnh hình,"Tôi không thể đi được, đầu gối tôi đau quá."
Chỉnh hình,Tôi cảm thấy đau ở đầu gối.
Thấp khớp,"Sau khi chơi bóng đá, tôi bị đau cơ ở cả hai chân."
Ngoại khoa,"Chân tôi đang nuốt nước bọt, điều này cho thấy vết thương của tôi bị nhiễm trùng."
Ngoại khoa,Tôi bị một vết thương sâu ở tay và không thể cầm máu được.
Tai Mũi Họng,Tôi bị ho khan nặng
Chỉnh hình,Lưng tôi đau quá.
Chỉnh hình,Tôi bị đau đầu gối khi chơi squash.
Đa khoa,Tôi cảm thấy chóng mặt mỗi khi đứng dậy.
Ngoại khoa,"Con gái tôi bị mèo cắn và giờ tay cháu bị đau, đỏ và sưng tấy, vết thương còn chảy dịch."
Tai Mũi Họng,Tôi đang gặp khó khăn trong việc nghe.
Da liễu,"Tóc tôi rụng từng mảng lớn, đặc biệt là khi gội đầu."
Nhãn khoa,"Khi tôi đứng dậy quá nhanh, tầm nhìn của tôi bị mờ."
Thần kinh/Tiêu hóa,"Tôi đau đầu và mất cảm giác ở mặt, sau đó mất thị lực ở mắt."
Tai Mũi Họng,Tôi không thở được vì ho
Thần kinh/Tiêu hóa,Tôi cảm thấy đầu mình bị đè nặng rất nhiều.
Tâm thần,"Mỗi khi nhớ về cô ấy, tôi lại cảm thấy buồn."
Đa khoa,"Khi đứng dậy quá nhanh, tôi bắt đầu cảm thấy chóng mặt và choáng váng."
Chỉnh hình,"Tôi bị đau âm ỉ ở vùng lưng dưới, khiến việc di chuyển trở nên khó khăn."
Ngoại khoa,Tôi bị một vết cắt đã được khâu lại nhưng nó không lành. Nó đang chảy mủ màu xanh và bị bỏng rát.
Thấp khớp,"Khi thức dậy vào buổi sáng, tôi cảm thấy toàn thân đau nhức."
Tiêu hóa,Tôi bị đau bụng.
Da liễu,Mặc dù đã trưởng thành nhưng mặt tôi vẫn cứ nổi mụn.
Thấp khớp/Chỉnh hình,Tôi hầu như không thể cử động cổ được. Nó đau quá.
Tiêu hóa,Tôi bị đau bụng dữ dội.
Tai Mũi Họng,Tôi bị đau tai khi trời lạnh.
Thấp khớp,"Tôi bị đau dữ dội ở chân, đau như bị giật, và việc thư giãn bằng thuốc giảm đau không hiệu quả."
Đa khoa,"Khi thức dậy vào buổi sáng, tôi cảm thấy kỳ lạ và chóng mặt."
Thấp khớp/Tiêu hóa,Tôi bị đau vai dữ dội.
Tai Mũi Họng,Tai tôi bị đau và càng đau hơn khi nuốt. Tôi bị đau tai dữ dội và thuốc Tylenol cũng không giúp được gì.
Chỉnh hình,Cơn đau lưng của tôi nhói lên như dao đâm.
Tiêu hóa,Tôi đã phân tích rất nhiều để tìm ra nguyên nhân chính gây ra chứng đau bụng của mình.
Chỉnh hình,Tôi cảm thấy như có thứ gì đó sưng và viêm ở phía sau đầu gối.
Đa khoa,"Mỗi khi đứng dậy quá nhanh, tôi đều cảm thấy như mình sắp ngất xỉu."
Thấp khớp,Tôi bị gãy mắt cá chân khi leo núi đá ở dãy Carpathians.
Da liễu,Tôi bị nổi mụn thành từng cụm trên mặt và chúng không bao giờ biến mất.
Chỉnh hình,Tôi cảm thấy đau lưng khi ngồi trên ghế lâu.
Tai Mũi Họng,Tôi bị cảm lạnh và ho rất nhiều.
Thấp khớp/Chỉnh hình,Tôi không thể ngẩng đầu lên cúi xuống được.
Thấp khớp,Tôi bị đau nhói ở bắp tay.
Thấp khớp,Tôi bị đau nhói ở bắp chân.
Da liễu,"Tôi cảm thấy tê buốt sâu khi chạm vào mụn, sau đó là cảm giác khó chịu."
Hô hấp,"Khi đi bộ, tôi khó thở."
Tai Mũi Họng,Khi đi ngủ tôi cảm thấy lạnh.
Thấp khớp/Tiêu hóa,Tôi không thể cử động vai vì đau.
Thấp khớp/Chỉnh hình,Đau ở vùng cổ lớn
Ngoại khoa,Con gái tôi vừa xỏ khuyên tai và một bên dái tai của cháu đỏ rực và nóng rát.
Da liễu,Những đốm đỏ trên má tôi mới xuất hiện. Đó là gì vậy?
Đa khoa,Tôi thấy đầu óc quay cuồng mỗi khi thức dậy.
Đa khoa,Tôi cảm thấy như thế giới cứ xoay vòng vòng.
Thấp khớp,Tôi bị ngã khi nhảy lên để bắt bóng.
Thấp khớp,Tôi bị đau lòng bàn chân khi mang giày cao gót.
Thấp khớp,Chân tôi bị đau từ thứ Ba tuần trước.
Chỉnh hình,Đứng chưa đến năm phút mà lưng tôi bắt đầu đau.
Tâm thần,"Mỗi khi nhớ về cô ấy, tôi lại cảm thấy buồn."
Tai Mũi Họng,"Tôi không nghe rõ bằng tai, cảm giác như có vật gì đó gây khó chịu trong tai."
Hô hấp,Tôi cảm thấy khó thở - liệu tôi có bị đau tim không?
Chỉnh hình,Toàn thân tôi đang trong tình trạng tồi tệ và tôi cần được điều trị tốt.
Thấp khớp,"Tôi bị đau dữ dội ở chân, đau như bị giật, và việc thư giãn bằng thuốc giảm đau không hiệu quả."
Ngoại khoa,"Tôi bị đứt tay khi mở lon đồ hộp, máu cứ chảy không ngừng và vết thương đang hở miệng."
Da liễu,Tôi bị phát ban da sau khi ăn kem.
Tai Mũi Họng,Nhiệt độ cơ thể tôi giảm xuống và toàn thân bị co giật.
Tai Mũi Họng,Tôi bị đau tai khi trời lạnh.
Tai Mũi Họng,Tai tôi bị đau và càng đau hơn khi nuốt. Tôi bị đau tai dữ dội và thuốc Tylenol cũng không giúp được gì.
Da liễu,Da tôi bị ngứa và viêm.
Nhãn khoa,"Khi tôi đứng dậy quá nhanh, tầm nhìn của tôi bị mờ."
Tiêu hóa,Đau nhói và khó thở
Tiêu hóa,Tôi đã phân tích rất nhiều để tìm ra nguyên nhân chính gây ra chứng đau bụng của mình.
Da liễu,Tôi đã đi khám nhiều bác sĩ nhưng họ vẫn không tìm ra phương pháp điều trị phù hợp để giúp tôi lấy lại mái tóc.
Tai Mũi Họng,Tôi bị đau nhói ở tai.
Tiêu hóa,Tôi bị đau lan từ hông phải lên đến lồng ngực. Cơn đau dữ dội nhất khi tôi đi tiểu.
Tiêu hóa,Tôi bị đau nhói ở bụng.
Da liễu,Tôi cần tìm phương pháp điều trị rụng tóc.
Đa khoa,"Tôi cảm thấy cơ thể yếu ớt sau ngày đầu tiên đến phòng tập, tại sao vậy?"
Ngoại khoa,"Con gái tôi bị mèo cắn và giờ tay cháu bị đau, đỏ và sưng tấy, vết thương còn chảy dịch."
Tiêu hóa,Tôi bị đau bụng dữ dội.
Tai Mũi Họng,"Mỗi khi làm vậy, tôi đều cảm thấy đau nhói ở tai."
Tâm thần,Dạo này tôi cảm thấy rất buồn.
Ngoại khoa,"Tôi nghĩ vết thương của tôi có vấn đề, nó dường như không lành lại như bình thường."
Thấp khớp,Tôi bị gãy mắt cá chân khi leo núi đá ở dãy Carpathians.
Chỉnh hình,Tôi cảm thấy như có thứ gì đó sưng và viêm ở phía sau đầu gối.
Đa khoa,"Khi đứng dậy quá nhanh, tôi bắt đầu cảm thấy chóng mặt và choáng váng."
Thần kinh/Tiêu hóa,Tôi cảm thấy đầu mình bị đè nặng rất nhiều.
Chỉnh hình,Đứng chưa đến năm phút mà lưng tôi bắt đầu đau.
Ngoại khoa,Tôi bị đứt tay cách đây vài tuần và dù đã bôi kem kháng sinh nhưng vết thương vẫn không đỡ.
Tiêu hóa,Tôi bị đau nhói ở bụng.
Đa khoa,Tôi cảm thấy chóng mặt khi thực hiện các chuyển động đột ngột.
Tai Mũi Họng,Tôi không thể ngừng ho.
Chỉnh hình,Đứng chưa đến năm phút mà lưng tôi bắt đầu đau.
Chỉnh hình,Cơn đau lưng của tôi nhói lên như dao đâm.
Thấp khớp,"Khi thức dậy vào buổi sáng, tôi cảm thấy toàn thân đau nhức."
Tâm thần,"Mỗi khi nhớ về cô ấy, tôi lại cảm thấy buồn."
Tai Mũi Họng,Tôi đang gặp khó khăn trong việc nghe.
Da liễu,Tôi cần gãi da mỗi phút
Ngoại khoa,"Tôi nghĩ vết thương của tôi có vấn đề, nó dường như không lành lại như bình thường."
Tim mạch,Tim tôi đập nhanh và điều đó khiến tôi sợ hãi.
Thần kinh/Tiêu hóa,"Tôi bị đau đầu vùng trán và mỗi khi bị đau, ánh sáng lại làm tôi khó chịu."
Tiêu hóa,Tôi bị khó tiêu
Ngoại khoa,"Vết thương phẫu thuật đỏ, có mủ chảy ra, đau và nóng khi chạm vào."
Thấp khớp,Tôi bị va đập vào chân và nó đau lắm.
Ngoại khoa,Vết thương của tôi có vẻ không lành tốt.
Thần kinh/Tiêu hóa,"Tôi đau đầu và mất cảm giác ở mặt, sau đó mất thị lực ở mắt."
Chỉnh hình,Tôi bị đau lưng khi mang vác đồ nặng.
Chỉnh hình,Tôi cảm thấy như có kim châm vào các khớp của mình.
Nhãn khoa,"Tôi lo lắng về khả năng lái xe của mình, vì tôi hầu như không thể tập trung khi ngồi sau tay lái, mắt tôi cứ chảy nước mắt."
Tai Mũi Họng,Tôi cảm thấy đau họng.
Da liễu,Dạo này tôi thấy tóc mình rụng nhiều quá.
Ngoại khoa,Tôi nghĩ vết thương của tôi bị nhiễm trùng rồi.
Tai Mũi Họng,Tôi cảm thấy như mình khó thở nếu không tống hết những thứ trong phổi ra ngoài.
Tâm thần,Tôi ước cảm giác mất mát đau đớn này có thể biến mất.
Thần kinh/Tiêu hóa,Đầu tôi đau quá.
Thấp khớp,Tôi bị đau chân sau khi chạy 500m với giày chạy bộ.
Thấp khớp,Tôi bị ngã khi nhảy lên để bắt bóng.
Thấp khớp,Tôi bị đau nhói ở bắp tay.
Thấp khớp/Chỉnh hình,Đau ở vùng cổ lớn
Thấp khớp,"Sau một ngày làm việc vất vả, tôi bị đau chân."
Da liễu,Con trai tôi bị mụn trứng cá rất nhiều.
Hô hấp,Tôi gần như không thở được
Chỉnh hình,Tôi cảm thấy đau nhức dữ dội ở khớp vai và cơn đau không thuyên giảm.
Tiêu hóa,Tôi cảm thấy khó chịu toàn thân.
Thấp khớp/Chỉnh hình,Cổ tôi bị đau từ sau vụ tai nạn.
Da liễu,Tôi nhận thấy có nhiều tóc rụng hơn bình thường khi chải tóc.
Tim mạch,"Tôi không thể chịu đựng được cảm giác khó chịu, nghẹn ngào trong ngực này."
Thấp khớp/Tiêu hóa,Tôi bị đau vai dữ dội.
Thấp khớp/Tiêu hóa,Tôi cảm thấy rất khó chịu ở hai bên cổ.
Da liễu,"Mỗi khi trời mưa, tôi lại bị nổi mẩn ngứa ở bụng và hai bên sườn."
Tai Mũi Họng,Tôi bị đau tai và ù tai.
Thấp khớp,Tôi ngừng chơi thể thao vì bị chấn thương khi chơi thể thao.
Ngoại khoa,Vết thương của tôi có mủ màu vàng hoặc xanh lục.
Chỉnh hình,Tôi không thể làm việc tốt vì bị đau đầu gối.
Tai Mũi Họng,Tôi bị ho rất nặng
Đa khoa,Tôi cảm thấy như thế giới cứ xoay vòng vòng.
Thấp khớp/Tiêu hóa,Tôi không thể cử động vai vì đau.
Đa khoa,Tôi thấy đầu óc quay cuồng mỗi khi thức dậy.
Da liễu,Những đốm đỏ trên má tôi mới xuất hiện. Đó là gì vậy?
Chỉnh hình,Tôi cảm thấy đau lưng.
Tiêu hóa,đau quặn bụng khắp vùng bụng
Đa khoa,Tôi cảm thấy cơ bắp mệt mỏi.
Thấp khớp,"Lúc đầu tôi cảm thấy tê cứng, nhưng sau đó hàng nghìn mũi kim bắt đầu châm chích khắp bàn chân."
Đa khoa,"Mỗi khi đứng dậy quá nhanh, tôi đều cảm thấy như mình sắp ngất xỉu."
Tiêu hóa,Tôi đã phân tích rất nhiều để tìm ra nguyên nhân chính gây ra chứng đau bụng của mình.
Tâm thần,Tôi không hiểu sao mình cứ buồn mãi.
Hô hấp,"Đôi khi tôi cảm thấy như có một cái móng vuốt đang cào cấu ngực mình, khiến tôi khó thở."
Da liễu,Tôi có làn da khô
Tiêu hóa,Tôi cảm thấy rất đau ở vùng bụng.
Tai Mũi Họng,"Mỗi khi làm vậy, tôi đều cảm thấy đau nhói ở tai."
Đa khoa,"Kết quả xét nghiệm CBC của tôi cho thấy 10 Hb, tôi cảm thấy mệt mỏi vì công việc ít ỏi."
Ngoại khoa,Vết thương vẫn còn hở
Thấp khớp,"Khi thức dậy vào buổi sáng, tôi cảm thấy toàn thân đau nhức."
Da liễu,Tôi đã đi khám nhiều bác sĩ nhưng họ vẫn không tìm ra phương pháp điều trị phù hợp để giúp tôi lấy lại mái tóc.
Đa khoa,"Khi thức dậy vào buổi sáng, tôi cảm thấy kỳ lạ và chóng mặt."
Ngoại khoa,Tôi bị một vết cắt đã được khâu lại nhưng nó không lành. Nó đang chảy mủ màu xanh và bị bỏng rát.
Ngoại khoa,"Tôi có một vết thương hở, đỏ và sưng lên."
Tiêu hóa,Các triệu chứng của viêm ruột thừa là gì?
Ngoại khoa,"Tôi nghĩ vết thương của tôi có vấn đề, nó dường như không lành lại như bình thường."
Thần kinh/Tiêu hóa,Tôi cảm thấy như có ai đó đang dùng búa đập vào đầu mình. Tôi thấy đau nhức ở đỉnh đầu và nó cứ giật giật.
Hô hấp,Tôi cảm thấy khó thở - liệu tôi có bị đau tim không?
Nhãn khoa,Tôi bị nhìn mờ sau khi dùng nhầm thuốc.
Chỉnh hình,Tôi bị đau nhói ở xương bánh chè sau khi tập thể dục.
Thấp khớp/Tiêu hóa,"Tôi không thể mang vác bất cứ thứ gì, tôi bị đau vai."
Thấp khớp,Tôi cảm thấy nóng rát ở cơ vai.
Thấp khớp,Tôi bị thương trong trận đấu bóng đá.
Chỉnh hình,Tôi cảm thấy đau lưng khi ngồi trên ghế lâu.
Thấp khớp/Chỉnh hình,Tôi bị đau nhói ở cổ.
Đa khoa,Tôi cảm thấy toàn thân rất yếu.
Thần kinh/Tiêu hóa,Tôi bị đau đầu.
Tim mạch,Tôi khó thở vì cơn đau âm ỉ dưới vai trái.
Chỉnh hình,Tôi cảm thấy đau ở vùng lưng dưới.
Chỉnh hình,"Khi tôi duỗi chân, khớp gối bị đau."
Tim mạch,"Ôi tim tôi đau nhói, tôi đã cố gắng bình tĩnh nhưng không thể."
Ngoại khoa,"vết rách, vết thủng hoặc lỗ hở trên da"
Da liễu,Tôi cảm thấy ngứa dữ dội trên da và da bị đỏ.
Da liễu,đỏ mặt kèm theo ngứa
Nhãn khoa,"Tôi gặp vấn đề trong việc nhìn thấy các vật thể, nó quá khó nhìn."
Đa khoa,Tôi cảm thấy như thế giới cứ xoay vòng vòng.
Ngoại khoa,Con gái tôi vừa xỏ khuyên tai và một bên dái tai của cháu đỏ rực và nóng rát.
Da liễu,Dạo này tôi thấy tóc mình rụng nhiều quá.
Tai Mũi Họng,"Tôi bị ho gà kèm theo nhiều đờm, cần thuốc long đờm."
Chỉnh hình,Tôi cảm thấy đau lưng.
Chỉnh hình,Tôi cảm thấy như có kim châm vào các khớp của mình.
Chỉnh hình,Tôi bị đau lưng rất nhiều.
Đa khoa,Tôi đột nhiên cảm thấy chóng mặt khi đứng dậy.
Thấp khớp,Tôi ngừng chơi thể thao vì bị chấn thương khi chơi thể thao.
Hô hấp,"Khi đi bộ, tôi khó thở."
Da liễu,"Tôi cảm thấy tê buốt sâu khi chạm vào mụn, sau đó là cảm giác khó chịu."
Tai Mũi Họng,Tôi bị ho rất nặng
Tai Mũi Họng,Tôi bị đau tai và ù tai.
Da liễu,"Da ở lưng tôi có màu đỏ, tôi không biết tại sao."
Thấp khớp,"Mỗi khi đi bộ, tôi đều cảm thấy đau nhói ở mu bàn chân."
Ngoại khoa,"Con trai tôi xăm hình cách đây vài tuần và vùng da xung quanh hình xăm bị sưng tấy, nóng rát và có vẻ như bị nhiễm trùng."
Thấp khớp,Tôi cảm thấy đau dữ dội ở đầu gối sau khi bị va chạm trong trận bóng đá.
Tai Mũi Họng,"Con tôi bị ho cả đêm, không ngủ được."
Tiêu hóa,"Tôi cảm thấy đau nhức ở bên trong, giữa hông và vai."
Tai Mũi Họng,Tôi cảm thấy toàn thân như đang ở trong tủ lạnh.
Thấp khớp/Tiêu hóa,Tôi cảm thấy đau dữ dội ở vai trái.
Nhãn khoa,Máy khử trùng mắt
Da liễu,Tôi cảm thấy như mình vừa rơi vào vũng nước nóng vậy.
Tim mạch,Trái tim đau nhói vô cùng
Thấp khớp/Chỉnh hình,Tôi thức dậy mỗi sáng với chứng cứng cổ. Mát-xa giúp giảm đau nhưng vài ngày sau lại bị lại.
Tai Mũi Họng,Tôi không thể ngừng ho
Ngoại khoa,Tôi bị một vết thương sâu ở tay và không thể cầm máu được.
Chỉnh hình,Đầu gối tôi đau quá.
Chỉnh hình,Tôi cảm thấy đau lưng.
Đa khoa,"Mỗi lần cố gắng làm việc gì, tôi đều cảm thấy chóng mặt."
Da liễu,Tôi bị nổi mẩn đỏ và ngứa trên da.
Tiêu hóa,Tôi cảm thấy đau nhức bên trong cơ thể.
Tiêu hóa,"Tôi cảm thấy đau nhức ở bên trong, giữa hông và vai."
Da liễu,Tôi cảm thấy như mình vừa rơi vào vũng nước nóng vậy.
Đa khoa,Tôi vốn luôn rất năng động nhưng giờ tôi không còn đủ sức lực hay năng lượng để đi bộ dù chỉ một quãng ngắn.
Thấp khớp/Chỉnh hình,Đầu tôi đau quá.
Tiêu hóa,Hôm qua ăn đồ ăn cay Ấn Độ thì tôi bị đau bụng và đầy hơi.
Chỉnh hình,Mắt cá chân của tôi đang bị đau.
Tai Mũi Họng,Tôi bị vấn đề ở tai giữa do nhiễm trùng.
Thần kinh/Tiêu hóa,"Mỗi khi uống nhiều rượu, tôi lại bị đau đầu."
Chỉnh hình,"Tôi không thể đi được, đầu gối tôi đau quá."
Tim mạch,"Mỗi khi buồn, tim tôi lại đau nhói, tại sao vậy?"
Đa khoa,"Khi phê quá, tôi bắt đầu cảm thấy chóng mặt."
Thần kinh/Tiêu hóa,Cơn đau đầu tồi tệ nhất là khi tôi bị say rượu hồi hai mươi tuổi: Tôi thực sự nghĩ mình sắp chết vì viêm não.
Thấp khớp,"Sau khi đi bộ, tôi cảm thấy đau ở lòng bàn chân."
Thần kinh/Tiêu hóa,Tôi bị đau đầu ở phía sau và cơn đau kéo dài cả ngày.
Tim mạch,"Chồng tôi bỏ tôi để đến với người phụ nữ khác, trái tim tôi đau đớn đến mức tôi không thể ăn không thể ngủ được."
Ngoại khoa,"Tôi có một vết thương hở, đỏ và sưng lên."
Chỉnh hình,"Tôi gặp khó khăn khi chịu trọng lượng lên đầu gối, khi đứng thẳng tôi cảm thấy và nghe thấy một tiếng kêu lách tách lớn."
Tiêu hóa,Tôi bị đau âm ỉ ở bụng. Cơn đau càng nặng hơn sau khi ăn.
Tim mạch,Tôi cảm thấy một cơn đau kỳ lạ và dữ dội bên trong lồng ngực.
Đa khoa,Tôi có cảm giác toàn thân không còn chút sức lực nào.
Hô hấp,"Khi đi bộ, tôi khó thở."
Thấp khớp,"Mỗi khi đi bộ, tôi đều cảm thấy đau nhói ở mu bàn chân."
Tai Mũi Họng,Tai tôi bị đau khi nghe nhạc.
Nhãn khoa,"Tôi không nhìn thấy biển báo, tầm nhìn của tôi bị mờ."
Tai Mũi Họng,"Tôi được chẩn đoán mắc chứng thiếu máu do thiếu vitamin B12, điều này giải thích tại sao tôi luôn cảm thấy lạnh."
Chỉnh hình,"Tôi không thể cử động chân, khớp bị đau."
Thần kinh/Tiêu hóa,Tôi bị đau đầu mỗi khi cố gắng làm bất cứ việc gì.
Thấp khớp,Cảm giác đau như thể ở ngay dưới da.
Da liễu,sử dụng thuốc bổ tóc
Đa khoa,"Tôi không khỏe, tôi cảm thấy chóng mặt."
Thấp khớp,Vết sẹo dài trên mông trái của tôi là do ngã xe đạp leo núi.
Hô hấp,Tôi cảm thấy như có thứ gì đó đang bóp nghẹt phổi mình.
Thần kinh/Tiêu hóa,Tôi bị đau nửa đầu và đã uống Panadol nhưng không có tác dụng.
Đa khoa,Tôi cảm thấy cơ thể yếu ớt mặc dù tôi vẫn uống vitamin đều đặn.
Tiêu hóa,Tôi cảm thấy đau nhói ở bụng sau khi ăn.
Đa khoa,"Khi phê quá, tôi bắt đầu cảm thấy chóng mặt."
Thấp khớp/Tiêu hóa,Tôi không thể cử động vai vì đau.
Da liễu,Bệnh mãn tính của nang tóc và tuyến bã nhờn
Đa khoa,Tôi cảm thấy choáng váng khi đứng dậy.
Da liễu,Tôi bị nổi mụn thành từng cụm trên mặt và chúng không bao giờ biến mất.
Thấp khớp,Tôi bị đau nhức cơ vai mỗi khi cử động tay.
Da liễu,Mụn trứng cá khiến tôi cảm thấy xấu hổ.
Đa khoa,Mỗi khi đứng dậy tôi đều cảm thấy chóng mặt.
Tai Mũi Họng,Tôi bị ho dữ dội kèm theo đờm.
Tai Mũi Họng,Thỉnh thoảng tôi ho vì tôi hút thuốc.
Tiêu hóa,Tôi cảm thấy đau bụng dữ dội.
Hô hấp,"Năm ngoái, bà tôi phải nhập viện vì khó thở."
Thấp khớp/Chỉnh hình,Tôi hay than phiền về chứng đau cổ và tôi thực sự cần phải khỏe hơn.
Tiêu hóa,Tôi thường bị đau bụng sau khi ăn. Tôi vẫn chưa xác định được loại thực phẩm nào là nguyên nhân gây ra tình trạng này.
Da liễu,Tóc tôi bị rụng khi tôi chải tóc.
Chỉnh hình,Tôi bị đau khớp.
Da liễu,Tôi bị thiếu tóc
Chỉnh hình,Lưng trên của tôi bị đau suốt một tuần nay.
Da liễu,Tôi có làn da khô
Ngoại khoa,Tôi có một vết thương hở đã chuyển sang màu đỏ và chảy mủ.
Tiêu hóa,"Cảm giác khó chịu hoặc đau nhức ở một điểm nào đó dọc theo phía trước cơ thể, giữa cổ và vùng bụng trên."
Thấp khớp/Chỉnh hình,Cổ tôi cảm thấy cứng đờ.
Nhãn khoa,"Tôi cảm thấy đau nhức mắt, tôi nhìn thấy như có sương mù."
Da liễu,Tôi không thể có bạn gái vì mụn trứng cá.
Da liễu,"Khi chải tóc, tôi nhận thấy có những mảng tóc lớn rụng ra trên lược."
Chỉnh hình,Tôi nghĩ mình đã làm quá sức khi khiêng đống gỗ đó từ ngoài sân về. Lưng dưới của tôi đau nhức kinh khủng.
Đa khoa,Tôi cảm thấy chóng mặt và mất phương hướng.
Thấp khớp,Tôi cảm thấy đau ở chân.
Thấp khớp,Tôi bị chấn thương nên không thể chơi thể thao.
Nhãn khoa,Màn hình tivi và máy tính của tôi trông có vẻ mờ dù tôi đã đeo kính mới.
Ngoại khoa,Tôi vô tình bị dao cứa vào tay khi đang nấu ăn.
Tiêu hóa,Tôi bị đau nhói ở bụng.
Chỉnh hình,Tôi bị đau đầu gối khi đi lại.
Thấp khớp,"Khi thức dậy vào buổi sáng, tôi cảm thấy toàn thân đau nhức."
Thấp khớp,"Tôi bị đau dữ dội ở chân, đau như bị giật, và việc thư giãn bằng thuốc giảm đau không hiệu quả."
Thấp khớp,"Tôi nghĩ mình bị bong gân mắt cá chân rồi, đau quá."
Tai Mũi Họng,Tôi không thể ngừng ho.
Ngoại khoa,Vết thương của tôi có vẻ không lành tốt.
Tâm thần,Tôi luôn cảm thấy rất buồn.
Tiêu hóa,Tôi bị khó tiêu
Đa khoa,"Mỗi khi đứng dậy quá nhanh, tôi đều cảm thấy như mình sắp ngất xỉu."
Ngoại khoa,"Tôi nghĩ vết thương của tôi có vấn đề, nó dường như không lành lại như bình thường."
Thần kinh/Tiêu hóa,"Tôi bị đau đầu vùng trán và mỗi khi bị đau, ánh sáng lại làm tôi khó chịu."
Ngoại khoa,Tôi bị đứt tay cách đây vài tuần và dù đã bôi kem kháng sinh nhưng vết thương vẫn không đỡ.
Tai Mũi Họng,"Dù nhiệt độ trong nhà có cao, người tôi vẫn luôn cảm thấy lạnh."
Thấp khớp,Tôi bị gãy mắt cá chân khi leo núi đá ở dãy Carpathians.
Tai Mũi Họng,Tôi gặp một số vấn đề nghiêm trọng về hô hấp vào ban đêm.
Đa khoa,"Tôi cảm thấy cơ thể yếu ớt sau ngày đầu tiên đến phòng tập, tại sao vậy?"
Thần kinh/Tiêu hóa,Tôi cảm thấy đầu mình bị đè nặng rất nhiều.
Tiêu hóa,"Tôi cảm thấy bụng đầy và khó chịu, chướng bụng sau những bữa ăn no."
Tiêu hóa,Tôi bị đau âm ỉ ở bụng. Cơn đau càng nặng hơn sau khi ăn.
Da liễu,Tôi có những đốm đen trên da.
Thấp khớp,Tôi bị đau nhói ở bắp tay.
Hô hấp,Tôi gần như không thở được
Chỉnh hình,"Tôi bị đau lưng, không thể duỗi thẳng được."
Đa khoa,Tôi thấy đầu óc quay cuồng mỗi khi thức dậy.
Chỉnh hình,Tôi bị đau lưng khi mang vác đồ nặng.
Tai Mũi Họng,"Ban đầu chỉ là chứng ù tai, nhưng giờ cơn đau nhức nhối và không thể chịu đựng được."
Tai Mũi Họng,Tôi bị ho rất nặng và có đờm.
Tim mạch,"Tôi không thể chịu đựng được cảm giác khó chịu, nghẹn ngào trong ngực này."
Hô hấp,Tôi gần như không thở được
Đa khoa,"Khi đứng dậy quá nhanh, tôi bắt đầu cảm thấy chóng mặt và choáng váng."
Da liễu,Tôi bị phát ban trên da.
Thấp khớp/Tiêu hóa,"Mỗi khi cử động tay, vai phải của tôi lại kêu lách tách."
Thấp khớp/Chỉnh hình,Đau ở vùng cổ lớn
Da liễu,Tôi cảm thấy ngứa dữ dội trên da và da bị đỏ.
Da liễu,Tóc tôi rụng rất nhiều.
Tiêu hóa,đau quặn bụng khắp vùng bụng
Ngoại khoa,Tôi nghĩ vết thương của tôi bị nhiễm trùng rồi.
Tai Mũi Họng,Tôi cảm thấy có chất lỏng muốn trào ra khi ho.
Chỉnh hình,Tôi không thể làm việc tốt vì bị đau đầu gối.
Chỉnh hình,Tôi cảm thấy như có kim châm vào các khớp của mình.
Thấp khớp,Tôi bị đau nhói ở bắp tay.
Thấp khớp,Tôi ngã xuống đất khi cố gắng ném bóng rổ.
Tai Mũi Họng,Tôi bị đau nhói ở tai.
Chỉnh hình,Tôi bị đau khớp sau chấn thương trong trận bóng đá gần đây nhất.
Chỉnh hình,Làm sao để biết bạn có bị rách sụn chêm ở đầu gối hay không?
Hô hấp,Tôi gặp vấn đề về khả năng thở ra vì tôi bị hen phế quản.
Thấp khớp,Tôi bị đau chân.
Thần kinh/Tiêu hóa,Tôi đọc sách rất lâu và khi đọc xong thì tôi bị đau đầu.
Ngoại khoa,"Con trai tôi nặn mụn và nó vỡ ra, sau đó đóng vảy và giờ trông có vẻ bị nhiễm trùng."
Hô hấp,Tôi cảm thấy áp lực rất lớn ở ngực.
Da liễu,Tôi cảm thấy chán nản khi thấy tóc mình rụng.
Ngoại khoa,Vết thương hở ở tay tôi bị nhiễm trùng.
Tiêu hóa,Tôi bị đau bụng từ hôm qua.
Da liễu,Tôi bị rụng tóc rất nhiều.
Tâm thần,thở nặng nhọc kèm theo mệt mỏi
Thấp khớp,Cơ bắp tay của tôi bắt đầu đau nhức sau khi tôi đến phòng tập thể dục.
Ngoại khoa,Vết thương nhiễm trùng của anh ta bắt đầu bị hoại tử.
Ngoại khoa,"Mảnh kính vỡ và làm tôi bị thương nặng ở chân, vết thương rất rộng."
Da liễu,Tôi thường xuyên bị nổi mụn trên mặt.
Thấp khớp,"Sau khi đi bộ, tôi cảm thấy đau ở lòng bàn chân."
Tiêu hóa,Tôi bị đau đầu mỗi ngày.
Tâm thần,"Tôi cảm thấy mình không thể chịu đựng được nữa, tôi cảm thấy quá tải và không thể nào có được một chút thời gian nghỉ ngơi."
Chỉnh hình,Tôi bị đau đầu gối khi đi lại.
Thấp khớp/Chỉnh hình,Tôi cảm thấy tê rần ở cổ.
Chỉnh hình,Tôi thường bị đau nhức khớp mỗi khi trời lạnh.
Đa khoa,Tôi đột nhiên cảm thấy chóng mặt khi đứng dậy.
Thấp khớp,Tôi bị chấn thương trong một trận bóng đá và được chẩn đoán là tổn thương dây chằng chéo.
Thấp khớp,Tôi bị đau nhói ở bắp chân.
Tai Mũi Họng,Tôi bị đau nhói ở tai.
Đa khoa,Tôi thấy đầu óc quay cuồng mỗi khi thức dậy.
Tai Mũi Họng,Tôi cảm thấy có chất lỏng muốn trào ra khi ho.
Hô hấp,"Khi đi bộ, tôi khó thở."
Thấp khớp,"Lúc đầu tôi cảm thấy tê cứng, nhưng sau đó hàng nghìn mũi kim bắt đầu châm chích khắp bàn chân."
Nhãn khoa,"Tôi gặp vấn đề trong việc nhìn thấy các vật thể, nó quá khó nhìn."
Chỉnh hình,Tôi bị đau khớp khi cố gắng gập chân hoặc tay.
Hô hấp,Tôi gần như không thở được
Ngoại khoa,Vết thương vẫn còn hở
Thấp khớp,Tôi ngừng chơi thể thao vì bị chấn thương khi chơi thể thao.
Chỉnh hình,Tôi cảm thấy đau lưng.
Tai Mũi Họng,Nhiệt độ cơ thể tôi giảm xuống và toàn thân bị co giật.
Ngoại khoa,Có một người bị thương.
Thấp khớp,Tôi bị ngã khi nhảy lên để bắt bóng.
Thấp khớp/Chỉnh hình,Đau ở vùng cổ lớn
Thấp khớp/Tiêu hóa,Tôi bị đau vai sau khi làm bất cứ việc gì liên quan đến nhà.
Chỉnh hình,Tôi bị đau khi gập tay.
Tai Mũi Họng,"Ban đầu chỉ là chứng ù tai, nhưng giờ cơn đau nhức nhối và không thể chịu đựng được."
Da liễu,đỏ mặt kèm theo ngứa
Da liễu,Tôi bị phát ban da sau khi ăn kem.
Thấp khớp,"Tôi nghĩ mình bị bong gân mắt cá chân rồi, đau quá."
Chỉnh hình,"Mỗi khi lên xuống cầu thang, đầu gối tôi lại phát ra tiếng kêu ken két."
Đa khoa,"Tôi cảm thấy toàn thân yếu ớt, mặt mũi tái nhợt và không ngủ ngon được."
Tiêu hóa,Các triệu chứng của viêm ruột thừa là gì?
Tai Mũi Họng,"Tôi cảm thấy lạnh cóng, như một viên đá. Chị tôi nói rằng chị ấy cần nhiều chăn để đắp cho đủ ấm."
Đa khoa,"Khi thức dậy vào buổi sáng, tôi cảm thấy cơ thể rất yếu."
Da liễu,Mụn có phải là bệnh ngoài da không?
Ngoại khoa,Vết thương của tôi không lành tốt và tình trạng này đã kéo dài hai tuần rồi.
Da liễu,Mụn của tôi thật sự khiến tôi xấu hổ. Nó đỏ quá.
Thấp khớp/Chỉnh hình,Tôi cảm thấy tê rần ở cổ.
Tai Mũi Họng,Tôi đã khỏi cảm lạnh được vài tuần rồi nhưng vẫn ho mỗi ngày.
Ngoại khoa,"Tôi có một vết thương hở, đỏ và sưng lên."
Thấp khớp,Tôi ngừng chơi thể thao vì bị chấn thương khi chơi thể thao.
Da liễu,Tôi có những đốm đen trên da.
Thấp khớp,"Sau một ngày làm việc vất vả, tôi bị đau chân."
Thần kinh/Tiêu hóa,Không thể tập trung
Da liễu,"Tôi cảm thấy tê buốt sâu khi chạm vào mụn, sau đó là cảm giác khó chịu."
Tai Mũi Họng,"Tôi bị ho gà kèm theo nhiều đờm, cần thuốc long đờm."
Chỉnh hình,Tôi bị đau khớp sau chấn thương trong trận bóng đá gần đây nhất.
Chỉnh hình,"Tôi bị đau lưng, không thể duỗi thẳng được."
Da liễu,Tôi cảm thấy ngứa dữ dội trên da và da bị đỏ.
Ngoại khoa,Vết thương của tôi lại bị hở ra.
Thấp khớp,Tôi bị đau lưng dưới nhưng nếu duỗi người thì đỡ hơn.
Thần kinh/Tiêu hóa,Tôi bị đau đầu.
Thấp khớp,Tôi bị thương trong trận đấu bóng đá.
Thần kinh/Tiêu hóa,Tôi bị đau đầu khi làm việc này.
Tim mạch,Tôi thường xuyên bị đau nhói ở ngực và không biết mình đang làm gì mà lại gây ra triệu chứng đó.
Thấp khớp,Bắp chân tôi có cảm giác như bị căng cứng và nhức nhối.
Tai Mũi Họng,Toàn thân tôi lạnh cóng.
Tiêu hóa,Tôi bị đau bụng dữ dội và không thể ăn bất cứ thứ gì.
Hô hấp,"Tôi được chẩn đoán mắc bệnh viêm phổi, tôi khó thở."
Thần kinh/Tiêu hóa,Tôi bị đau đầu mỗi khi ăn kem.
Thấp khớp,"Tôi bắt đầu học bơi và hình như tôi đã nuốt quá nhiều nước qua mũi, vì vậy giờ tôi bị viêm xoang hành hạ."
Thấp khớp/Chỉnh hình,Tôi bị đau cổ khi ngồi trước máy tính xách tay.
Da liễu,"Tôi bị nổi mụn trên mặt, lúc có lúc không."
Chỉnh hình,"Tôi không thể đứng lên hay ngồi xuống được, tôi bị đau lưng rất khó chịu."
Đa khoa,"Tôi cảm thấy chóng mặt khi ngồi trước máy tính xách tay khoảng một đến hai tiếng, nguyên nhân có thể là gì vậy?"
Thấp khớp/Tiêu hóa,Tôi không thể cử động tay một cách bình thường.
Tim mạch,Tôi bị đau tim dữ dội.
Thấp khớp,Tôi cảm thấy đau cơ mỗi khi gắng sức quá mức.
Thấp khớp/Tiêu hóa,"Mỗi khi tôi cử động vai, cơn đau lại lan xuống cánh tay."
Thấp khớp,Tôi bị đau cơ không rõ nguyên nhân.
Da liễu,"Khi tôi thức dậy, tôi thấy da mình mờ ảo."
Thấp khớp/Tiêu hóa,Hôm qua tôi mang một chiếc túi nặng và sáng nay khi thức dậy tôi cảm thấy vai rất đau.
Chỉnh hình,Đầu gối tôi đau quá.
Chỉnh hình,Tôi cảm thấy đau khớp mỗi khi cử động.
Nhãn khoa,"Tôi bị nhìn mờ và không nhìn rõ trong bóng tối, nguyên nhân là gì vậy bác sĩ?"
Chỉnh hình,Đầu gối tôi bị sưng ngay dưới xương bánh chè và đau khi tôi tì trọng lượng lên đó.
Tiêu hóa,Tôi bị đau nhưng không thể xác định được vị trí cụ thể.
Thấp khớp,"Nếu tôi giẫm phải kim thì chắc cũng không đau đến thế, như cái gai chết tiệt ở gót chân này."
Ngoại khoa,Tôi bị đứt tay và đang chảy máu.
Da liễu,"Tóc tôi rụng từng mảng lớn, đặc biệt là khi gội đầu."
Tiêu hóa,Tôi bị đau đầu mỗi ngày.
Chỉnh hình,Đầu gối của tôi không gập được tốt.
Hô hấp,Buổi sáng tôi thở rất to.
Thấp khớp,Trước đây tôi rất tích cực tham gia thể thao nhưng giờ cơ thể tôi đang bị đau nhức.
Thấp khớp/Chỉnh hình,Tôi cảm thấy tê rần ở cổ.
Tiêu hóa,Tôi bị đau nhói ở bụng.
Ngoại khoa,Vết thương của tôi bị nhiễm trùng hay chỉ đang lành lại?
Chỉnh hình,Đầu gối tôi cảm thấy yếu và hôm trước nó bị khuỵt xuống ở đầu cầu thang. May mắn là có lan can để vịn vào.
Da liễu,Tóc của anh ấy rụng chỉ vì chải tóc thôi.
Ngoại khoa,Tôi tự đánh mình và vết thương không muốn lành.
Tiêu hóa,"Sau khi ăn, tôi cảm thấy nóng rát bên trong cơ thể."
Đa khoa,Tôi có cảm giác toàn thân không còn chút sức lực nào.
Tai Mũi Họng,Tôi gặp một số vấn đề nghiêm trọng về hô hấp vào ban đêm.
Tim mạch,Tôi bị đau ngực và cảm thấy rất buồn.
Nhãn khoa,"Mỗi khi ăn đường, tôi nhận thấy thị lực của mình bị mờ."
Thấp khớp/Chỉnh hình,Tôi không thể xoay cổ sang trái mà không cảm thấy đau nhói.
Tai Mũi Họng,Tôi bị ớn lạnh và đau nhức khắp người.
Tai Mũi Họng,Tôi không thể cảm thấy ấm áp dù có mặc nhiều lớp áo hay bật máy sưởi ở mức cao nhất.
Thần kinh/Tiêu hóa,"Khi mệt mỏi, tôi cảm thấy đầu mình nặng trĩu."
Thấp khớp/Chỉnh hình,Tôi bị sưng ở cổ và rất đau.
Tai Mũi Họng,Tai tôi bị ù.
Chỉnh hình,"Mỗi khi lên xuống cầu thang, đầu gối tôi lại phát ra tiếng kêu ken két."
Đa khoa,"Khi ăn quá nhiều đường, cơ thể tôi trở nên yếu và chóng mặt."
Tiêu hóa,"Tôi cảm thấy bụng đầy và khó chịu, chướng bụng sau những bữa ăn no."
Da liễu,"Tóc tôi rụng từng mảng lớn, đặc biệt là khi gội đầu."
Chỉnh hình,"Tôi bị đau âm ỉ ở vùng lưng dưới, khiến việc di chuyển trở nên khó khăn."
Ngoại khoa,"Tôi bị đứt tay khi mở lon đồ hộp, máu cứ chảy không ngừng và vết thương đang hở miệng."
Thấp khớp/Chỉnh hình,Tôi bị đau dữ dội ở cổ.
Nhãn khoa,"Mỗi khi ăn đường, tôi nhận thấy thị lực của mình bị mờ."
Thấp khớp/Chỉnh hình,Tôi hầu như không thể cử động cổ được. Nó đau quá.
Ngoại khoa,Vết thương của tôi có vẻ không lành tốt.
Đa khoa,"Khi ăn quá nhiều đường, cơ thể tôi trở nên yếu và chóng mặt."
Thấp khớp,Tôi bị đau chân.
Thấp khớp,"Hôm qua tôi chơi bóng rổ, và bị bong gân mắt cá chân."
Thấp khớp,Tôi cảm thấy nóng rát ở cơ vai.
Chỉnh hình,Đầu gối tôi đau đến nỗi mỗi khi đi lại tôi lại ngồi nhiều hơn mức cần thiết.
Đa khoa,Tôi cảm thấy khó chịu khắp cơ thể nói chung.
Thấp khớp/Chỉnh hình,Tôi gặp khó khăn khi cử động cổ.
Tai Mũi Họng,Tôi không thể thở được
Tim mạch,Tôi cảm thấy đau nhói trong tim mỗi khi thức dậy.
Da liễu,Tôi bị nổi mụn thành từng cụm trên mặt và chúng không bao giờ biến mất.
Da liễu,"Mỗi tháng, vào khoảng thời gian hành kinh, da mặt tôi lại nổi mụn rất nhiều."
Chỉnh hình,Lưng tôi đau quá nên không thể cúi xuống buộc dây giày được.
Tâm thần,"Tôi cảm thấy tổn thương, trái tim tôi đau nhói."
Da liễu,Ngực tôi nổi mụn đỏ và mụn đầu trắng.
Thấp khớp,"Tối qua khi chơi bóng đá, tôi bị đá vào đầu."
Tai Mũi Họng,"Tôi không ngủ được, tôi bị ho dữ dội."
Thấp khớp,"Mỗi khi tập luyện cường độ cao, tôi đều cảm thấy đau nhức dữ dội ở các cơ."
Tâm thần,Tôi cảm thấy đau lòng mỗi khi nghĩ về cô ấy.
Tai Mũi Họng,Tôi bị ho suốt hai tuần nay rồi.
Da liễu,Tôi thường xuyên bị nổi mụn trên mặt.
Tim mạch,Tôi cảm thấy nhịp tim tăng nhanh khi bị chích.
Đa khoa,Mỗi khi đứng dậy tôi đều cảm thấy chóng mặt.
Da liễu,Tôi bị mụn khắp mặt.
Chỉnh hình,Tôi có cảm giác như xương bánh chè đang cọ xát vào nhau mỗi khi đi bộ.
Đa khoa,Tôi cảm thấy chóng mặt sau khi vận động cơ bắp.
Chỉnh hình,Tôi bị đau khớp ở các ngón tay vào buổi sáng.
Thấp khớp,Tôi bị đau cơ.
Tim mạch,Tôi cảm thấy đau nhói trong tim.
Tim mạch,Trái tim đau nhói vô cùng
Thấp khớp,"Có lẽ tôi đã tập tạ quá sức, vì tôi sợ mình đã bị rách cơ lưng."
Thấp khớp,Tôi bị đau nhói ở bắp tay. Tôi đã thử bôi kem giảm đau nhưng không hiệu quả.
Đa khoa,Đôi khi tôi cảm thấy cơ thể yếu ớt mà không rõ lý do.
Đa khoa,Tôi cảm thấy cơ thể yếu ớt mặc dù tôi vẫn uống vitamin đều đặn.
Hô hấp,"Có những lúc tôi cảm thấy như bị đè bẹp dưới một sức nặng khổng lồ và không khí không thể vào phổi, điều đó thực sự khiến tôi sợ chết khiếp mỗi khi chuyện đó xảy ra."
Chỉnh hình,Tôi gặp khó khăn khi cử động đầu gối.
Tiêu hóa,Tôi cảm thấy đau nhói ở bụng sau khi ăn.
Tai Mũi Họng,"Tôi nghe không rõ, tôi có vấn đề về tai."
Da liễu,Có cách nào chữa khỏi mụn trứng cá không?
Tâm thần,Tôi cảm thấy suy sụp tinh thần.
Đa khoa,"Mỗi lần cố gắng làm việc gì, tôi đều cảm thấy chóng mặt."
Thấp khớp/Tiêu hóa,Tôi cảm thấy đau dữ dội ở vai trái.
Tiêu hóa,"Tôi cảm thấy đau nhức ở bên trong, giữa hông và vai."
Đa khoa,"Khi phê quá, tôi bắt đầu cảm thấy chóng mặt."
Chỉnh hình,Tôi đã dùng rất nhiều thuốc giảm đau để đỡ hơn nhưng tôi vẫn cảm thấy đau lưng.
Tai Mũi Họng,Tôi cảm thấy toàn thân như đang ở trong tủ lạnh.
Tai Mũi Họng,Tôi cảm thấy lúc nào cũng có thứ gì đó vướng trong cổ họng.
Đa khoa,"Khi thức dậy vào buổi sáng, tôi cảm thấy chóng mặt."
Da liễu,Tôi nhận thấy một số vấn đề về da và đã thử dùng kem nhưng tình trạng không được cải thiện.
Thần kinh/Tiêu hóa,Cơn đau đầu tồi tệ nhất là khi tôi bị say rượu hồi hai mươi tuổi: Tôi thực sự nghĩ mình sắp chết vì viêm não.
Tai Mũi Họng,Tôi bị vấn đề ở tai giữa do nhiễm trùng.
Chỉnh hình,Tôi bị đau lưng từ khi bước sang tuổi 70.
Tiêu hóa,Tôi cảm thấy đau nhức bên trong cơ thể.
Tâm thần,Tôi cảm thấy buồn
Thấp khớp,"Có lẽ tôi đã tập tạ quá sức, vì tôi sợ mình đã bị rách cơ lưng."
Da liễu,Tôi nhận thấy có nhiều tóc rụng hơn bình thường khi chải tóc.
Da liễu,Tóc tôi luôn bị rụng và dạo này tôi bị rụng rất nhiều tóc.
Tai Mũi Họng,Tôi bị ho khan nặng
Thần kinh/Tiêu hóa,Tôi bị đau nửa đầu và đã uống Panadol nhưng không có tác dụng.
Thần kinh/Tiêu hóa,"Đầu tôi nặng trĩu, không thể suy nghĩ bình thường được."
Da liễu,Tôi bị mụn trên mặt và các vấn đề khác về da liễu như ngứa.
Thấp khớp/Tiêu hóa,Hôm qua tôi bị đau vai.
Tai Mũi Họng,Tôi bị đau tai mỗi khi đi bơi.
Thấp khớp,"Tôi bắt đầu học bơi và hình như tôi đã nuốt quá nhiều nước qua mũi, vì vậy giờ tôi bị viêm xoang hành hạ."
Da liễu,"Tôi bị nổi mụn trên mặt, lúc có lúc không."
Tai Mũi Họng,Tôi bị sổ mũi.
Thần kinh/Tiêu hóa,Sọ bị vỡ như quả hạch
Thấp khớp/Tiêu hóa,Vai tôi đau dữ dội.
Thấp khớp/Chỉnh hình,"Cứng đờ, không thể nhìn sang phải hoặc trái trừ khi di chuyển toàn bộ cơ thể."
Thấp khớp,Tôi bị thương khi tập thể dục
Nhãn khoa,Tôi đang xem tivi thì đột nhiên bị nhìn mờ.
Thấp khớp/Tiêu hóa,"Khi giơ tay lên, tôi cảm thấy đau ở vai."
Da liễu,Tóc tôi bị rụng nhiều sau khi tắm.
Thấp khớp/Chỉnh hình,Tôi bị đau cổ nên không ngủ được.
Tai Mũi Họng,Hệ thống sưởi trong nhà tôi bị hỏng nên tôi cảm thấy rất lạnh.
Hô hấp,Tôi bị nghẹt mũi suốt ngày và có chất dịch nhầy dính trong cổ họng khiến tôi không thể ngủ được. Tôi thường phải ngủ trưa trong tư thế ngồi.
Nhãn khoa,"Tôi bị nhìn mờ và không nhìn rõ trong bóng tối, nguyên nhân là gì vậy bác sĩ?"
Da liễu,ngứa ở phía trước và chính giữa da đầu
Tim mạch,Tôi bị đau tim dữ dội.
Hô hấp,Tôi cảm thấy có gì đó làm tôi khó thở và tôi không thể thở được.
Đa khoa,Tôi đột nhiên cảm thấy chóng mặt khi đứng dậy.
Thần kinh/Tiêu hóa,Tôi cảm thấy đầu mình bị đè nặng rất nhiều.
Ngoại khoa,"Vết thương phẫu thuật đỏ, có mủ chảy ra, đau và nóng khi chạm vào."
Da liễu,Tôi có những đốm đen trên da.
Thấp khớp,Tôi cảm thấy đau dữ dội ở đầu gối sau khi bị va chạm trong trận bóng đá.
Ngoại khoa,Có một người bị thương.
Da liễu,Da tôi bị ngứa.
Thấp khớp,"Sau khi chơi bóng đá, tôi bị đau cơ ở cả hai chân."
Tai Mũi Họng,Phổi tôi cảm thấy nặng trĩu như thể chứa đầy chất nhầy.
Chỉnh hình,Tôi bị đau nhói và nghe thấy tiếng lách cách ở khớp mắt cá chân mỗi khi cố gắng đứng lên và đi lại.
Chỉnh hình,Mắt cá chân của tôi đang bị đau.
Thấp khớp,Cảm giác đau như thể ở ngay dưới da.
Thấp khớp/Tiêu hóa,Vai tôi đau quá.
Thấp khớp,Tôi đang chơi bóng đá và bị trẹo mắt cá chân.
Tim mạch,Tôi bị đau tim mỗi khi tập thể dục.
Da liễu,"Tóc tôi rụng không rõ lý do, tôi thấy rất nhiều tóc trên bàn làm việc."
Ngoại khoa,Tôi vô tình bị dao cứa vào tay khi đang nấu ăn.
Chỉnh hình,Lưng trên của tôi bị đau suốt một tuần nay.
Thấp khớp,Tôi đã thử xoa bóp chân nhưng chúng vẫn đau.
Nhãn khoa,"Tôi cảm thấy đau nhức mắt, tôi nhìn thấy như có sương mù."
Ngoại khoa,Người ta phát hiện anh ta có một vết thương hở.
Thấp khớp/Tiêu hóa,Tôi có cảm giác như mình vừa đến một phòng khám châm cứu và bị cắm 100 cây kim vào vai.
Thấp khớp/Chỉnh hình,Tôi bị đau cổ và không thể chịu đựng được cơn đau này.
Ngoại khoa,Tôi bị rách da giữa ngón tay cái và ngón trỏ và vết thương không lành lại được.
Thấp khớp,Tôi bị đau nhức cơ vai mỗi khi cử động tay.
Đa khoa,"Khi tôi thức dậy, tôi cảm thấy chóng mặt và ngã xuống."
Chỉnh hình,Tôi cảm thấy đau lưng.
Đa khoa,Tôi đã cố gắng làm giảm bớt nó nhưng không được.
Da liễu,Trên mặt tôi có vài nốt mụn khiến tôi rất khó chịu.
Hô hấp,"Đôi khi tôi cảm thấy như có một cái móng vuốt đang cào cấu ngực mình, khiến tôi khó thở."
Tai Mũi Họng,Tai tôi bị đau khi nghe nhạc.
Da liễu,"Tôi bị nổi mụn trên mặt, lúc có lúc không."
Tim mạch,Tôi cảm thấy như có một cây kim đang đâm xuyên tim mình.
Tai Mũi Họng,Toàn thân tôi lạnh cóng.
Da liễu,sử dụng thuốc bổ tóc
Da liễu,"Tóc tôi rụng không rõ lý do, tôi thấy rất nhiều tóc trên bàn làm việc."
Tai Mũi Họng,Tôi cảm thấy tức ngực.
Đa khoa,Tôi bị chóng mặt mỗi khi cố gắng đứng dậy.
Đa khoa,"Khi đứng dậy quá nhanh, tôi bắt đầu cảm thấy chóng mặt và choáng váng."
Thấp khớp/Chỉnh hình,Tôi bị đau cổ nên không ngủ được.
Da liễu,Tôi bị nổi mụn khi ăn ớt.
Tiêu hóa,Tôi cảm thấy nóng rát ở bụng khoảng 2 tiếng sau mỗi bữa ăn.
Thấp khớp/Tiêu hóa,Tôi cảm thấy rất đau ở vai mỗi khi cố gắng nâng vật nặng.
Thấp khớp/Tiêu hóa,"Khi giơ tay lên, tôi cảm thấy đau ở vai."
Tai Mũi Họng,Toàn thân tôi lạnh cóng.
Tim mạch,Tôi cảm thấy như có một cây kim đang đâm xuyên tim mình.
Đa khoa,"Tôi cảm thấy rất chóng mặt, cơ thể rất yếu."
Hô hấp,Tôi gặp khó khăn khi thở ở những nơi đông người.
Thấp khớp/Chỉnh hình,Tôi bị đau nhói ở cổ.
Thấp khớp/Chỉnh hình,Tôi bị đau cổ và không thể nhìn xuống hay nhìn lên.
Thấp khớp/Tiêu hóa,Tôi bị nhức nhối ở vai.
Thấp khớp/Chỉnh hình,Tôi cảm thấy đau cổ khi đang làm việc.
Thần kinh/Tiêu hóa,Tôi bị đau âm ỉ ở đầu.
Tâm thần,"Tôi cảm thấy tổn thương, trái tim tôi đau nhói."
Thấp khớp/Chỉnh hình,Tôi không thể xoay cổ.
Ngoại khoa,Tôi có một vết thương hở ở cánh tay.
Nhãn khoa,Tôi bị nhìn mờ.
Tâm thần,Tôi cảm thấy đau lòng mỗi khi nghĩ về cô ấy.
Chỉnh hình,"Cảm giác khó chịu xuất hiện đột ngột, thường là sau chấn thương hoặc tập luyện."
Thần kinh/Tiêu hóa,Tôi cảm thấy đau đầu
Thấp khớp,Tôi không thể nhảy bằng chân trái vì chấn thương gãy ba xương ở mắt cá chân khiến tôi đau nhức không dứt.
Thấp khớp/Tiêu hóa,"Tôi cảm thấy như có một cục u sưng tấy ở xương bả vai, kèm theo cơn đau nhói từ đó."
Da liễu,Trên mặt tôi có mụn.
Ngoại khoa,Tôi vô tình cắt đứt đầu ngón tay khi đang cắt bìa cứng và hiện tại máu không chảy được.
Da liễu,Tôi từng bị mụn trứng cá khi 15 tuổi.
Nhãn khoa,"Khi tôi cố gắng nhìn, tầm nhìn của tôi bị mờ."
Tâm thần,Tôi bị rối loạn cảm xúc.
Chỉnh hình,Tôi bị đau khớp khi cố gắng gập chân hoặc tay.
Chỉnh hình,Tôi thường bị đau nhức khớp mỗi khi trời lạnh.
Tai Mũi Họng,"Mỗi khi làm vậy, tôi đều cảm thấy đau nhói ở tai."
Tiêu hóa,Tôi đã phân tích rất nhiều để tìm ra nguyên nhân chính gây ra chứng đau bụng của mình.
Tâm thần,"Mỗi khi nghĩ về cha mẹ, tôi lại cảm thấy đau lòng."
Thấp khớp/Tiêu hóa,Tôi cảm thấy đau vai từng đợt.
Thấp khớp,"Khi chơi bóng đá, tôi bị đau cơ."
Chỉnh hình,Tôi bị đau nhói và nghe thấy tiếng lách cách ở khớp mắt cá chân mỗi khi cố gắng đứng lên và đi lại.
Da liễu,Trên mặt tôi có vài nốt mụn khiến tôi rất khó chịu.
Tai Mũi Họng,Tai tôi đau quá.
Nhãn khoa,Tôi bị mờ mắt sau khi bị va đập vào đầu hôm qua.
Tai Mũi Họng,Nghe thấy bất kỳ tiếng động lớn nào cũng khiến tai tôi đau nhức.
Thấp khớp,Tôi bị thương khi tập thể dục
Thấp khớp,Tôi bị thương khi tập thể dục
Tai Mũi Họng,Tôi không ngủ được vì ho
Thấp khớp/Tiêu hóa,"Mỗi khi chơi tennis, tôi đều cảm thấy đau vai."
Đa khoa,Tôi khó có thể đứng dậy và di chuyển rất chậm.
Đa khoa,Tôi cảm thấy yếu
Da liễu,Tôi từng bị mụn trứng cá khi 15 tuổi.
Chỉnh hình,Tôi bị ngã xe đạp và từ đó tôi bị đau đầu gối dữ dội.
Tai Mũi Họng,"Tôi vừa đi máy bay cách đây vài ngày và lần này, trong lúc hạ cánh, tai tôi vẫn bị ù và đau."
Tai Mũi Họng,Tôi cảm thấy lạnh dù nhiệt độ cao.
Tai Mũi Họng,"Mỗi khi hắt hơi mạnh, tôi cảm thấy đau tai."
Thấp khớp,Tôi vẫn không cảm thấy cơ bắp của mình đỡ hơn.
Tai Mũi Họng,Tôi bị ho khan nặng
Tai Mũi Họng,"Tôi ho rất nhiều khi ngửi mùi nước hoa, phổi tôi có vấn đề gì vậy?"
Chỉnh hình,Tôi bị đau nhói và nghe thấy tiếng lách cách ở khớp mắt cá chân mỗi khi cố gắng đứng lên và đi lại.
Thấp khớp/Chỉnh hình,Đầu tôi đau quá.
Thần kinh/Tiêu hóa,"Đầu tôi nặng trĩu, không thể suy nghĩ bình thường được."
Da liễu,Tôi nhận thấy có nhiều tóc rụng hơn bình thường khi chải tóc.
Tâm thần,Tôi cảm thấy suy sụp tinh thần.
Tai Mũi Họng,"Tôi cứ mãi không thấy ấm. Ngay cả khi mọi người xung quanh đều ấm áp, tôi vẫn luôn cảm thấy lạnh."
Tai Mũi Họng,"Khi tôi cố gắng giữ ấm và mặc thêm quần áo, tôi thấy mình vẫn lạnh."
Chỉnh hình,Tôi bị đau đầu gối khi chơi squash.
Ngoại khoa,Tôi bị một vết cắt ở chân và nó đã bị nhiễm trùng do sử dụng vòi sen ở phòng tập thể dục.
Tiêu hóa,"Tôi cảm thấy đau đớn bên trong, tôi không biết đó là gì."
Tai Mũi Họng,"Tôi bị ho gà kèm theo nhiều đờm, cần thuốc long đờm."
Chỉnh hình,Tôi không thể làm việc tốt vì bị đau đầu gối.
Tiêu hóa,Tôi bị đau bụng dữ dội.
Tiêu hóa,Tôi cảm thấy khó chịu toàn thân.
Thấp khớp/Tiêu hóa,Tôi cảm thấy rất khó chịu ở hai bên cổ.
Tiêu hóa,Hôm qua ăn đồ ăn cay Ấn Độ thì tôi bị đau bụng và đầy hơi.
Ngoại khoa,Tôi bị đứt chân ở bể bơi và vết thương cứ hở ra mỗi khi tôi đi lại.
Hô hấp,Tôi gặp khó khăn khi thở ở những nơi đông người.
Chỉnh hình,Lưng tôi đau quá nên không thể cúi xuống buộc dây giày được.
Thần kinh/Tiêu hóa,Tôi cảm thấy đau đầu
Thần kinh/Tiêu hóa,Tôi bị đau đầu khi làm việc này.
Nhãn khoa,Tôi có đôi mắt mờ đục.
Tim mạch,Tôi cảm thấy tim mình như đang bốc cháy.
Đa khoa,Tôi cảm thấy như căn phòng đang quay cuồng.
Chỉnh hình,Tôi bị ngã xe đạp và từ đó tôi bị đau đầu gối dữ dội.
Chỉnh hình,Tôi bị đau lưng từ khi ngã xuống sàn.
Da liễu,Mụn ở ngực tôi cứ nổi lên và không bao giờ hết.
Tiêu hóa,"Khi thức dậy, tôi thấy mình bị đau bụng và đã thử uống thuốc nhưng bụng vẫn đau."
Tiêu hóa,Tôi bị đau nhưng không thể xác định được vị trí cụ thể.
Tâm thần,Tôi bị rối loạn cảm xúc.
Tai Mũi Họng,Tôi bị đau tai khi tắm.
Chỉnh hình,"Khi chơi thể thao, tôi cảm thấy nóng rát ở cột sống."
Tiêu hóa,Tôi bị đau bụng và đầy hơi liên tục.
Tai Mũi Họng,Tôi bị đau tai khi trời lạnh.
Tiêu hóa,Đau nhói và khó thở
Đa khoa,"Khi đứng dậy quá nhanh, tôi bắt đầu cảm thấy chóng mặt và choáng váng."
Chỉnh hình,"Khi chơi bóng đá, tôi bị đau khớp."
Chỉnh hình,Lưng tôi đau quá nên không thể cúi xuống buộc dây giày được.
Da liễu,Tôi cảm thấy chán nản khi thấy tóc mình rụng.
Thấp khớp,"Hồi còn nhỏ, tôi từng bị chấn thương đầu gối do chơi thể thao."
Hô hấp,"Năm ngoái, bà tôi phải nhập viện vì khó thở."
Thấp khớp,Tôi bị đau nhức cơ vai mỗi khi cử động tay.
Tai Mũi Họng,Tôi cảm thấy tức ngực.
Da liễu,Tôi bị nổi mẩn đỏ và ngứa trên da.
Chỉnh hình,Tôi cảm thấy đau nhức dữ dội ở khớp vai và cơn đau không thuyên giảm.
Chỉnh hình,Tôi đã dùng rất nhiều thuốc giảm đau để đỡ hơn nhưng tôi vẫn cảm thấy đau lưng.
Chỉnh hình,Khớp mắt cá chân của tôi bị nhức nhối mỗi khi tôi đặt trọng lực lên bàn chân.
Chỉnh hình,Tôi bị đau khớp ở các ngón tay vào buổi sáng.
Ngoại khoa,Tôi bị đứt chân ở bể bơi và vết thương cứ hở ra mỗi khi tôi đi lại.
Thần kinh/Tiêu hóa,"Mỗi khi uống nhiều rượu, tôi lại bị đau đầu."
Thấp khớp/Chỉnh hình,Cổ tôi bị đau từ sau vụ tai nạn.
Chỉnh hình,Tôi cảm thấy đau lưng.
Tâm thần,Tôi cảm thấy suy sụp tinh thần.
Tiêu hóa,Tôi cảm thấy đau đớn bên trong nhưng không thể xác định được nguyên nhân.
Tim mạch,Trái tim đau nhói vô cùng
Chỉnh hình,"Tôi không thể đi được, đầu gối tôi đau quá."
Tim mạch,"Ôi tim tôi đau nhói, tôi đã cố gắng bình tĩnh nhưng không thể."
Thần kinh/Tiêu hóa,Tôi bị đau âm ỉ ở đầu.
Da liễu,Tôi từng bị mụn trứng cá khi 15 tuổi.
Tiêu hóa,"Tôi bị đau bụng khi ăn đồ ăn nóng, tại sao vậy?"
Thấp khớp,"Khi chơi bóng đá, tôi bị đau cơ."
Tiêu hóa,Tôi cảm thấy buồn nôn.
Thấp khớp,Tôi bị va chạm khi đang chơi bóng đá. Đầu gối của tôi bị trẹo và giờ không còn vững nữa.
Tiêu hóa,"Tôi cảm thấy đau đớn bên trong, tôi không biết đó là gì."
Thần kinh/Tiêu hóa,"Tôi không thể đứng dậy, tôi cảm thấy não mình như đang di chuyển bên trong hộp sọ."
Thấp khớp/Tiêu hóa,Tôi cảm thấy đau vai từng đợt.
Tai Mũi Họng,Phổi tôi cảm thấy nặng trĩu như thể chứa đầy chất nhầy.
Tiêu hóa,Tôi cảm thấy rất đau ở vùng bụng.
Tiêu hóa,Đau bụng sau khi uống sữa
Chỉnh hình,Đứng chưa đến năm phút mà lưng tôi bắt đầu đau.
Hô hấp,Tôi cảm thấy khó thở - liệu tôi có bị đau tim không?
Tiêu hóa,Tôi bị khó tiêu
Tiêu hóa,Khi ăn tôi cảm thấy đau bụng.
Tim mạch,Tôi cảm thấy đau nhói từ ngực lan lên đến cánh tay trái.
Đa khoa,"Mỗi khi tôi đứng dậy, đầu tôi lại bắt đầu quay cuồng."
Thấp khớp,Tôi bị đau chân dù không đi bộ nhiều.
Đa khoa,Tôi cảm thấy như căn phòng đang quay cuồng.
Da liễu,Tôi bị phát ban lạ trên cánh tay.
Da liễu,Tóc tôi bị rụng nhiều sau khi tắm.
Tai Mũi Họng,Tôi bị đau tai khi tắm.
Thấp khớp,"Nếu tôi giẫm phải kim thì chắc cũng không đau đến thế, như cái gai chết tiệt ở gót chân này."
Thấp khớp,Tôi bị đau cơ ở chân trái.
Thấp khớp/Tiêu hóa,"Mỗi khi giơ tay lên, tôi cảm thấy đau nhức ở vai."
Chỉnh hình,Tôi cảm thấy đau khớp mỗi khi cử động.
Da liễu,Trên mặt tôi có vài nốt mụn khiến tôi rất khó chịu.
Tai Mũi Họng,"Tôi được chẩn đoán mắc chứng thiếu máu do thiếu vitamin B12, điều này giải thích tại sao tôi luôn cảm thấy lạnh."
Tiêu hóa,"Tôi cảm thấy đau đớn bên trong, tôi không biết đó là gì."
Chỉnh hình,Tôi cảm thấy có tiếng lách cách ở đầu gối mỗi khi bước đi.
Đa khoa,Tôi không còn đủ sức lực để làm những việc mà trước đây tôi vẫn làm.
Thấp khớp,Tôi bị đau cơ không rõ nguyên nhân.
Đa khoa,"Tôi cảm thấy toàn thân yếu ớt, mặt mũi tái nhợt và không ngủ ngon được."
Tai Mũi Họng,Tôi thức giấc vào ban đêm vì cảm thấy lạnh.
Thấp khớp,"Khi chơi bóng đá, tôi bị đau cơ."
Tiêu hóa,Đau ruột mãn tính
Ngoại khoa,"Tôi bị một vết thương hở trên da bên trong một bên lỗ mũi, vết thương đã bị nhiễm trùng và hiện giờ chứa đầy mủ."
Tai Mũi Họng,Tôi cảm thấy lạnh
Thấp khớp/Tiêu hóa,Tôi cảm thấy đau vai từng đợt.
Tim mạch,Tôi bị đau tim mỗi khi tập thể dục.
Thấp khớp/Tiêu hóa,"Sau khi chơi tennis, tôi cảm thấy một cảm giác mạnh ở gần cổ."
Tai Mũi Họng,"Dù nhiệt độ trong nhà có cao, người tôi vẫn luôn cảm thấy lạnh."
Da liễu,Tóc tôi rụng từng mảng lớn.
Da liễu,Da tôi rất khô và bong tróc.
Tai Mũi Họng,Tôi đang gặp khó khăn trong việc nghe.
Tai Mũi Họng,"Tai trái của tôi không sao, nhưng tai phải thì có cảm giác như bị đâm bằng đinh."
Hô hấp,"Tôi khó thở khi ở trong ga tàu điện ngầm, tại sao vậy?"
Thấp khớp,Tôi đang chơi bóng đá và bị trẹo mắt cá chân.
Thấp khớp/Tiêu hóa,"Mỗi khi tôi cử động vai, cảm giác như có luồng điện chạy qua vai vậy."
Tiêu hóa,Tôi cảm thấy đau nhức toàn thân.
Chỉnh hình,Tôi không thể tập thể dục vì bị đau đầu gối.
Tâm thần,Tôi bị bệnh tâm thần
Chỉnh hình,Tôi cảm thấy rất đau nhức ở các khớp.
Thấp khớp,Tôi bị chuột rút đau ở chân.
Tiêu hóa,Tôi thường bị đau bụng sau khi ăn. Tôi vẫn chưa xác định được loại thực phẩm nào là nguyên nhân gây ra tình trạng này.
Thấp khớp,Tôi bị đau cơ thang.
Tai Mũi Họng,"Mỗi khi hắt hơi mạnh, tôi cảm thấy đau tai."
Da liễu,Tôi từng bị mụn trứng cá khi 15 tuổi.
Tai Mũi Họng,Tôi bị đau tai mỗi khi chạm vào.
Ngoại khoa,Tôi bị một vết thương sâu ở tay và không thể cầm máu được.
Thần kinh/Tiêu hóa,"Tôi không thể đứng dậy, tôi cảm thấy não mình như đang di chuyển bên trong hộp sọ."
Tai Mũi Họng,Tôi thức giấc vào ban đêm vì cảm thấy lạnh.
Thấp khớp/Tiêu hóa,Tôi không thể chịu đựng được cảm giác khó chịu này ở vai.
Tiêu hóa,Tôi bị đau bụng dữ dội.
Thấp khớp,Tôi bị ngã khi nhảy lên để bắt bóng.
Tim mạch,"Chồng tôi bỏ tôi để đến với người phụ nữ khác, trái tim tôi đau đớn đến mức tôi không thể ăn không thể ngủ được."
Thấp khớp/Tiêu hóa,Tôi bị đau vai dữ dội.
Tim mạch,"Tôi không thể chịu đựng được cảm giác khó chịu, nghẹn ngào trong ngực này."
Da liễu,Có thứ gì đó tối màu trên cánh tay tôi.
Tiêu hóa,Tôi bị đau đầu mỗi ngày.
Chỉnh hình,Tôi bị đau lưng rất nhiều.
Tai Mũi Họng,Tai tôi bị đau và càng đau hơn khi nuốt. Tôi bị đau tai dữ dội và thuốc Tylenol cũng không giúp được gì.
Thần kinh/Tiêu hóa,Tôi cảm thấy đau đầu dữ dội.
Tai Mũi Họng,Tôi cảm thấy đau họng.
Tiêu hóa,Tôi bị đau nhói ở bụng.
Da liễu,"Tôi cảm thấy tê buốt sâu khi chạm vào mụn, sau đó là cảm giác khó chịu."
Da liễu,Mặc dù đã trưởng thành nhưng mặt tôi vẫn cứ nổi mụn.
Thần kinh/Tiêu hóa,"Khi mệt mỏi, tôi cảm thấy đầu mình nặng trĩu."
Tim mạch,Tim tôi đập nhanh và điều đó khiến tôi sợ hãi.
Thấp khớp/Chỉnh hình,Tôi hầu như không thể cử động cổ được. Nó đau quá.
Nhãn khoa,"Khi tôi cố gắng nhìn, tầm nhìn của tôi bị mờ."
Tiêu hóa,Tôi bị đau bụng.
Đa khoa,Tôi đang đi du thuyền và cảm thấy chóng mặt.
Da liễu,Tôi bị mụn trên mặt và các vấn đề khác về da liễu như ngứa.
Da liễu,Tôi không thể có bạn gái vì mụn trứng cá.
Chỉnh hình,Đầu gối tôi thường đau nhức vào những ngày trời lạnh và mưa.
Hô hấp,"Đôi khi tôi cảm thấy như có một cái móng vuốt đang cào cấu ngực mình, khiến tôi khó thở."
Thấp khớp,"Tối qua khi chơi bóng đá, tôi bị đá vào đầu."
Thấp khớp,Tôi bị đau chân rất nhiều khi chơi bóng đá.
Chỉnh hình,Lưng tôi đau quá nên không thể cúi xuống buộc dây giày được.
Ngoại khoa,Tôi bị rách da giữa ngón tay cái và ngón trỏ và vết thương không lành lại được.
Da liễu,"Khi chải tóc, tôi nhận thấy có những mảng tóc lớn rụng ra trên lược."
Tiêu hóa,"Tôi bị đau bụng sau khi uống bất kỳ loại nước ngọt nào, tại sao vậy?"
Tim mạch,Lòng tôi đau nhói.
Thấp khớp/Chỉnh hình,Tôi gặp khó khăn khi cử động cổ.
Ngoại khoa,Tôi bị đứt tay cách đây vài ngày và mặc dù tôi không nghĩ mình cần khâu nhưng vết thương vẫn chưa lành.
Thấp khớp,Chân tôi bị đau từ thứ Ba tuần trước.
Da liễu,Tôi nhận thấy một số vấn đề về da và đã thử dùng kem nhưng tình trạng không được cải thiện.
Tai Mũi Họng,Tôi cảm thấy lạnh khi màn đêm buông xuống.
Da liễu,Hồi trung học tôi bị mụn rất nhiều.
Tim mạch,Tôi cảm thấy đau nhói trong tim.
Thần kinh/Tiêu hóa,Tôi bị đau nửa đầu và đã uống Panadol nhưng không có tác dụng.
Thấp khớp/Tiêu hóa,Tôi cảm thấy đau dữ dội ở vai trái.
Chỉnh hình,Tôi bị đau lưng từ khi bước sang tuổi 70.
Thấp khớp,"Tôi đã đi bộ 3 km, và cảm thấy đau nhức ở chân, giống như đau bàn chân vậy."
Ngoại khoa,Tôi tự đánh mình và vết thương không muốn lành.
Tâm thần,"Tôi cảm thấy mình không thể chịu đựng được nữa, tôi cảm thấy quá tải và không thể nào có được một chút thời gian nghỉ ngơi."
Thấp khớp,"Sau khi đi bộ, tôi cảm thấy đau ở lòng bàn chân."
Tai Mũi Họng,"Tôi cảm thấy lạnh cóng, như một viên đá. Chị tôi nói rằng chị ấy cần nhiều chăn để đắp cho đủ ấm."
Thần kinh/Tiêu hóa,"Khi mệt mỏi, tôi cảm thấy đầu mình nặng trĩu."
Tiêu hóa,Tôi bị đau đầu mỗi ngày.
Tai Mũi Họng,"Dù nhiệt độ trong nhà có cao, người tôi vẫn luôn cảm thấy lạnh."
Da liễu,Mặt tôi nổi đầy mụn.
Da liễu,Mụn có phải là bệnh ngoài da không?
Thấp khớp/Chỉnh hình,Tôi cảm thấy tê rần ở cổ.
Chỉnh hình,Làm sao để biết bạn có bị rách sụn chêm ở đầu gối hay không?
Ngoại khoa,"Tôi có một vết thương hở, đỏ và sưng lên."
Tim mạch,Tôi cảm thấy một cơn đau kỳ lạ và dữ dội bên trong lồng ngực.
Ngoại khoa,Tôi bị đứt tay và đang chảy máu.
Thấp khớp/Chỉnh hình,Tôi bị sưng ở cổ và rất đau.
Tai Mũi Họng,"Tôi không nghe rõ bằng tai, cảm giác như có vật gì đó gây khó chịu trong tai."
Da liễu,Ngực tôi nổi mụn đỏ và mụn đầu trắng.
Tâm thần,"Tôi cảm thấy tổn thương, trái tim tôi đau nhói."
Nhãn khoa,"Tôi bị nhìn mờ từ sáng nay, không biết nguyên nhân là gì?"
Chỉnh hình,Tôi có cảm giác như xương bánh chè đang cọ xát vào nhau mỗi khi đi bộ.
Tai Mũi Họng,Tôi bị đau tai mỗi khi đi bơi.
Tâm thần,Tôi bị rối loạn cảm xúc.
Thần kinh/Tiêu hóa,Sọ bị vỡ như quả hạch
Da liễu,"Tóc tôi rụng không rõ lý do, tôi thấy rất nhiều tóc trên bàn làm việc."
Hô hấp,Tôi không gặp vấn đề gì khi hít vào nhưng thở ra thì rất nặng nhọc.
Tâm thần,"Mỗi khi nghĩ về cha mẹ, tôi lại cảm thấy đau lòng."
Đa khoa,"Mỗi khi tôi đứng dậy, đầu tôi lại bắt đầu quay cuồng."
Tai Mũi Họng,Tôi không thể ngừng ho
Chỉnh hình,Lưng tôi đau quá.
Da liễu,Trên mặt tôi có vài nốt mụn khiến tôi rất khó chịu.
Thần kinh/Tiêu hóa,Tôi cảm thấy đau nhói ở đầu mỗi khi suy nghĩ quá nhiều.
Thấp khớp,"Sau khi chơi bóng đá, tôi bị đau cơ ở cả hai chân."
Tai Mũi Họng,"Tôi được chẩn đoán mắc chứng thiếu máu do thiếu vitamin B12, điều này giải thích tại sao tôi luôn cảm thấy lạnh."
Thấp khớp/Tiêu hóa,Hôm qua tôi mang một chiếc túi nặng và sáng nay khi thức dậy tôi cảm thấy vai rất đau.
Thấp khớp,Tôi bị đau cơ thang.
Tim mạch,Tôi cảm thấy đau nhói từ ngực lan lên đến cánh tay trái.
Da liễu,"Tôi bị nổi mụn ở ngực với những mảng đỏ, tình trạng này càng trầm trọng hơn khi trời nóng."
Ngoại khoa,Tôi bị một vết thương sâu ở tay và không thể cầm máu được.
Chỉnh hình,Tôi cảm thấy có tiếng lách cách ở đầu gối mỗi khi bước đi.
Tiêu hóa,"Cảm giác khó chịu hoặc đau nhức ở một điểm nào đó dọc theo phía trước cơ thể, giữa cổ và vùng bụng trên."
Thấp khớp,Tôi bị đau nhói ở bắp tay.
Da liễu,Tôi có những đốm đen trên da.
Thấp khớp,Tôi bị ngã khi nhảy lên để bắt bóng.
Tai Mũi Họng,"Khi tôi cố gắng nghe điện thoại, tôi phát hiện ra mình không nghe thấy giọng người ở đầu dây bên kia."
Chỉnh hình,Tôi bị đau đầu gối khi đang bơi.
Nhãn khoa,Tôi nhận thấy thị lực của mình giảm sút đáng kể khi cố gắng nhìn những vật ở cự ly gần.
Đa khoa,"Tôi không thể làm gì cả, toàn thân tôi đều yếu ớt."
Tai Mũi Họng,Nghe thấy bất kỳ tiếng động lớn nào cũng khiến tai tôi đau nhức.
Chỉnh hình,Tôi bị đau nhói và nghe thấy tiếng lách cách ở khớp mắt cá chân mỗi khi cố gắng đứng lên và đi lại.
Tai Mũi Họng,"Tôi cứ mãi không thấy ấm. Ngay cả khi mọi người xung quanh đều ấm áp, tôi vẫn luôn cảm thấy lạnh."
Ngoại khoa,"Bạn sẽ không tin đâu, nhưng vết thương nhiễm trùng trên tay tôi là do một vết cắt giấy mà tôi đã không coi trọng."
Tiêu hóa,"Sau khi ăn, tôi cảm thấy nóng rát bên trong cơ thể."
Thần kinh/Tiêu hóa,Tôi bị đau đầu ở phía sau và cơn đau kéo dài cả ngày.
Thấp khớp,Tôi bị thương khi tập thể dục
Chỉnh hình,Tôi gặp khó khăn khi cử động đầu gối.
Thấp khớp,"Mỗi khi đi bộ, tôi đều cảm thấy đau nhói ở mu bàn chân."
Thần kinh/Tiêu hóa,Cơn đau đầu tồi tệ nhất là khi tôi bị say rượu hồi hai mươi tuổi: Tôi thực sự nghĩ mình sắp chết vì viêm não.
Chỉnh hình,Các khớp của tôi cảm thấy sưng tấy.
Đa khoa,Tôi cảm thấy như thế giới cứ xoay vòng vòng.
Chỉnh hình,Đầu gối tôi bị vướng và đau khi mới đứng dậy sau khi ngồi.
Ngoại khoa,"Tôi có một vết thương giữa các ngón chân, vết thương lành lại qua đêm nhưng lại tái phát mỗi ngày khi tôi mang giày tây đi làm."
Chỉnh hình,Tôi bị đau lưng khi mang vác đồ nặng.
Tiêu hóa,Tôi cảm thấy khó chịu toàn thân.
Thần kinh/Tiêu hóa,Đầu tôi đau quá.
Thấp khớp/Tiêu hóa,Tôi không thể cử động vai vì đau.
Tim mạch,Tôi cảm thấy đau nhói trong tim.
Ngoại khoa,Tôi bị đứt chân ở bể bơi và vết thương cứ hở ra mỗi khi tôi đi lại.
Da liễu,Tôi nhận thấy một số vấn đề về da và đã thử dùng kem nhưng tình trạng không được cải thiện.
Tai Mũi Họng,Phổi tôi cảm thấy nặng trĩu như thể chứa đầy chất nhầy.
Thấp khớp/Chỉnh hình,Tôi cảm thấy đau cổ sau khi thức dậy.
Thần kinh/Tiêu hóa,Tôi cảm thấy đau nhói ở đầu mỗi khi suy nghĩ quá nhiều.
Tai Mũi Họng,"Tôi không thể ngừng run rẩy hay nới lỏng hàm, tôi lạnh đến mức đó."
Chỉnh hình,Đứng chưa đến năm phút mà lưng tôi bắt đầu đau.
Thần kinh/Tiêu hóa,Tôi cảm thấy như có ai đó đang dùng búa đập vào đầu mình. Tôi thấy đau nhức ở đỉnh đầu và nó cứ giật giật.
Tiêu hóa,Tôi bị đau nhói ở bụng.
Tiêu hóa,Tôi bị đau lan từ hông phải lên đến lồng ngực. Cơn đau dữ dội nhất khi tôi đi tiểu.
Ngoại khoa,"Tôi bị đứt tay khi mở lon đồ hộp, máu cứ chảy không ngừng và vết thương đang hở miệng."
Ngoại khoa,Vết thương của tôi có vẻ không lành tốt.
Tiêu hóa,Đau nhói và khó thở
Tiêu hóa,Tôi bị khó tiêu
Đa khoa,"Khi ăn quá nhiều đường, cơ thể tôi trở nên yếu và chóng mặt."
Nhãn khoa,"Mỗi khi ăn đường, tôi nhận thấy thị lực của mình bị mờ."
Ngoại khoa,Có một người bị thương.
Chỉnh hình,"Mỗi khi leo cầu thang, đầu gối phải của tôi đều bị đau."
Da liễu,Tôi hay phàn nàn về dị ứng da.
Nhãn khoa,Tôi đã thử đeo kính để nhìn rõ hơn nhưng vẫn không thấy có gì thay đổi.
Thấp khớp,Tôi ngừng chơi thể thao vì bị chấn thương khi chơi thể thao.
Hô hấp,Tôi gần như không thở được
Đa khoa,Tôi cảm thấy cơ bắp mệt mỏi.
Chỉnh hình,Tôi bị đau khớp sau chấn thương trong trận bóng đá gần đây nhất.
Chỉnh hình,Tôi không thể làm việc tốt vì bị đau đầu gối.
Da liễu,"Da ở lưng tôi có màu đỏ, tôi không biết tại sao."
Chỉnh hình,Tôi bị đau khớp khi cố gắng gập chân hoặc tay.
Tai Mũi Họng,"Ban đầu chỉ là chứng ù tai, nhưng giờ cơn đau nhức nhối và không thể chịu đựng được."
Tiêu hóa,Tôi cảm thấy khó chịu toàn thân.
Thấp khớp/Tiêu hóa,Tôi bị đau vai dữ dội.
Ngoại khoa,"Tôi có một vết thương hở, đỏ và sưng lên."
Ngoại khoa,Vết thương của tôi bị nhiễm trùng hay chỉ đang lành lại?
Da liễu,Sáng nào gối tôi cũng có rất nhiều tóc.
Nhãn khoa,Thật khó để nhìn thấy mọi thứ
Tai Mũi Họng,Tôi có rất nhiều đờm khi ho.
Chỉnh hình,"Khi chơi bóng đá, tôi bị đau khớp."
Chỉnh hình,Tôi bị đau khớp khi cố gắng gập chân hoặc tay.
Thấp khớp/Tiêu hóa,Tôi bị đau vai sau khi làm bất cứ việc gì liên quan đến nhà.
Tai Mũi Họng,Mỗi lần hít thở sâu là tôi lại ho.
Tai Mũi Họng,Đau tai dữ dội
Thấp khớp/Tiêu hóa,Tôi bị đau vai dữ dội.
Tai Mũi Họng,Nhiệt độ cơ thể tôi giảm xuống và toàn thân bị co giật.
Tiêu hóa,Tôi bị đau lan từ hông phải lên đến lồng ngực. Cơn đau dữ dội nhất khi tôi đi tiểu.
Da liễu,Tôi bị phát ban da sau khi ăn kem.
Đa khoa,"Kết quả xét nghiệm CBC của tôi cho thấy 10 Hb, tôi cảm thấy mệt mỏi vì công việc ít ỏi."
Tai Mũi Họng,Đau tai dữ dội
Thần kinh/Tiêu hóa,Không thể tập trung
Tiêu hóa,Tôi bị đau nhói ở vùng bụng dưới.
Da liễu,"Da ở lưng tôi có màu đỏ, tôi không biết tại sao."
Thấp khớp,Tôi bị đau lòng bàn chân khi mang giày cao gót.
Da liễu,Tôi có những đốm đen trên da.
Tai Mũi Họng,"Tôi bị ho gà kèm theo nhiều đờm, cần thuốc long đờm."
Thấp khớp,"Tôi đã đi bộ 3 km, và cảm thấy đau nhức ở chân, giống như đau bàn chân vậy."
Thần kinh/Tiêu hóa,"Đầu tôi nặng trĩu, không thể suy nghĩ bình thường được."
Ngoại khoa,"vết rách, vết thủng hoặc lỗ hở trên da"
Tiêu hóa,Tôi cảm thấy đau nhức toàn thân.
Tim mạch,Tôi cảm thấy đau nhói từ ngực lan lên đến cánh tay trái.
Thấp khớp/Tiêu hóa,Tôi không thể chịu đựng được cảm giác khó chịu này ở vai.
Thấp khớp/Chỉnh hình,Tôi hầu như không thể cử động cổ được. Nó đau quá.
Tiêu hóa,Tôi bị đau nhói ở vùng bụng dưới.
Thấp khớp,Chân tôi bị đau và không thể xoay được. Có lẽ nó bị gãy rồi.
Tim mạch,Tôi cảm thấy một cơn đau kỳ lạ và dữ dội bên trong lồng ngực.
Chỉnh hình,Làm sao để biết bạn có bị rách sụn chêm ở đầu gối hay không?
Da liễu,Tôi bị rụng tóc rất nhiều.
Da liễu,Mụn ở ngực tôi cứ nổi lên và không bao giờ hết.
Nhãn khoa,Tôi có đôi mắt mờ đục.
Tiêu hóa,Tôi bị đau nội tạng.
Hô hấp,Tôi gặp khó khăn khi thở ở những nơi đông người.
Thấp khớp,"Hồi còn nhỏ, tôi từng bị chấn thương đầu gối do chơi thể thao."
Thấp khớp,Tôi bị đau cơ bụng dữ dội từ khi đi tập gym.
Tiêu hóa,Tôi cảm thấy đau bụng.
Ngoại khoa,"Tôi có một vết thương giữa các ngón chân, vết thương lành lại qua đêm nhưng lại tái phát mỗi ngày khi tôi mang giày tây đi làm."
Tai Mũi Họng,Tôi luôn cảm thấy ngứa rát ở cổ họng.
Nhãn khoa,"Tôi lo lắng về khả năng lái xe của mình, vì tôi hầu như không thể tập trung khi ngồi sau tay lái, mắt tôi cứ chảy nước mắt."
Tai Mũi Họng,Khi đi ngủ tôi cảm thấy lạnh.
Thấp khớp/Tiêu hóa,Vai tôi bị đau.
Tiêu hóa,đau quặn bụng khắp vùng bụng
Tai Mũi Họng,"Ban đầu chỉ là chứng ù tai, nhưng giờ cơn đau nhức nhối và không thể chịu đựng được."
Chỉnh hình,Tôi rất đau lưng mỗi khi cúi người.
Da liễu,Tôi nhận thấy một số vấn đề về da và đã thử dùng kem nhưng tình trạng không được cải thiện.
Hô hấp,Tôi cảm thấy như có thứ gì đó đang bóp nghẹt phổi mình.
Thấp khớp,Tôi bị đau cơ.
Hô hấp,Ngực tôi đau khi hít thở.
Tâm thần,Tôi cảm thấy buồn
Tai Mũi Họng,Tôi cảm thấy lạnh và ớn lạnh dù đã mặc quần áo dày.
Đa khoa,Tôi cảm thấy cơ thể yếu ớt mặc dù tôi vẫn uống vitamin đều đặn.
Thấp khớp,Chân tôi bị đau từ thứ Ba tuần trước.
Da liễu,Tôi bị mụn ở lưng.
Chỉnh hình,Tôi bị đau nhói dọc sống lưng.
Da liễu,Có thứ gì đó tối màu trên cánh tay tôi.
Tim mạch,Tôi bị đau ngực và cảm thấy rất buồn.
Ngoại khoa,Điều gì giúp vết thương mau lành hơn?
Chỉnh hình,Làm sao để biết bạn có bị rách sụn chêm ở đầu gối hay không?
Tai Mũi Họng,Tôi bị đau nhói ở tai.
Chỉnh hình,Tôi bị đau lưng khi mang vác đồ nặng.
Ngoại khoa,Tôi bị rách da giữa ngón tay cái và ngón trỏ và vết thương không lành lại được.
Đa khoa,Tôi cảm thấy chóng mặt và mất phương hướng.
Tiêu hóa,Bụng tôi bắt đầu đau nhưng sau khi ăn thứ gì đó nhẹ nhàng thì lại thấy dễ chịu hơn.
Tai Mũi Họng,Tôi cảm thấy lạnh
Tiêu hóa,Đau ruột mãn tính
Đa khoa,Tôi đã cố gắng làm giảm bớt nó nhưng không được.
Chỉnh hình,Lưng trên của tôi bị đau suốt một tuần nay.
Da liễu,"Tóc tôi rụng không rõ lý do, tôi thấy rất nhiều tóc trên bàn làm việc."
Thấp khớp,Tôi đã thử xoa bóp chân nhưng chúng vẫn đau.
Hô hấp,Ngực tôi đau khi hít thở.
Thần kinh/Tiêu hóa,Cơn đau đầu tồi tệ nhất là khi tôi bị say rượu hồi hai mươi tuổi: Tôi thực sự nghĩ mình sắp chết vì viêm não.
Thấp khớp,Tôi bị đau cơ.
Da liễu,"Mỗi khi trời mưa, tôi lại bị nổi mẩn ngứa ở bụng và hai bên sườn."
Da liễu,Tôi bị mụn khắp mặt.
Da liễu,Da tôi bị ngứa.
Ngoại khoa,Nhiễm trùng vết mổ
Ngoại khoa,"Tôi bị một vết thương hở trên da bên trong một bên lỗ mũi, vết thương đã bị nhiễm trùng và hiện giờ chứa đầy mủ."
Thấp khớp/Chỉnh hình,Tôi gặp khó khăn khi cử động cổ.
Thấp khớp/Chỉnh hình,Tôi cảm thấy đau cổ sau khi thức dậy.
Da liễu,Bệnh mãn tính của nang tóc và tuyến bã nhờn
Thấp khớp/Tiêu hóa,Hôm qua tôi mang một chiếc túi nặng và sáng nay khi thức dậy tôi cảm thấy vai rất đau.
Nhãn khoa,"Tôi không nhìn thấy biển báo, tầm nhìn của tôi bị mờ."
Tiêu hóa,Đau ruột mãn tính
Thấp khớp/Chỉnh hình,Tôi thức dậy mỗi sáng với chứng cứng cổ. Mát-xa giúp giảm đau nhưng vài ngày sau lại bị lại.
Tiêu hóa,Tôi đã phân tích rất nhiều để tìm ra nguyên nhân chính gây ra chứng đau bụng của mình.
Tai Mũi Họng,Tôi không thở được vì ho
Da liễu,Mặc dù đã trưởng thành nhưng mặt tôi vẫn cứ nổi mụn.
Chỉnh hình,Tôi bị đau nhói dọc sống lưng.
Đa khoa,Tôi cảm thấy chóng mặt mỗi khi đứng dậy.
Ngoại khoa,Vết thương của tôi bị nhiễm trùng hay chỉ đang lành lại?
Tai Mũi Họng,"Tôi không nghe rõ bằng tai, cảm giác như có vật gì đó gây khó chịu trong tai."
Da liễu,Tóc tôi rụng từng mảng lớn.
Thấp khớp,"Sau khi đi bộ, tôi cảm thấy đau ở lòng bàn chân."
Đa khoa,"Khi đứng lên tôi cảm thấy chóng mặt, tôi không biết tại sao."
Chỉnh hình,Tôi bị đau lưng rất nhiều.
Chỉnh hình,Tôi cảm thấy như có kim châm vào các khớp của mình.
Đa khoa,Tôi đột nhiên cảm thấy chóng mặt khi đứng dậy.
Tai Mũi Họng,Tôi luôn cảm thấy ngứa rát ở cổ họng.
Tai Mũi Họng,Cảm giác ho càng tăng lên khi mùa đông đến.
Tâm thần,Tôi ước cảm giác mất mát đau đớn này có thể biến mất.
Thấp khớp,Tôi ngừng chơi thể thao vì bị chấn thương khi chơi thể thao.
Chỉnh hình,Tôi cảm thấy đau lưng.
Tiêu hóa,Các triệu chứng của viêm ruột thừa là gì?
Chỉnh hình,Lưng tôi đau quá nên không thể cúi xuống buộc dây giày được.
Thấp khớp,Tôi cảm thấy rất đau ở chân sau khi chơi một trong những trò chơi thể thao.
Thấp khớp/Tiêu hóa,"Mỗi khi chơi tennis, tôi đều cảm thấy đau vai."
Chỉnh hình,Tôi bị ngã xe đạp và từ đó tôi bị đau đầu gối dữ dội.
Tâm thần,Tôi ly hôn năm ngoái và tôi cứ mãi nghĩ đến việc trả thù chồng cũ.
Tiêu hóa,Tôi đã phân tích rất nhiều để tìm ra nguyên nhân chính gây ra chứng đau bụng của mình.
Tai Mũi Họng,Tôi bị khô họng.
Đa khoa,Tôi cảm thấy toàn thân yếu ớt và đã cố gắng thư giãn nhưng vẫn thấy đau.
Tim mạch,Tôi cảm thấy đau nhói trong tim mỗi khi thức dậy.
Tai Mũi Họng,"Tôi không nghe rõ bằng tai, cảm giác như có vật gì đó gây khó chịu trong tai."
Thần kinh/Tiêu hóa,Tôi bị đau đầu ở phía sau và cơn đau kéo dài cả ngày.
Chỉnh hình,"Khi chơi thể thao, tôi cảm thấy nóng rát ở cột sống."
Chỉnh hình,Toàn thân tôi đang trong tình trạng tồi tệ và tôi cần được điều trị tốt.
Chỉnh hình,Tôi cảm thấy đau ở đầu gối.
Tai Mũi Họng,Tôi cảm thấy đau họng.
Tai Mũi Họng,"Tôi lo lắng vì khả năng chịu lạnh của mình kém, tôi luôn run rẩy, ngay cả khi ở ngoài trời nắng."
Chỉnh hình,Tôi cảm thấy như có kim châm vào các khớp của mình.
Thấp khớp,Tôi bị đau nhói ở bắp tay.
Da liễu,Con trai tôi bị mụn trứng cá rất nhiều.
Da liễu,Tóc tôi rụng rất nhiều.
Ngoại khoa,Điều gì giúp vết thương mau lành hơn?
Tai Mũi Họng,Tôi bị đau tai mỗi khi chạm vào.
Tâm thần,"Tôi cảm thấy mình không thể chịu đựng được nữa, tôi cảm thấy quá tải và không thể nào có được một chút thời gian nghỉ ngơi."
Tai Mũi Họng,Tôi bị ớn lạnh và đau nhức khắp người.
Tai Mũi Họng,Tôi không thể cảm thấy ấm áp dù có mặc nhiều lớp áo hay bật máy sưởi ở mức cao nhất.
Đa khoa,Tôi thấy đầu óc quay cuồng mỗi khi thức dậy.
Thấp khớp,Tôi bị đau nhói ở bắp tay.
Ngoại khoa,Tôi nghĩ vết thương của tôi bị nhiễm trùng rồi.
Hô hấp,Tôi gần như không thở được
Tai Mũi Họng,Tôi bị đau nhói ở tai.
Tai Mũi Họng,"Ban đầu chỉ là chứng ù tai, nhưng giờ cơn đau nhức nhối và không thể chịu đựng được."
Thấp khớp,Tôi bị thương khi tập thể dục
Hô hấp,Tôi cảm thấy có gì đó làm tôi khó thở và tôi không thể thở được.
Tim mạch,Tôi cảm thấy như có một cây kim đang đâm xuyên tim mình.
Tiêu hóa,Tôi cảm thấy nóng rát ở bụng khoảng 2 tiếng sau mỗi bữa ăn.
Đa khoa,Tôi cảm thấy toàn thân yếu ớt.
Tim mạch,Vùng xung quanh tim tôi cảm thấy không ổn.
Tai Mũi Họng,Tôi thức giấc vào ban đêm vì cảm thấy lạnh.
Thần kinh/Tiêu hóa,"Tôi không thể đứng dậy, tôi cảm thấy não mình như đang di chuyển bên trong hộp sọ."
Tiêu hóa,Tôi cảm thấy đau bụng dữ dội.
Thấp khớp,Hôm qua tôi tập thể dục rất nhiều nên giờ tôi bị đau nhức cơ bắp dữ dội.
Thấp khớp,Chân tôi bị đau và không thể xoay được. Có lẽ nó bị gãy rồi.
Tâm thần,Tôi luôn cảm thấy rất buồn.
Nhãn khoa,"Khi lái xe, mắt tôi nhìn thấy hình ảnh kép."
Tai Mũi Họng,Tôi bị ngứa tai.
Da liễu,Có thứ gì đó tối màu trên cánh tay tôi.
Da liễu,Mặc dù đã trưởng thành nhưng mặt tôi vẫn cứ nổi mụn.
Ngoại khoa,Vết thương của tôi có vẻ không lành tốt.
Thấp khớp,Tôi bị va đập đầu trong trận bóng rổ. Liệu tôi có bị chấn động não không?
Tai Mũi Họng,Tai tôi bị đau và càng đau hơn khi nuốt. Tôi bị đau tai dữ dội và thuốc Tylenol cũng không giúp được gì.
Thấp khớp,Tôi bị va đập vào chân và nó đau lắm.
Tiêu hóa,"Cảm giác khó chịu hoặc đau nhức ở một điểm nào đó dọc theo phía trước cơ thể, giữa cổ và vùng bụng trên."
Tiêu hóa,Tôi thường bị đau bụng sau khi ăn. Tôi vẫn chưa xác định được loại thực phẩm nào là nguyên nhân gây ra tình trạng này.
Thấp khớp/Chỉnh hình,Tôi không thể xoay cổ.
Thấp khớp/Chỉnh hình,Cổ tôi cảm thấy cứng đờ.
Tâm thần,Tôi ly hôn năm ngoái và tôi cứ mãi nghĩ đến việc trả thù chồng cũ.
Tiêu hóa,Tôi có một nỗi đau nội tâm không thể diễn tả được.
Tâm thần,thở nặng nhọc kèm theo mệt mỏi
Thấp khớp/Chỉnh hình,Tôi không thể ngẩng đầu lên cúi xuống được.
Tai Mũi Họng,Tôi bị khô họng.
Thấp khớp,Tôi bị đau tay khi duỗi người.
Thấp khớp/Chỉnh hình,Tôi bị đau cổ và không thể nhìn xuống hay nhìn lên.
Thấp khớp/Chỉnh hình,Tôi bị đau nhói ở cổ.
Da liễu,Tôi cảm thấy như mình vừa rơi vào vũng nước nóng vậy.
Đa khoa,Tôi vốn luôn rất năng động nhưng giờ tôi không còn đủ sức lực hay năng lượng để đi bộ dù chỉ một quãng ngắn.
Tiêu hóa,Hôm qua ăn đồ ăn cay Ấn Độ thì tôi bị đau bụng và đầy hơi.
Da liễu,"Tôi bị nổi những mảng mụn lớn, ngứa rát trên lưng và rất đau."
Tai Mũi Họng,Tôi cảm thấy lạnh khi màn đêm buông xuống.
Chỉnh hình,Tôi cảm thấy đau ở đầu gối khi đi bộ.
Thần kinh/Tiêu hóa,"Mỗi khi uống nhiều rượu, tôi lại bị đau đầu."
Chỉnh hình,Tôi cảm thấy đau lưng.
Chỉnh hình,Tôi cảm thấy đau nhức dữ dội ở khớp vai và cơn đau không thuyên giảm.
Tai Mũi Họng,Tôi bị vấn đề ở tai giữa do nhiễm trùng.
Chỉnh hình,"Tôi không thể đi được, đầu gối tôi đau quá."
Thần kinh/Tiêu hóa,"Mỗi khi uống nhiều rượu, tôi lại bị đau đầu."
Chỉnh hình,Đầu gối tôi bị vướng và đau khi mới đứng dậy sau khi ngồi.
Chỉnh hình,Tôi bị đau khớp ở các ngón tay vào buổi sáng.
Thấp khớp/Tiêu hóa,Tôi cảm thấy rất khó chịu ở hai bên cổ.
Tim mạch,Tôi cảm thấy đau nhói trong tim.
Ngoại khoa,Tôi bị đứt chân ở bể bơi và vết thương cứ hở ra mỗi khi tôi đi lại.
Da liễu,Tôi rất lo lắng mình sẽ bị hói đầu sớm. Tôi có bị bệnh nặng không?
Thấp khớp,"Tôi đi lại khó khăn, chân tôi bị đau."
Chỉnh hình,Tôi bị đau nhức như kim châm ở các khớp.
Thấp khớp/Tiêu hóa,Vai tôi bị đau khi cố gắng nâng vật nặng năm pound.
Thấp khớp/Tiêu hóa,Tôi cảm thấy đau dữ dội ở vai trái.
Tim mạch,Tôi thường xuyên bị đau nhói ở ngực và không biết mình đang làm gì mà lại gây ra triệu chứng đó.
Da liễu,"Mỗi lần chải tóc, tôi đều thấy rất nhiều tóc mắc trong lược."
Tim mạch,Tôi cảm thấy tim mình đau nhói khi chạy một quãng đường dài.
Ngoại khoa,Tôi bị đứt tay cách đây vài tuần và dù đã bôi kem kháng sinh nhưng vết thương vẫn không đỡ.
Ngoại khoa,"Con trai tôi xăm hình cách đây vài tuần và vùng da xung quanh hình xăm bị sưng tấy, nóng rát và có vẻ như bị nhiễm trùng."
Thấp khớp,Tôi bị chấn thương trong một trận bóng đá và được chẩn đoán là tổn thương dây chằng chéo.
Tiêu hóa,"Tôi cảm thấy đau đớn bên trong, tôi không biết đó là gì."
Thần kinh/Tiêu hóa,Tôi bị đau đầu từ khi thức dậy sáng nay.
Chỉnh hình,Tôi bị đau đầu gối khi chơi squash.
Tai Mũi Họng,Tôi cảm thấy lạnh
Chỉnh hình,Tôi đang chơi bóng đá và bị chấn thương đau khớp.
Hô hấp,"Năm ngoái, bà tôi phải nhập viện vì khó thở."
Đa khoa,Tôi cảm thấy chóng mặt và mất phương hướng.
Thấp khớp/Chỉnh hình,Tôi cảm thấy đau ở cổ.
Tiêu hóa,Tôi thường bị đau bụng sau khi ăn. Tôi vẫn chưa xác định được loại thực phẩm nào là nguyên nhân gây ra tình trạng này.
Thấp khớp,Tôi bị đau cơ thang.
Tiêu hóa,"Cảm giác khó chịu hoặc đau nhức ở một điểm nào đó dọc theo phía trước cơ thể, giữa cổ và vùng bụng trên."
Tim mạch,Vùng xung quanh tim tôi cảm thấy không ổn.
Tiêu hóa,Tôi bị đau bụng dữ dội và không thể ăn bất cứ thứ gì.
Da liễu,"Mỗi lần chải tóc, tôi đều thấy rất nhiều tóc mắc trong lược."
Chỉnh hình,Tôi cảm thấy đau nhức ở đầu gối khi đi bộ.
Đa khoa,Tôi đang đi du thuyền và cảm thấy chóng mặt.
Tim mạch,Tôi cảm thấy như có một cây kim đang đâm xuyên tim mình.
Da liễu,"Tôi bị nổi mụn trên mặt, lúc có lúc không."
Tai Mũi Họng,Hệ thống sưởi trong nhà tôi bị hỏng nên tôi cảm thấy rất lạnh.
Thấp khớp,Tôi bị thương khi tập thể dục
Tai Mũi Họng,"Mỗi khi hắt hơi mạnh, tôi cảm thấy đau tai."
Tâm thần,Tôi thất vọng
Tiêu hóa,Tôi cảm thấy đau bụng.
Thấp khớp/Tiêu hóa,"Mỗi khi chơi tennis, tôi đều cảm thấy đau vai."
Thấp khớp,Tôi không thể đi lại được vì chân tôi đau quá.
Hô hấp,Tôi bị nghẹt mũi suốt ngày và có chất dịch nhầy dính trong cổ họng khiến tôi không thể ngủ được. Tôi thường phải ngủ trưa trong tư thế ngồi.
Thấp khớp/Tiêu hóa,Tôi cảm thấy rất đau ở vai mỗi khi cố gắng nâng vật nặng.
Thấp khớp/Chỉnh hình,Tôi cảm thấy đau cổ khi đang làm việc.
Thấp khớp/Tiêu hóa,"Mỗi khi chơi tennis, tôi đều cảm thấy đau vai."
Thấp khớp,Tôi không thể đi lại được vì chân tôi đau quá.
Da liễu,Dạo này tôi thấy tóc mình rụng nhiều quá.
Tâm thần,"Tôi đã thử đọc sách, nhưng chẳng có gì làm tôi vui lên được cả."
Tai Mũi Họng,Tôi cảm thấy lạnh và ớn lạnh dù đã mặc quần áo dày.
Tâm thần,"Tôi cảm thấy buồn, như thể bị tổn thương hoặc đau đớn."
Chỉnh hình,Tôi không thể tập thể dục vì bị đau đầu gối.
Thấp khớp/Tiêu hóa,"Mỗi khi giơ tay lên, tôi cảm thấy đau nhức ở vai."
Thấp khớp/Tiêu hóa,"Tôi cảm thấy như có một cục u sưng tấy ở xương bả vai, kèm theo cơn đau nhói từ đó."
Thần kinh/Tiêu hóa,Tôi bị đau đầu gần như mỗi ngày.
Tâm thần,Tôi cảm thấy vô cùng đau khổ về mặt tinh thần sau khi chia tay bạn gái.
Da liễu,Tóc tôi bị rụng khi tôi chải tóc.
Tai Mũi Họng,Tôi cảm thấy toàn thân như đang ở trong tủ lạnh.
Thấp khớp/Chỉnh hình,Tôi cảm thấy đau ở cổ.
Da liễu,"Khi chải tóc, tôi nhận thấy có những mảng tóc lớn rụng ra trên lược."
Thấp khớp,Vết sẹo dài trên mông trái của tôi là do ngã xe đạp leo núi.
Thấp khớp,Tôi bị đau lưng dưới nhưng nếu duỗi người thì đỡ hơn.
Da liễu,Mụn ở ngực tôi cứ nổi lên và không bao giờ hết.
Thấp khớp/Tiêu hóa,Tại sao vai tôi lại đau khi tôi cố gắng nhặt quần áo giặt?
Chỉnh hình,Tôi nghĩ mình đã làm quá sức khi khiêng đống gỗ đó từ ngoài sân về. Lưng dưới của tôi đau nhức kinh khủng.
Tim mạch,Tôi cảm thấy một cơn đau kỳ lạ và dữ dội bên trong lồng ngực.
Tai Mũi Họng,Tôi nghĩ có dịch trong tai tôi.
Tai Mũi Họng,Tôi không ngủ được vì ho
Thấp khớp,Cơ bắp tay của tôi bắt đầu đau nhức sau khi tôi đến phòng tập thể dục.
Tai Mũi Họng,"Tôi cứ mãi không thấy ấm. Ngay cả khi mọi người xung quanh đều ấm áp, tôi vẫn luôn cảm thấy lạnh."
Da liễu,Mụn của tôi bị ngứa và chảy dịch.
Chỉnh hình,Tôi cảm thấy đau nhức như xương cọ xát vào nhau ở đầu gối khi leo cầu thang.
Thấp khớp,"Lúc đầu tôi cảm thấy tê cứng, nhưng sau đó hàng nghìn mũi kim bắt đầu châm chích khắp bàn chân."
Da liễu,Da tôi bị ngứa và viêm.
Thần kinh/Tiêu hóa,"Tôi bị đau đầu vùng trán và mỗi khi bị đau, ánh sáng lại làm tôi khó chịu."
Thấp khớp/Tiêu hóa,Tôi cảm thấy rất đau ở vai mỗi khi cố gắng nâng vật nặng.
Thấp khớp/Chỉnh hình,Tôi bị đau cổ nên không ngủ được.
Thấp khớp,Tôi bị đau nhức cơ vai mỗi khi cử động tay.
Thấp khớp,"Mỗi sáng thức dậy, cổ tôi đều có cảm giác như ngủ sai tư thế."
Thấp khớp/Chỉnh hình,Tôi bị đau cổ và không thể chịu đựng được cơn đau này.
Tai Mũi Họng,Tai tôi bị đau khi nghe nhạc.
Ngoại khoa,"Tôi cảm thấy không khỏe, vết thương của tôi bị nhiễm trùng."
Thần kinh/Tiêu hóa,"Mỗi khi uống nhiều rượu, tôi lại bị đau đầu."
Chỉnh hình,Đầu gối tôi có cảm giác như bị rỉ sét và đột nhiên tôi không thể gập nó lại được nữa.
Chỉnh hình,Tôi cảm thấy đau nhức như xương cọ xát vào nhau ở đầu gối khi leo cầu thang.
Tim mạch,Tim tôi đập nhanh và điều đó khiến tôi sợ hãi.
Tai Mũi Họng,Tôi bị ngứa tai.
Nhãn khoa,Tôi có đôi mắt mờ đục.
Đa khoa,"Khi đứng dậy quá nhanh, tôi bắt đầu cảm thấy chóng mặt và choáng váng."
Tai Mũi Họng,"Tôi bị ho gà kèm theo nhiều đờm, cần thuốc long đờm."
Chỉnh hình,Tôi cảm thấy như có thứ gì đó sưng và viêm ở phía sau đầu gối.
Chỉnh hình,Tôi cảm thấy đau ở đầu gối khi đi bộ.
Đa khoa,"Khi đứng lên tôi cảm thấy chóng mặt, tôi không biết tại sao."
Thấp khớp,"Mỗi khi đi bộ, tôi đều cảm thấy đau nhói ở mu bàn chân."
Tim mạch,Tôi bị đau ngực và cảm thấy rất buồn.
Hô hấp,"Tôi được chẩn đoán mắc bệnh viêm phổi, tôi khó thở."
Thấp khớp/Chỉnh hình,Tôi bị đau cổ khi ngồi trước máy tính xách tay.
Chỉnh hình,"Mỗi khi mang vác đồ nặng, tôi cảm thấy như lưng mình sắp gãy."
Thấp khớp,"Tôi đã đi bộ 3 km, và cảm thấy đau nhức ở chân, giống như đau bàn chân vậy."
Chỉnh hình,Tôi cảm thấy đau ở đầu gối.
Hô hấp,Tôi cảm thấy như mình không thể hít thở sâu được.
Nhãn khoa,"Khi lái xe, mắt tôi nhìn thấy hình ảnh kép."
Chỉnh hình,Tôi cảm thấy đau nhức như xương cọ xát vào nhau ở đầu gối khi leo cầu thang.
Tim mạch,Tim tôi như muốn nổ tung.
Da liễu,Con trai tôi bị mụn trứng cá rất nhiều.
Chỉnh hình,Tôi bị đau nhói dọc sống lưng.
Tim mạch,Tôi cảm thấy như tim mình sắp nhảy ra khỏi lồng ngực. Đau quá.
Thấp khớp,"Mỗi sáng thức dậy, cổ tôi đều có cảm giác như ngủ sai tư thế."
Đa khoa,"Khi thức dậy vào buổi sáng, tôi cảm thấy cơ thể rất yếu."
Tai Mũi Họng,Tai tôi bị ù.
Ngoại khoa,Vết thương của tôi không lành tốt và tình trạng này đã kéo dài hai tuần rồi.
Tiêu hóa,Tôi cảm thấy rất đau ở vùng bụng.
Chỉnh hình,"Tôi bị đau lưng, không thể duỗi thẳng được."
Thấp khớp/Tiêu hóa,"Mỗi khi cử động tay, vai phải của tôi lại kêu lách tách."
Thấp khớp/Tiêu hóa,Hôm qua tôi bị đau vai.
Tiêu hóa,Tôi bị đau nhói ở bụng.
Thấp khớp,"Tôi đi lại khó khăn, chân tôi bị đau."
Chỉnh hình,Tôi rất đau lưng mỗi khi cúi người.
Nhãn khoa,"Tôi bị nhìn mờ và không nhìn rõ trong bóng tối, nguyên nhân là gì vậy bác sĩ?"
Tiêu hóa,Tôi bị đau bụng dữ dội và không thể ăn bất cứ thứ gì.
Tim mạch,Vùng xung quanh tim tôi cảm thấy không ổn.
Thấp khớp,"Tôi đi lại khó khăn, chân tôi bị đau."
Tâm thần,Tôi không hiểu sao mình cứ buồn mãi.
Tai Mũi Họng,Tai tôi đau quá.
Thần kinh/Tiêu hóa,Tôi cảm thấy đau đầu dữ dội.
Đa khoa,"Khi tôi thức dậy, tôi cảm thấy chóng mặt và ngã xuống."
Ngoại khoa,"Tôi có một vết thương hở, đỏ và sưng lên."
Đa khoa,"Khi ăn quá nhiều đường, cơ thể tôi trở nên yếu và chóng mặt."
Tâm thần,"Sau khi chia tay, tôi cảm thấy có điều gì đó lạ lẫm trong mình."
Tim mạch,Tôi cảm thấy nhịp tim tăng nhanh khi bị chích.
Thấp khớp,Chân tôi bị đau và không thể xoay được. Có lẽ nó bị gãy rồi.
Ngoại khoa,Tôi vô tình bị dao cứa vào tay khi đang nấu ăn.
Chỉnh hình,Tôi cảm thấy đau ở đầu gối.
Chỉnh hình,Tôi cảm thấy như có thứ gì đó sưng và viêm ở phía sau đầu gối.
Nhãn khoa,Mọi thứ trông như thể đang ở trong một khu vực đầy khói.
Tim mạch,"Tôi không thể chịu đựng được cảm giác khó chịu, nghẹn ngào trong ngực này."
Thấp khớp/Chỉnh hình,Đau ở vùng cổ lớn
Ngoại khoa,Vết thương hở ở tay tôi bị nhiễm trùng.
Chỉnh hình,Tôi bị đau ở khớp khuỷu tay.
Nhãn khoa,Tôi bị nhìn mờ.
Tai Mũi Họng,"Tôi vừa đi máy bay cách đây vài ngày và lần này, trong lúc hạ cánh, tai tôi vẫn bị ù và đau."
Hô hấp,"Tôi cảm thấy không khỏe, tôi không thể thở được."
Đa khoa,Tôi cảm thấy toàn thân rất yếu.
Đa khoa,Mỗi khi đứng dậy tôi đều cảm thấy chóng mặt.
Nhãn khoa,Tôi đang xem tivi thì đột nhiên bị nhìn mờ.
Da liễu,Da tôi bị ngứa và viêm.
Chỉnh hình,"Mỗi khi cúi xuống, tôi lại cảm thấy đau nhói ở lưng."
Đa khoa,Tôi cảm thấy toàn thân yếu ớt và đã cố gắng thư giãn nhưng vẫn thấy đau.
Nhãn khoa,"Mỗi khi ăn đường, tôi nhận thấy thị lực của mình bị mờ."
Tiêu hóa,Tôi cảm thấy rất đau ở vùng bụng.
Tai Mũi Họng,Nhiệt độ cơ thể tôi giảm xuống và toàn thân bị co giật.
Da liễu,"Tóc tôi rụng từng mảng lớn, đặc biệt là khi gội đầu."
Thấp khớp,Tôi bị đau nhói ở bắp chân.
Tai Mũi Họng,Tai tôi bị đau và càng đau hơn khi nuốt. Tôi bị đau tai dữ dội và thuốc Tylenol cũng không giúp được gì.
Tai Mũi Họng,"Khi tôi cố gắng nghe điện thoại, tôi phát hiện ra mình không nghe thấy giọng người ở đầu dây bên kia."
Ngoại khoa,"Tôi bị đứt tay khi mở lon đồ hộp, máu cứ chảy không ngừng và vết thương đang hở miệng."
Tim mạch,Tôi bị đau tim dữ dội.
Da liễu,Tôi bị phát ban lạ trên cánh tay.
Đa khoa,Tôi cảm thấy chóng mặt sau khi bị tiêu chảy nặng.
Nhãn khoa,Tôi không nhìn rõ.
Chỉnh hình,Tôi bị đau đầu gối khi chơi squash.
Thần kinh/Tiêu hóa,"Tôi không thể đứng dậy, tôi cảm thấy não mình như đang di chuyển bên trong hộp sọ."
Nhãn khoa,Tôi nhận thấy thị lực của mình giảm sút đáng kể khi cố gắng nhìn những vật ở cự ly gần.
Đa khoa,"Tôi cảm thấy toàn thân yếu ớt, mặt mũi tái nhợt và không ngủ ngon được."
Da liễu,"Khi tôi thức dậy, tôi thấy da mình mờ ảo."
Da liễu,Khi tôi cố gắng chăm sóc tóc thì phát hiện ra tóc mình bị rụng nhiều.
Thấp khớp/Chỉnh hình,Đầu tôi đau quá.
Da liễu,Tôi bị nổi mụn khi ăn ớt.
Da liễu,Con trai tôi bị mụn trứng cá rất nhiều.
Thần kinh/Tiêu hóa,Đầu tôi đau quá.
Tai Mũi Họng,Tôi cảm thấy lạnh dù nhiệt độ cao.
Thấp khớp/Chỉnh hình,Tôi không thể ngẩng đầu lên cúi xuống được.
Tai Mũi Họng,"Tôi vừa đi máy bay cách đây vài ngày và lần này, trong lúc hạ cánh, tai tôi vẫn bị ù và đau."
Chỉnh hình,Tôi cảm thấy cứng khớp ở khuỷu tay và vai.
Hô hấp,Tôi gặp khó khăn khi thở ở những nơi đông người.
Da liễu,Tôi hay phàn nàn về dị ứng da.
Tai Mũi Họng,Tôi không thể thở được
Tai Mũi Họng,"Tôi không thể ngừng run rẩy hay nới lỏng hàm, tôi lạnh đến mức đó."
Chỉnh hình,Tôi cảm thấy đau ở đầu gối khi đi bộ.
Thấp khớp,Tôi vẫn không cảm thấy cơ bắp của mình đỡ hơn.
Tâm thần,thở nặng nhọc kèm theo mệt mỏi
Tiêu hóa,Tôi cảm thấy đau bụng.
Da liễu,Tôi cần tìm phương pháp điều trị rụng tóc.
Tiêu hóa,Tôi bị đau bụng.
Chỉnh hình,Tôi cảm thấy đau lưng.
Ngoại khoa,"Tôi bị một vết thương hở trên da bên trong một bên lỗ mũi, vết thương đã bị nhiễm trùng và hiện giờ chứa đầy mủ."
Tai Mũi Họng,Lần trước đi máy bay tôi bị cảm lạnh và đến giờ vẫn còn cảm giác khó chịu ở tai.
Tai Mũi Họng,"Tai trái của tôi không sao, nhưng tai phải thì có cảm giác như bị đâm bằng đinh."
Thần kinh/Tiêu hóa,Tôi bị đau đầu mỗi khi ăn kem.
Thấp khớp/Chỉnh hình,Tôi cảm thấy đau ở cổ.
Chỉnh hình,"Cơn đau dữ dội, đặc biệt là khi tôi xuống cầu thang, cảm giác như có thứ gì đó bị gãy bên trong đầu gối."
Đa khoa,"Khi tôi thức dậy, tôi cảm thấy chóng mặt và ngã xuống."
Chỉnh hình,Tôi cảm thấy rất đau nhức ở các khớp.
Thần kinh/Tiêu hóa,"Khi mệt mỏi, tôi cảm thấy đầu mình nặng trĩu."
Ngoại khoa,Vết thương của tôi có vẻ không lành tốt.
Chỉnh hình,"Khi chơi thể thao, tôi cảm thấy nóng rát ở cột sống."
Nhãn khoa,Tôi không nhìn rõ.
Tiêu hóa,Bên trái của tôi đau nhức nhiều.
Da liễu,Tóc tôi bị rụng nhiều sau khi tắm.
Đa khoa,Tôi chẳng làm gì ở nhà cả mà vẫn cảm thấy kiệt sức.
Tai Mũi Họng,Tôi không biết tại sao mình lại cảm thấy lạnh.
Thấp khớp/Tiêu hóa,Tôi bị đau vai mỗi khi cố gắng mang vác đồ tạp hóa.
Chỉnh hình,"đỏ, sưng tấy và khó đi lại"
Da liễu,Tôi bị mụn ở lưng.
Da liễu,Tóc tôi rụng rất nhiều.
Tâm thần,"Tôi cảm thấy buồn, như thể bị tổn thương hoặc đau đớn."
Đa khoa,"Khi thức dậy vào buổi sáng, tôi cảm thấy kỳ lạ và chóng mặt."
Nhãn khoa,"Khi lái xe, mắt tôi nhìn thấy hình ảnh kép."
Thần kinh/Tiêu hóa,"Khi mệt mỏi, tôi cảm thấy đầu mình nặng trĩu."
Tim mạch,Tim tôi như muốn nổ tung.
Thấp khớp/Tiêu hóa,"Sau khi chơi tennis, tôi cảm thấy một cảm giác mạnh ở gần cổ."
Thấp khớp,"Tôi đi lại khó khăn, chân tôi bị đau."
Da liễu,Tôi cảm thấy như mình vừa rơi vào vũng nước nóng vậy.
Ngoại khoa,"Con trai tôi vừa trải qua điều trị tủy răng và nha sĩ vô tình cắt vào bên trong má của cháu, giờ vết thương không lành được."
Da liễu,Có cách nào chữa khỏi mụn trứng cá không?
Da liễu,Khi tôi cố gắng chăm sóc tóc thì phát hiện ra tóc mình bị rụng nhiều.
Đa khoa,"Tôi cảm thấy toàn thân yếu ớt, mặt mũi tái nhợt và không ngủ ngon được."
Đa khoa,Tôi cảm thấy khó chịu khắp cơ thể nói chung.
Thấp khớp/Chỉnh hình,Cổ tôi cảm thấy cứng đờ.
Da liễu,Trên da tôi có một vết đỏ.
Tim mạch,"Tôi không thể chịu đựng được cảm giác khó chịu, nghẹn ngào trong ngực này."
Tiêu hóa,Hôm qua ăn đồ ăn cay Ấn Độ thì tôi bị đau bụng và đầy hơi.
Thần kinh/Tiêu hóa,Tôi bị đau đầu ở phía sau và cơn đau kéo dài cả ngày.
Chỉnh hình,Toàn thân tôi đang trong tình trạng tồi tệ và tôi cần được điều trị tốt.
Chỉnh hình,Tôi bị đau khớp. Tôi không thể chịu đựng được cơn đau.
Tai Mũi Họng,Tôi đang gặp khó khăn trong việc nghe.
Thấp khớp,Chân tôi bị đau và không thể xoay được. Có lẽ nó bị gãy rồi.
Chỉnh hình,"Khi chơi bóng đá, tôi bị đau khớp."
Ngoại khoa,Có một người bị thương.
Thấp khớp,Tôi cảm thấy đau ở vai phải sau trận đấu quần vợt.
Thấp khớp,"Mỗi khi tập luyện cường độ cao, tôi đều cảm thấy đau nhức dữ dội ở các cơ."
Ngoại khoa,Tôi bị rách da giữa ngón tay cái và ngón trỏ và vết thương không lành lại được.
Thấp khớp,Tôi bị chấn thương trong một trận bóng đá và được chẩn đoán là tổn thương dây chằng chéo.
Chỉnh hình,"Khi chơi bóng đá, tôi bị đau khớp."
Tâm thần,Dạo này tôi cảm thấy rất buồn.
Ngoại khoa,Điều gì giúp vết thương mau lành hơn?
Đa khoa,"Tôi không thể tập thể dục được, tôi cảm thấy yếu."
Tai Mũi Họng,Tôi không ngủ được vì ho
Tai Mũi Họng,Hệ thống sưởi trong nhà tôi bị hỏng nên tôi cảm thấy rất lạnh.
Thấp khớp,Tôi bị ngã khi nhảy lên để bắt bóng.
Ngoại khoa,Vết thương của tôi có mủ màu vàng hoặc xanh lục.
Đa khoa,Tôi cảm thấy cơ bắp mệt mỏi.
Đa khoa,Tôi thấy đầu óc quay cuồng mỗi khi thức dậy.
Tiêu hóa,Tôi không thể chịu nổi cảm giác khó chịu này trong bụng.
Chỉnh hình,Đầu gối tôi cảm thấy yếu và hôm trước nó bị khuỵt xuống ở đầu cầu thang. May mắn là có lan can để vịn vào.
Tâm thần,Tôi cảm thấy muốn tự tử.
Ngoại khoa,Tôi có một vết thương hở đã chuyển sang màu đỏ và chảy mủ.
Tai Mũi Họng,Bị cảm lạnh và ho nặng
Tiêu hóa,Tôi cảm thấy đau đớn bên trong nhưng không thể xác định được nguyên nhân.
Thấp khớp/Chỉnh hình,Tôi gặp khó khăn khi cử động cổ.
Chỉnh hình,Đầu gối tôi thường đau nhức vào những ngày trời lạnh và mưa.
Thấp khớp,"Hồi còn nhỏ, tôi từng bị chấn thương đầu gối do chơi thể thao."
Ngoại khoa,Tôi bị đứt tay cách đây vài ngày và mặc dù tôi không nghĩ mình cần khâu nhưng vết thương vẫn chưa lành.
Da liễu,Tôi bị nổi mụn thành từng cụm trên mặt và chúng không bao giờ biến mất.
Đa khoa,Tôi cảm thấy chóng mặt sau khi vận động cơ bắp.
Tai Mũi Họng,Từ khi vào rừng tôi bị đau tai.
Tim mạch,Tôi bị đau ngực và cảm thấy rất buồn.
Tai Mũi Họng,"Dù nhiệt độ trong nhà có cao, người tôi vẫn luôn cảm thấy lạnh."
Thần kinh/Tiêu hóa,"Khi mệt mỏi, tôi cảm thấy đầu mình nặng trĩu."
Chỉnh hình,Tôi bị đau đầu gối khi đi lại.
Da liễu,Mụn của tôi bị ngứa và chảy dịch.
Tai Mũi Họng,Toàn thân tôi lạnh cóng.
Thấp khớp,Tôi bị đau cơ ở chân trái.
Thần kinh/Tiêu hóa,Tôi bị đau đầu.
Tiêu hóa,Tôi bị đau nội tạng.
Thấp khớp/Tiêu hóa,"Tôi cảm thấy như có một cục u sưng tấy ở xương bả vai, kèm theo cơn đau nhói từ đó."
Da liễu,sử dụng thuốc bổ tóc
Tai Mũi Họng,Tôi cảm thấy lúc nào cũng có thứ gì đó vướng trong cổ họng.
Tâm thần,"Mỗi khi nhớ về cô ấy, tôi lại cảm thấy buồn."
Ngoại khoa,"Con trai tôi vô tình dùng dao cạo cũ cứa vào cổ và chỗ đó bị sưng tấy, trông có vẻ bị nhiễm trùng."
Tai Mũi Họng,Tôi không thể ngừng ho.
Ngoại khoa,Vết thương vẫn còn hở
Thấp khớp,Tôi ngừng chơi thể thao vì bị chấn thương khi chơi thể thao.
Chỉnh hình,Đứng chưa đến năm phút mà lưng tôi bắt đầu đau.
Chỉnh hình,Tôi thường bị đau nhức khớp mỗi khi trời lạnh.
Tai Mũi Họng,"Ban đầu chỉ là chứng ù tai, nhưng giờ cơn đau nhức nhối và không thể chịu đựng được."
Da liễu,"Tôi cảm thấy tê buốt sâu khi chạm vào mụn, sau đó là cảm giác khó chịu."
Tai Mũi Họng,Mỗi lần hít thở sâu là tôi lại ho.
Chỉnh hình,Tôi cảm thấy có tiếng lách cách ở đầu gối mỗi khi bước đi.
Tim mạch,Lòng tôi đau nhói.
Thấp khớp,"Tôi bắt đầu học bơi và hình như tôi đã nuốt quá nhiều nước qua mũi, vì vậy giờ tôi bị viêm xoang hành hạ."
Tai Mũi Họng,Tôi thường bị ho nặng khi bị cúm.
Hô hấp,"Tôi cảm thấy khó thở, đặc biệt là sau khi chạy hoặc vận động mạnh."
Tâm thần,Tôi cảm thấy vô cùng đau khổ về mặt tinh thần sau khi chia tay bạn gái.
Tai Mũi Họng,Tôi không ngủ được vì ho
Thần kinh/Tiêu hóa,Tôi bị đau đầu kèm theo chóng mặt.
Thần kinh/Tiêu hóa,Tôi bị đau đầu khi làm việc này.
Thấp khớp/Tiêu hóa,Tôi cảm thấy như có ai đó đâm dao vào vai mình.
Đa khoa,"Khi đứng dậy quá nhanh, tôi bắt đầu cảm thấy chóng mặt và choáng váng."
Thấp khớp/Tiêu hóa,"Mỗi khi giơ tay lên, tôi cảm thấy đau nhức ở vai."
Thấp khớp/Tiêu hóa,Tại sao vai tôi lại đau khi tôi cố gắng nhặt quần áo giặt?
Thấp khớp,Tôi bị đau cơ ở chân trái.
Chỉnh hình,"Mỗi khi mang vác đồ nặng, tôi cảm thấy như lưng mình sắp gãy."
Tim mạch,"Tôi cảm thấy đau ở bên trái ngực, ngay chỗ tim."
Da liễu,Tôi hay phàn nàn về dị ứng da.
Da liễu,tóc tôi rụng
Hô hấp,Tôi cảm thấy như mình không thể hít thở sâu được.
Đa khoa,Tôi bị chóng mặt mỗi khi cố gắng đứng dậy.
Đa khoa,Tôi cảm thấy chóng mặt sau khi vận động cơ bắp.
Thần kinh/Tiêu hóa,"Tôi bị đau đầu dữ dội vài tháng một lần, và mỗi khi bị đau đầu thì thị lực của tôi lại bị ảnh hưởng."
Tâm thần,"Tôi cảm thấy tổn thương, trái tim tôi đau nhói."
Thấp khớp/Chỉnh hình,Tôi không thể ngẩng đầu lên cúi xuống được.
Da liễu,Tôi cảm thấy chán nản khi thấy tóc mình rụng.
Hô hấp,Tôi đi bộ mỗi ngày nhưng giờ đây chỉ đi được một đoạn ngắn là tôi đã bị khó thở.
Tai Mũi Họng,"Tôi không ngủ được, tôi bị ho dữ dội."
Đa khoa,Tôi cảm thấy như căn phòng đang quay cuồng.
Thấp khớp/Chỉnh hình,Tôi bị đau nhói ở cổ.
Nhãn khoa,Tôi gặp khó khăn khi đọc vì các chữ cái đều bị mờ.
Thấp khớp,Tôi bị đau chân.
Tâm thần,Tôi cảm thấy vô cùng đau khổ về mặt tinh thần sau khi chia tay bạn gái.
Thấp khớp,Tôi bị đau tay khi duỗi người.
Ngoại khoa,Vết thương nhiễm trùng của anh ta bắt đầu bị hoại tử.
Tiêu hóa,Tôi bị đau ngực khi hút thuốc.
Chỉnh hình,Tôi đang chơi bóng đá và bị chấn thương đau khớp.
Tai Mũi Họng,Tôi bị ho dữ dội kèm theo đờm.
Chỉnh hình,Đầu gối tôi thường đau nhức vào những ngày trời lạnh và mưa.
Thấp khớp,Tôi cảm thấy đau ở chân.
Thấp khớp,Tôi cảm thấy đau cơ mỗi khi gắng sức quá mức.
Hô hấp,Tôi bị nghẹt mũi suốt ngày và có chất dịch nhầy dính trong cổ họng khiến tôi không thể ngủ được. Tôi thường phải ngủ trưa trong tư thế ngồi.
Đa khoa,"Khi đứng dậy quá nhanh, tôi bắt đầu cảm thấy chóng mặt và choáng váng."
Tai Mũi Họng,Toàn thân tôi lạnh cóng.
Da liễu,"Tôi bị nổi mụn trên mặt, lúc có lúc không."
Thấp khớp/Tiêu hóa,"Mỗi khi tôi cử động vai, cơn đau lại lan xuống cánh tay."
Thấp khớp,"Tôi bắt đầu học bơi và hình như tôi đã nuốt quá nhiều nước qua mũi, vì vậy giờ tôi bị viêm xoang hành hạ."
Đa khoa,Tôi chẳng làm gì ở nhà cả mà vẫn cảm thấy kiệt sức.
Hô hấp,Tôi cảm thấy có gì đó làm tôi khó thở và tôi không thể thở được.
Nhãn khoa,Tôi bị nhìn mờ sau khi dùng nhầm thuốc.
Da liễu,Tôi cần tìm phương pháp điều trị rụng tóc.
Nhãn khoa,Thật khó để nhìn thấy mọi thứ
Ngoại khoa,"Tôi bị đứt tay khi mở lon đồ hộp, máu cứ chảy không ngừng và vết thương đang hở miệng."
Tiêu hóa,Tôi bị đau bụng dữ dội.
Tai Mũi Họng,Tai tôi bị đau và càng đau hơn khi nuốt. Tôi bị đau tai dữ dội và thuốc Tylenol cũng không giúp được gì.
Thần kinh/Tiêu hóa,"Tôi đau đầu và mất cảm giác ở mặt, sau đó mất thị lực ở mắt."
Ngoại khoa,Tôi phải đi khám bác sĩ vì tôi có một vết thương hở.
Đa khoa,"Kết quả xét nghiệm CBC của tôi cho thấy 10 Hb, tôi cảm thấy mệt mỏi vì công việc ít ỏi."
Da liễu,Tôi đã đi khám nhiều bác sĩ nhưng họ vẫn không tìm ra phương pháp điều trị phù hợp để giúp tôi lấy lại mái tóc.
Thấp khớp,Tôi bị gãy mắt cá chân khi leo núi đá ở dãy Carpathians.
Nhãn khoa,"Khi tôi đứng dậy quá nhanh, tầm nhìn của tôi bị mờ."
Tiêu hóa,Tôi bị đau nhói ở vùng bụng dưới.
Da liễu,Tôi bị phát ban da sau khi ăn kem.
Chỉnh hình,Tôi cảm thấy đau ở đầu gối.
Tiêu hóa,Tôi bị đau bụng.
Thấp khớp,Tôi bị đau cơ không rõ nguyên nhân.
Thấp khớp,"Sau khi chơi bóng đá, tôi bị đau cơ ở cả hai chân."
Chỉnh hình,Lưng tôi đau quá.
Thấp khớp/Tiêu hóa,Hôm qua tôi bị đau vai.
Đa khoa,Tôi đang đi du thuyền và cảm thấy chóng mặt.
Đa khoa,Tôi cảm thấy toàn thân yếu ớt.
Chỉnh hình,Tôi bị đau nhức ở các khớp.
Đa khoa,"Tôi cảm thấy chóng mặt khi ngồi trước máy tính xách tay khoảng một đến hai tiếng, nguyên nhân có thể là gì vậy?"
Đa khoa,"Khi đứng dậy quá nhanh, tôi bắt đầu cảm thấy chóng mặt và choáng váng."
Tim mạch,Tôi cảm thấy như có một cây kim đang đâm xuyên tim mình.
Nhãn khoa,"Tôi bị nhìn mờ và không nhìn rõ trong bóng tối, nguyên nhân là gì vậy bác sĩ?"
Đa khoa,Tôi cảm thấy toàn thân yếu ớt.
Tiêu hóa,Tôi cảm thấy nóng rát ở bụng khoảng 2 tiếng sau mỗi bữa ăn.
Tai Mũi Họng,Hệ thống sưởi trong nhà tôi bị hỏng nên tôi cảm thấy rất lạnh.
Thấp khớp/Tiêu hóa,Hôm qua tôi bị đau vai.
Ngoại khoa,Tôi bị tai nạn và vết thương vẫn còn hở khi tôi đến bệnh viện.
Hô hấp,Tôi cảm thấy rất khó thở.
Chỉnh hình,Tôi bị đau đầu gối mỗi khi đi bộ nhiều.
Thấp khớp,Bắp chân tôi có cảm giác như bị căng cứng và nhức nhối.
Tâm thần,Tôi thất vọng
Thấp khớp/Tiêu hóa,Vai tôi đau dữ dội.
Đa khoa,Tôi cảm thấy yếu
Thấp khớp/Tiêu hóa,"Khi giơ tay lên, tôi cảm thấy đau ở vai."
Tâm thần,Tôi cảm thấy đau lòng khi phải chia xa những người thân yêu.
Da liễu,Tình trạng mụn của tôi trở nên tồi tệ hơn khi trời nóng.
Da liễu,Tôi bị rụng tóc rất nhiều.
Tai Mũi Họng,Tôi có rất nhiều đờm khi ho.
Ngoại khoa,"Con gái tôi bị mèo cắn và giờ tay cháu bị đau, đỏ và sưng tấy, vết thương còn chảy dịch."
Tâm thần,"Mỗi khi nhớ về cô ấy, tôi lại cảm thấy buồn."
Chỉnh hình,Tôi thường bị đau nhức khớp mỗi khi trời lạnh.
Thấp khớp/Tiêu hóa,Tôi bị đau vai dữ dội.
Chỉnh hình,"Tôi bị đau âm ỉ ở vùng lưng dưới, khiến việc di chuyển trở nên khó khăn."
Tâm thần,Dạo này tôi cảm thấy rất buồn.
Tai Mũi Họng,Tôi đang gặp khó khăn trong việc nghe.
Tiêu hóa,Tôi bị đau bụng dữ dội.
Hô hấp,"Khi đi bộ, tôi khó thở."
Chỉnh hình,Toàn thân tôi đang trong tình trạng tồi tệ và tôi cần được điều trị tốt.
Thấp khớp/Chỉnh hình,Tôi hầu như không thể cử động cổ được. Nó đau quá.
Da liễu,Trên mặt tôi có mụn.
Thấp khớp,Tôi bị thương trong trận đấu bóng đá.
Da liễu,Tóc tôi không được đẹp lắm.
Thần kinh/Tiêu hóa,Sọ bị vỡ như quả hạch
Thấp khớp,"Trong cuộc phẫu thuật ở mắt cá chân, các dây thần kinh của tôi bị tổn thương nghiêm trọng đến mức tôi không thể chịu được khi ai đó chạm vào vết sẹo."
Nhãn khoa,Tôi đã thử đeo kính để nhìn rõ hơn nhưng vẫn không thấy có gì thay đổi.
Thấp khớp,Tôi bị đau cơ ở chân trái.
Chỉnh hình,"Tôi không thể đứng lên hay ngồi xuống được, tôi bị đau lưng rất khó chịu."
Tiêu hóa,Tôi cảm thấy đau nhói ở bụng.
Thấp khớp/Tiêu hóa,Tôi bị đau vai mỗi khi cố gắng mang vác đồ tạp hóa.
Ngoại khoa,Vết thương của tôi bị nhiễm trùng khi tôi đang trồng hoa trong vườn.
Thấp khớp/Tiêu hóa,Tôi bị nhức nhối ở vai.
Ngoại khoa,"Vết rách, vết thủng hoặc vết hở trên da"
Đa khoa,Tôi cảm thấy như căn phòng đang quay cuồng.
Da liễu,Tôi ghét mụn trứng cá của mình.
Da liễu,"Mỗi tháng, vào khoảng thời gian hành kinh, da mặt tôi lại nổi mụn rất nhiều."
Đa khoa,"Khi phê quá, tôi bắt đầu cảm thấy chóng mặt."
Tai Mũi Họng,Tôi không thể ngừng ho
Thấp khớp/Tiêu hóa,Tôi cảm thấy rất khó chịu ở hai bên cổ.
Đa khoa,Tôi cảm thấy choáng váng
Tiêu hóa,Tôi bị đau bụng mỗi khi bị cảm lạnh.
Ngoại khoa,"Tôi bị ngã xuyên qua cửa sổ khi đang lau chùi và có một mảnh kính găm vào mắt trái, tôi nghĩ tình trạng khá nghiêm trọng, xin hãy giúp tôi!"
Chỉnh hình,Đầu gối tôi có cảm giác như bị rỉ sét và đột nhiên tôi không thể gập nó lại được nữa.
Tai Mũi Họng,"Tôi ho rất nhiều khi ngửi mùi nước hoa, phổi tôi có vấn đề gì vậy?"
Ngoại khoa,"Bạn sẽ không tin đâu, nhưng vết thương nhiễm trùng trên tay tôi là do một vết cắt giấy mà tôi đã không coi trọng."
Thấp khớp/Chỉnh hình,Tôi bị đau cổ và không thể chịu đựng được cơn đau này.
Ngoại khoa,Tôi bị một vết thương sâu ở tay và không thể cầm máu được.
Đa khoa,"Tôi nhanh mệt quá, sáng sớm hầu như không mặc nổi quần áo."
Da liễu,Có cách nào chữa khỏi mụn trứng cá không?
Thần kinh/Tiêu hóa,Tôi bị đau đầu từ khi thức dậy sáng nay.
Tâm thần,"Mỗi khi nghĩ về cha mẹ, tôi lại cảm thấy đau lòng."
Thấp khớp/Tiêu hóa,Tôi cảm thấy đau vai khi gõ bàn phím.
Thấp khớp/Chỉnh hình,Tôi thức dậy mỗi sáng với chứng cứng cổ. Mát-xa giúp giảm đau nhưng vài ngày sau lại bị lại.
Tim mạch,"Mỗi khi buồn, tim tôi lại đau nhói, tại sao vậy?"
Da liễu,Tôi bị nổi mẩn đỏ và ngứa trên da.
Chỉnh hình,Đầu gối tôi bị vướng và đau khi mới đứng dậy sau khi ngồi.
Tai Mũi Họng,Tôi bị vấn đề ở tai giữa do nhiễm trùng.
Ngoại khoa,"Tôi có một vết thương giữa các ngón chân, vết thương lành lại qua đêm nhưng lại tái phát mỗi ngày khi tôi mang giày tây đi làm."
Chỉnh hình,Tôi cảm thấy đau ở đầu gối khi đi bộ.
Đa khoa,Tôi cảm thấy như thế giới cứ xoay vòng vòng.
Chỉnh hình,"đỏ, sưng tấy và khó đi lại"
Đa khoa,"Khi thức dậy vào buổi sáng, tôi cảm thấy kỳ lạ và chóng mặt."
Đa khoa,"Khi thức dậy vào buổi sáng, tôi cảm thấy cơ thể rất yếu."
Tâm thần,"Tôi cảm thấy mình không thể chịu đựng được nữa, tôi cảm thấy quá tải và không thể nào có được một chút thời gian nghỉ ngơi."
Tiêu hóa,"Sau khi ăn, tôi cảm thấy nóng rát bên trong cơ thể."
Thần kinh/Tiêu hóa,Tôi cảm thấy như có ai đó đang dùng búa đập vào đầu mình. Tôi thấy đau nhức ở đỉnh đầu và nó cứ giật giật.
Tiêu hóa,Các triệu chứng của viêm ruột thừa là gì?
Thấp khớp/Chỉnh hình,Tôi hay than phiền về chứng đau cổ và tôi thực sự cần phải khỏe hơn.
Da liễu,Tôi bị mụn khắp mặt.
Thấp khớp/Tiêu hóa,"Mỗi khi tôi cử động vai, cảm giác như có luồng điện chạy qua vai vậy."
Nhãn khoa,"Tôi cảm thấy đau nhức mắt, tôi nhìn thấy như có sương mù."
Chỉnh hình,Tôi bị đau khớp.
Tai Mũi Họng,Cơn đau tai của tôi không thể chịu nổi.
Da liễu,Bệnh mãn tính của nang tóc và tuyến bã nhờn
Tai Mũi Họng,Tôi cảm thấy lạnh
Da liễu,Tôi bị mụn khắp mặt.
Ngoại khoa,Tôi bị rách da giữa ngón tay cái và ngón trỏ và vết thương không lành lại được.
Hô hấp,"Đôi khi tôi cảm thấy như có một cái móng vuốt đang cào cấu ngực mình, khiến tôi khó thở."
Đa khoa,Mỗi khi đứng dậy tôi đều cảm thấy chóng mặt.
Đa khoa,"Khi tôi thức dậy, tôi cảm thấy chóng mặt và ngã xuống."
Ngoại khoa,Tôi có một vết thương hở đã chuyển sang màu đỏ và chảy mủ.
Đa khoa,Tôi cảm thấy khó chịu khắp cơ thể nói chung.
Da liễu,"Da ở lưng tôi có màu đỏ, tôi không biết tại sao."
Da liễu,Tóc tôi rụng rất nhiều.
Tai Mũi Họng,Tôi cảm thấy có chất lỏng muốn trào ra khi ho.
Tiêu hóa,Tôi cảm thấy đau bụng.
Thấp khớp,"Tôi bị đau dữ dội ở chân, đau như bị giật, và việc thư giãn bằng thuốc giảm đau không hiệu quả."
Thấp khớp,"Tôi bị đau chân vào mùa đông, hoặc khi trời lạnh, tại sao vậy?"
Ngoại khoa,Tôi bị đứt tay cách đây vài ngày và mặc dù tôi không nghĩ mình cần khâu nhưng vết thương vẫn chưa lành.
Thấp khớp,"Tối qua khi chơi bóng đá, tôi bị đá vào đầu."
Tai Mũi Họng,Tôi không thể thở được
Tâm thần,Tôi ly hôn năm ngoái và tôi cứ mãi nghĩ đến việc trả thù chồng cũ.
Nhãn khoa,Tôi gặp khó khăn khi đọc vì các chữ cái đều bị mờ.
Thấp khớp,Tôi vẫn không cảm thấy cơ bắp của mình đỡ hơn.
Tai Mũi Họng,"Tôi không ngủ được, tôi bị ho dữ dội."
Chỉnh hình,"Tôi không thể cử động chân, khớp bị đau."
Thấp khớp,"Tối qua khi chơi bóng đá, tôi bị đá vào đầu."
Thấp khớp,Tôi cảm thấy đau ở chân.
Hô hấp,Tôi cảm thấy tức ngực.
Nhãn khoa,"Tôi bị nhìn mờ trong lúc tập bơi ở bể bơi, tại sao vậy?"
Thấp khớp,Tôi bị đau chân rất nhiều khi chơi bóng đá.
Nhãn khoa,Tôi gặp khó khăn khi đọc vì các chữ cái đều bị mờ.
Chỉnh hình,Tôi đã dùng rất nhiều thuốc giảm đau để đỡ hơn nhưng tôi vẫn cảm thấy đau lưng.
Chỉnh hình,Tôi cảm thấy đau ở đầu gối.
Thấp khớp/Tiêu hóa,Vai tôi bị đau khi cố gắng nâng vật nặng năm pound.
Da liễu,Tôi bị nổi mẩn đỏ và ngứa trên da.
Tâm thần,Tôi cảm thấy suy sụp tinh thần.
Tim mạch,"Mỗi khi buồn, tim tôi lại đau nhói, tại sao vậy?"
Tâm thần,Tôi cảm thấy vô cùng đau khổ về mặt tinh thần sau khi chia tay bạn gái.
Da liễu,"Mỗi tháng, vào khoảng thời gian hành kinh, da mặt tôi lại nổi mụn rất nhiều."
Da liễu,Tôi cảm thấy chán nản khi thấy tóc mình rụng.
Thấp khớp/Tiêu hóa,"Tôi không thể mang vác bất cứ thứ gì, tôi bị đau vai."
Đa khoa,Tôi cảm thấy toàn thân rất yếu.
Đa khoa,Tôi cảm thấy chóng mặt sau khi vận động cơ bắp.
Da liễu,Tôi thường xuyên bị nổi mụn trên mặt.
Da liễu,Tôi đã thử rất nhiều loại kem nhưng tình trạng da của tôi vẫn vậy.
Thấp khớp/Chỉnh hình,Tôi bị đau cổ và không thể nhìn xuống hay nhìn lên.
Thấp khớp,Tôi bị đau chân.
Tiêu hóa,Bên trái của tôi đau nhức nhiều.
Da liễu,Tôi có vấn đề về da.
Chỉnh hình,Đầu gối của tôi không gập được tốt.
Ngoại khoa,Có một người bị thương.
Ngoại khoa,"Con gái tôi bị mèo cắn và giờ tay cháu bị đau, đỏ và sưng tấy, vết thương còn chảy dịch."
Nhãn khoa,Thật khó để nhìn thấy mọi thứ
Tiêu hóa,Tôi đã phân tích rất nhiều để tìm ra nguyên nhân chính gây ra chứng đau bụng của mình.
Ngoại khoa,"Tôi có một vết thương hở, đỏ và sưng lên."
Thấp khớp,"Tôi bị đau dữ dội ở chân, đau như bị giật, và việc thư giãn bằng thuốc giảm đau không hiệu quả."
Tâm thần,"Sau khi chia tay, tôi cảm thấy có điều gì đó lạ lẫm trong mình."
Thấp khớp/Tiêu hóa,Tôi bị đau khi giơ tay lên.
Tai Mũi Họng,Tôi bị ngứa tai.
Chỉnh hình,Cơn đau lưng của tôi nhói lên như dao đâm.
Thấp khớp/Tiêu hóa,"Mỗi khi tôi cử động vai, cảm giác như có luồng điện chạy qua vai vậy."
Da liễu,Ống thoát nước trong phòng tắm của tôi lúc nào cũng đầy tóc.
Tim mạch,Lòng tôi đau nhói.
Thấp khớp,Cảm giác đau như thể ở ngay dưới da.
Da liễu,Tôi có làn da khô
Chỉnh hình,Đầu gối tôi thường đau nhức vào những ngày trời lạnh và mưa.
Thấp khớp,Tôi bị đau cơ thang.
Da liễu,sử dụng thuốc bổ tóc
Chỉnh hình,Lưng trên của tôi bị đau suốt một tuần nay.
Tai Mũi Họng,Thỉnh thoảng tôi ho vì tôi hút thuốc.
Da liễu,Tóc tôi bị rụng khi tôi chải tóc.
Tâm thần,Tôi không hiểu sao mình cứ buồn mãi.
Tiêu hóa,"Cảm giác khó chịu hoặc đau nhức ở một điểm nào đó dọc theo phía trước cơ thể, giữa cổ và vùng bụng trên."
Tiêu hóa,"Tôi bị đau bụng sau khi uống bất kỳ loại nước ngọt nào, tại sao vậy?"
Nhãn khoa,"Tôi cảm thấy đau nhức mắt, tôi nhìn thấy như có sương mù."
Chỉnh hình,Tôi có cảm giác như toàn thân mình đang kêu ca.
Đa khoa,"Khi đứng dậy quá nhanh, tôi bắt đầu cảm thấy chóng mặt và choáng váng."
Tim mạch,"Tôi cảm thấy đau ở bên trái ngực, ngay chỗ tim."
Thấp khớp,Tôi bị đau nhức cơ vùng lưng dưới.
Tiêu hóa,Tôi cảm thấy đau nhói ở bụng.
Tâm thần,"Khi ông nội tôi qua đời, tôi đã trải qua một nỗi đau tinh thần sâu sắc."
Thấp khớp,Hôm qua tôi tập thể dục rất nhiều nên giờ tôi bị đau nhức cơ bắp dữ dội.
Tai Mũi Họng,"Tôi không khỏe, tôi cảm thấy rất lạnh."
Nhãn khoa,Tôi có đôi mắt mờ đục.
Đa khoa,"Mỗi khi tôi đứng dậy, đầu tôi lại bắt đầu quay cuồng."
Ngoại khoa,"Bạn sẽ không tin đâu, nhưng vết thương nhiễm trùng trên tay tôi là do một vết cắt giấy mà tôi đã không coi trọng."
Thấp khớp,Tôi đang chơi bóng đá và bị trẹo mắt cá chân.
Tai Mũi Họng,"Khi tôi cố gắng giữ ấm và mặc thêm quần áo, tôi thấy mình vẫn lạnh."
Tiêu hóa,"Cảm giác khó chịu hoặc đau nhức ở một điểm nào đó dọc theo phía trước cơ thể, giữa cổ và vùng bụng trên."
Chỉnh hình,Tôi có cảm giác như toàn thân mình đang kêu ca.
Tim mạch,Tôi cảm thấy đau tim mỗi khi đi bộ nhiều.
Thấp khớp,Vết sẹo dài trên mông trái của tôi là do ngã xe đạp leo núi.
Hô hấp,Tôi không gặp vấn đề gì khi hít vào nhưng thở ra thì rất nặng nhọc.
Đa khoa,Tôi cảm thấy chóng mặt và mất phương hướng.
Đa khoa,Tôi đã cố gắng làm giảm bớt nó nhưng không được.
Thấp khớp,Tôi bị đứt tay khi chơi bóng đá và đã bôi kem giảm đau nhưng không hiệu quả.
Thấp khớp,"Tôi nghĩ mình bị bong gân mắt cá chân rồi, đau quá."
Ngoại khoa,Vết thương của tôi bị nhiễm trùng hay chỉ đang lành lại?
Da liễu,Mặt tôi nổi đầy mụn.
Da liễu,Mụn của tôi bị ngứa và chảy dịch.
Da liễu,Mụn có phải là bệnh ngoài da không?
Tiêu hóa,Tôi bị đau âm ỉ ở bụng. Cơn đau càng nặng hơn sau khi ăn.
Tiêu hóa,Tôi bị đau nhói ở bụng.
Chỉnh hình,"Mỗi khi lên xuống cầu thang, đầu gối tôi lại phát ra tiếng kêu ken két."
Chỉnh hình,Tôi bị đau đầu gối khi đi lại.
Da liễu,Mụn của tôi thật sự khiến tôi xấu hổ. Nó đỏ quá.
Tiêu hóa,"Tôi cảm thấy bụng đầy và khó chịu, chướng bụng sau những bữa ăn no."
Thấp khớp/Chỉnh hình,Tôi không thể xoay cổ sang trái mà không cảm thấy đau nhói.
Nhãn khoa,"Mỗi khi ăn đường, tôi nhận thấy thị lực của mình bị mờ."
Thấp khớp,"Sau khi đi bộ, tôi cảm thấy đau ở lòng bàn chân."
Da liễu,Mặc dù đã trưởng thành nhưng mặt tôi vẫn cứ nổi mụn.
Tai Mũi Họng,Tai tôi bị ù.
Da liễu,Có thứ gì đó tối màu trên cánh tay tôi.
Thấp khớp/Chỉnh hình,Tôi cảm thấy tê rần ở cổ.
Thấp khớp,Tôi bị va đập đầu trong trận bóng rổ. Liệu tôi có bị chấn động não không?
Thần kinh/Tiêu hóa,"Khi mệt mỏi, tôi cảm thấy đầu mình nặng trĩu."
Da liễu,Mụn của tôi bị ngứa và chảy dịch.
Thấp khớp,Tôi bị gãy mắt cá chân khi leo núi đá ở dãy Carpathians.
Tai Mũi Họng,Tai tôi bị đau và càng đau hơn khi nuốt. Tôi bị đau tai dữ dội và thuốc Tylenol cũng không giúp được gì.
Tâm thần,Tôi luôn cảm thấy rất buồn.
Hô hấp,Tim tôi đập nhanh và tôi khó thở.
Da liễu,Tôi cảm thấy rất ngứa rát ở vùng gần cánh tay.
Đa khoa,"Khi thức dậy vào buổi sáng, tôi cảm thấy cơ thể rất yếu."
Thần kinh/Tiêu hóa,Tôi cảm thấy đau đầu
Thần kinh/Tiêu hóa,Tôi bị đau đầu mỗi khi cố gắng làm bất cứ việc gì.
Thấp khớp/Tiêu hóa,Vai tôi đau quá.
Đa khoa,Tôi cảm thấy choáng váng
Chỉnh hình,Tôi bị đau đầu gối khi đi bộ.
Tai Mũi Họng,Tôi không thể ngừng ho
Chỉnh hình,Tôi bị đau đầu gối khi chơi squash.
Ngoại khoa,Nhiễm trùng vết mổ
Nhãn khoa,Tôi không thể lái xe vào ban đêm vì mắt tôi bị mờ.
Da liễu,Tôi có vấn đề về da.
Da liễu,Tôi bị phát ban lạ trên cánh tay.
Thần kinh/Tiêu hóa,Sọ bị vỡ như quả hạch
Thấp khớp,Tôi bị đau cơ ở chân trái.
Thấp khớp,Tôi cần một loại kem giúp thư giãn cơ bắp.
Hô hấp,Tôi cảm thấy có gì đó làm tôi khó thở và tôi không thể thở được.
Tim mạch,Tôi cảm thấy như có một cây kim đang đâm xuyên tim mình.
Hô hấp,"Trước đây, tôi thường thở hổn hển sau khi leo cả chục bậc cầu thang, nhưng giờ đây, ngay cả khi ngồi xuống, tôi cũng khó thở."
Thấp khớp/Tiêu hóa,Tôi rất đau khi cử động tay.
Chỉnh hình,"Mỗi khi cúi xuống, tôi lại cảm thấy đau nhói ở lưng."
Tim mạch,Vùng xung quanh tim tôi cảm thấy không ổn.
Thấp khớp/Tiêu hóa,Vai tôi đau dữ dội.
Tim mạch,Tôi cảm thấy như có một cây kim đang đâm xuyên tim mình.
Thấp khớp,"Tôi bắt đầu học bơi và hình như tôi đã nuốt quá nhiều nước qua mũi, vì vậy giờ tôi bị viêm xoang hành hạ."
Tiêu hóa,Tôi cảm thấy nóng rát ở bụng khoảng 2 tiếng sau mỗi bữa ăn.
Tâm thần,Tôi thất vọng
Đa khoa,Tôi cảm thấy yếu
Thấp khớp,Tôi cần một loại kem giúp thư giãn cơ bắp.
Thấp khớp,"Nếu tôi giẫm phải kim thì chắc cũng không đau đến thế, như cái gai chết tiệt ở gót chân này."
Thấp khớp/Tiêu hóa,Tại sao vai tôi lại đau khi tôi cố gắng nhặt quần áo giặt?
Thấp khớp,Tôi bị đau cơ ở chân trái.
Tiêu hóa,Tôi cảm thấy đau bụng.
Hô hấp,Tôi gặp khó khăn khi thở ở những nơi đông người.
Chỉnh hình,Tôi cảm thấy đau ở vùng lưng dưới.
Da liễu,"Mỗi tháng, vào khoảng thời gian hành kinh, da mặt tôi lại nổi mụn rất nhiều."
Thần kinh/Tiêu hóa,Tôi bị đau âm ỉ ở đầu.
Ngoại khoa,Vết thương nhiễm trùng của anh ta bắt đầu bị hoại tử.
Tai Mũi Họng,Tôi cảm thấy lạnh mặc dù đang là mùa hè.
Thấp khớp,"Tôi bị đau chân vào mùa đông, hoặc khi trời lạnh, tại sao vậy?"
Tâm thần,thở nặng nhọc kèm theo mệt mỏi
Thấp khớp,Cơ bắp tay của tôi bắt đầu đau nhức sau khi tôi đến phòng tập thể dục.
Hô hấp,"Tôi cảm thấy không khỏe, tôi không thể thở được."
Đa khoa,Tôi cảm thấy toàn thân yếu ớt và đã cố gắng thư giãn nhưng vẫn thấy đau.
Nhãn khoa,Tôi bị nhìn mờ.
Da liễu,sử dụng thuốc bổ tóc
Thấp khớp/Tiêu hóa,Vai tôi đau quá.
Chỉnh hình,Tôi không thể làm việc tốt vì bị đau đầu gối.
Đa khoa,Tôi cảm thấy như thế giới cứ xoay vòng vòng.
Thần kinh/Tiêu hóa,Tôi cảm thấy đau đầu dữ dội.
Thấp khớp,"Tôi đã đi bộ 3 km, và cảm thấy đau nhức ở chân, giống như đau bàn chân vậy."
Đa khoa,"Khi đứng dậy quá nhanh, tôi bắt đầu cảm thấy chóng mặt và choáng váng."
Da liễu,Dạo này tôi thấy tóc mình rụng nhiều quá.
Thấp khớp/Chỉnh hình,Đau ở vùng cổ lớn
Ngoại khoa,Vết thương của tôi lại bị hở ra.
Thấp khớp,Tôi ngã xuống đất khi cố gắng ném bóng rổ.
Da liễu,Con trai tôi bị mụn trứng cá rất nhiều.
Da liễu,"Mỗi khi trời mưa, tôi lại bị nổi mẩn ngứa ở bụng và hai bên sườn."
Thấp khớp,Tôi không thể đi lại được vì chân tôi đau quá.
Chỉnh hình,Đường nóng rát dọc theo lưng kèm theo khó thở.
Đa khoa,Tôi gần như không còn đủ sức để đứng dậy.
Da liễu,Tôi có vấn đề về da.
Tai Mũi Họng,Tôi bị đau tai mỗi khi chạm vào.
Tai Mũi Họng,Tôi thường bị ho nặng khi bị cúm.
Thần kinh/Tiêu hóa,Tôi cảm thấy đau nhói ở đầu mỗi khi suy nghĩ quá nhiều.
Đa khoa,"Tôi cảm thấy toàn thân yếu ớt, mặt mũi tái nhợt và không ngủ ngon được."
Da liễu,Khi tôi cố gắng chăm sóc tóc thì phát hiện ra tóc mình bị rụng nhiều.
Da liễu,"Mặt tôi nổi những nốt mụn đỏ và cục u đau rát, dù tôi có rửa mặt bao nhiêu lần cũng không hết."
Chỉnh hình,"Tôi gặp khó khăn khi chịu trọng lượng lên đầu gối, khi đứng thẳng tôi cảm thấy và nghe thấy một tiếng kêu lách tách lớn."
Da liễu,Sáng nào gối tôi cũng có rất nhiều tóc.
Thấp khớp/Chỉnh hình,Tôi không thể xoay cổ sang trái mà không cảm thấy đau nhói.
Tim mạch,"Chồng tôi bỏ tôi để đến với người phụ nữ khác, trái tim tôi đau đớn đến mức tôi không thể ăn không thể ngủ được."
Chỉnh hình,"Khi chơi thể thao, tôi cảm thấy nóng rát ở cột sống."
Da liễu,Mụn của tôi thật sự khiến tôi xấu hổ. Nó đỏ quá.
Da liễu,Mụn của tôi bị ngứa và chảy dịch.
Tai Mũi Họng,Tôi bị ngứa tai.
Tai Mũi Họng,"Dù nhiệt độ trong nhà có cao, người tôi vẫn luôn cảm thấy lạnh."
Nhãn khoa,"Tôi lo lắng về khả năng lái xe của mình, vì tôi hầu như không thể tập trung khi ngồi sau tay lái, mắt tôi cứ chảy nước mắt."
Da liễu,Tôi bị nổi mẩn đỏ và ngứa trên da.
Thần kinh/Tiêu hóa,"Đầu tôi nặng trĩu, không thể suy nghĩ bình thường được."
Tiêu hóa,Tôi cảm thấy đau nhói ở bụng sau khi ăn.
Hô hấp,Ngực tôi đau khi hít thở.
Ngoại khoa,"Tôi cảm thấy không khỏe, vết thương của tôi bị nhiễm trùng."
Thấp khớp/Chỉnh hình,"Mỗi lần nhìn sang trái, tôi đều cảm thấy đau nhói ở cổ."
Tai Mũi Họng,"Tôi nghe không rõ, tôi có vấn đề về tai."
Đa khoa,"Khi thức dậy vào buổi sáng, tôi cảm thấy chóng mặt."
Chỉnh hình,Tôi cảm thấy đau lưng.
Chỉnh hình,"Tôi gặp khó khăn khi chịu trọng lượng lên đầu gối, khi đứng thẳng tôi cảm thấy và nghe thấy một tiếng kêu lách tách lớn."
Hô hấp,Tôi cảm thấy khó thở - liệu tôi có bị đau tim không?
Tâm thần,Dạo này tôi cảm thấy rất buồn.
Thấp khớp,"Khi chơi thể thao, tôi bị đau dưới da."
Tâm thần,"Tôi cảm thấy mình không thể chịu đựng được nữa, tôi cảm thấy quá tải và không thể nào có được một chút thời gian nghỉ ngơi."
Ngoại khoa,Tôi có một vết thương hở đã chuyển sang màu đỏ và chảy mủ.
Ngoại khoa,Tôi bị rách da ở ngón tay cái và vết thương không lành.
Thấp khớp,Tôi cảm thấy đau ở chân.
Đa khoa,Tôi cảm thấy chóng mặt sau khi bị tiêu chảy nặng.
Đa khoa,Tôi cảm thấy như căn phòng đang quay cuồng.
Thấp khớp/Chỉnh hình,Tôi cảm thấy đau cổ khi đang làm việc.
Da liễu,Tôi bị rụng tóc rất nhiều.
Tai Mũi Họng,Tôi bị ho suốt hai tuần nay rồi.
Tâm thần,Tôi cảm thấy đau lòng khi phải chia xa những người thân yêu.
Thấp khớp,"Sau một ngày làm việc vất vả, tôi bị đau chân."
Ngoại khoa,Tôi nghĩ vết thương của tôi bị nhiễm trùng rồi.
Chỉnh hình,Tôi cảm thấy đau ở đầu gối.
Chỉnh hình,Tôi bị đau nhức như kim châm ở các khớp.
Thấp khớp,"Có lẽ tôi đã tập tạ quá sức, vì tôi sợ mình đã bị rách cơ lưng."
Đa khoa,Đôi khi tôi cảm thấy cơ thể yếu ớt mà không rõ lý do.
Da liễu,Tôi cần tìm phương pháp điều trị rụng tóc.
Tai Mũi Họng,Tôi có rất nhiều đờm khi ho.
Da liễu,Tôi đã đi khám nhiều bác sĩ nhưng họ vẫn không tìm ra phương pháp điều trị phù hợp để giúp tôi lấy lại mái tóc.
Chỉnh hình,"Mỗi khi leo cầu thang, đầu gối phải của tôi đều bị đau."
Da liễu,Mụn có phải là bệnh ngoài da không?
Tâm thần,"Tôi cảm thấy mình không thể chịu đựng được nữa, tôi cảm thấy quá tải và không thể nào có được một chút thời gian nghỉ ngơi."
Tâm thần,Tôi luôn cảm thấy rất buồn.
Thấp khớp,"Mỗi sáng thức dậy, cổ tôi đều có cảm giác như ngủ sai tư thế."
Tiêu hóa,Tôi bị đau đầu mỗi ngày.
Tai Mũi Họng,Từ khi vào rừng tôi bị đau tai.
Chỉnh hình,Tôi bị đau nhói dọc sống lưng.
Tim mạch,Tôi cảm thấy một cơn đau kỳ lạ và dữ dội bên trong lồng ngực.
Thấp khớp,"Khi chơi thể thao, tôi bị đau dưới da."
Chỉnh hình,"Mỗi khi lên xuống cầu thang, đầu gối tôi lại phát ra tiếng kêu ken két."
Đa khoa,Tôi cảm thấy chóng mặt mỗi khi đứng dậy.
Thần kinh/Tiêu hóa,Tôi cảm thấy đầu mình bị đè nặng rất nhiều.
Tiêu hóa,Tôi đã phân tích rất nhiều để tìm ra nguyên nhân chính gây ra chứng đau bụng của mình.
Thấp khớp,Tôi bị chấn thương trong một trận bóng đá và được chẩn đoán là tổn thương dây chằng chéo.
Thấp khớp/Tiêu hóa,Tôi bị đau vai sau khi làm bất cứ việc gì liên quan đến nhà.
Thấp khớp/Chỉnh hình,Tôi bị đau dữ dội ở cổ.
Thấp khớp/Tiêu hóa,Tôi bị đau khi giơ tay lên.
Ngoại khoa,Tôi phải đi khám bác sĩ vì tôi có một vết thương hở.
Thấp khớp,Tôi ngã xuống đất khi cố gắng ném bóng rổ.
Thần kinh/Tiêu hóa,"Tôi đau đầu và mất cảm giác ở mặt, sau đó mất thị lực ở mắt."
Tai Mũi Họng,Tôi không thở được vì ho
Thấp khớp/Chỉnh hình,Tôi hầu như không thể cử động cổ được. Nó đau quá.
Ngoại khoa,Vết thương của tôi có vẻ không lành tốt.
Da liễu,Mặc dù đã trưởng thành nhưng mặt tôi vẫn cứ nổi mụn.
Thấp khớp/Tiêu hóa,Tôi bị đau vai dữ dội.
Ngoại khoa,"Tôi bị đứt tay khi mở lon đồ hộp, máu cứ chảy không ngừng và vết thương đang hở miệng."
Ngoại khoa,"Vết thương phẫu thuật đỏ, có mủ chảy ra, đau và nóng khi chạm vào."
Tiêu hóa,Tôi bị đau nhói ở vùng bụng dưới.
Chỉnh hình,"Tôi bị đau âm ỉ ở vùng lưng dưới, khiến việc di chuyển trở nên khó khăn."
Ngoại khoa,Tôi bị đứt tay cách đây vài tuần và dù đã bôi kem kháng sinh nhưng vết thương vẫn không đỡ.
Chỉnh hình,Tôi thường bị đau nhức khớp mỗi khi trời lạnh.
Da liễu,Tôi đã đi khám nhiều bác sĩ nhưng họ vẫn không tìm ra phương pháp điều trị phù hợp để giúp tôi lấy lại mái tóc.
Thấp khớp,Tôi bị đau chân.
Thấp khớp,"Hồi còn nhỏ, tôi từng bị chấn thương đầu gối do chơi thể thao."
Chỉnh hình,Bệnh xương mãn tính ở mức độ gấp đôi của Estremidades dưới
Thấp khớp,Tôi bị đứt tay khi chơi bóng đá và đã bôi kem giảm đau nhưng không hiệu quả.
Tiêu hóa,Bụng tôi bắt đầu đau nhưng sau khi ăn thứ gì đó nhẹ nhàng thì lại thấy dễ chịu hơn.
Ngoại khoa,"Con trai tôi vừa xỏ khuyên môi và giờ môi bị sưng, phần da bên trong môi có màu xám và trông như bị nhiễm trùng."
Da liễu,Tôi bị nổi mụn thành từng cụm trên mặt và chúng không bao giờ biến mất.
Tim mạch,Tôi bị đau tim mỗi khi tập thể dục.
Thấp khớp/Tiêu hóa,"Tôi không thể mang vác bất cứ thứ gì, tôi bị đau vai."
Ngoại khoa,Tôi bị đứt tay cách đây vài ngày và mặc dù tôi không nghĩ mình cần khâu nhưng vết thương vẫn chưa lành.
Chỉnh hình,Lưng trên của tôi bị đau suốt một tuần nay.
Thấp khớp/Tiêu hóa,Tôi có cảm giác như mình vừa đến một phòng khám châm cứu và bị cắm 100 cây kim vào vai.
Da liễu,Ống thoát nước trong phòng tắm của tôi lúc nào cũng đầy tóc.
Tiêu hóa,"Tôi bị đau ở đại tràng và dạ dày, cảm giác như có vật gì đó đang cắt vào."
Ngoại khoa,Tôi bị đứt tay cách đây vài tuần và dù đã bôi kem kháng sinh nhưng vết thương vẫn không đỡ.
Tai Mũi Họng,Nhiệt độ cơ thể tôi giảm xuống và toàn thân bị co giật.
Da liễu,Tôi cần tìm phương pháp điều trị rụng tóc.
Thần kinh/Tiêu hóa,"Tôi đau đầu và mất cảm giác ở mặt, sau đó mất thị lực ở mắt."
Nhãn khoa,"Khi tôi đứng dậy quá nhanh, tầm nhìn của tôi bị mờ."
Đa khoa,"Tôi cảm thấy cơ thể yếu ớt sau ngày đầu tiên đến phòng tập, tại sao vậy?"
Da liễu,"Tóc tôi rụng từng mảng lớn, đặc biệt là khi gội đầu."
Tai Mũi Họng,Tai tôi bị đau và càng đau hơn khi nuốt. Tôi bị đau tai dữ dội và thuốc Tylenol cũng không giúp được gì.
Tai Mũi Họng,Tôi bị ớn lạnh và đau nhức khắp người.
Chỉnh hình,"Mỗi khi leo cầu thang, đầu gối phải của tôi đều bị đau."
Tiêu hóa,Tôi bị đau nhưng không thể xác định được vị trí cụ thể.
Tiêu hóa,Tôi cảm thấy đau nhói ở bụng.
Tiêu hóa,Tôi bị đau bụng từ hôm qua.
Thần kinh/Tiêu hóa,Sọ bị vỡ như quả hạch
Thần kinh/Tiêu hóa,Tôi bị đau đầu mỗi khi ăn kem.
Thấp khớp,Bắp chân tôi có cảm giác như bị căng cứng và nhức nhối.
Thần kinh/Tiêu hóa,Tôi bị đau âm ỉ ở đầu.
Thấp khớp,"Lúc đầu tôi cảm thấy tê cứng, nhưng sau đó hàng nghìn mũi kim bắt đầu châm chích khắp bàn chân."
Chỉnh hình,Tôi không thể làm việc tốt vì bị đau đầu gối.
Tai Mũi Họng,Tôi cảm thấy có chất lỏng muốn trào ra khi ho.
Chỉnh hình,"Tôi bị đau lưng, không thể duỗi thẳng được."
Da liễu,Những đốm đỏ trên má tôi mới xuất hiện. Đó là gì vậy?
Tiêu hóa,Khi ăn tôi cảm thấy đau bụng.
Đa khoa,"Khi tôi đứng dậy, tôi có cảm giác như mình sắp ngã ngay lập tức."
Chỉnh hình,Tôi bị đau đầu gối khi đang bơi.
Tiêu hóa,"Tôi bị đau bụng khi ăn đồ ăn nóng, tại sao vậy?"
Chỉnh hình,Tôi rất đau lưng mỗi khi cúi người.
Đa khoa,"Khi thức dậy vào buổi sáng, tôi cảm thấy chóng mặt."
Tim mạch,Trái tim đau nhói vô cùng
Ngoại khoa,"Chân tôi đang nuốt nước bọt, điều này cho thấy vết thương của tôi bị nhiễm trùng."
Chỉnh hình,Đường nóng rát dọc theo lưng kèm theo khó thở.
Ngoại khoa,"Tôi cảm thấy không khỏe, vết thương của tôi bị nhiễm trùng."
Da liễu,"Tôi bị nổi những mảng mụn lớn, ngứa rát trên lưng và rất đau."
Tâm thần,Tôi cảm thấy suy sụp tinh thần.
Tai Mũi Họng,"Tôi không thể ngừng run rẩy hay nới lỏng hàm, tôi lạnh đến mức đó."
Tai Mũi Họng,"Tôi nghe không rõ, tôi có vấn đề về tai."
Hô hấp,"Có những lúc tôi cảm thấy như bị đè bẹp dưới một sức nặng khổng lồ và không khí không thể vào phổi, điều đó thực sự khiến tôi sợ chết khiếp mỗi khi chuyện đó xảy ra."
Da liễu,Mụn của tôi thật sự khiến tôi xấu hổ. Nó đỏ quá.
Thấp khớp/Chỉnh hình,Tôi không thể xoay cổ sang trái mà không cảm thấy đau nhói.
Thấp khớp/Chỉnh hình,Tôi cảm thấy tê rần ở cổ.
Tai Mũi Họng,Tôi nghĩ có dịch trong tai tôi.
Tim mạch,Tim tôi như muốn nổ tung.
Tâm thần,"Tâm trí tôi cảm thấy rất buồn, như thể đang đau đớn. Cảm giác trong đầu tôi thật tồi tệ và mỗi khi nghĩ về chuyện chia tay, tôi lại khóc vì buồn bã."
Tim mạch,Tôi cảm thấy như tim mình sắp nhảy ra khỏi lồng ngực. Đau quá.
Tiêu hóa,Tôi bị đau bụng và đầy hơi liên tục.
Tâm thần,"Sau khi chia tay, tôi cảm thấy có điều gì đó lạ lẫm trong mình."
Chỉnh hình,Tôi bị đau đầu gối khi đi lại.
Da liễu,Tóc tôi rụng từng mảng lớn.
Tai Mũi Họng,Tôi bị ngứa tai.
Chỉnh hình,"Mỗi khi leo cầu thang, đầu gối phải của tôi đều bị đau."
Ngoại khoa,Con gái tôi vừa xỏ khuyên tai và một bên dái tai của cháu đỏ rực và nóng rát.
Chỉnh hình,Tôi cảm thấy đau nhói ở khớp mắt cá chân khi đứng.
Chỉnh hình,Tôi cảm thấy có tiếng lách cách ở đầu gối mỗi khi bước đi.
Da liễu,Tôi bị nổi mụn thành từng mảng và da mặt bị đỏ nhiều.
Đa khoa,"Mỗi khi tôi đứng dậy, đầu tôi lại bắt đầu quay cuồng."
Tiêu hóa,"Cảm giác khó chịu hoặc đau nhức ở một điểm nào đó dọc theo phía trước cơ thể, giữa cổ và vùng bụng trên."
Tai Mũi Họng,Tôi cảm thấy lạnh khi màn đêm buông xuống.
Tim mạch,Trái tim đau nhói vô cùng
Da liễu,Có cách nào chữa khỏi mụn trứng cá không?
Tiêu hóa,Hôm qua ăn đồ ăn cay Ấn Độ thì tôi bị đau bụng và đầy hơi.
Da liễu,Tôi bị nổi mẩn đỏ và ngứa trên da.
Thấp khớp,"Tôi đi lại khó khăn, chân tôi bị đau."
Tiêu hóa,Tôi luôn có cảm giác như bị đau bụng kinh ngay cả khi không đến kỳ kinh nguyệt.
Thấp khớp,Chân tôi bị đau từ thứ Ba tuần trước.
Da liễu,Tôi cảm thấy như mình vừa rơi vào vũng nước nóng vậy.
Chỉnh hình,Tôi cảm thấy đau nhói ở khớp mắt cá chân khi đứng.
Da liễu,"Khi chải tóc, tôi nhận thấy có những mảng tóc lớn rụng ra trên lược."
Chỉnh hình,Tôi cảm thấy cứng khớp ở khuỷu tay và vai.
Đa khoa,Tôi cảm thấy choáng váng khi đứng dậy.
Đa khoa,Tôi cảm thấy chóng mặt và mất phương hướng.
Thấp khớp/Tiêu hóa,"Tôi không thể mang vác bất cứ thứ gì, tôi bị đau vai."
Da liễu,Tôi đã thử rất nhiều loại kem nhưng tình trạng da của tôi vẫn vậy.
Tai Mũi Họng,Tôi bị ho dữ dội kèm theo đờm.
Tiêu hóa,Tôi cảm thấy đau bụng.
Da liễu,Mụn trứng cá khiến tôi cảm thấy xấu hổ.
Chỉnh hình,Tôi đang chơi bóng đá và bị chấn thương đau khớp.
Chỉnh hình,Lưng trên của tôi bị đau suốt một tuần nay.
Thấp khớp,Tôi cảm thấy đau ở chân.
Da liễu,Tôi bị thiếu tóc
Chỉnh hình,Tôi cảm thấy đau lưng.
Đa khoa,Tôi cảm thấy khó chịu khắp cơ thể nói chung.
Da liễu,Da tôi bị ngứa và viêm.
Da liễu,"Tôi cảm thấy tê buốt sâu khi chạm vào mụn, sau đó là cảm giác khó chịu."
Da liễu,Tôi cảm thấy ngứa dữ dội trên da và da bị đỏ.
Ngoại khoa,"Con trai tôi xăm hình cách đây vài tuần và vùng da xung quanh hình xăm bị sưng tấy, nóng rát và có vẻ như bị nhiễm trùng."
Tiêu hóa,Tôi cảm thấy đau bụng.
Nhãn khoa,"Tôi bị nhìn mờ trong lúc tập bơi ở bể bơi, tại sao vậy?"
Tai Mũi Họng,Tôi cảm thấy lạnh dù nhiệt độ cao.
Tim mạch,Tôi cảm thấy nhịp tim tăng nhanh khi bị chích.
Da liễu,Tôi đã thử rất nhiều loại kem nhưng tình trạng da của tôi vẫn vậy.
Thấp khớp/Chỉnh hình,Tôi bị đau nhói ở cổ.
Chỉnh hình,Đầu gối tôi đau đến nỗi mỗi khi đi lại tôi lại ngồi nhiều hơn mức cần thiết.
Chỉnh hình,Tôi cảm thấy đau ở vùng lưng dưới.
Hô hấp,"Tôi cảm thấy không khỏe, tôi không thể thở được."
Chỉnh hình,Tôi không thể tập thể dục vì bị đau đầu gối.
Tiêu hóa,Các triệu chứng của viêm ruột thừa là gì?
Tim mạch,"Chồng tôi bỏ tôi để đến với người phụ nữ khác, trái tim tôi đau đớn đến mức tôi không thể ăn không thể ngủ được."
Da liễu,Tôi có một vết thương đóng vảy ở mu bàn tay mà mãi không lành.
Tiêu hóa,Tôi bị đau bụng và đầy hơi liên tục.
Tim mạch,Tôi bị đau ngực và cảm thấy rất buồn.
Ngoại khoa,Tôi bị đứt tay và đang chảy máu.
Chỉnh hình,"Tôi gặp khó khăn khi chịu trọng lượng lên đầu gối, khi đứng thẳng tôi cảm thấy và nghe thấy một tiếng kêu lách tách lớn."
Thấp khớp/Tiêu hóa,"Sau khi chơi tennis, tôi cảm thấy một cảm giác mạnh ở gần cổ."
Da liễu,Mụn có phải là bệnh ngoài da không?
Da liễu,Mụn của tôi bị ngứa và chảy dịch.
Da liễu,Tôi có một vết thương đóng vảy ở mu bàn tay mà mãi không lành.
Hô hấp,Tôi cảm thấy khó thở - liệu tôi có bị đau tim không?
Tâm thần,Tôi luôn cảm thấy rất buồn.
Da liễu,Có thứ gì đó tối màu trên cánh tay tôi.
Tiêu hóa,Tôi bị đau đầu mỗi ngày.
Da liễu,Tóc của anh ấy rụng chỉ vì chải tóc thôi.
Thấp khớp/Tiêu hóa,Vai tôi đau quá.
Chỉnh hình,"Cơn đau dữ dội, đặc biệt là khi tôi xuống cầu thang, cảm giác như có thứ gì đó bị gãy bên trong đầu gối."
Tai Mũi Họng,"Khi tôi cố gắng giữ ấm và mặc thêm quần áo, tôi thấy mình vẫn lạnh."
Chỉnh hình,Tôi bị đau đầu gối khi đang bơi.
Chỉnh hình,Tôi nghĩ mình đã làm quá sức khi khiêng đống gỗ đó từ ngoài sân về. Lưng dưới của tôi đau nhức kinh khủng.
Đa khoa,"Khi tôi đứng dậy, tôi có cảm giác như mình sắp ngã ngay lập tức."
Ngoại khoa,Tôi bị một vết cắt ở chân và nó đã bị nhiễm trùng do sử dụng vòi sen ở phòng tập thể dục.
Nhãn khoa,Tôi nhận thấy thị lực của mình giảm sút đáng kể khi cố gắng nhìn những vật ở cự ly gần.
Thấp khớp,Trước đây tôi rất tích cực tham gia thể thao nhưng giờ cơ thể tôi đang bị đau nhức.
Da liễu,"Mặt tôi nổi những nốt mụn đỏ và cục u đau rát, dù tôi có rửa mặt bao nhiêu lần cũng không hết."
Ngoại khoa,Tôi tự đánh mình và vết thương không muốn lành.
Hô hấp,Tôi cảm thấy khó thở - liệu tôi có bị đau tim không?
Tiêu hóa,Tôi bị đau đầu mỗi ngày.
Chỉnh hình,"Khi chơi thể thao, tôi cảm thấy nóng rát ở cột sống."
Tai Mũi Họng,"Dù nhiệt độ trong nhà có cao, người tôi vẫn luôn cảm thấy lạnh."
Nhãn khoa,"Khi lái xe, mắt tôi nhìn thấy hình ảnh kép."
Chỉnh hình,"đỏ, sưng tấy và khó đi lại"
Tim mạch,Vùng xung quanh tim tôi cảm thấy không ổn.
Chỉnh hình,Đầu gối tôi bị sưng ngay dưới xương bánh chè và đau khi tôi tì trọng lượng lên đó.
Tai Mũi Họng,Tôi bị đau tai khi tắm.
Ngoại khoa,Vết thương bị nhiễm trùng của tôi gây ra sốt.
Chỉnh hình,Tôi bị đau ở khớp khuỷu tay.
Thần kinh/Tiêu hóa,Tôi bị đau đầu khi làm việc này.
Chỉnh hình,"Khi tôi duỗi chân, khớp gối bị đau."
Da liễu,Trên da tôi có một vết đỏ.
Nhãn khoa,Tôi không nhìn rõ.
Thấp khớp,Chân tôi bị đau và không thể xoay được. Có lẽ nó bị gãy rồi.
Chỉnh hình,"Cơn đau dữ dội, đặc biệt là khi tôi xuống cầu thang, cảm giác như có thứ gì đó bị gãy bên trong đầu gối."
Chỉnh hình,Đầu gối tôi có cảm giác như bị rỉ sét và đột nhiên tôi không thể gập nó lại được nữa.
Chỉnh hình,Đầu gối tôi đau quá.
Tai Mũi Họng,Tôi bị đau tai mỗi khi chạm vào.
Tiêu hóa,Tôi cảm thấy buồn nôn.
Tai Mũi Họng,Tai tôi đau quá.
Tiêu hóa,Tôi bị đau ngực khi hút thuốc.
Da liễu,"Khi tôi thức dậy, tôi thấy da mình mờ ảo."
Thấp khớp,Tôi bị đau cơ.
Tai Mũi Họng,Tôi cảm thấy lạnh khi màn đêm buông xuống.
Chỉnh hình,Các khớp của tôi cảm thấy sưng tấy.
Tai Mũi Họng,Bị cảm lạnh và ho nặng
Tiêu hóa,Tôi cảm thấy đau nhói ở bụng sau khi ăn.
Tâm thần,Tôi bị bệnh tâm thần
Thấp khớp,"Tôi bắt đầu học bơi và hình như tôi đã nuốt quá nhiều nước qua mũi, vì vậy giờ tôi bị viêm xoang hành hạ."
Thấp khớp/Tiêu hóa,Tôi có cảm giác như mình vừa đến một phòng khám châm cứu và bị cắm 100 cây kim vào vai.
Da liễu,Ống thoát nước trong phòng tắm của tôi lúc nào cũng đầy tóc.
Chỉnh hình,"Tôi rất thích làm vườn nhưng mỗi khi cúi người xuống, tôi lại bị đau nhói ở lưng dưới."
Thấp khớp/Chỉnh hình,Tôi bị đau cổ nên không ngủ được.
Da liễu,Tôi cảm thấy ngứa dữ dội trên da và da bị đỏ.
Tai Mũi Họng,Tôi bị đau nhói ở tai.
Thấp khớp/Tiêu hóa,Tôi bị đau vai dữ dội.
Tai Mũi Họng,"Tôi lo lắng vì khả năng chịu lạnh của mình kém, tôi luôn run rẩy, ngay cả khi ở ngoài trời nắng."
Đa khoa,"Tôi cảm thấy cơ thể yếu ớt sau ngày đầu tiên đến phòng tập, tại sao vậy?"
Tiêu hóa,Tôi bị đau bụng dữ dội.
Tiêu hóa,Đau nhói và khó thở
Chỉnh hình,Tôi bị đau lưng rất nhiều.
Hô hấp,"Khi đi bộ, tôi khó thở."
Da liễu,"Khi tôi thức dậy, tôi thấy da mình mờ ảo."
Chỉnh hình,Đầu gối tôi đau quá.
Chỉnh hình,Tôi bị đau lưng và không thể cúi gập người hay đi lại được.
Tai Mũi Họng,"Tôi không thể ngừng run rẩy hay nới lỏng hàm, tôi lạnh đến mức đó."
Nhãn khoa,Tôi nhận thấy thị lực của mình giảm sút đáng kể khi cố gắng nhìn những vật ở cự ly gần.
Thấp khớp/Chỉnh hình,Tôi thức dậy mỗi sáng với chứng cứng cổ. Mát-xa giúp giảm đau nhưng vài ngày sau lại bị lại.
Tai Mũi Họng,"Khi tôi cố gắng giữ ấm và mặc thêm quần áo, tôi thấy mình vẫn lạnh."
Đa khoa,"Tôi cảm thấy chóng mặt khi ngồi trước máy tính xách tay khoảng một đến hai tiếng, nguyên nhân có thể là gì vậy?"
Thấp khớp/Tiêu hóa,Vai tôi đau dữ dội.
Chỉnh hình,"Tôi rất thích làm vườn nhưng mỗi khi cúi người xuống, tôi lại bị đau nhói ở lưng dưới."
Tiêu hóa,Tôi bị đau bụng.
Tai Mũi Họng,"Tôi được chẩn đoán mắc chứng thiếu máu do thiếu vitamin B12, điều này giải thích tại sao tôi luôn cảm thấy lạnh."
Chỉnh hình,Lưng trên của tôi bị đau suốt một tuần nay.
Tiêu hóa,Tôi cảm thấy đau nhức toàn thân.
Hô hấp,Tôi cảm thấy tức ngực.
Nhãn khoa,"Tôi cảm thấy đau nhức mắt, tôi nhìn thấy như có sương mù."
Đa khoa,Tôi cảm thấy chóng mặt sau khi vận động cơ bắp.
Chỉnh hình,Lưng tôi đau quá nên không thể cúi xuống buộc dây giày được.
Nhãn khoa,"Tôi bị nhìn mờ và không nhìn rõ trong bóng tối, nguyên nhân là gì vậy bác sĩ?"
Chỉnh hình,Tôi không thể tập thể dục vì bị đau đầu gối.
Đa khoa,Tôi cảm thấy yếu
Da liễu,Tôi bị mụn trên mặt và các vấn đề khác về da liễu như ngứa.
Đa khoa,Tôi cảm thấy như căn phòng đang quay cuồng.
Da liễu,Tôi đã thử rất nhiều loại kem nhưng tình trạng da của tôi vẫn vậy.
Da liễu,Trên da tôi có một vết đỏ.
Thấp khớp/Chỉnh hình,"Cứng đờ, không thể nhìn sang phải hoặc trái trừ khi di chuyển toàn bộ cơ thể."
Thần kinh/Tiêu hóa,Tôi bị đau đầu mỗi khi ăn kem.
Thấp khớp,Tôi bị đau cơ bụng dữ dội từ khi đi tập gym.
Da liễu,Tôi bị rụng tóc rất nhiều.
Thấp khớp,Bắp chân tôi có cảm giác như bị căng cứng và nhức nhối.
Chỉnh hình,Tôi cảm thấy đau khớp mỗi khi cử động.
Đa khoa,Tôi cảm thấy như căn phòng đang quay cuồng.
Tai Mũi Họng,"Tôi luôn cảm thấy lạnh, ngay cả khi mặc nhiều lớp áo."
Tiêu hóa,Tôi bị đau bụng từ hôm qua.
Thấp khớp,Tôi bị thương trong trận đấu bóng đá.
Nhãn khoa,Tôi bị nhìn mờ sau khi dùng nhầm thuốc.
Tâm thần,"Khi ông nội tôi qua đời, tôi đã trải qua một nỗi đau tinh thần sâu sắc."
Hô hấp,Tôi gặp vấn đề về khả năng thở ra vì tôi bị hen phế quản.
Tai Mũi Họng,"Tôi không khỏe, tôi cảm thấy rất lạnh."
Tai Mũi Họng,Tôi bị đau tai khi tắm.
Tai Mũi Họng,"Khi thức dậy, tôi cảm thấy lạnh."
Da liễu,Tôi bị nổi mụn thành từng mảng và da mặt bị đỏ nhiều.
Thấp khớp,"Hồi còn nhỏ, tôi từng bị chấn thương đầu gối do chơi thể thao."
Đa khoa,Tôi cảm thấy khó chịu khắp cơ thể nói chung.
Da liễu,Tôi cảm thấy chán nản khi thấy tóc mình rụng.
Thấp khớp,Tôi bị đau chân.
Tiêu hóa,Tôi có một nỗi đau nội tâm không thể diễn tả được.
Chỉnh hình,Lưng tôi đau quá nên không thể cúi xuống buộc dây giày được.
Da liễu,Tôi không thể có bạn gái vì mụn trứng cá.
Thấp khớp/Chỉnh hình,Tôi hay than phiền về chứng đau cổ và tôi thực sự cần phải khỏe hơn.
Nhãn khoa,"Tôi bị nhìn mờ từ sáng nay, không biết nguyên nhân là gì?"
Chỉnh hình,Tôi đang chơi bóng đá và bị chấn thương đau khớp.
Ngoại khoa,"Con trai tôi vừa xỏ khuyên môi và giờ môi bị sưng, phần da bên trong môi có màu xám và trông như bị nhiễm trùng."
Tim mạch,"Ôi tim tôi đau nhói, tôi đã cố gắng bình tĩnh nhưng không thể."
Hô hấp,Tôi cảm thấy tức ngực.
Thấp khớp,Tôi cảm thấy nóng rát ở cơ vai.
Thấp khớp,"Hồi còn nhỏ, tôi từng bị chấn thương đầu gối do chơi thể thao."
Tai Mũi Họng,Tôi cảm thấy lạnh mặc dù đang là mùa hè.
Tim mạch,"Ôi tim tôi đau nhói, tôi đã cố gắng bình tĩnh nhưng không thể."
Thần kinh/Tiêu hóa,Tôi cảm thấy đau đầu
Đa khoa,"Tôi cảm thấy rất chóng mặt, cơ thể rất yếu."
Chỉnh hình,Tôi cảm thấy như có thứ gì đó đang đâm vào các khớp của mình.
Thấp khớp,Cơ bắp tay của tôi bắt đầu đau nhức sau khi tôi đến phòng tập thể dục.
Thấp khớp,"Tôi bị đau chân vào mùa đông, hoặc khi trời lạnh, tại sao vậy?"
Tai Mũi Họng,Tôi bị ho suốt hai tuần nay rồi.
Nhãn khoa,"Tôi bị nhìn mờ từ sáng nay, không biết nguyên nhân là gì?"
Hô hấp,Tôi gặp khó khăn khi thở ở những nơi đông người.
Da liễu,Tình trạng mụn của tôi trở nên tồi tệ hơn khi trời nóng.
Chỉnh hình,Lưng tôi đau quá nên không thể cúi xuống buộc dây giày được.
Ngoại khoa,Tôi có một vết thương hở ở cánh tay.
Tâm thần,Tôi cảm thấy đau lòng mỗi khi nghĩ về cô ấy.
Tiêu hóa,Tôi có một nỗi đau nội tâm không thể diễn tả được.
Đa khoa,Tôi cảm thấy toàn thân yếu ớt và đã cố gắng thư giãn nhưng vẫn thấy đau.
Thấp khớp,Tôi bị đau lưng khi đang tập tạ ở phòng gym.
Tiêu hóa,Tôi cảm thấy đau bụng.
Tai Mũi Họng,Tôi không ngủ được vì ho
Da liễu,"Mỗi tháng, vào khoảng thời gian hành kinh, da mặt tôi lại nổi mụn rất nhiều."
Đa khoa,Tôi cảm thấy yếu
Hô hấp,"Tôi khó thở khi ở trong ga tàu điện ngầm, tại sao vậy?"
Da liễu,Tóc tôi bị rụng khi tôi chải tóc.
Da liễu,Tôi bị nổi mụn thành từng cụm trên mặt và chúng không bao giờ biến mất.
Thấp khớp,Tôi bị đau chân rất nhiều khi chơi bóng đá.
Chỉnh hình,Tôi bị đau khớp.
Hô hấp,Tôi cảm thấy tức ngực.
Da liễu,tóc tôi rụng
Chỉnh hình,Tôi cảm thấy cứng khớp ở khuỷu tay và vai.
Da liễu,Tôi bị mụn khắp mặt.
Hô hấp,Tôi cảm thấy như mình không thể hít thở sâu được.
Da liễu,Tôi bị thiếu tóc
Da liễu,Tôi có làn da khô
Chỉnh hình,"Tôi không thể cử động chân, khớp bị đau."
Da liễu,Tôi không thể có bạn gái vì mụn trứng cá.
Đa khoa,"Tôi không khỏe, tôi cảm thấy chóng mặt."
Thấp khớp/Chỉnh hình,Tôi gặp khó khăn khi cử động cổ.
Đa khoa,Tôi đang đi du thuyền và cảm thấy chóng mặt.
Thấp khớp,Bắp chân tôi có cảm giác như bị căng cứng và nhức nhối.
Thấp khớp/Chỉnh hình,"Cứng đờ, không thể nhìn sang phải hoặc trái trừ khi di chuyển toàn bộ cơ thể."
Da liễu,"Đôi khi trời lạnh, mặt tôi bị đau, đặc biệt là vùng quanh những nốt mụn sắp vỡ."
Đa khoa,Tôi cảm thấy toàn thân yếu ớt.
Tim mạch,Tôi cảm thấy tim mình như đang bốc cháy.
Tiêu hóa,Tôi bị đau bụng dữ dội và không thể ăn bất cứ thứ gì.
Da liễu,ngứa ở phía trước và chính giữa da đầu
Da liễu,Tôi bị nổi mụn khi ăn ớt.
Thấp khớp/Tiêu hóa,Tôi bị đau vai mỗi khi cố gắng mang vác đồ tạp hóa.
Thấp khớp/Tiêu hóa,"Mỗi khi giơ tay lên, tôi cảm thấy đau nhức ở vai."
Hô hấp,Tôi cảm thấy rất khó thở.
Đa khoa,"Khi đứng dậy quá nhanh, tôi bắt đầu cảm thấy chóng mặt và choáng váng."
Thấp khớp,Tôi thích đi bộ và hoạt động ngoài trời nhưng lòng bàn chân của tôi rất nhanh bị đau.
Tim mạch,Vùng xung quanh tim tôi cảm thấy không ổn.
Thần kinh/Tiêu hóa,Tôi bị đau đầu.
Da liễu,Mụn ở ngực tôi cứ nổi lên và không bao giờ hết.
Tim mạch,Cảm giác nghẹn ngào trong tim khiến tôi khó thở.
Chỉnh hình,Tôi cảm thấy đau khớp mỗi khi cử động.
Tiêu hóa,"Khi thức dậy, tôi thấy mình bị đau bụng và đã thử uống thuốc nhưng bụng vẫn đau."
Tai Mũi Họng,Tôi bị đau tai khi tắm.
Chỉnh hình,Cơn đau lưng của tôi nhói lên như dao đâm.
Tim mạch,Tim tôi đập nhanh và điều đó khiến tôi sợ hãi.
Ngoại khoa,Con gái tôi vừa xỏ khuyên tai và một bên dái tai của cháu đỏ rực và nóng rát.
Tâm thần,Dạo này tôi cảm thấy rất buồn.
Ngoại khoa,Tôi bị một vết cắt đã được khâu lại nhưng nó không lành. Nó đang chảy mủ màu xanh và bị bỏng rát.
Thấp khớp/Tiêu hóa,Tôi bị đau khi giơ tay lên.
Chỉnh hình,Toàn thân tôi đang trong tình trạng tồi tệ và tôi cần được điều trị tốt.
Chỉnh hình,Tôi bị đau khớp. Tôi không thể chịu đựng được cơn đau.
Thấp khớp/Tiêu hóa,Tôi không thể chịu đựng được cảm giác khó chịu này ở vai.
Thần kinh/Tiêu hóa,Không thể tập trung
Thấp khớp,"Tôi bị đau dữ dội ở chân, đau như bị giật, và việc thư giãn bằng thuốc giảm đau không hiệu quả."
Thần kinh/Tiêu hóa,Tôi cảm thấy đầu mình bị đè nặng rất nhiều.
Da liễu,Tôi có vấn đề về da.
Ngoại khoa,Nhiễm trùng vết mổ
Đa khoa,"Tôi cảm thấy toàn thân yếu ớt, mặt mũi tái nhợt và không ngủ ngon được."
Tiêu hóa,Tôi cảm thấy đau bụng dữ dội.
Thần kinh/Tiêu hóa,"Tôi không thể đứng dậy, tôi cảm thấy não mình như đang di chuyển bên trong hộp sọ."
Chỉnh hình,Tôi nghĩ mình đã làm quá sức khi khiêng đống gỗ đó từ ngoài sân về. Lưng dưới của tôi đau nhức kinh khủng.
Tiêu hóa,Tôi bị đau bụng mỗi khi bị cảm lạnh.
Thấp khớp/Chỉnh hình,Tôi cảm thấy đau cổ sau khi thức dậy.
Ngoại khoa,"Bạn sẽ không tin đâu, nhưng vết thương nhiễm trùng trên tay tôi là do một vết cắt giấy mà tôi đã không coi trọng."
Nhãn khoa,Tôi bị nhìn mờ sau khi dùng nhầm thuốc.
Da liễu,"Tôi bị nổi mụn trên mặt, lúc có lúc không."
Thấp khớp,Tôi cảm thấy đau cơ mỗi khi gắng sức quá mức.
Tai Mũi Họng,Tôi bị sổ mũi.
Tai Mũi Họng,Tôi thường bị ho nặng khi bị cúm.
Da liễu,Mụn ở ngực tôi cứ nổi lên và không bao giờ hết.
Thấp khớp,Tôi bị đau cơ dữ dội từ khi đi tập gym.
Hô hấp,Tôi cảm thấy rất khó thở.
Thấp khớp/Tiêu hóa,Vai tôi đau dữ dội.
Thấp khớp/Tiêu hóa,Tôi cảm thấy rất đau ở vai mỗi khi cố gắng nâng vật nặng.
Da liễu,Tôi bị nổi mụn khi ăn ớt.
Tiêu hóa,Tôi bị đau bụng.
Chỉnh hình,Tôi cảm thấy đau nhức ở đầu gối khi đi bộ.
Thấp khớp/Tiêu hóa,Tôi bị đau vai mỗi khi cố gắng mang vác đồ tạp hóa.
Tiêu hóa,Tôi cảm thấy nóng rát ở bụng khoảng 2 tiếng sau mỗi bữa ăn.
Thấp khớp,Tôi bị đau cơ dữ dội từ khi đi tập gym.
Tai Mũi Họng,Tôi bị đau tai mỗi khi đi bơi.
Thấp khớp,Tôi bị thương trong trận đấu bóng đá.
Nhãn khoa,"Khi tôi cố gắng nhìn, tầm nhìn của tôi bị mờ."
Tai Mũi Họng,Tôi bị sổ mũi.
Tim mạch,Tôi cảm thấy tim mình đau nhói khi chạy một quãng đường dài.
Thần kinh/Tiêu hóa,Sọ bị vỡ như quả hạch
Đa khoa,Tôi chẳng làm gì ở nhà cả mà vẫn cảm thấy kiệt sức.
Hô hấp,"Tôi được chẩn đoán mắc bệnh viêm phổi, tôi khó thở."
Ngoại khoa,"Con gái tôi đi tỉa lông mày và việc đó đã làm rách da ở một bên lông mày, giờ chỗ đó bị sưng và chảy dịch."
Da liễu,Tóc tôi bị rụng nhiều sau khi tắm.
Tai Mũi Họng,Toàn thân tôi lạnh cóng.
Tai Mũi Họng,Tôi thường bị ho nặng khi bị cúm.
Tai Mũi Họng,Tôi không biết tại sao mình lại cảm thấy lạnh.
Tim mạch,Vùng xung quanh tim tôi cảm thấy không ổn.
Thấp khớp/Tiêu hóa,Tôi không thể cử động tay một cách bình thường.
Tim mạch,Cảm giác nghẹn ngào trong tim khiến tôi khó thở.
Chỉnh hình,Tôi bị đau nhức ở các khớp.
Đa khoa,"Khi đứng dậy quá nhanh, tôi bắt đầu cảm thấy chóng mặt và choáng váng."
Thấp khớp/Tiêu hóa,"Mỗi khi tôi cử động vai, cơn đau lại lan xuống cánh tay."
Hô hấp,Tôi bị nghẹt mũi suốt ngày và có chất dịch nhầy dính trong cổ họng khiến tôi không thể ngủ được. Tôi thường phải ngủ trưa trong tư thế ngồi.
Thấp khớp/Chỉnh hình,Tôi bị đau cổ nên không ngủ được.
Chỉnh hình,Tôi bị đau lưng từ khi ngã xuống sàn.
Hô hấp,Tôi gặp vấn đề về khả năng thở ra vì tôi bị hen phế quản.
Thấp khớp/Tiêu hóa,Tại sao vai tôi lại đau khi tôi cố gắng nhặt quần áo giặt?
Da liễu,Trên mặt tôi có mụn.
Ngoại khoa,"Vết rách, vết thủng hoặc vết hở trên da"
Ngoại khoa,Vết thương hở ở tay tôi bị nhiễm trùng.
Thấp khớp,Tôi cảm thấy rất đau ở chân sau khi chơi một trong những trò chơi thể thao.
Đa khoa,Tôi cảm thấy như căn phòng đang quay cuồng.
Da liễu,Tôi ghét mụn trứng cá của mình.
Đa khoa,"Tôi không thể tập thể dục được, tôi cảm thấy yếu."
Ngoại khoa,Vết thương bị nhiễm trùng của tôi gây ra sốt.
Ngoại khoa,Có một người bị thương.
Tai Mũi Họng,Mỗi lần hít thở sâu là tôi lại ho.
Tai Mũi Họng,Tôi bị đau nhói ở tai.
Chỉnh hình,Tôi bị đau khớp sau chấn thương trong trận bóng đá gần đây nhất.
Tiêu hóa,Tôi bị khó tiêu
Tiêu hóa,Tôi bị đau nhói ở vùng bụng dưới.
Đa khoa,Tôi cảm thấy chóng mặt khi thực hiện các chuyển động đột ngột.
Da liễu,Tôi cần gãi da mỗi phút
Tai Mũi Họng,Tôi không thở được vì ho
Chỉnh hình,Đứng chưa đến năm phút mà lưng tôi bắt đầu đau.
Ngoại khoa,Vết thương vẫn còn hở
Da liễu,"Tôi chưa từng gặp vấn đề về mụn trứng cá cho đến lần mang thai cuối cùng, khi đột nhiên lưng tôi nổi đầy mụn."
Da liễu,Tôi cần tìm phương pháp điều trị rụng tóc.
Thấp khớp,Tôi bị chấn thương trong một trận bóng đá và được chẩn đoán là tổn thương dây chằng chéo.
Chỉnh hình,Tôi bị đau khi gập tay.
Da liễu,Một cơn rụng tóc khủng khiếp
Đa khoa,"Kết quả xét nghiệm CBC của tôi cho thấy 10 Hb, tôi cảm thấy mệt mỏi vì công việc ít ỏi."
Thấp khớp/Tiêu hóa,Tại sao vai tôi lại đau khi tôi cố gắng nhặt quần áo giặt?
Thấp khớp/Chỉnh hình,Tôi bị đau cổ khi ngồi trước máy tính xách tay.
Chỉnh hình,"Mỗi khi mang vác đồ nặng, tôi cảm thấy như lưng mình sắp gãy."
Thấp khớp,Hôm qua tôi tập thể dục rất nhiều nên giờ tôi bị đau nhức cơ bắp dữ dội.
Thấp khớp,Tôi bị đau cơ bụng dữ dội từ khi đi tập gym.
Thấp khớp,Tôi không thể nhảy bằng chân trái vì chấn thương gãy ba xương ở mắt cá chân khiến tôi đau nhức không dứt.
Thấp khớp/Tiêu hóa,"Tôi cảm thấy như có một cục u sưng tấy ở xương bả vai, kèm theo cơn đau nhói từ đó."
Tiêu hóa,Tôi bị đau nội tạng.
Tâm thần,Tôi bị rối loạn cảm xúc.
Nhãn khoa,Tôi có đôi mắt mờ đục.
Tai Mũi Họng,Hệ thống sưởi trong nhà tôi bị hỏng nên tôi cảm thấy rất lạnh.
Thần kinh/Tiêu hóa,Tôi bị đau đầu mỗi khi ăn kem.
Chỉnh hình,Tôi bị đau đầu gối mỗi khi đi bộ nhiều.
Hô hấp,"Trước đây, tôi thường thở hổn hển sau khi leo cả chục bậc cầu thang, nhưng giờ đây, ngay cả khi ngồi xuống, tôi cũng khó thở."
Da liễu,ngứa ở phía trước và chính giữa da đầu
Da liễu,"Khi tôi gội đầu, tóc tôi rụng rất nhiều."
Tim mạch,Đau dữ dội ở phía trên bên trái ngực và có thể lan ra lưng.
Thần kinh/Tiêu hóa,Tôi bị đau đầu.
Da liễu,Tóc tôi bị rụng nhiều sau khi tắm.
Thấp khớp,Tôi cần một loại kem giúp thư giãn cơ bắp.
Chỉnh hình,Tôi cảm thấy đau lưng khi ngồi trên ghế lâu.
Tâm thần,"Khi ông nội tôi qua đời, tôi đã trải qua một nỗi đau tinh thần sâu sắc."
Thấp khớp/Tiêu hóa,Hôm qua tôi bị đau vai.
Chỉnh hình,"Khi tôi duỗi chân, khớp gối bị đau."
Tim mạch,Cảm giác nghẹn ngào trong tim khiến tôi khó thở.
Thấp khớp/Tiêu hóa,"Mỗi khi giơ tay lên, tôi cảm thấy đau nhức ở vai."
Thấp khớp,"Nếu tôi giẫm phải kim thì chắc cũng không đau đến thế, như cái gai chết tiệt ở gót chân này."
Hô hấp,"Tôi được chẩn đoán mắc bệnh viêm phổi, tôi khó thở."
Tai Mũi Họng,"Tôi luôn cảm thấy lạnh, ngay cả khi mặc nhiều lớp áo."
Thần kinh/Tiêu hóa,Tôi bị đau đầu kèm theo chóng mặt.
Chỉnh hình,"đỏ, sưng tấy và khó đi lại"
Thấp khớp,Bắp chân tôi có cảm giác như bị căng cứng và nhức nhối.
Thần kinh/Tiêu hóa,Tôi cảm thấy đau đầu
Ngoại khoa,"Mảnh kính vỡ và làm tôi bị thương nặng ở chân, vết thương rất rộng."
Tai Mũi Họng,Tôi bị ho suốt hai tuần nay rồi.
Thấp khớp,Tôi bị đau lưng khi đang tập tạ ở phòng gym.
Thấp khớp/Chỉnh hình,Tôi không thể ngẩng đầu lên cúi xuống được.
Da liễu,Tình trạng mụn của tôi trở nên tồi tệ hơn khi trời nóng.
Ngoại khoa,"Lần trước khi cắt móng chân, tôi đã cắt quá ngắn và giờ móng chân của tôi bị nhiễm trùng."
Tai Mũi Họng,Tôi cảm thấy lạnh và ớn lạnh dù đã mặc quần áo dày.
Nhãn khoa,Tôi bị mờ mắt sau khi bị va đập vào đầu hôm qua.
Ngoại khoa,"Bạn sẽ không tin đâu, nhưng vết thương nhiễm trùng trên tay tôi là do một vết cắt giấy mà tôi đã không coi trọng."
Đa khoa,"Tôi không thể làm gì cả, toàn thân tôi đều yếu ớt."
Thấp khớp/Chỉnh hình,"Mỗi lần nhìn sang trái, tôi đều cảm thấy đau nhói ở cổ."
Da liễu,Khi tôi cố gắng chăm sóc tóc thì phát hiện ra tóc mình bị rụng nhiều.
Chỉnh hình,Tôi bị đau khớp ở các ngón tay vào buổi sáng.
Thấp khớp,"Sau khi chơi bóng đá, tôi bị đau cơ ở cả hai chân."
Chỉnh hình,Tôi bị đau lưng và không thể cúi gập người hay đi lại được.
Chỉnh hình,Tôi đã dùng rất nhiều thuốc giảm đau để đỡ hơn nhưng tôi vẫn cảm thấy đau lưng.
Đa khoa,"Khi tôi đứng dậy, tôi có cảm giác như mình sắp ngã ngay lập tức."
Chỉnh hình,Tôi bị đau đầu gối khi đang bơi.
Tai Mũi Họng,Tôi luôn cảm thấy ngứa rát ở cổ họng.
Thần kinh/Tiêu hóa,Tôi cảm thấy đau nhói ở đầu mỗi khi suy nghĩ quá nhiều.
Thấp khớp/Tiêu hóa,Hôm qua tôi mang một chiếc túi nặng và sáng nay khi thức dậy tôi cảm thấy vai rất đau.
Chỉnh hình,Tôi đã dùng rất nhiều thuốc giảm đau để đỡ hơn nhưng tôi vẫn cảm thấy đau lưng.
Thấp khớp,"Tôi bị đau cơ chân sau khi chạy bộ hôm qua, tôi đã uống thuốc giảm đau nhưng không hiệu quả."
Tai Mũi Họng,Tôi thức giấc vào ban đêm vì cảm thấy lạnh.
Chỉnh hình,Tôi cảm thấy đau ở đầu gối.
Tai Mũi Họng,Nghe thấy bất kỳ tiếng động lớn nào cũng khiến tai tôi đau nhức.
Tai Mũi Họng,Tai tôi đau quá.
Ngoại khoa,Người ta phát hiện anh ta có một vết thương hở.
Chỉnh hình,Mắt cá chân của tôi đang bị đau.
Tai Mũi Họng,Tôi không thể ngừng ho
Nhãn khoa,Tôi bị mờ mắt sau khi bị va đập vào đầu hôm qua.
Thấp khớp,"Khi chơi bóng đá, tôi bị đau cơ."
Tim mạch,Tôi cảm thấy đau tim mỗi khi đi bộ nhiều.
Nhãn khoa,Tôi nhận thấy thị lực của mình giảm sút đáng kể khi cố gắng nhìn những vật ở cự ly gần.
Da liễu,Tôi bị phát ban trên da.
Thấp khớp,"Có lẽ tôi đã tập tạ quá sức, vì tôi sợ mình đã bị rách cơ lưng."
Tim mạch,Trái tim đau nhói vô cùng
Da liễu,Những đốm đỏ trên má tôi mới xuất hiện. Đó là gì vậy?
Thấp khớp/Tiêu hóa,Tôi không thể cử động vai vì đau.
Tim mạch,Tôi cảm thấy đau nhói trong tim.
Thấp khớp/Tiêu hóa,Vai tôi bị đau.
Da liễu,Dạo này tôi thấy tóc mình rụng nhiều quá.
Chỉnh hình,Các khớp của tôi cảm thấy sưng tấy.
Chỉnh hình,Tôi cảm thấy đau nhức dữ dội ở khớp vai và cơn đau không thuyên giảm.
Thấp khớp/Tiêu hóa,Vai tôi bị đau khi cố gắng nâng vật nặng năm pound.
Tai Mũi Họng,Cảm giác ho càng tăng lên khi mùa đông đến.
Đa khoa,"Khi đứng dậy quá nhanh, tôi bắt đầu cảm thấy chóng mặt và choáng váng."
Thần kinh/Tiêu hóa,"Đầu tôi nặng trĩu, không thể suy nghĩ bình thường được."
Thấp khớp,"Tôi đã đi bộ 3 km, và cảm thấy đau nhức ở chân, giống như đau bàn chân vậy."
Thấp khớp/Chỉnh hình,Tôi không thể xoay cổ sang trái mà không cảm thấy đau nhói.
Tiêu hóa,Tôi bị đau đầu mỗi ngày.
Thấp khớp,Tôi bị va đập đầu trong trận bóng rổ. Liệu tôi có bị chấn động não không?
Chỉnh hình,Tôi bị đau đầu gối khi đi lại.
Ngoại khoa,Vết thương của tôi bị nhiễm trùng hay chỉ đang lành lại?
Hô hấp,Tôi cảm thấy khó thở - liệu tôi có bị đau tim không?
Da liễu,Tóc của anh ấy rụng chỉ vì chải tóc thôi.
Da liễu,"Mặt tôi nổi những nốt mụn đỏ và cục u đau rát, dù tôi có rửa mặt bao nhiêu lần cũng không hết."
Tai Mũi Họng,Tôi bị ớn lạnh và đau nhức khắp người.
Thấp khớp,"Sau khi đi bộ, tôi cảm thấy đau ở lòng bàn chân."
Tiêu hóa,"Tôi cảm thấy bụng đầy và khó chịu, chướng bụng sau những bữa ăn no."
Đa khoa,Tôi có cảm giác toàn thân không còn chút sức lực nào.
Hô hấp,Tim tôi đập nhanh và tôi khó thở.
Tai Mũi Họng,"Tôi không nghe rõ bằng tai, cảm giác như có vật gì đó gây khó chịu trong tai."
Da liễu,Tôi có một vết thương đóng vảy ở mu bàn tay mà mãi không lành.
Tiêu hóa,Tôi bị đau âm ỉ ở bụng. Cơn đau càng nặng hơn sau khi ăn.
Da liễu,Da tôi rất khô và bong tróc.
Thấp khớp,Trước đây tôi rất tích cực tham gia thể thao nhưng giờ cơ thể tôi đang bị đau nhức.
Tai Mũi Họng,Tôi cảm thấy tức ngực.
Tai Mũi Họng,Tôi không biết tại sao mình lại cảm thấy lạnh.
Ngoại khoa,Tôi vô tình bị dao cứa vào tay khi đang nấu ăn.
Hô hấp,Tôi cảm thấy như mình không thể hít thở sâu được.
Tai Mũi Họng,Cơn đau tai của tôi không thể chịu nổi.
Da liễu,Tôi bị nổi mụn thành từng cụm trên mặt và chúng không bao giờ biến mất.
Đa khoa,Tôi đang đi du thuyền và cảm thấy chóng mặt.
Thấp khớp/Chỉnh hình,Tôi gặp khó khăn khi cử động cổ.
Tai Mũi Họng,Tôi không thể thở được
Ngoại khoa,"Con gái tôi đi tỉa lông mày và việc đó đã làm rách da ở một bên lông mày, giờ chỗ đó bị sưng và chảy dịch."
Hô hấp,"Năm ngoái, bà tôi phải nhập viện vì khó thở."
Thấp khớp/Chỉnh hình,Tôi gặp khó khăn khi cử động cổ.
Thấp khớp/Chỉnh hình,Tôi hay than phiền về chứng đau cổ và tôi thực sự cần phải khỏe hơn.
Tai Mũi Họng,Tôi bị ho dữ dội kèm theo đờm.
Chỉnh hình,"Tôi không thể cử động chân, khớp bị đau."
Ngoại khoa,Tôi bị rách da ở ngón tay cái và vết thương không lành.
Tiêu hóa,Đau ruột mãn tính
Chỉnh hình,Đầu gối tôi thường đau nhức vào những ngày trời lạnh và mưa.
Tai Mũi Họng,Tôi nghĩ nhiệt độ cơ thể của tôi rất thấp.
Thấp khớp,Tôi cảm thấy đau ở chân.
Thần kinh/Tiêu hóa,"Tôi bị đau đầu dữ dội vài tháng một lần, và mỗi khi bị đau đầu thì thị lực của tôi lại bị ảnh hưởng."
Thấp khớp,Tôi cảm thấy đau ở vai phải sau trận đấu quần vợt.
Tâm thần,Tôi cảm thấy muốn tự tử.
Da liễu,Tôi hay phàn nàn về dị ứng da.
Da liễu,"Khi chải tóc, tôi nhận thấy có những mảng tóc lớn rụng ra trên lược."
Nhãn khoa,"Tôi không nhìn thấy biển báo, tầm nhìn của tôi bị mờ."
Đa khoa,Tôi đã cố gắng làm giảm bớt nó nhưng không được.
Ngoại khoa,Tôi bị đứt tay cách đây vài ngày và mặc dù tôi không nghĩ mình cần khâu nhưng vết thương vẫn chưa lành.
Da liễu,Tôi có làn da khô
Thấp khớp/Chỉnh hình,Tôi cảm thấy đau ở cổ.
Thấp khớp,Tôi bị đứt tay khi chơi bóng đá và đã bôi kem giảm đau nhưng không hiệu quả.
Da liễu,Tôi bị nổi mụn thành từng cụm trên mặt và chúng không bao giờ biến mất.
Thấp khớp,Tôi bị đau chân rất nhiều khi chơi bóng đá.
Chỉnh hình,Tôi cảm thấy cứng khớp ở khuỷu tay và vai.
Thấp khớp,Tôi đã thử xoa bóp chân nhưng chúng vẫn đau.
Da liễu,Tôi không thể có bạn gái vì mụn trứng cá.
Tai Mũi Họng,Tôi không thể thở được
Chỉnh hình,Tôi cảm thấy đau nhói ở khớp mắt cá chân khi đứng.
Thấp khớp,"Tối qua khi chơi bóng đá, tôi bị đá vào đầu."
Thấp khớp,Tôi bị ngã khi nhảy lên để bắt bóng.
Da liễu,Mặc dù đã trưởng thành nhưng mặt tôi vẫn cứ nổi mụn.
Da liễu,Ngực tôi nổi mụn đỏ và mụn đầu trắng.
Tai Mũi Họng,Tôi bị ho suốt hai tuần nay rồi.
Chỉnh hình,"Cảm giác khó chịu xuất hiện đột ngột, thường là sau chấn thương hoặc tập luyện."
Thấp khớp/Chỉnh hình,Tôi cảm thấy đau cổ khi đang làm việc.
Da liễu,Tôi hay phàn nàn về dị ứng da.
Tiêu hóa,Tôi có một nỗi đau nội tâm không thể diễn tả được.
Tâm thần,thở nặng nhọc kèm theo mệt mỏi
Da liễu,Bệnh mãn tính của nang tóc và tuyến bã nhờn
Đa khoa,"Tôi cảm thấy rất chóng mặt, cơ thể rất yếu."
Thấp khớp,Tôi bị đau tay khi duỗi người.
Đa khoa,Tôi cảm thấy khó chịu khắp cơ thể nói chung.
Tai Mũi Họng,Tôi cảm thấy lạnh mặc dù đang là mùa hè.
Tiêu hóa,Tôi cảm thấy đau bụng.
Đa khoa,Tôi cảm thấy toàn thân yếu ớt và đã cố gắng thư giãn nhưng vẫn thấy đau.
Ngoại khoa,Vết thương nhiễm trùng của anh ta bắt đầu bị hoại tử.
Thần kinh/Tiêu hóa,Tôi bị đau âm ỉ ở đầu.
Thấp khớp/Chỉnh hình,Tôi không thể xoay cổ.
Tâm thần,Tôi cảm thấy đau lòng mỗi khi nghĩ về cô ấy.
Hô hấp,"Tôi cảm thấy không khỏe, tôi không thể thở được."
Đa khoa,Tôi cảm thấy chóng mặt sau khi bị tiêu chảy nặng.
Ngoại khoa,Vết thương của tôi bị nhiễm trùng khi tôi đang trồng hoa trong vườn.
Thần kinh/Tiêu hóa,Tôi cảm thấy đau đầu
Tâm thần,Tôi cảm thấy muốn tự tử.
Da liễu,Tôi không thể có bạn gái vì mụn trứng cá.
Da liễu,Tôi có làn da khô
Tiêu hóa,Tôi bị đau ngực khi hút thuốc.
Đa khoa,Tôi cảm thấy chóng mặt sau khi vận động cơ bắp.
Chỉnh hình,Tôi đang chơi bóng đá và bị chấn thương đau khớp.
Tâm thần,Tôi ly hôn năm ngoái và tôi cứ mãi nghĩ đến việc trả thù chồng cũ.
Đa khoa,Tôi cảm thấy choáng váng khi đứng dậy.
Hô hấp,Tôi đi bộ mỗi ngày nhưng giờ đây chỉ đi được một đoạn ngắn là tôi đã bị khó thở.
Thấp khớp,"Mỗi khi tập luyện cường độ cao, tôi đều cảm thấy đau nhức dữ dội ở các cơ."
Thấp khớp,"Hồi còn nhỏ, tôi từng bị chấn thương đầu gối do chơi thể thao."
Ngoại khoa,Tôi bị đứt tay cách đây vài ngày và mặc dù tôi không nghĩ mình cần khâu nhưng vết thương vẫn chưa lành.
Đa khoa,Tôi cảm thấy khó chịu khắp cơ thể nói chung.
Ngoại khoa,Tôi bị rách da giữa ngón tay cái và ngón trỏ và vết thương không lành lại được.
Hô hấp,Tôi cảm thấy như mình không thể hít thở sâu được.
Tai Mũi Họng,Tôi cảm thấy lúc nào cũng có thứ gì đó vướng trong cổ họng.
Nhãn khoa,Máy khử trùng mắt
Đa khoa,Tôi gần như không còn đủ sức để đứng dậy.
Tim mạch,Tôi cảm thấy đau nhói trong tim.
Thấp khớp,"Tôi đi lại khó khăn, chân tôi bị đau."
Đa khoa,Tôi gần như không còn đủ sức để đứng dậy.
Tai Mũi Họng,Tôi bị ho khan nặng
Chỉnh hình,Tôi cảm thấy đau lưng.
Chỉnh hình,Khớp mắt cá chân của tôi bị nhức nhối mỗi khi tôi đặt trọng lực lên bàn chân.
Ngoại khoa,Tôi bị đứt tay cách đây vài ngày và mặc dù tôi không nghĩ mình cần khâu nhưng vết thương vẫn chưa lành.
Tâm thần,Tôi ly hôn năm ngoái và tôi cứ mãi nghĩ đến việc trả thù chồng cũ.
Hô hấp,"Tôi cảm thấy không khỏe, tôi không thể thở được."
Chỉnh hình,"Cảm giác khó chịu xuất hiện đột ngột, thường là sau chấn thương hoặc tập luyện."
Tai Mũi Họng,Tôi cảm thấy lạnh dù nhiệt độ cao.
Thấp khớp/Chỉnh hình,Tôi không thể ngẩng đầu lên cúi xuống được.
Tim mạch,Tôi cảm thấy nhịp tim tăng nhanh khi bị chích.
Da liễu,Tôi hay phàn nàn về dị ứng da.
Thấp khớp/Tiêu hóa,Tôi bị nhức nhối ở vai.
Chỉnh hình,Bệnh xương mãn tính ở mức độ gấp đôi của Estremidades dưới
Tai Mũi Họng,Tôi bị khô họng.
Tai Mũi Họng,Tôi bị ho suốt hai tuần nay rồi.
Nhãn khoa,"Tôi bị nhìn mờ trong lúc tập bơi ở bể bơi, tại sao vậy?"
Tai Mũi Họng,Tôi không thể thở được
Thần kinh/Tiêu hóa,Tôi cảm thấy đau đầu
Tim mạch,Tôi cảm thấy đau nhói trong tim mỗi khi thức dậy.
Thấp khớp,"Tối qua khi chơi bóng đá, tôi bị đá vào đầu."
Tiêu hóa,Tôi có một nỗi đau nội tâm không thể diễn tả được.
Đa khoa,"Tôi cảm thấy rất chóng mặt, cơ thể rất yếu."
Da liễu,Bệnh mãn tính của nang tóc và tuyến bã nhờn
Thấp khớp,"Hồi còn nhỏ, tôi từng bị chấn thương đầu gối do chơi thể thao."
Chỉnh hình,Lưng tôi đau quá nên không thể cúi xuống buộc dây giày được.
Đa khoa,Tôi cảm thấy khó chịu khắp cơ thể nói chung.
Thấp khớp,"Tôi bị đau chân vào mùa đông, hoặc khi trời lạnh, tại sao vậy?"
Ngoại khoa,Tôi bị rách da ở ngón tay cái và vết thương không lành.
Tâm thần,"Tôi cảm thấy tổn thương, trái tim tôi đau nhói."
Da liễu,"Khi tôi thức dậy, tôi thấy da mình mờ ảo."
Tai Mũi Họng,"Khi tôi cố gắng giữ ấm và mặc thêm quần áo, tôi thấy mình vẫn lạnh."
Thấp khớp/Chỉnh hình,Tôi bị đau cổ và không thể chịu đựng được cơn đau này.
Chỉnh hình,Tôi bị đau đầu gối khi chơi squash.
Tiêu hóa,Tôi bị đau bụng dữ dội.
Thấp khớp/Tiêu hóa,"Sau khi chơi tennis, tôi cảm thấy một cảm giác mạnh ở gần cổ."
Tâm thần,"Tâm trí tôi cảm thấy rất buồn, như thể đang đau đớn. Cảm giác trong đầu tôi thật tồi tệ và mỗi khi nghĩ về chuyện chia tay, tôi lại khóc vì buồn bã."
Tiêu hóa,Đau nhói và khó thở
Tai Mũi Họng,Tôi có rất nhiều đờm khi ho.
Da liễu,Tôi có một vết thương đóng vảy ở mu bàn tay mà mãi không lành.
Đa khoa,"Khi thức dậy vào buổi sáng, tôi cảm thấy cơ thể rất yếu."
Tai Mũi Họng,"Mỗi khi làm vậy, tôi đều cảm thấy đau nhói ở tai."
Da liễu,Một cơn rụng tóc khủng khiếp
Tai Mũi Họng,Tôi không thở được vì ho
Chỉnh hình,Tôi bị đau khớp. Tôi không thể chịu đựng được cơn đau.
Thấp khớp,Tôi bị gãy mắt cá chân khi leo núi đá ở dãy Carpathians.
Đa khoa,"Khi thức dậy vào buổi sáng, tôi cảm thấy kỳ lạ và chóng mặt."
Ngoại khoa,Điều gì giúp vết thương mau lành hơn?
Tai Mũi Họng,Tôi đã khỏi cảm lạnh được vài tuần rồi nhưng vẫn ho mỗi ngày.
Thần kinh/Tiêu hóa,Tôi cảm thấy đầu mình bị đè nặng rất nhiều.
Thấp khớp/Tiêu hóa,Tôi bị đau vai dữ dội.
Tai Mũi Họng,Nhiệt độ cơ thể tôi giảm xuống và toàn thân bị co giật.
Tai Mũi Họng,Tôi bị ớn lạnh và đau nhức khắp người.
Đa khoa,"Kết quả xét nghiệm CBC của tôi cho thấy 10 Hb, tôi cảm thấy mệt mỏi vì công việc ít ỏi."
Thấp khớp,Tôi bị chấn thương trong một trận bóng đá và được chẩn đoán là tổn thương dây chằng chéo.
Da liễu,Tôi cần gãi da mỗi phút
Chỉnh hình,Tôi cảm thấy như có thứ gì đó sưng và viêm ở phía sau đầu gối.
Tai Mũi Họng,"Tôi bị đau tai mãi không khỏi. Tôi không bị cảm lạnh, đau đầu hay bất kỳ triệu chứng nào khác. Chỉ là đau tai thôi."
Nhãn khoa,"Tôi đang gặp vấn đề về thị lực, cảm giác như có một đám mây che mắt, mọi thứ đều mờ."
Thấp khớp,Tôi đã thử xoa bóp chân nhưng chúng vẫn đau.
Hô hấp,Tôi không gặp vấn đề gì khi hít vào nhưng thở ra thì rất nặng nhọc.
Thấp khớp/Tiêu hóa,Tôi có cảm giác như mình vừa đến một phòng khám châm cứu và bị cắm 100 cây kim vào vai.
Chỉnh hình,Tôi cảm thấy rất đau nhức ở các khớp.
Thấp khớp,Tôi cảm thấy đau ở vai phải sau trận đấu quần vợt.
Thấp khớp,Tôi bị chuột rút đau ở chân.
Thấp khớp,Tôi bị đứt tay khi chơi bóng đá và đã bôi kem giảm đau nhưng không hiệu quả.
Hô hấp,"Đôi khi tôi cảm thấy như có một cái móng vuốt đang cào cấu ngực mình, khiến tôi khó thở."
Thấp khớp/Chỉnh hình,Tôi cảm thấy đau ở cổ.
Thấp khớp,Tôi đang chơi bóng đá và bị trẹo mắt cá chân.
Đa khoa,Tôi đã cố gắng làm giảm bớt nó nhưng không được.
Chỉnh hình,Tôi cảm thấy có tiếng lách cách ở đầu gối mỗi khi bước đi.
Nhãn khoa,"Tôi không nhìn thấy biển báo, tầm nhìn của tôi bị mờ."
Thấp khớp,Tôi bị va chạm khi đang chơi bóng đá. Đầu gối của tôi bị trẹo và giờ không còn vững nữa.
Tâm thần,Tôi cảm thấy muốn tự tử.
Chỉnh hình,"đỏ, sưng tấy và khó đi lại"
Tiêu hóa,Tôi bị đau nhưng không thể xác định được vị trí cụ thể.
Thấp khớp/Tiêu hóa,Tôi cảm thấy như có ai đó đâm dao vào vai mình.
Tim mạch,Đau dữ dội ở phía trên bên trái ngực và có thể lan ra lưng.
Thấp khớp/Chỉnh hình,Tôi bị đau cổ khi ngồi trước máy tính xách tay.
Tâm thần,Tôi bị rối loạn cảm xúc.
Chỉnh hình,"Khi tôi duỗi chân, khớp gối bị đau."
Da liễu,Tóc tôi không được đẹp lắm.
Chỉnh hình,Tôi bị đau đầu gối mỗi khi đi bộ nhiều.
Tim mạch,Tôi khó thở vì cơn đau âm ỉ dưới vai trái.
Thấp khớp,Tôi bị đau nhói ở bắp tay. Tôi đã thử bôi kem giảm đau nhưng không hiệu quả.
Tai Mũi Họng,"Khi thức dậy, tôi cảm thấy lạnh."
Hô hấp,Tôi không gặp vấn đề gì khi hít vào nhưng thở ra thì rất nặng nhọc.
Tâm thần,"Mỗi khi nghĩ về cha mẹ, tôi lại cảm thấy đau lòng."
Chỉnh hình,Tôi bị đau đầu gối khi đang bơi.
Da liễu,Tôi bị nổi mụn đầu trắng và mụn đầu đen thành từng cụm trên lưng.
Ngoại khoa,Chồng tôi có một vết trên môi mà anh ấy tưởng là mụn rộp nhưng giờ nó đã bị vỡ ra và chảy dịch cả ngày.
Tai Mũi Họng,Tôi bị đau tai mỗi khi chạm vào.
Thấp khớp,Tôi bị đau cơ thang.
Chỉnh hình,Đầu gối tôi có cảm giác như bị rỉ sét và đột nhiên tôi không thể gập nó lại được nữa.
Thấp khớp/Tiêu hóa,Vai tôi đau quá.
Tim mạch,Tôi cảm thấy đau nhói từ ngực lan lên đến cánh tay trái.
Ngoại khoa,Tôi bị một vết cắt ở chân và nó đã bị nhiễm trùng do sử dụng vòi sen ở phòng tập thể dục.
Thấp khớp/Chỉnh hình,"Mỗi lần nhìn sang trái, tôi đều cảm thấy đau nhói ở cổ."
Chỉnh hình,Đầu gối tôi đau quá.
Thấp khớp/Chỉnh hình,Tôi bị đau cổ và không thể chịu đựng được cơn đau này.
Tiêu hóa,"Tôi bị đau bụng khi ăn đồ ăn nóng, tại sao vậy?"
Tiêu hóa,Tôi bị đau bụng mỗi khi bị cảm lạnh.
Tai Mũi Họng,"Tai trái của tôi không sao, nhưng tai phải thì có cảm giác như bị đâm bằng đinh."
Tim mạch,Tôi bị đau dữ dội ở ngực do tổn thương tim.
Ngoại khoa,Nhiễm trùng vết mổ
Thần kinh/Tiêu hóa,Tôi bị đau đầu mỗi khi cố gắng làm bất cứ việc gì.
Tai Mũi Họng,Tai tôi đau quá.
Ngoại khoa,Tôi có một vết thương hở đã chuyển sang màu đỏ và chảy mủ.
Tiêu hóa,"Tôi bị đau bụng sau khi uống bất kỳ loại nước ngọt nào, tại sao vậy?"
Thấp khớp/Tiêu hóa,"Mỗi khi tôi cử động vai, cảm giác như có luồng điện chạy qua vai vậy."
Đa khoa,"Mỗi khi tôi đứng dậy, đầu tôi lại bắt đầu quay cuồng."
Thấp khớp,Tôi cảm thấy đau ở chân.
Tai Mũi Họng,Tai tôi bị đau khi nghe nhạc.
Tai Mũi Họng,Tai tôi bị ù.
Hô hấp,Tim tôi đập nhanh và tôi khó thở.
Tiêu hóa,"Sau khi ăn, tôi cảm thấy nóng rát bên trong cơ thể."
Tâm thần,"Sau khi chia tay, tôi cảm thấy có điều gì đó lạ lẫm trong mình."
Tai Mũi Họng,Từ khi vào rừng tôi bị đau tai.
Da liễu,Tôi có một vết thương đóng vảy ở mu bàn tay mà mãi không lành.
Da liễu,Mụn của tôi thật sự khiến tôi xấu hổ. Nó đỏ quá.
Tai Mũi Họng,"Tôi cảm thấy lạnh cóng, như một viên đá. Chị tôi nói rằng chị ấy cần nhiều chăn để đắp cho đủ ấm."
Ngoại khoa,Tôi bị đứt tay và đang chảy máu.
Tim mạch,"Chồng tôi bỏ tôi để đến với người phụ nữ khác, trái tim tôi đau đớn đến mức tôi không thể ăn không thể ngủ được."
Nhãn khoa,"Khi lái xe, mắt tôi nhìn thấy hình ảnh kép."
Đa khoa,"Khi đứng dậy quá nhanh, tôi bắt đầu cảm thấy chóng mặt và choáng váng."
Tim mạch,Tôi cảm thấy như tim mình sắp nhảy ra khỏi lồng ngực. Đau quá.
Tai Mũi Họng,Tôi không thể cảm thấy ấm áp dù có mặc nhiều lớp áo hay bật máy sưởi ở mức cao nhất.
Tai Mũi Họng,"Tôi cảm thấy lạnh cóng, như một viên đá. Chị tôi nói rằng chị ấy cần nhiều chăn để đắp cho đủ ấm."
Tiêu hóa,Tôi bị đau đầu mỗi ngày.
Tiêu hóa,Tôi bị đau nhói ở vùng bụng dưới.
Ngoại khoa,Tôi bị một vết cắt đã được khâu lại nhưng nó không lành. Nó đang chảy mủ màu xanh và bị bỏng rát.
Đa khoa,"Mỗi khi đứng dậy quá nhanh, tôi đều cảm thấy như mình sắp ngất xỉu."
Ngoại khoa,Vết thương của tôi bị nhiễm trùng hay chỉ đang lành lại?
Hô hấp,Buổi sáng tôi thở rất to.
Da liễu,Da tôi bị ngứa và viêm.
Tim mạch,"Chồng tôi bỏ tôi để đến với người phụ nữ khác, trái tim tôi đau đớn đến mức tôi không thể ăn không thể ngủ được."
Da liễu,"Tóc tôi rụng từng mảng lớn, đặc biệt là khi gội đầu."
Đa khoa,"Khi ăn quá nhiều đường, cơ thể tôi trở nên yếu và chóng mặt."
Chỉnh hình,Đầu gối tôi cảm thấy yếu và hôm trước nó bị khuỵt xuống ở đầu cầu thang. May mắn là có lan can để vịn vào.
Thần kinh/Tiêu hóa,Tôi bị đau đầu ở phía sau và cơn đau kéo dài cả ngày.
Tiêu hóa,Tôi bị đau lan từ hông phải lên đến lồng ngực. Cơn đau dữ dội nhất khi tôi đi tiểu.
Ngoại khoa,"Cháu trai tôi bị xước chân do va phải vỏ sò ở biển, giờ chân cháu đang chuyển sang màu xám và sưng tấy."
Thấp khớp,Tôi bị đau lưng khi đang tập tạ ở phòng gym.
Da liễu,"Mỗi tháng, vào khoảng thời gian hành kinh, da mặt tôi lại nổi mụn rất nhiều."
Thấp khớp/Chỉnh hình,Tôi cảm thấy đau cổ khi đang làm việc.
Tai Mũi Họng,Tôi bị ho suốt hai tuần nay rồi.
Tai Mũi Họng,Tôi cảm thấy lạnh mặc dù đang là mùa hè.
Chỉnh hình,Tôi nghĩ mình đã làm quá sức khi khiêng đống gỗ đó từ ngoài sân về. Lưng dưới của tôi đau nhức kinh khủng.
Chỉnh hình,Tôi bị đau lưng và không thể cúi gập người hay đi lại được.
Tim mạch,Tôi cảm thấy đau tim mỗi khi đi bộ nhiều.
Thấp khớp/Tiêu hóa,Tôi cảm thấy đau vai từng đợt.
Đa khoa,"Tôi nhanh mệt quá, sáng sớm hầu như không mặc nổi quần áo."
Thấp khớp,Tôi không thể đi lại được vì chân tôi đau quá.
Nhãn khoa,Tôi nhận thấy thị lực của mình giảm sút đáng kể khi cố gắng nhìn những vật ở cự ly gần.
Tiêu hóa,"Tôi cảm thấy đau đớn bên trong, tôi không biết đó là gì."
Ngoại khoa,Chồng tôi có một vết trên môi mà anh ấy tưởng là mụn rộp nhưng giờ nó đã bị vỡ ra và chảy dịch cả ngày.
Chỉnh hình,Tôi nghĩ mình đã làm quá sức khi khiêng đống gỗ đó từ ngoài sân về. Lưng dưới của tôi đau nhức kinh khủng.
Tai Mũi Họng,Tôi bị đau tai mỗi khi chạm vào.
Thấp khớp,"Tôi bị đau cơ chân sau khi chạy bộ hôm qua, tôi đã uống thuốc giảm đau nhưng không hiệu quả."
Da liễu,Khi tôi cố gắng chăm sóc tóc thì phát hiện ra tóc mình bị rụng nhiều.
Ngoại khoa,"Tôi bị ngã xuyên qua cửa sổ khi đang lau chùi và có một mảnh kính găm vào mắt trái, tôi nghĩ tình trạng khá nghiêm trọng, xin hãy giúp tôi!"
Ngoại khoa,Tôi bị một vết cắt ở chân và nó đã bị nhiễm trùng do sử dụng vòi sen ở phòng tập thể dục.
Tai Mũi Họng,Phổi tôi cảm thấy nặng trĩu như thể chứa đầy chất nhầy.
Da liễu,Tôi bị nổi mụn khi ăn ớt.
Thấp khớp,Tôi cảm thấy đau cơ mỗi khi gắng sức quá mức.
Tim mạch,Tôi cảm thấy tim mình như đang bốc cháy.
Thấp khớp,Tôi bị đau lưng dưới nhưng nếu duỗi người thì đỡ hơn.
Thần kinh/Tiêu hóa,Tôi bị đau đầu mỗi khi ăn kem.
Thấp khớp,Tôi thích đi bộ và hoạt động ngoài trời nhưng lòng bàn chân của tôi rất nhanh bị đau.
Thấp khớp,"Trong cuộc phẫu thuật ở mắt cá chân, các dây thần kinh của tôi bị tổn thương nghiêm trọng đến mức tôi không thể chịu được khi ai đó chạm vào vết sẹo."
Tai Mũi Họng,Tôi bị đau tai khi tắm.
Thấp khớp,Tôi bị đau cơ dữ dội từ khi đi tập gym.
Thấp khớp/Tiêu hóa,"Mỗi khi tôi cử động vai, cơn đau lại lan xuống cánh tay."
Tim mạch,Tôi bị đau tim dữ dội.
Tai Mũi Họng,"Tôi không khỏe, tôi cảm thấy rất lạnh."
Da liễu,"Mỗi lần chải tóc, tôi đều thấy rất nhiều tóc mắc trong lược."
Tai Mũi Họng,Hệ thống sưởi trong nhà tôi bị hỏng nên tôi cảm thấy rất lạnh.
Thấp khớp,Tôi bị đau nhói ở bắp tay. Tôi đã thử bôi kem giảm đau nhưng không hiệu quả.
Ngoại khoa,Tôi bị tai nạn và vết thương vẫn còn hở khi tôi đến bệnh viện.
Đa khoa,"Khi đứng dậy quá nhanh, tôi bắt đầu cảm thấy chóng mặt và choáng váng."
Chỉnh hình,Tôi bị đau nhói ở xương bánh chè sau khi tập thể dục.
Da liễu,Tóc tôi không được đẹp lắm.
Thấp khớp/Chỉnh hình,Tôi bị đau cổ khi ngồi trước máy tính xách tay.
Thấp khớp/Chỉnh hình,"Cứng đờ, không thể nhìn sang phải hoặc trái trừ khi di chuyển toàn bộ cơ thể."
Thấp khớp,Bắp chân tôi có cảm giác như bị căng cứng và nhức nhối.
Hô hấp,"Tôi được chẩn đoán mắc bệnh viêm phổi, tôi khó thở."
Đa khoa,Tôi chẳng làm gì ở nhà cả mà vẫn cảm thấy kiệt sức.
Da liễu,"Tôi bị nổi mụn trên mặt, lúc có lúc không."
Thấp khớp,Tôi cảm thấy đau cơ mỗi khi gắng sức quá mức.
Chỉnh hình,"Tôi rất thích làm vườn nhưng mỗi khi cúi người xuống, tôi lại bị đau nhói ở lưng dưới."
Đa khoa,Tôi cảm thấy toàn thân yếu ớt.
Da liễu,Tôi bị mụn trên mặt và các vấn đề khác về da liễu như ngứa.
Hô hấp,Tôi bị nghẹt mũi suốt ngày và có chất dịch nhầy dính trong cổ họng khiến tôi không thể ngủ được. Tôi thường phải ngủ trưa trong tư thế ngồi.
Nhãn khoa,Tôi đang xem tivi thì đột nhiên bị nhìn mờ.
Thấp khớp/Chỉnh hình,Tôi bị đau cổ nên không ngủ được.
Thấp khớp,Tôi bị đau cơ dữ dội từ khi đi tập gym.
Tai Mũi Họng,"Mỗi khi hắt hơi mạnh, tôi cảm thấy đau tai."
Da liễu,Trên mặt tôi có mụn.
Chỉnh hình,Đầu gối của tôi không gập được tốt.
Hô hấp,Tôi cảm thấy khó thở - liệu tôi có bị đau tim không?
Thần kinh/Tiêu hóa,Tôi cảm thấy đau đầu
Tai Mũi Họng,Tôi cảm thấy lạnh dù nhiệt độ cao.
Thấp khớp/Chỉnh hình,Tôi không thể ngẩng đầu lên cúi xuống được.
Hô hấp,"Tôi khó thở khi ở trong ga tàu điện ngầm, tại sao vậy?"
Đa khoa,Tôi cảm thấy toàn thân rất yếu.
Tim mạch,Tôi cảm thấy nhịp tim tăng nhanh khi bị chích.
Thấp khớp,Vết sẹo dài trên mông trái của tôi là do ngã xe đạp leo núi.
Ngoại khoa,Tôi bị một vết cắt ở chân và nó đã bị nhiễm trùng do sử dụng vòi sen ở phòng tập thể dục.
Tiêu hóa,Khi ăn tôi cảm thấy đau bụng.
Tai Mũi Họng,"Tôi bị đau tai mãi không khỏi. Tôi không bị cảm lạnh, đau đầu hay bất kỳ triệu chứng nào khác. Chỉ là đau tai thôi."
Tâm thần,Tôi không hiểu sao mình cứ buồn mãi.
Chỉnh hình,"Tôi bị đau lưng, không thể duỗi thẳng được."
Thấp khớp,"Sau một ngày làm việc vất vả, tôi bị đau chân."
Thần kinh/Tiêu hóa,Đầu tôi đau quá.
Chỉnh hình,Các khớp của tôi cảm thấy sưng tấy.
Da liễu,Những đốm đỏ trên má tôi mới xuất hiện. Đó là gì vậy?
Da liễu,Tôi bị phát ban trên da.
Tâm thần,Tôi ước cảm giác mất mát đau đớn này có thể biến mất.
Thấp khớp/Tiêu hóa,Tôi cảm thấy rất khó chịu ở hai bên cổ.
Tâm thần,"Tôi đã thử đọc sách, nhưng chẳng có gì làm tôi vui lên được cả."
Ngoại khoa,Tôi nghĩ vết thương của tôi bị nhiễm trùng rồi.
Đa khoa,"Khi đứng lên tôi cảm thấy chóng mặt, tôi không biết tại sao."
Đa khoa,Tôi cảm thấy cơ bắp mệt mỏi.
Thấp khớp/Tiêu hóa,"Mỗi khi cử động tay, vai phải của tôi lại kêu lách tách."
Thần kinh/Tiêu hóa,"Đầu tôi nặng trĩu, không thể suy nghĩ bình thường được."
Tai Mũi Họng,Cảm giác ho càng tăng lên khi mùa đông đến.
Đa khoa,Tôi cảm thấy choáng váng
Chỉnh hình,Tôi đã dùng rất nhiều thuốc giảm đau để đỡ hơn nhưng tôi vẫn cảm thấy đau lưng.
Da liễu,Có cách nào chữa khỏi mụn trứng cá không?
Chỉnh hình,Tôi cảm thấy đau ở đầu gối.
Thấp khớp/Tiêu hóa,Tôi cảm thấy đau vai khi gõ bàn phím.
Tai Mũi Họng,Tai tôi bị ù.
Tai Mũi Họng,Tôi bị ớn lạnh và đau nhức khắp người.
Da liễu,Có thứ gì đó tối màu trên cánh tay tôi.
Đa khoa,Tôi có cảm giác toàn thân không còn chút sức lực nào.
Tim mạch,Tôi bị đau ngực và cảm thấy rất buồn.
Chỉnh hình,"Mỗi khi lên xuống cầu thang, đầu gối tôi lại phát ra tiếng kêu ken két."
Tâm thần,"Sau khi chia tay, tôi cảm thấy có điều gì đó lạ lẫm trong mình."
Thần kinh/Tiêu hóa,Tôi cảm thấy như có ai đó đang dùng búa đập vào đầu mình. Tôi thấy đau nhức ở đỉnh đầu và nó cứ giật giật.
Thấp khớp/Tiêu hóa,Vai tôi bị đau mỗi khi cố với lấy thứ gì đó ở trên cao.
Da liễu,Tóc của anh ấy rụng chỉ vì chải tóc thôi.
Da liễu,Tôi có một vết thương đóng vảy ở mu bàn tay mà mãi không lành.
Thấp khớp,"Mỗi sáng thức dậy, cổ tôi đều có cảm giác như ngủ sai tư thế."
Da liễu,Tôi cảm thấy rất ngứa rát ở vùng gần cánh tay.
Tai Mũi Họng,Tôi đã khỏi cảm lạnh được vài tuần rồi nhưng vẫn ho mỗi ngày.
Da liễu,Da tôi rất khô và bong tróc.
Da liễu,Mặt tôi nổi đầy mụn.
Tai Mũi Họng,Tôi bị đau tai mỗi khi đi bơi.
Tiêu hóa,Tôi bị đau bụng dữ dội và không thể ăn bất cứ thứ gì.
Hô hấp,Tôi bị nghẹt mũi suốt ngày và có chất dịch nhầy dính trong cổ họng khiến tôi không thể ngủ được. Tôi thường phải ngủ trưa trong tư thế ngồi.
Đa khoa,Tôi chẳng làm gì ở nhà cả mà vẫn cảm thấy kiệt sức.
Thấp khớp,"Tôi đã đi bộ 3 km, và cảm thấy đau nhức ở chân, giống như đau bàn chân vậy."
Da liễu,Những đốm đỏ trên má tôi mới xuất hiện. Đó là gì vậy?
Thấp khớp,Chân tôi bị đau từ thứ Ba tuần trước.
Da liễu,Tôi có vấn đề về da.
Chỉnh hình,Tôi bị đau nhức như kim châm ở các khớp.
Đa khoa,"Khi phê quá, tôi bắt đầu cảm thấy chóng mặt."
Da liễu,Tôi rất lo lắng mình sẽ bị hói đầu sớm. Tôi có bị bệnh nặng không?
Tai Mũi Họng,"Chắc chắn là tuần hoàn máu của tôi có vấn đề rồi, ngay cả những ngày nóng nhất tôi cũng phải mang tất, ngón chân tôi lạnh cóng!"
Đa khoa,Tôi cảm thấy choáng váng
Thấp khớp,Tôi bị đau cơ.
Tai Mũi Họng,"Con tôi bị ho cả đêm, không ngủ được."
Tiêu hóa,Tôi cảm thấy đau đớn bên trong nhưng không thể xác định được nguyên nhân.
Tai Mũi Họng,"Tôi ho rất nhiều khi ngửi mùi nước hoa, phổi tôi có vấn đề gì vậy?"
Đa khoa,"Tôi nhanh mệt quá, sáng sớm hầu như không mặc nổi quần áo."
Nhãn khoa,Tôi bị mờ mắt sau khi bị va đập vào đầu hôm qua.
Tai Mũi Họng,"Tôi cứ mãi không thấy ấm. Ngay cả khi mọi người xung quanh đều ấm áp, tôi vẫn luôn cảm thấy lạnh."
Da liễu,"Tôi bị nổi những mảng mụn lớn, ngứa rát trên lưng và rất đau."
Chỉnh hình,Đường nóng rát dọc theo lưng kèm theo khó thở.
Chỉnh hình,Làm sao để biết bạn có bị rách sụn chêm ở đầu gối hay không?
Tai Mũi Họng,Tôi đã khỏi cảm lạnh được vài tuần rồi nhưng vẫn ho mỗi ngày.
Thấp khớp,"Mỗi sáng thức dậy, cổ tôi đều có cảm giác như ngủ sai tư thế."
Tim mạch,Tôi cảm thấy một cơn đau kỳ lạ và dữ dội bên trong lồng ngực.
Da liễu,Tôi bị mụn khắp mặt.
Ngoại khoa,Tôi bị đứt tay cách đây vài ngày và mặc dù tôi không nghĩ mình cần khâu nhưng vết thương vẫn chưa lành.
Tai Mũi Họng,Tôi không thể thở được
Thấp khớp/Tiêu hóa,"Mỗi khi chơi tennis, tôi đều cảm thấy đau vai."
Thấp khớp/Chỉnh hình,Tôi bị đau cổ và không thể nhìn xuống hay nhìn lên.
Thấp khớp,Tôi vẫn không cảm thấy cơ bắp của mình đỡ hơn.
Tâm thần,Tôi cảm thấy vô cùng đau khổ về mặt tinh thần sau khi chia tay bạn gái.
Hô hấp,"Tôi khó thở khi ở trong ga tàu điện ngầm, tại sao vậy?"
Chỉnh hình,"Tôi bị đau lưng, không thể duỗi thẳng được."
Tai Mũi Họng,Tôi bị đau tai và ù tai.
Nhãn khoa,"Tôi lo lắng về khả năng lái xe của mình, vì tôi hầu như không thể tập trung khi ngồi sau tay lái, mắt tôi cứ chảy nước mắt."
Chỉnh hình,Tôi bị đau lưng khi mang vác đồ nặng.
Da liễu,Tôi cảm thấy ngứa dữ dội trên da và da bị đỏ.
Thấp khớp/Tiêu hóa,Vai tôi bị đau.
Da liễu,"Mỗi khi trời mưa, tôi lại bị nổi mẩn ngứa ở bụng và hai bên sườn."
Thần kinh/Tiêu hóa,Đầu tôi đau quá.
Tai Mũi Họng,Tôi bị ho rất nặng và có đờm.
Ngoại khoa,"vết rách, vết thủng hoặc lỗ hở trên da"
Thấp khớp,Tôi cảm thấy đau dữ dội ở đầu gối sau khi bị va chạm trong trận bóng đá.
Thấp khớp/Tiêu hóa,Tôi bị đau vai dữ dội.
Tai Mũi Họng,"Tôi lo lắng vì khả năng chịu lạnh của mình kém, tôi luôn run rẩy, ngay cả khi ở ngoài trời nắng."
Tiêu hóa,đau quặn bụng khắp vùng bụng
Thần kinh/Tiêu hóa,Tôi cảm thấy đau đầu dữ dội.
Thấp khớp/Tiêu hóa,"Mỗi khi cử động tay, vai phải của tôi lại kêu lách tách."
Chỉnh hình,Tôi rất đau lưng mỗi khi cúi người.
Tim mạch,Trái tim đau nhói vô cùng
Nhãn khoa,Máy khử trùng mắt
Đa khoa,"Khi phê quá, tôi bắt đầu cảm thấy chóng mặt."
Da liễu,"Tôi bị nổi những mảng mụn lớn, ngứa rát trên lưng và rất đau."
Tai Mũi Họng,Tôi bị ho khan nặng
Tiêu hóa,"Tôi cảm thấy đau nhức ở bên trong, giữa hông và vai."
Tiêu hóa,Tôi cảm thấy đau đớn bên trong nhưng không thể xác định được nguyên nhân.
Chỉnh hình,"Tôi không thể đi được, đầu gối tôi đau quá."
Da liễu,Hồi trung học tôi bị mụn rất nhiều.
Ngoại khoa,"Chân tôi đang nuốt nước bọt, điều này cho thấy vết thương của tôi bị nhiễm trùng."
Đa khoa,Tôi cảm thấy chóng mặt khi thực hiện các chuyển động đột ngột.
Da liễu,Một cơn rụng tóc khủng khiếp
Đa khoa,"Kết quả xét nghiệm CBC của tôi cho thấy 10 Hb, tôi cảm thấy mệt mỏi vì công việc ít ỏi."
Chỉnh hình,Cơn đau lưng của tôi nhói lên như dao đâm.
Tai Mũi Họng,Đau tai dữ dội
Thấp khớp/Tiêu hóa,Tôi bị đau vai sau khi làm bất cứ việc gì liên quan đến nhà.
Tiêu hóa,Tôi cảm thấy rất đau ở vùng bụng.
Tai Mũi Họng,Nhiệt độ cơ thể tôi giảm xuống và toàn thân bị co giật.
Tai Mũi Họng,Tôi bị ngứa tai.
Da liễu,Tóc tôi rụng từng mảng lớn.
Tai Mũi Họng,"Dù nhiệt độ trong nhà có cao, người tôi vẫn luôn cảm thấy lạnh."
Tiêu hóa,Tôi bị đau âm ỉ ở bụng. Cơn đau càng nặng hơn sau khi ăn.
Tai Mũi Họng,Tôi bị ớn lạnh và đau nhức khắp người.
Thấp khớp/Tiêu hóa,"Sau khi chơi tennis, tôi cảm thấy một cảm giác mạnh ở gần cổ."
Chỉnh hình,Làm sao để biết bạn có bị rách sụn chêm ở đầu gối hay không?
Thấp khớp/Chỉnh hình,Tôi bị sưng ở cổ và rất đau.
Thấp khớp,Tôi bị va đập đầu trong trận bóng rổ. Liệu tôi có bị chấn động não không?
Thấp khớp/Chỉnh hình,Tôi không thể xoay cổ sang trái mà không cảm thấy đau nhói.
Da liễu,Có thứ gì đó tối màu trên cánh tay tôi.
Tai Mũi Họng,Tôi đã khỏi cảm lạnh được vài tuần rồi nhưng vẫn ho mỗi ngày.
Ngoại khoa,Vết thương của tôi không lành tốt và tình trạng này đã kéo dài hai tuần rồi.
Thấp khớp,"Sau khi đi bộ, tôi cảm thấy đau ở lòng bàn chân."
Da liễu,Tôi có một vết thương đóng vảy ở mu bàn tay mà mãi không lành.
Chỉnh hình,Đầu gối của tôi không gập được tốt.
Da liễu,Mụn của tôi bị ngứa và chảy dịch.
Tâm thần,"Sau khi chia tay, tôi cảm thấy có điều gì đó lạ lẫm trong mình."
Tim mạch,Tôi bị đau ngực và cảm thấy rất buồn.
Thấp khớp/Tiêu hóa,Tôi không thể chịu đựng được cảm giác khó chịu này ở vai.
Tai Mũi Họng,"Mỗi khi làm vậy, tôi đều cảm thấy đau nhói ở tai."
Tai Mũi Họng,Tôi không thở được vì ho
Chỉnh hình,Tôi bị đau khớp. Tôi không thể chịu đựng được cơn đau.
Chỉnh hình,Toàn thân tôi đang trong tình trạng tồi tệ và tôi cần được điều trị tốt.
Tai Mũi Họng,Tôi có rất nhiều đờm khi ho.
Tiêu hóa,"Tôi bị đau ở đại tràng và dạ dày, cảm giác như có vật gì đó đang cắt vào."
Tiêu hóa,Tôi cảm thấy rất đau ở vùng bụng.
Tiêu hóa,Đau nhói và khó thở
Nhãn khoa,"Khi tôi đứng dậy quá nhanh, tầm nhìn của tôi bị mờ."
Tai Mũi Họng,"Tôi lo lắng vì khả năng chịu lạnh của mình kém, tôi luôn run rẩy, ngay cả khi ở ngoài trời nắng."
Chỉnh hình,Cơn đau lưng của tôi nhói lên như dao đâm.
Tai Mũi Họng,Đau tai dữ dội
Tiêu hóa,Đau bụng sau khi uống sữa
Tiêu hóa,"Tôi bị đau ở đại tràng và dạ dày, cảm giác như có vật gì đó đang cắt vào."
Tai Mũi Họng,Tai tôi bị đau và càng đau hơn khi nuốt. Tôi bị đau tai dữ dội và thuốc Tylenol cũng không giúp được gì.
Tai Mũi Họng,Nhiệt độ cơ thể tôi giảm xuống và toàn thân bị co giật.
Tiêu hóa,Tôi cảm thấy rất đau ở vùng bụng.
Tiêu hóa,Đau nhói và khó thở
Tâm thần,"Mỗi khi nhớ về cô ấy, tôi lại cảm thấy buồn."
Ngoại khoa,"Tôi nghĩ vết thương của tôi có vấn đề, nó dường như không lành lại như bình thường."
Ngoại khoa,Tôi phải đi khám bác sĩ vì tôi có một vết thương hở.
Thấp khớp/Chỉnh hình,Tôi bị đau dữ dội ở cổ.
Da liễu,Một cơn rụng tóc khủng khiếp
Da liễu,Tôi cần tìm phương pháp điều trị rụng tóc.
Tâm thần,Dạo này tôi cảm thấy rất buồn.
Đa khoa,"Kết quả xét nghiệm CBC của tôi cho thấy 10 Hb, tôi cảm thấy mệt mỏi vì công việc ít ỏi."
Nhãn khoa,Tôi gặp khó khăn khi đọc vì các chữ cái đều bị mờ.
Thấp khớp/Chỉnh hình,Tôi cảm thấy đau ở cổ.
Tai Mũi Họng,"Tôi bị đau tai mãi không khỏi. Tôi không bị cảm lạnh, đau đầu hay bất kỳ triệu chứng nào khác. Chỉ là đau tai thôi."
Thấp khớp,"Tối qua khi chơi bóng đá, tôi bị đá vào đầu."
Đa khoa,Tôi cảm thấy chóng mặt sau khi vận động cơ bắp.
Da liễu,Tôi bị mụn khắp mặt.
Da liễu,Da tôi bị ngứa.
Chỉnh hình,"Tôi không thể cử động chân, khớp bị đau."
Chỉnh hình,Tôi cảm thấy đau lưng.
Tâm thần,Tôi bị bệnh tâm thần
Tai Mũi Họng,Tôi nghĩ nhiệt độ cơ thể của tôi rất thấp.
Da liễu,Bệnh mãn tính của nang tóc và tuyến bã nhờn
Đa khoa,Tôi cảm thấy choáng váng khi đứng dậy.
Thấp khớp,Tôi bị đau nhức cơ vai mỗi khi cử động tay.
Nhãn khoa,"Tôi cảm thấy đau nhức mắt, tôi nhìn thấy như có sương mù."
Da liễu,Mụn trứng cá khiến tôi cảm thấy xấu hổ.
Thấp khớp,Tôi cảm thấy nóng rát ở cơ vai.
Da liễu,sử dụng thuốc bổ tóc
Thấp khớp/Chỉnh hình,Tôi cảm thấy đau ở cổ.
Tâm thần,Tôi ly hôn năm ngoái và tôi cứ mãi nghĩ đến việc trả thù chồng cũ.
Da liễu,Tôi không thể có bạn gái vì mụn trứng cá.
Tim mạch,Tôi bị đau dữ dội ở ngực do tổn thương tim.
Hô hấp,Tôi đi bộ mỗi ngày nhưng giờ đây chỉ đi được một đoạn ngắn là tôi đã bị khó thở.
Tai Mũi Họng,Tôi không thể thở được
Thấp khớp/Chỉnh hình,Tôi hay than phiền về chứng đau cổ và tôi thực sự cần phải khỏe hơn.
Tiêu hóa,Tôi có một nỗi đau nội tâm không thể diễn tả được.
Thấp khớp/Chỉnh hình,Tôi gặp khó khăn khi cử động cổ.
Tai Mũi Họng,Tôi cảm thấy tức ngực.
Chỉnh hình,Tôi cảm thấy có tiếng lách cách ở đầu gối mỗi khi bước đi.
Ngoại khoa,Tôi bị rách da ở ngón tay cái và vết thương không lành.
Đa khoa,Tôi cảm thấy khó chịu khắp cơ thể nói chung.
Thấp khớp,Tôi bị chuột rút đau ở chân.
Ngoại khoa,Có một người bị thương.
Chỉnh hình,Tôi cảm thấy đau ở đầu gối.
Thấp khớp,Tôi bị đau nhói ở bắp chân.
Chỉnh hình,Tôi bị đau khớp. Tôi không thể chịu đựng được cơn đau.
Da liễu,Tôi bị phát ban da sau khi ăn kem.
Đa khoa,"Khi ăn quá nhiều đường, cơ thể tôi trở nên yếu và chóng mặt."
Nhãn khoa,Thật khó để nhìn thấy mọi thứ
Tai Mũi Họng,Đau tai dữ dội
Ngoại khoa,Tôi phải đi khám bác sĩ vì tôi có một vết thương hở.
Tai Mũi Họng,Tôi không thở được vì ho
Tiêu hóa,Tôi bị đau bụng.
Thần kinh/Tiêu hóa,Tôi cảm thấy đầu mình bị đè nặng rất nhiều.
Tai Mũi Họng,Tôi đã khỏi cảm lạnh được vài tuần rồi nhưng vẫn ho mỗi ngày.
Hô hấp,Buổi sáng tôi thở rất to.
Da liễu,"Mặt tôi nổi những nốt mụn đỏ và cục u đau rát, dù tôi có rửa mặt bao nhiêu lần cũng không hết."
Da liễu,Mặt tôi nổi đầy mụn.
Da liễu,Sáng nào gối tôi cũng có rất nhiều tóc.
Tâm thần,"Sau khi chia tay, tôi cảm thấy có điều gì đó lạ lẫm trong mình."
Chỉnh hình,"Tôi gặp khó khăn khi chịu trọng lượng lên đầu gối, khi đứng thẳng tôi cảm thấy và nghe thấy một tiếng kêu lách tách lớn."
Thấp khớp,"Mỗi sáng thức dậy, cổ tôi đều có cảm giác như ngủ sai tư thế."
Da liễu,Tóc của anh ấy rụng chỉ vì chải tóc thôi.
Tâm thần,"Tôi cảm thấy mình không thể chịu đựng được nữa, tôi cảm thấy quá tải và không thể nào có được một chút thời gian nghỉ ngơi."
Thấp khớp/Tiêu hóa,Tôi rất đau khi cử động tay.
Da liễu,Tôi từng bị mụn trứng cá khi 15 tuổi.
Hô hấp,"Tôi cảm thấy khó thở, đặc biệt là sau khi chạy hoặc vận động mạnh."
Da liễu,Tôi ghét mụn trứng cá của mình.
Chỉnh hình,"Khi tôi duỗi chân, khớp gối bị đau."
Da liễu,Tôi bị phát ban lạ trên cánh tay.
Nhãn khoa,Tôi không nhìn rõ.
Chỉnh hình,"Tôi không thể đứng lên hay ngồi xuống được, tôi bị đau lưng rất khó chịu."
Da liễu,Tóc tôi không được đẹp lắm.
Tim mạch,Cảm giác nghẹn ngào trong tim khiến tôi khó thở.
Da liễu,ngứa ở phía trước và chính giữa da đầu
Thấp khớp,Tôi bị thương trong trận đấu bóng đá.
Tai Mũi Họng,Tôi bị đau tai khi tắm.
Tâm thần,Tôi cảm thấy đau lòng khi phải chia xa những người thân yêu.
Tiêu hóa,Tôi cảm thấy đau nhói ở bụng.
Thấp khớp,Tôi bị đau nhức cơ vùng lưng dưới.
Thần kinh/Tiêu hóa,Tôi bị đau đầu khi làm việc này.
Nhãn khoa,"Tôi bị nhìn mờ trong lúc tập bơi ở bể bơi, tại sao vậy?"
Ngoại khoa,Vết thương của tôi lại bị hở ra.
Chỉnh hình,Tôi bị đau khớp khi cố gắng gập chân hoặc tay.
Thấp khớp/Tiêu hóa,"Mỗi khi cử động tay, vai phải của tôi lại kêu lách tách."
Thần kinh/Tiêu hóa,Tôi cảm thấy đau đầu dữ dội.
Ngoại khoa,Vết thương vẫn còn hở
Thấp khớp/Chỉnh hình,Đau ở vùng cổ lớn
Thấp khớp,Tôi bị đau nhói ở bắp chân.
Thần kinh/Tiêu hóa,Tôi bị đau đầu mỗi khi cố gắng làm bất cứ việc gì.
Tiêu hóa,Bên trái của tôi đau nhức nhiều.
Đa khoa,"Tôi cảm thấy toàn thân yếu ớt, mặt mũi tái nhợt và không ngủ ngon được."
Thấp khớp/Chỉnh hình,Tôi cảm thấy đau cổ sau khi thức dậy.
Ngoại khoa,"Tôi bị ngã xuyên qua cửa sổ khi đang lau chùi và có một mảnh kính găm vào mắt trái, tôi nghĩ tình trạng khá nghiêm trọng, xin hãy giúp tôi!"
Ngoại khoa,"Tôi cảm thấy không khỏe, vết thương của tôi bị nhiễm trùng."
Chỉnh hình,Tôi bị đau nhói và nghe thấy tiếng lách cách ở khớp mắt cá chân mỗi khi cố gắng đứng lên và đi lại.
Tiêu hóa,Tôi cảm thấy buồn nôn.
Thấp khớp/Tiêu hóa,Tôi cảm thấy đau vai từng đợt.
Chỉnh hình,Tôi bị đau đầu gối khi chơi squash.
Thần kinh/Tiêu hóa,"Tôi không thể đứng dậy, tôi cảm thấy não mình như đang di chuyển bên trong hộp sọ."
Đa khoa,Tôi cảm thấy choáng váng
Tai Mũi Họng,"Chắc chắn là tuần hoàn máu của tôi có vấn đề rồi, ngay cả những ngày nóng nhất tôi cũng phải mang tất, ngón chân tôi lạnh cóng!"
Đa khoa,"Tôi nhanh mệt quá, sáng sớm hầu như không mặc nổi quần áo."
Chỉnh hình,Tôi bị đau lưng và không thể cúi gập người hay đi lại được.
Tai Mũi Họng,Phổi tôi cảm thấy nặng trĩu như thể chứa đầy chất nhầy.
Da liễu,"Tôi bị nổi mụn ở ngực với những mảng đỏ, tình trạng này càng trầm trọng hơn khi trời nóng."
Ngoại khoa,Tôi bị một vết cắt ở chân và nó đã bị nhiễm trùng do sử dụng vòi sen ở phòng tập thể dục.
Thấp khớp/Chỉnh hình,Tôi bị đau cổ và không thể chịu đựng được cơn đau này.
Tai Mũi Họng,Tai tôi đau quá.
Tiêu hóa,Tôi cảm thấy đau bụng dữ dội.
Thấp khớp,Tôi bị đau cơ không rõ nguyên nhân.
Thấp khớp,"Khi chơi bóng đá, tôi bị đau cơ."
Tiêu hóa,Tôi luôn có cảm giác như bị đau bụng kinh ngay cả khi không đến kỳ kinh nguyệt.
Da liễu,Tôi rất lo lắng mình sẽ bị hói đầu sớm. Tôi có bị bệnh nặng không?
Tiêu hóa,Tôi bị đau bụng dữ dội.
Ngoại khoa,"Con trai tôi vừa trải qua điều trị tủy răng và nha sĩ vô tình cắt vào bên trong má của cháu, giờ vết thương không lành được."
Da liễu,Có cách nào chữa khỏi mụn trứng cá không?
Chỉnh hình,Tôi bị đau lưng từ khi bước sang tuổi 70.
Tai Mũi Họng,"Con tôi bị ho cả đêm, không ngủ được."
Thần kinh/Tiêu hóa,Tôi bị đau nửa đầu và đã uống Panadol nhưng không có tác dụng.
Da liễu,Hồi trung học tôi bị mụn rất nhiều.
Tai Mũi Họng,Tôi cảm thấy toàn thân như đang ở trong tủ lạnh.
Thấp khớp/Tiêu hóa,Vai tôi bị đau mỗi khi cố với lấy thứ gì đó ở trên cao.
Tâm thần,"Tôi cảm thấy mình không thể chịu đựng được nữa, tôi cảm thấy quá tải và không thể nào có được một chút thời gian nghỉ ngơi."
Thấp khớp,"Tôi nghĩ mình bị bong gân mắt cá chân rồi, đau quá."
Tiêu hóa,Tôi bị đau đầu mỗi ngày.
Hô hấp,Buổi sáng tôi thở rất to.
Da liễu,Mụn của tôi bị ngứa và chảy dịch.
Hô hấp,Tim tôi đập nhanh và tôi khó thở.
Đa khoa,"Khi thức dậy vào buổi sáng, tôi cảm thấy kỳ lạ và chóng mặt."
Ngoại khoa,Tôi tự đánh mình và vết thương không muốn lành.
Da liễu,Tôi bị phát ban và ngứa rất dữ dội.
Da liễu,Tóc của anh ấy rụng chỉ vì chải tóc thôi.
Tai Mũi Họng,"Tôi cảm thấy lạnh cóng, như một viên đá. Chị tôi nói rằng chị ấy cần nhiều chăn để đắp cho đủ ấm."
Da liễu,"Mặt tôi nổi những nốt mụn đỏ và cục u đau rát, dù tôi có rửa mặt bao nhiêu lần cũng không hết."
Nhãn khoa,"Khi lái xe, mắt tôi nhìn thấy hình ảnh kép."
Tiêu hóa,"Sau khi ăn, tôi cảm thấy nóng rát bên trong cơ thể."
Hô hấp,Tôi cảm thấy khó thở - liệu tôi có bị đau tim không?
Ngoại khoa,Vết thương vẫn còn hở
Tiêu hóa,Tôi cảm thấy đau bụng.
Chỉnh hình,Tôi bị đau khớp sau chấn thương trong trận bóng đá gần đây nhất.
Tiêu hóa,"Tôi bị đau bụng sau khi uống bất kỳ loại nước ngọt nào, tại sao vậy?"
Tâm thần,"Mỗi khi nghĩ về cha mẹ, tôi lại cảm thấy đau lòng."
Tim mạch,Tôi bị đau dữ dội ở ngực do tổn thương tim.
Thấp khớp,Tôi bị đau nhức cơ vai mỗi khi cử động tay.
Thấp khớp,Tôi bị đau cơ thang.
Hô hấp,Tôi không gặp vấn đề gì khi hít vào nhưng thở ra thì rất nặng nhọc.
Tai Mũi Họng,Thỉnh thoảng tôi ho vì tôi hút thuốc.
Tai Mũi Họng,Lần trước đi máy bay tôi bị cảm lạnh và đến giờ vẫn còn cảm giác khó chịu ở tai.
Thấp khớp,Tôi đang chơi bóng đá và bị trẹo mắt cá chân.
Tai Mũi Họng,Tôi nghĩ nhiệt độ cơ thể của tôi rất thấp.
Hô hấp,"Năm ngoái, bà tôi phải nhập viện vì khó thở."
Thấp khớp,Tôi bị va chạm khi đang chơi bóng đá. Đầu gối của tôi bị trẹo và giờ không còn vững nữa.
Tâm thần,Tôi cảm thấy buồn
Chỉnh hình,Tôi cảm thấy đau lưng.
Tim mạch,Tôi cảm thấy đau nhói trong tim.
Đa khoa,Tôi vốn luôn rất năng động nhưng giờ tôi không còn đủ sức lực hay năng lượng để đi bộ dù chỉ một quãng ngắn.
Da liễu,Tôi nhận thấy một số vấn đề về da và đã thử dùng kem nhưng tình trạng không được cải thiện.
Tai Mũi Họng,Tôi cảm thấy toàn thân như đang ở trong tủ lạnh.
Da liễu,"Tôi bị nổi những mảng mụn lớn, ngứa rát trên lưng và rất đau."
Nhãn khoa,Máy khử trùng mắt
Thấp khớp/Tiêu hóa,Tôi cảm thấy đau dữ dội ở vai trái.
Chỉnh hình,"Tôi không thể đi được, đầu gối tôi đau quá."
Chỉnh hình,Mắt cá chân của tôi đang bị đau.
Chỉnh hình,Tôi cảm thấy đau ở đầu gối khi đi bộ.
Nhãn khoa,Mọi thứ trông như thể đang ở trong một khu vực đầy khói.
Thấp khớp/Tiêu hóa,Vai tôi bị đau khi cố gắng nâng vật nặng năm pound.
Tai Mũi Họng,"Tôi nghe không rõ, tôi có vấn đề về tai."
Chỉnh hình,Tôi rất đau lưng mỗi khi cúi người.
Thấp khớp/Chỉnh hình,Cổ tôi bị đau từ sau vụ tai nạn.
Da liễu,Hồi trung học tôi bị mụn rất nhiều.
Thấp khớp,Chân tôi đau quá.
Chỉnh hình,Lưng tôi đau quá nên không thể cúi xuống buộc dây giày được.
Thấp khớp/Chỉnh hình,Tôi không thể xoay cổ.
Thấp khớp,"Tối qua khi chơi bóng đá, tôi bị đá vào đầu."
Ngoại khoa,"Con trai tôi vừa xỏ khuyên môi và giờ môi bị sưng, phần da bên trong môi có màu xám và trông như bị nhiễm trùng."
Nhãn khoa,Tôi gặp khó khăn khi đọc vì các chữ cái đều bị mờ.
Tai Mũi Họng,"Tôi không ngủ được, tôi bị ho dữ dội."
Tai Mũi Họng,Tôi nghĩ nhiệt độ cơ thể của tôi rất thấp.
Tim mạch,"Ôi tim tôi đau nhói, tôi đã cố gắng bình tĩnh nhưng không thể."
Tai Mũi Họng,Tôi cảm thấy lạnh
Đa khoa,Tôi bị chóng mặt mỗi khi cố gắng đứng dậy.
Đa khoa,Mỗi khi đứng dậy tôi đều cảm thấy chóng mặt.
Tâm thần,Tôi ly hôn năm ngoái và tôi cứ mãi nghĩ đến việc trả thù chồng cũ.
Đa khoa,"Khi tôi thức dậy, tôi cảm thấy chóng mặt và ngã xuống."
Thấp khớp/Chỉnh hình,Cổ tôi cảm thấy cứng đờ.
Ngoại khoa,Tôi vô tình bị dao cứa vào tay khi đang nấu ăn.
Đa khoa,Tôi cảm thấy chóng mặt sau khi vận động cơ bắp.
Tai Mũi Họng,Tôi không thể thở được
Tai Mũi Họng,Cơn đau tai của tôi không thể chịu nổi.
Hô hấp,Tôi cảm thấy như mình không thể hít thở sâu được.
Ngoại khoa,Tôi có một vết thương hở đã chuyển sang màu đỏ và chảy mủ.
Da liễu,Tôi hay phàn nàn về dị ứng da.
Tai Mũi Họng,Tôi cảm thấy tức ngực.
Thấp khớp,Tôi bị đau chân rất nhiều khi chơi bóng đá.
Hô hấp,Tôi đi bộ mỗi ngày nhưng giờ đây chỉ đi được một đoạn ngắn là tôi đã bị khó thở.
Tai Mũi Họng,Tôi không thể cảm thấy ấm áp dù có mặc nhiều lớp áo hay bật máy sưởi ở mức cao nhất.
Tai Mũi Họng,Từ khi vào rừng tôi bị đau tai.
Thấp khớp/Tiêu hóa,Tôi bị đau vai dữ dội.
Thấp khớp,Tôi bị gãy mắt cá chân khi leo núi đá ở dãy Carpathians.
Ngoại khoa,Vết thương của tôi có mủ màu vàng hoặc xanh lục.
Ngoại khoa,"vết rách, vết thủng hoặc lỗ hở trên da"
Hô hấp,Tôi gần như không thở được
Chỉnh hình,Tôi bị đau lưng khi mang vác đồ nặng.
Thần kinh/Tiêu hóa,Tôi bị đau âm ỉ ở đầu.
Thấp khớp,Tôi bị đau tay khi duỗi người.
Đa khoa,Tôi cảm thấy toàn thân rất yếu.
Tai Mũi Họng,"Tôi vừa đi máy bay cách đây vài ngày và lần này, trong lúc hạ cánh, tai tôi vẫn bị ù và đau."
Da liễu,Tôi hay phàn nàn về dị ứng da.
Hô hấp,Tôi gặp khó khăn khi thở ở những nơi đông người.
Tai Mũi Họng,Tôi cảm thấy lạnh mặc dù đang là mùa hè.
Thấp khớp/Chỉnh hình,Tôi không thể xoay cổ.
Chỉnh hình,Tôi có cảm giác như xương bánh chè đang cọ xát vào nhau mỗi khi đi bộ.
Tim mạch,Tôi cảm thấy một cơn đau kỳ lạ và dữ dội bên trong lồng ngực.
Tai Mũi Họng,Tôi nghĩ có dịch trong tai tôi.
Tai Mũi Họng,Tôi bị ngứa tai.
Da liễu,"Mặt tôi nổi những nốt mụn đỏ và cục u đau rát, dù tôi có rửa mặt bao nhiêu lần cũng không hết."
Tai Mũi Họng,Tôi gặp một số vấn đề nghiêm trọng về hô hấp vào ban đêm.
Da liễu,Tôi bị phát ban và ngứa rất dữ dội.
Hô hấp,Tim tôi đập nhanh và tôi khó thở.
Hô hấp,Tôi cảm thấy khó thở - liệu tôi có bị đau tim không?
Tai Mũi Họng,"Dù nhiệt độ trong nhà có cao, người tôi vẫn luôn cảm thấy lạnh."
Da liễu,Da tôi rất khô và bong tróc.
Tiêu hóa,Tôi bị đau âm ỉ ở bụng. Cơn đau càng nặng hơn sau khi ăn.
Thấp khớp,"Khi chơi thể thao, tôi bị đau dưới da."
Thấp khớp/Tiêu hóa,Vai tôi bị đau mỗi khi cố với lấy thứ gì đó ở trên cao.
Thần kinh/Tiêu hóa,"Khi mệt mỏi, tôi cảm thấy đầu mình nặng trĩu."
Da liễu,Tôi cảm thấy ngứa dữ dội trên da và da bị đỏ.
Ngoại khoa,Tôi tự đánh mình và vết thương không muốn lành.
Da liễu,Mặt tôi nổi đầy mụn.
Tiêu hóa,Tôi bị đau âm ỉ ở bụng. Cơn đau càng nặng hơn sau khi ăn.
Da liễu,Sáng nào gối tôi cũng có rất nhiều tóc.
Thần kinh/Tiêu hóa,Tôi cảm thấy như có ai đó đang dùng búa đập vào đầu mình. Tôi thấy đau nhức ở đỉnh đầu và nó cứ giật giật.
Tai Mũi Họng,Tôi không thể cảm thấy ấm áp dù có mặc nhiều lớp áo hay bật máy sưởi ở mức cao nhất.
Chỉnh hình,Đầu gối tôi cảm thấy yếu và hôm trước nó bị khuỵt xuống ở đầu cầu thang. May mắn là có lan can để vịn vào.
Tim mạch,Tôi cảm thấy một cơn đau kỳ lạ và dữ dội bên trong lồng ngực.
Thần kinh/Tiêu hóa,Tôi bị đau đầu ở phía sau và cơn đau kéo dài cả ngày.
Tai Mũi Họng,Tôi bị ngứa tai.
Chỉnh hình,Tôi bị đau đầu gối khi đi lại.
Đa khoa,"Khi thức dậy vào buổi sáng, tôi cảm thấy cơ thể rất yếu."
Hô hấp,Tim tôi đập nhanh và tôi khó thở.
Chỉnh hình,"Tôi gặp khó khăn khi chịu trọng lượng lên đầu gối, khi đứng thẳng tôi cảm thấy và nghe thấy một tiếng kêu lách tách lớn."
Tim mạch,Tim tôi như muốn nổ tung.
Tiêu hóa,"Tôi cảm thấy bụng đầy và khó chịu, chướng bụng sau những bữa ăn no."
Ngoại khoa,Tôi bị đứt tay và đang chảy máu.
Tai Mũi Họng,Tôi gặp một số vấn đề nghiêm trọng về hô hấp vào ban đêm.
Thấp khớp/Chỉnh hình,Tôi cảm thấy tê rần ở cổ.
Da liễu,Tôi cảm thấy rất ngứa rát ở vùng gần cánh tay.
Tai Mũi Họng,"Tôi không nghe rõ bằng tai, cảm giác như có vật gì đó gây khó chịu trong tai."
Tiêu hóa,Các triệu chứng của viêm ruột thừa là gì?
Tâm thần,"Sau khi chia tay, tôi cảm thấy có điều gì đó lạ lẫm trong mình."
Tiêu hóa,"Sau khi ăn, tôi cảm thấy nóng rát bên trong cơ thể."
Chỉnh hình,Đầu gối của tôi không gập được tốt.
Ngoại khoa,Vết thương của tôi bị nhiễm trùng hay chỉ đang lành lại?
Thấp khớp/Chỉnh hình,Tôi không thể xoay cổ sang trái mà không cảm thấy đau nhói.
Đa khoa,"Khi thức dậy vào buổi sáng, tôi cảm thấy kỳ lạ và chóng mặt."
Da liễu,"Mặt tôi nổi những nốt mụn đỏ và cục u đau rát, dù tôi có rửa mặt bao nhiêu lần cũng không hết."
Tâm thần,"Tôi cảm thấy mình không thể chịu đựng được nữa, tôi cảm thấy quá tải và không thể nào có được một chút thời gian nghỉ ngơi."
Tai Mũi Họng,Tôi nghĩ có dịch trong tai tôi.
Tiêu hóa,"Tôi cảm thấy đau đớn bên trong, tôi không biết đó là gì."
Tiêu hóa,Bên trái của tôi đau nhức nhiều.
Chỉnh hình,Đầu gối tôi đau quá.
Đa khoa,Tôi cảm thấy choáng váng
Da liễu,Bệnh mãn tính của nang tóc và tuyến bã nhờn.
Thấp khớp,Tôi bị đau cơ không rõ nguyên nhân.
Nhãn khoa,Tôi không thể lái xe vào ban đêm vì mắt tôi bị mờ.
Đa khoa,"Tôi nhanh mệt quá, sáng sớm hầu như không mặc nổi quần áo."
Da liễu,Tôi bị nổi mụn đầu trắng và mụn đầu đen thành từng cụm trên lưng.
Thấp khớp/Chỉnh hình,Tôi thức dậy mỗi sáng với chứng cứng cổ. Mát-xa giúp giảm đau nhưng vài ngày sau lại bị lại.
Tiêu hóa,Tôi cảm thấy đau bụng dữ dội.
Thần kinh/Tiêu hóa,Tôi bị đau đầu mỗi khi cố gắng làm bất cứ việc gì.
Chỉnh hình,Tôi bị đau đầu gối khi đi bộ.
Thấp khớp,Tôi không thể đi lại được vì chân tôi đau quá.
Tiêu hóa,Tôi cảm thấy buồn nôn.
Chỉnh hình,Tôi bị đau nhói và nghe thấy tiếng lách cách ở khớp mắt cá chân mỗi khi cố gắng đứng lên và đi lại.
Thấp khớp/Tiêu hóa,Hôm qua tôi mang một chiếc túi nặng và sáng nay khi thức dậy tôi cảm thấy vai rất đau.
Tai Mũi Họng,Tai tôi đau quá.
Chỉnh hình,Đầu gối tôi cảm thấy yếu và hôm trước nó bị khuỵt xuống ở đầu cầu thang. May mắn là có lan can để vịn vào.
Tim mạch,Tim tôi như muốn nổ tung.
Da liễu,Có thứ gì đó tối màu trên cánh tay tôi.
Thấp khớp,"Tôi nghĩ mình bị bong gân mắt cá chân rồi, đau quá."
Tiêu hóa,"Sau khi ăn, tôi cảm thấy nóng rát bên trong cơ thể."
Chỉnh hình,Làm sao để biết bạn có bị rách sụn chêm ở đầu gối hay không?
Thần kinh/Tiêu hóa,"Khi mệt mỏi, tôi cảm thấy đầu mình nặng trĩu."
Thấp khớp,"Mỗi sáng thức dậy, cổ tôi đều có cảm giác như ngủ sai tư thế."
Da liễu,Tôi có một vết thương đóng vảy ở mu bàn tay mà mãi không lành.
Tai Mũi Họng,Từ khi vào rừng tôi bị đau tai.
Tiêu hóa,Tôi bị đau âm ỉ ở bụng. Cơn đau càng nặng hơn sau khi ăn.
Tai Mũi Họng,Tai tôi bị ù.
Thần kinh/Tiêu hóa,Tôi bị đau đầu ở phía sau và cơn đau kéo dài cả ngày.
Chỉnh hình,Đầu gối của tôi không gập được tốt.
Tai Mũi Họng,Tôi bị ngứa tai.
Da liễu,Mặt tôi nổi đầy mụn.
Hô hấp,Buổi sáng tôi thở rất to.
Đa khoa,"Khi thức dậy vào buổi sáng, tôi cảm thấy kỳ lạ và chóng mặt."
Thấp khớp/Tiêu hóa,"Sau khi chơi tennis, tôi cảm thấy một cảm giác mạnh ở gần cổ."
Da liễu,Tóc của anh ấy rụng chỉ vì chải tóc thôi.
Da liễu,ngứa ở phía trước và chính giữa da đầu
Tiêu hóa,Tôi không thể chịu nổi cảm giác khó chịu này trong bụng.
Tai Mũi Họng,Phổi tôi cảm thấy nặng trĩu như thể chứa đầy chất nhầy.
Nhãn khoa,Tôi có đôi mắt mờ đục.
Thấp khớp,"Trong cuộc phẫu thuật ở mắt cá chân, các dây thần kinh của tôi bị tổn thương nghiêm trọng đến mức tôi không thể chịu được khi ai đó chạm vào vết sẹo."
Da liễu,Tôi bị nổi mụn khi ăn ớt.
Tim mạch,"Tôi cảm thấy đau ở bên trái ngực, ngay chỗ tim."
Thấp khớp,Hôm qua tôi tập thể dục rất nhiều nên giờ tôi bị đau nhức cơ bắp dữ dội.
Tai Mũi Họng,"Tôi không khỏe, tôi cảm thấy rất lạnh."
Tiêu hóa,Tôi bị đau nhưng không thể xác định được vị trí cụ thể.
Chỉnh hình,Tôi cảm thấy đau lưng khi ngồi trên ghế lâu.
Tai Mũi Họng,"Khi thức dậy, tôi cảm thấy lạnh."
Thấp khớp/Tiêu hóa,"Mỗi khi giơ tay lên, tôi cảm thấy đau nhức ở vai."
Tim mạch,"Tôi cảm thấy đau ở bên trái ngực, ngay chỗ tim."
Tiêu hóa,Tôi bị đau bụng từ hôm qua.
Thần kinh/Tiêu hóa,Tôi bị đau đầu kèm theo chóng mặt.
Chỉnh hình,Tôi bị đau lưng từ khi ngã xuống sàn.
Hô hấp,Tôi cảm thấy áp lực rất lớn ở ngực.
Ngoại khoa,Vết thương hở ở tay tôi bị nhiễm trùng.
Hô hấp,"Trước đây, tôi thường thở hổn hển sau khi leo cả chục bậc cầu thang, nhưng giờ đây, ngay cả khi ngồi xuống, tôi cũng khó thở."
Tim mạch,Tôi cảm thấy tim mình như đang bốc cháy.
Tâm thần,Tôi bị rối loạn cảm xúc.
Thấp khớp/Chỉnh hình,"Cứng đờ, không thể nhìn sang phải hoặc trái trừ khi di chuyển toàn bộ cơ thể."
Thấp khớp,Tôi thích đi bộ và hoạt động ngoài trời nhưng lòng bàn chân của tôi rất nhanh bị đau.
Thấp khớp,Tôi bị đau cơ vai mỗi khi cố gắng với tay lên.
Ngoại khoa,"Con trai tôi nặn mụn và nó vỡ ra, sau đó đóng vảy và giờ trông có vẻ bị nhiễm trùng."
Chỉnh hình,"Mỗi khi mang vác đồ nặng, tôi cảm thấy như lưng mình sắp gãy."
Đa khoa,Tôi cảm thấy như căn phòng đang quay cuồng.
Nhãn khoa,Tôi đã thử đeo kính để nhìn rõ hơn nhưng vẫn không thấy có gì thay đổi.
Thấp khớp,"Nếu tôi giẫm phải kim thì chắc cũng không đau đến thế, như cái gai chết tiệt ở gót chân này."
Da liễu,"Khi tôi gội đầu, tóc tôi rụng rất nhiều."
Tâm thần,"Khi ông nội tôi qua đời, tôi đã trải qua một nỗi đau tinh thần sâu sắc."
Thấp khớp/Chỉnh hình,Tôi bị đau cổ khi ngồi trước máy tính xách tay.
Tim mạch,Tôi thường xuyên bị đau nhói ở ngực và không biết mình đang làm gì mà lại gây ra triệu chứng đó.
Thấp khớp,Tôi bị đau lưng dưới nhưng nếu duỗi người thì đỡ hơn.
Thấp khớp,Tôi bị đau nhói ở bắp tay. Tôi đã thử bôi kem giảm đau nhưng không hiệu quả.
Da liễu,Da tôi bị ngứa và viêm.
Thấp khớp,Cảm giác đau như thể ở ngay dưới da.
Chỉnh hình,Tôi có cảm giác như toàn thân mình đang kêu ca.
Nhãn khoa,Tôi nhận thấy thị lực của mình giảm sút đáng kể khi cố gắng nhìn những vật ở cự ly gần.
Hô hấp,"Đôi khi tôi cảm thấy như có một cái móng vuốt đang cào cấu ngực mình, khiến tôi khó thở."
Tiêu hóa,Tôi bị đau bụng mỗi khi bị cảm lạnh.
Thấp khớp,Tôi bị va chạm khi đang chơi bóng đá. Đầu gối của tôi bị trẹo và giờ không còn vững nữa.
Tiêu hóa,Tôi cảm thấy đau nhức toàn thân.
Đa khoa,"Tôi cảm thấy toàn thân yếu ớt, mặt mũi tái nhợt và không ngủ ngon được."
Tim mạch,Tôi bị đau tim mỗi khi tập thể dục.
Tâm thần,"Mỗi khi nghĩ về cha mẹ, tôi lại cảm thấy đau lòng."
Tâm thần,Tôi bị bệnh tâm thần
Thấp khớp,Tôi bị đau cơ không rõ nguyên nhân.
Tim mạch,Tôi cảm thấy đau nhói từ ngực lan lên đến cánh tay trái.
Tai Mũi Họng,Tai tôi bị đau khi nghe nhạc.
Đa khoa,"Tôi nhanh mệt quá, sáng sớm hầu như không mặc nổi quần áo."
Chỉnh hình,Tôi bị đau đầu gối khi đi bộ.
Hô hấp,Tôi không gặp vấn đề gì khi hít vào nhưng thở ra thì rất nặng nhọc.
Thấp khớp,Tôi bị chuột rút đau ở chân.
Tiêu hóa,"Tôi bị đau bụng khi ăn đồ ăn nóng, tại sao vậy?"
Chỉnh hình,Tôi cảm thấy có tiếng lách cách ở đầu gối mỗi khi bước đi.
Nhãn khoa,Tôi không thể lái xe vào ban đêm vì mắt tôi bị mờ.
Thấp khớp,Tôi bị đau cơ thang.
Ngoại khoa,Tôi bị một vết cắt ở chân và nó đã bị nhiễm trùng do sử dụng vòi sen ở phòng tập thể dục.
Đa khoa,"Mỗi khi tôi đứng dậy, đầu tôi lại bắt đầu quay cuồng."
Thấp khớp,Tôi đang chơi bóng đá và bị trẹo mắt cá chân.
Tâm thần,Tôi không hiểu sao mình cứ buồn mãi.
Ngoại khoa,Người ta phát hiện anh ta có một vết thương hở.
Tiêu hóa,"Tôi cảm thấy đau đớn bên trong, tôi không biết đó là gì."
Tiêu hóa,Tôi không thể chịu nổi cảm giác khó chịu này trong bụng.
Thấp khớp/Tiêu hóa,Tôi cảm thấy đau vai từng đợt.
Da liễu,Tôi có vấn đề về da.
Tiêu hóa,Khi ăn tôi cảm thấy đau bụng.
Chỉnh hình,Bệnh xương mãn tính ở mức độ gấp đôi của Estremidades dưới
Tim mạch,"Ôi tim tôi đau nhói, tôi đã cố gắng bình tĩnh nhưng không thể."
Đa khoa,"Tôi cảm thấy rất chóng mặt, cơ thể rất yếu."
Chỉnh hình,"Tôi không thể đi được, đầu gối tôi đau quá."
Tai Mũi Họng,Tôi cảm thấy như mình khó thở nếu không tống hết những thứ trong phổi ra ngoài.
Tiêu hóa,Tôi cảm thấy đau đớn bên trong nhưng không thể xác định được nguyên nhân.
Thấp khớp/Chỉnh hình,Đầu tôi đau quá.
Hô hấp,Tôi cảm thấy như có thứ gì đó đang bóp nghẹt phổi mình.
Đa khoa,"Khi phê quá, tôi bắt đầu cảm thấy chóng mặt."
Da liễu,Tôi bị phát ban trên da.
Tâm thần,Tôi ước cảm giác mất mát đau đớn này có thể biến mất.
Thấp khớp/Chỉnh hình,Cổ tôi bị đau từ sau vụ tai nạn.
Thấp khớp,Tôi ngã xuống đất khi cố gắng ném bóng rổ.
Thấp khớp,Chân tôi bị đau từ thứ Ba tuần trước.
Tâm thần,"Tôi cảm thấy buồn, như thể bị tổn thương hoặc đau đớn."
Tai Mũi Họng,Tôi bị sổ mũi.
Da liễu,"Tôi bị nổi mụn trên mặt, lúc có lúc không."
Đa khoa,Tôi cảm thấy toàn thân yếu ớt.
Tiêu hóa,Tôi bị đau bụng dữ dội và không thể ăn bất cứ thứ gì.
Tai Mũi Họng,Đau tai dữ dội
Thấp khớp,Tôi bị đau nhói ở bắp chân.
Tim mạch,"Tôi không thể chịu đựng được cảm giác khó chịu, nghẹn ngào trong ngực này."
Da liễu,đỏ mặt kèm theo ngứa
Chỉnh hình,"Tôi bị đau lưng, không thể duỗi thẳng được."
Chỉnh hình,Tôi bị đau khi gập tay.
Tai Mũi Họng,Tôi bị đau tai mỗi khi chạm vào.
Ngoại khoa,Tôi bị một vết thương sâu ở tay và không thể cầm máu được.
Tai Mũi Họng,"Tôi cứ mãi không thấy ấm. Ngay cả khi mọi người xung quanh đều ấm áp, tôi vẫn luôn cảm thấy lạnh."
Da liễu,Có cách nào chữa khỏi mụn trứng cá không?
Đa khoa,Tôi gần như không còn đủ sức để đứng dậy.
Thấp khớp/Tiêu hóa,Hôm qua tôi mang một chiếc túi nặng và sáng nay khi thức dậy tôi cảm thấy vai rất đau.
Nhãn khoa,Tôi không thể lái xe vào ban đêm vì mắt tôi bị mờ.
Tiêu hóa,Tôi cảm thấy đau bụng dữ dội.
Ngoại khoa,"Tôi bị ngã xuyên qua cửa sổ khi đang lau chùi và có một mảnh kính găm vào mắt trái, tôi nghĩ tình trạng khá nghiêm trọng, xin hãy giúp tôi!"
Tiêu hóa,Bên trái của tôi đau nhức nhiều.
Đa khoa,"Khi tôi đứng dậy, tôi có cảm giác như mình sắp ngã ngay lập tức."
Da liễu,Trên mặt tôi có vài nốt mụn khiến tôi rất khó chịu.
Thấp khớp/Tiêu hóa,Tôi cảm thấy đau vai khi gõ bàn phím.
Chỉnh hình,Tôi cảm thấy đau ở đầu gối.
Ngoại khoa,"Lần trước khi cắt móng chân, tôi đã cắt quá ngắn và giờ móng chân của tôi bị nhiễm trùng."
Chỉnh hình,Lưng tôi đau quá.
Thấp khớp,Tôi không thể đi lại được vì chân tôi đau quá.
Đa khoa,Tôi vốn luôn rất năng động nhưng giờ tôi không còn đủ sức lực hay năng lượng để đi bộ dù chỉ một quãng ngắn.
Nhãn khoa,Tôi đang xem tivi thì đột nhiên bị nhìn mờ.
Tai Mũi Họng,Tôi không biết tại sao mình lại cảm thấy lạnh.
Tim mạch,Tôi bị đau tim dữ dội.
Hô hấp,Tôi cảm thấy có gì đó làm tôi khó thở và tôi không thể thở được.
Đa khoa,Tôi cảm thấy toàn thân yếu ớt.
Thấp khớp,"Tôi bắt đầu học bơi và hình như tôi đã nuốt quá nhiều nước qua mũi, vì vậy giờ tôi bị viêm xoang hành hạ."
Thấp khớp,"Mỗi khi tập luyện cường độ cao, tôi đều cảm thấy đau nhức dữ dội ở các cơ."
Thấp khớp/Chỉnh hình,Tôi gặp khó khăn khi cử động cổ.
Đa khoa,"Khi tôi thức dậy, tôi cảm thấy chóng mặt và ngã xuống."
Da liễu,Da tôi bị ngứa.
Tai Mũi Họng,Lần trước đi máy bay tôi bị cảm lạnh và đến giờ vẫn còn cảm giác khó chịu ở tai.
Tim mạch,Tôi cảm thấy đau nhói từ ngực lan lên đến cánh tay trái.
Thấp khớp,Tôi cảm thấy đau ở vai phải sau trận đấu quần vợt.
Da liễu,tóc tôi rụng
Chỉnh hình,"Tôi rất thích làm vườn nhưng mỗi khi cúi người xuống, tôi lại bị đau nhói ở lưng dưới."
Ngoại khoa,Tôi bị tai nạn và vết thương vẫn còn hở khi tôi đến bệnh viện.
Thấp khớp,Tôi cảm thấy đau cơ mỗi khi gắng sức quá mức.
Chỉnh hình,Tôi bị đau nhức ở các khớp.
Da liễu,"Mỗi lần chải tóc, tôi đều thấy rất nhiều tóc mắc trong lược."
Da liễu,"Tôi bị nổi mụn trên mặt, lúc có lúc không."
Tâm thần,Tôi thất vọng
Đa khoa,"Tôi không thể tập thể dục được, tôi cảm thấy yếu."
Tai Mũi Họng,"Tôi không ngủ được, tôi bị ho dữ dội."
Thấp khớp/Tiêu hóa,Tôi rất đau khi cử động tay.
Chỉnh hình,"đỏ, sưng tấy và khó đi lại"
Ngoại khoa,"Con trai tôi nặn mụn và nó vỡ ra, sau đó đóng vảy và giờ trông có vẻ bị nhiễm trùng."
Tim mạch,Tôi cảm thấy tim mình như đang bốc cháy.
Thấp khớp,"Khi chơi bóng đá, tôi bị trật khớp vai."
Thần kinh/Tiêu hóa,Tôi đọc sách rất lâu và khi đọc xong thì tôi bị đau đầu.
Chỉnh hình,Tôi cảm thấy đau lưng khi ngồi trên ghế lâu.
Hô hấp,Tôi cảm thấy áp lực rất lớn ở ngực.
Tiêu hóa,Tôi bị đau nội tạng.
Chỉnh hình,"Khi tôi duỗi chân, khớp gối bị đau."
Thần kinh/Tiêu hóa,Tôi bị đau đầu.
Thấp khớp/Chỉnh hình,Tôi bị đau cổ khi ngồi trước máy tính xách tay.
Thấp khớp/Tiêu hóa,"Mỗi khi tôi cử động vai, cơn đau lại lan xuống cánh tay."
Da liễu,Tôi bị phát ban lạ trên cánh tay.
Tâm thần,Tôi bị rối loạn cảm xúc.
Đa khoa,Tôi khó có thể đứng dậy và di chuyển rất chậm.
Da liễu,Mụn ở ngực tôi cứ nổi lên và không bao giờ hết.
Thấp khớp,Tôi thích đi bộ và hoạt động ngoài trời nhưng lòng bàn chân của tôi rất nhanh bị đau.
Tim mạch,Tôi thường xuyên bị đau nhói ở ngực và không biết mình đang làm gì mà lại gây ra triệu chứng đó.
Ngoại khoa,Vết thương bị nhiễm trùng của tôi gây ra sốt.
Hô hấp,"Trước đây, tôi thường thở hổn hển sau khi leo cả chục bậc cầu thang, nhưng giờ đây, ngay cả khi ngồi xuống, tôi cũng khó thở."
Tai Mũi Họng,Tôi bị ho dữ dội kèm theo đờm.
Thấp khớp/Tiêu hóa,"Tôi không thể mang vác bất cứ thứ gì, tôi bị đau vai."
Tai Mũi Họng,Cơn đau tai của tôi không thể chịu nổi.
Chỉnh hình,Tôi bị đau khớp.
Nhãn khoa,Tôi gặp khó khăn khi đọc vì các chữ cái đều bị mờ.
Thấp khớp,"Tối qua khi chơi bóng đá, tôi bị đá vào đầu."
Ngoại khoa,Tôi vô tình bị dao cứa vào tay khi đang nấu ăn.
Thấp khớp,Tôi bị đau chân rất nhiều khi chơi bóng đá.
Thấp khớp,Tôi cảm thấy nóng rát ở cơ vai.
Ngoại khoa,"Mảnh kính vỡ và làm tôi bị thương nặng ở chân, vết thương rất rộng."
Thấp khớp,"Hôm qua tôi chơi bóng rổ, và bị bong gân mắt cá chân."
Thấp khớp/Tiêu hóa,"Tôi không thể mang vác bất cứ thứ gì, tôi bị đau vai."
Đa khoa,Tôi cảm thấy chóng mặt sau khi bị tiêu chảy nặng.
Tâm thần,thở nặng nhọc kèm theo mệt mỏi
Đa khoa,Tôi bị chóng mặt mỗi khi cố gắng đứng dậy.
Chỉnh hình,Tôi có cảm giác như xương bánh chè đang cọ xát vào nhau mỗi khi đi bộ.
Tim mạch,Tôi cảm thấy đau nhói trong tim mỗi khi thức dậy.
Da liễu,Tôi ghét mụn trứng cá của mình.
Ngoại khoa,Vết thương của tôi bị nhiễm trùng khi tôi đang trồng hoa trong vườn.
Tai Mũi Họng,Tôi cảm thấy tức ngực.
Thấp khớp/Chỉnh hình,Tôi hay than phiền về chứng đau cổ và tôi thực sự cần phải khỏe hơn.
Tai Mũi Họng,Thỉnh thoảng tôi ho vì tôi hút thuốc.
Thấp khớp,Tôi bị đứt tay khi chơi bóng đá và đã bôi kem giảm đau nhưng không hiệu quả.
Thấp khớp,Tôi cảm thấy đau ở vai phải sau trận đấu quần vợt.
Nhãn khoa,"Tôi không nhìn thấy biển báo, tầm nhìn của tôi bị mờ."
Tim mạch,Lòng tôi đau nhói.
Tiêu hóa,"Tôi bị đau bụng sau khi uống bất kỳ loại nước ngọt nào, tại sao vậy?"
Da liễu,Da tôi bị ngứa.
Ngoại khoa,Tôi có một vết thương hở đã chuyển sang màu đỏ và chảy mủ.
Tim mạch,Tôi bị đau tim mỗi khi tập thể dục.
Da liễu,Mụn trứng cá khiến tôi cảm thấy xấu hổ.
Tai Mũi Họng,"Tôi không khỏe, tôi cảm thấy rất lạnh."
Thấp khớp,Tôi bị thương khi tập thể dục
Chỉnh hình,"Tôi không thể đứng lên hay ngồi xuống được, tôi bị đau lưng rất khó chịu."
Tiêu hóa,Tôi cảm thấy nóng rát ở bụng khoảng 2 tiếng sau mỗi bữa ăn.
Chỉnh hình,Tôi bị đau nhói ở xương bánh chè sau khi tập thể dục.
Tim mạch,Tôi cảm thấy như có một cây kim đang đâm xuyên tim mình.
Thấp khớp,"Trong cuộc phẫu thuật ở mắt cá chân, các dây thần kinh của tôi bị tổn thương nghiêm trọng đến mức tôi không thể chịu được khi ai đó chạm vào vết sẹo."
Chỉnh hình,"Mỗi khi cúi xuống, tôi lại cảm thấy đau nhói ở lưng."
Thấp khớp,Tôi bị đau nhói ở bắp tay. Tôi đã thử bôi kem giảm đau nhưng không hiệu quả.
Thấp khớp/Chỉnh hình,Tôi bị đau cổ khi ngồi trước máy tính xách tay.
Tim mạch,Tôi bị đau tim dữ dội.
Chỉnh hình,Tôi bị đau đầu gối mỗi khi đi bộ nhiều.
Ngoại khoa,Tôi bị tai nạn và vết thương vẫn còn hở khi tôi đến bệnh viện.
Tim mạch,Tôi thường xuyên bị đau nhói ở ngực và không biết mình đang làm gì mà lại gây ra triệu chứng đó.
Tai Mũi Họng,Tôi bị đau tai mỗi khi đi bơi.
Da liễu,Tóc tôi không được đẹp lắm.
Tai Mũi Họng,"Tôi luôn cảm thấy lạnh, ngay cả khi mặc nhiều lớp áo."
Tim mạch,Đau dữ dội ở phía trên bên trái ngực và có thể lan ra lưng.
Thấp khớp,Tôi bị đau cơ dữ dội từ khi đi tập gym.
Thấp khớp/Tiêu hóa,Tôi không thể cử động tay một cách bình thường.
Thấp khớp,Tôi bị đau cơ ở chân trái.
Chỉnh hình,Tôi bị đau khớp sau chấn thương trong trận bóng đá gần đây nhất.
Thấp khớp/Tiêu hóa,Tôi bị đau vai dữ dội.
Đa khoa,"Khi ăn quá nhiều đường, cơ thể tôi trở nên yếu và chóng mặt."
Đa khoa,"Tôi cảm thấy cơ thể yếu ớt sau ngày đầu tiên đến phòng tập, tại sao vậy?"
Đa khoa,"Khi đứng dậy quá nhanh, tôi bắt đầu cảm thấy chóng mặt và choáng váng."
Ngoại khoa,"Vết thương phẫu thuật đỏ, có mủ chảy ra, đau và nóng khi chạm vào."
Ngoại khoa,Có một người bị thương.
Ngoại khoa,"Tôi nghĩ vết thương của tôi có vấn đề, nó dường như không lành lại như bình thường."
Ngoại khoa,Vết thương vẫn còn hở
Đa khoa,Tôi cảm thấy chóng mặt mỗi khi đứng dậy.
Da liễu,Một cơn rụng tóc khủng khiếp
Chỉnh hình,"Tôi bị đau âm ỉ ở vùng lưng dưới, khiến việc di chuyển trở nên khó khăn."
Chỉnh hình,Tôi cảm thấy như có thứ gì đó sưng và viêm ở phía sau đầu gối.
Thấp khớp/Chỉnh hình,Tôi bị đau dữ dội ở cổ.
Thần kinh/Tiêu hóa,Tôi bị đau đầu mỗi khi cố gắng làm bất cứ việc gì.
Đa khoa,Tôi không còn đủ sức lực để làm những việc mà trước đây tôi vẫn làm.
Thấp khớp/Tiêu hóa,Tôi cảm thấy đau vai khi gõ bàn phím.
Tai Mũi Họng,Tôi bị đau tai mỗi khi chạm vào.
Chỉnh hình,Tôi bị đau đầu gối mỗi khi đi bộ nhiều.
Nhãn khoa,"Khi tôi cố gắng nhìn, tầm nhìn của tôi bị mờ."
Thấp khớp/Tiêu hóa,Tôi không thể cử động tay một cách bình thường.
Thần kinh/Tiêu hóa,Tôi bị đau đầu mỗi khi ăn kem.
Da liễu,"Đôi khi trời lạnh, mặt tôi bị đau, đặc biệt là vùng quanh những nốt mụn sắp vỡ."
Da liễu,Tóc tôi không được đẹp lắm.
Tai Mũi Họng,Tôi không biết tại sao mình lại cảm thấy lạnh.
Tai Mũi Họng,Toàn thân tôi lạnh cóng.
Thấp khớp/Chỉnh hình,Tôi bị đau cổ nên không ngủ được.
Hô hấp,Tôi cảm thấy có gì đó làm tôi khó thở và tôi không thể thở được.
Tai Mũi Họng,Hệ thống sưởi trong nhà tôi bị hỏng nên tôi cảm thấy rất lạnh.
Tai Mũi Họng,Tôi bị đau tai mỗi khi đi bơi.
Thấp khớp,Bắp chân tôi có cảm giác như bị căng cứng và nhức nhối.
Thấp khớp,"Tôi bắt đầu học bơi và hình như tôi đã nuốt quá nhiều nước qua mũi, vì vậy giờ tôi bị viêm xoang hành hạ."
Tâm thần,Tôi thất vọng
Tim mạch,Tôi bị đau tim dữ dội.
Nhãn khoa,"Tôi bị nhìn mờ và không nhìn rõ trong bóng tối, nguyên nhân là gì vậy bác sĩ?"
Tim mạch,Tôi cảm thấy tim mình đau nhói khi chạy một quãng đường dài.
Da liễu,Tôi bị nổi mụn khi ăn ớt.
Hô hấp,Tôi cảm thấy có gì đó làm tôi khó thở và tôi không thể thở được.
Tiêu hóa,Tôi bị đau bụng dữ dội và không thể ăn bất cứ thứ gì.
Chỉnh hình,"Tôi không thể đứng lên hay ngồi xuống được, tôi bị đau lưng rất khó chịu."
Da liễu,"Đôi khi trời lạnh, mặt tôi bị đau, đặc biệt là vùng quanh những nốt mụn sắp vỡ."
Da liễu,Tôi bị mụn trên mặt và các vấn đề khác về da liễu như ngứa.
Da liễu,"Tôi bị nổi mụn trên mặt, lúc có lúc không."
Tiêu hóa,Tôi bị đau bụng.
Nhãn khoa,Tôi bị nhìn mờ sau khi dùng nhầm thuốc.
Thấp khớp/Tiêu hóa,Tôi bị đau vai mỗi khi cố gắng mang vác đồ tạp hóa.
Tai Mũi Họng,Tôi bị cảm lạnh và ho rất nhiều.
Thấp khớp,Tôi bị đau lưng khi đang tập tạ ở phòng gym.
Nhãn khoa,Tôi bị nhìn mờ.
Hô hấp,"Tôi cảm thấy khó thở, đặc biệt là sau khi chạy hoặc vận động mạnh."
Tiêu hóa,Tôi bị đau bụng từ hôm qua.
Ngoại khoa,"Cháu trai tôi bị xước chân do va phải vỏ sò ở biển, giờ chân cháu đang chuyển sang màu xám và sưng tấy."
Thần kinh/Tiêu hóa,Tôi đọc sách rất lâu và khi đọc xong thì tôi bị đau đầu.
Hô hấp,Tôi cảm thấy áp lực rất lớn ở ngực.
Ngoại khoa,"Con trai tôi nặn mụn và nó vỡ ra, sau đó đóng vảy và giờ trông có vẻ bị nhiễm trùng."
Thấp khớp,Tôi bị đau nhức cơ vùng lưng dưới.
Tiêu hóa,"Tôi cảm thấy áp lực rất lớn ở vùng bụng dưới bên phải, mỗi khi ra ngoài chạy bộ."
Chỉnh hình,Tôi cảm thấy như có thứ gì đó đang đâm vào các khớp của mình.
Chỉnh hình,"Tôi rất thích làm vườn nhưng mỗi khi cúi người xuống, tôi lại bị đau nhói ở lưng dưới."
Nhãn khoa,Tôi không nhìn rõ.
Thấp khớp,"Hôm qua tôi chơi bóng rổ, và bị bong gân mắt cá chân."
Tiêu hóa,Đau bụng sau khi uống sữa
Da liễu,Tôi đã đi khám nhiều bác sĩ nhưng họ vẫn không tìm ra phương pháp điều trị phù hợp để giúp tôi lấy lại mái tóc.
Nhãn khoa,Thật khó để nhìn thấy mọi thứ
Ngoại khoa,"Vết thương phẫu thuật đỏ, có mủ chảy ra, đau và nóng khi chạm vào."
Tai Mũi Họng,Khi đi ngủ tôi cảm thấy lạnh.
Tiêu hóa,Tôi bị đau bụng.
Tiêu hóa,"Tôi bị đau ở đại tràng và dạ dày, cảm giác như có vật gì đó đang cắt vào."
Tai Mũi Họng,"Mỗi khi làm vậy, tôi đều cảm thấy đau nhói ở tai."
Thấp khớp/Tiêu hóa,Tôi không thể chịu đựng được cảm giác khó chịu này ở vai.
Chỉnh hình,Cơn đau lưng của tôi nhói lên như dao đâm.
Đa khoa,Tôi cảm thấy chóng mặt mỗi khi đứng dậy.
Thấp khớp/Tiêu hóa,Tôi bị đau vai sau khi làm bất cứ việc gì liên quan đến nhà.
Chỉnh hình,Tôi bị đau ở khớp khuỷu tay.
Tiêu hóa,Tôi bị đau nhưng không thể xác định được vị trí cụ thể.
Nhãn khoa,Tôi bị nhìn mờ sau khi dùng nhầm thuốc.
Tai Mũi Họng,Tôi bị đau tai khi tắm.
Tiêu hóa,"Khi thức dậy, tôi thấy mình bị đau bụng và đã thử uống thuốc nhưng bụng vẫn đau."
Thần kinh/Tiêu hóa,Tôi bị đau đầu khi làm việc này.
Thấp khớp,Tôi bị đau lưng dưới nhưng nếu duỗi người thì đỡ hơn.
Chỉnh hình,Tôi cảm thấy đau khớp mỗi khi cử động.
Chỉnh hình,Tôi bị đau nhói ở xương bánh chè sau khi tập thể dục.
Đa khoa,Tôi cảm thấy như căn phòng đang quay cuồng.
Tim mạch,"Tôi cảm thấy đau ở bên trái ngực, ngay chỗ tim."
Ngoại khoa,Tôi vô tình cắt đứt đầu ngón tay khi đang cắt bìa cứng và hiện tại máu không chảy được.
Thấp khớp,Tôi bị đau nhức cơ vùng lưng dưới.
Thấp khớp,Tôi thích đi bộ và hoạt động ngoài trời nhưng lòng bàn chân của tôi rất nhanh bị đau.
Thấp khớp,Tôi bị đau nhói ở bắp tay. Tôi đã thử bôi kem giảm đau nhưng không hiệu quả.
Thấp khớp/Chỉnh hình,"Cứng đờ, không thể nhìn sang phải hoặc trái trừ khi di chuyển toàn bộ cơ thể."
Đa khoa,"Khi đứng dậy quá nhanh, tôi bắt đầu cảm thấy chóng mặt và choáng váng."
Tai Mũi Họng,"Khi thức dậy, tôi cảm thấy lạnh."
Ngoại khoa,Vết thương bị nhiễm trùng của tôi gây ra sốt.
Tim mạch,Tôi cảm thấy tim mình như đang bốc cháy.
Tim mạch,Tôi khó thở vì cơn đau âm ỉ dưới vai trái.
Thấp khớp/Tiêu hóa,Tôi cảm thấy như có ai đó đâm dao vào vai mình.
Tai Mũi Họng,"Tôi không khỏe, tôi cảm thấy rất lạnh."
Hô hấp,Tôi gặp vấn đề về khả năng thở ra vì tôi bị hen phế quản.
Tiêu hóa,Tôi bị đau bụng từ hôm qua.
Tâm thần,thở nặng nhọc kèm theo mệt mỏi
Chỉnh hình,Tôi cảm thấy như có thứ gì đó đang đâm vào các khớp của mình.
Ngoại khoa,Tôi vô tình cắt đứt đầu ngón tay khi đang cắt bìa cứng và hiện tại máu không chảy được.
Tai Mũi Họng,Tôi cảm thấy lạnh mặc dù đang là mùa hè.
Thấp khớp,"Hôm qua tôi chơi bóng rổ, và bị bong gân mắt cá chân."
Thấp khớp,"Tôi đi lại khó khăn, chân tôi bị đau."
Đa khoa,Tôi cảm thấy choáng váng
Thấp khớp/Chỉnh hình,Tôi cảm thấy đau cổ sau khi thức dậy.
Ngoại khoa,Tôi bị một vết thương sâu ở tay và không thể cầm máu được.
Thấp khớp/Chỉnh hình,Tôi thức dậy mỗi sáng với chứng cứng cổ. Mát-xa giúp giảm đau nhưng vài ngày sau lại bị lại.
Tai Mũi Họng,Tôi bị đau tai mỗi khi chạm vào.
Tai Mũi Họng,"Chắc chắn là tuần hoàn máu của tôi có vấn đề rồi, ngay cả những ngày nóng nhất tôi cũng phải mang tất, ngón chân tôi lạnh cóng!"
Thấp khớp/Tiêu hóa,Tôi cảm thấy đau vai khi gõ bàn phím.
Thấp khớp,Tôi ngã xuống đất khi cố gắng ném bóng rổ.
Đa khoa,Tôi cảm thấy cơ bắp mệt mỏi.
Tiêu hóa,Tôi cảm thấy đau bụng dữ dội.
Đa khoa,"Khi tôi đứng dậy, tôi có cảm giác như mình sắp ngã ngay lập tức."
Ngoại khoa,"Lần trước khi cắt móng chân, tôi đã cắt quá ngắn và giờ móng chân của tôi bị nhiễm trùng."
Ngoại khoa,Nhiễm trùng vết mổ
Chỉnh hình,Đầu gối tôi đau quá.
Tiêu hóa,Bên trái của tôi đau nhức nhiều.
Chỉnh hình,Tôi bị đau lưng và không thể cúi gập người hay đi lại được.
Chỉnh hình,Tôi nghĩ mình đã làm quá sức khi khiêng đống gỗ đó từ ngoài sân về. Lưng dưới của tôi đau nhức kinh khủng.
Đa khoa,Tôi vốn luôn rất năng động nhưng giờ tôi không còn đủ sức lực hay năng lượng để đi bộ dù chỉ một quãng ngắn.
Da liễu,Tôi có vấn đề về da.
Da liễu,"Tôi bị nổi mụn ở ngực với những mảng đỏ, tình trạng này càng trầm trọng hơn khi trời nóng."
Nhãn khoa,Tôi không thể lái xe vào ban đêm vì mắt tôi bị mờ.
Đa khoa,Tôi gần như không còn đủ sức để đứng dậy.
Thấp khớp,"Sau khi chơi bóng đá, tôi bị đau cơ ở cả hai chân."
Thấp khớp,Tôi bị đau cơ không rõ nguyên nhân.
Tai Mũi Họng,Tôi bị đau tai mỗi khi chạm vào.
Thấp khớp/Chỉnh hình,"Mỗi lần nhìn sang trái, tôi đều cảm thấy đau nhói ở cổ."
Đa khoa,"Tôi không thể làm gì cả, toàn thân tôi đều yếu ớt."
Tai Mũi Họng,Phổi tôi cảm thấy nặng trĩu như thể chứa đầy chất nhầy.
Tâm thần,Tôi cảm thấy suy sụp tinh thần.
Chỉnh hình,Tôi bị đau nhức như kim châm ở các khớp.
Đa khoa,"Tôi cảm thấy cơ thể yếu ớt dù ăn rất nhiều, tại sao vậy?"
Hô hấp,"Có những lúc tôi cảm thấy như bị đè bẹp dưới một sức nặng khổng lồ và không khí không thể vào phổi, điều đó thực sự khiến tôi sợ chết khiếp mỗi khi chuyện đó xảy ra."
Đa khoa,Tôi cảm thấy cơ bắp mệt mỏi.
Tai Mũi Họng,Tôi cảm thấy toàn thân như đang ở trong tủ lạnh.
Tâm thần,Tôi ước cảm giác mất mát đau đớn này có thể biến mất.
Tâm thần,"Tôi đã thử đọc sách, nhưng chẳng có gì làm tôi vui lên được cả."
Đa khoa,Đôi khi tôi cảm thấy cơ thể yếu ớt mà không rõ lý do.
Tai Mũi Họng,Tôi bị ho rất nặng và có đờm.
Tâm thần,Tôi cảm thấy buồn
Thấp khớp,Tôi bị đau lòng bàn chân khi mang giày cao gót.
Tai Mũi Họng,Bị cảm lạnh và ho nặng
Da liễu,Tóc tôi luôn bị rụng và dạo này tôi bị rụng rất nhiều tóc.
Chỉnh hình,Tôi gặp khó khăn khi cử động đầu gối.
Ngoại khoa,Tôi nghĩ vết thương của tôi bị nhiễm trùng rồi.
Tai Mũi Họng,"Dù nhiệt độ trong nhà có cao, người tôi vẫn luôn cảm thấy lạnh."
Da liễu,Tôi bị phát ban và ngứa rất dữ dội.
Thấp khớp/Tiêu hóa,"Sau khi chơi tennis, tôi cảm thấy một cảm giác mạnh ở gần cổ."
Tai Mũi Họng,Tôi gặp một số vấn đề nghiêm trọng về hô hấp vào ban đêm.
Da liễu,Tôi cảm thấy rất ngứa rát ở vùng gần cánh tay.
Chỉnh hình,Đầu gối của tôi không gập được tốt.
Tâm thần,Tôi luôn cảm thấy rất buồn.
Da liễu,Mụn của tôi bị ngứa và chảy dịch.
Tim mạch,Tim tôi như muốn nổ tung.
Tai Mũi Họng,Tôi đã khỏi cảm lạnh được vài tuần rồi nhưng vẫn ho mỗi ngày.
Thấp khớp,"Khi chơi thể thao, tôi bị đau dưới da."
Da liễu,Sáng nào gối tôi cũng có rất nhiều tóc.
Tai Mũi Họng,Tôi nghĩ có dịch trong tai tôi.
Tai Mũi Họng,Tôi bị ngứa tai.
Tim mạch,Trái tim đau nhói vô cùng
Tiêu hóa,Tôi cảm thấy khó chịu toàn thân.
Ngoại khoa,Tôi bị rách da ở ngón tay cái và vết thương không lành.
Nhãn khoa,"Tôi bị nhìn mờ và không nhìn rõ trong bóng tối, nguyên nhân là gì vậy bác sĩ?"
Hô hấp,Tôi cảm thấy tức ngực.
Thấp khớp,Tôi bị đau chân rất nhiều khi chơi bóng đá.
Da liễu,Bệnh mãn tính của nang tóc và tuyến bã nhờn
Da liễu,tóc tôi rụng
Tâm thần,Tôi bị bệnh tâm thần
Da liễu,Tóc tôi bị rụng khi tôi chải tóc.
Đa khoa,Tôi cảm thấy chóng mặt và mất phương hướng.
Đa khoa,Tôi cảm thấy choáng váng khi đứng dậy.
Hô hấp,Tôi cảm thấy như mình không thể hít thở sâu được.
Đa khoa,"Tôi không khỏe, tôi cảm thấy chóng mặt."
Chỉnh hình,Tôi cảm thấy đau lưng.
Tai Mũi Họng,Thỉnh thoảng tôi ho vì tôi hút thuốc.
Tiêu hóa,Bụng tôi bắt đầu đau nhưng sau khi ăn thứ gì đó nhẹ nhàng thì lại thấy dễ chịu hơn.
Thấp khớp,"Mỗi khi tập luyện cường độ cao, tôi đều cảm thấy đau nhức dữ dội ở các cơ."
Chỉnh hình,Tôi cảm thấy rất đau nhức ở các khớp.
Ngoại khoa,"Tôi bị một vết thương hở trên da bên trong một bên lỗ mũi, vết thương đã bị nhiễm trùng và hiện giờ chứa đầy mủ."
Da liễu,Ống thoát nước trong phòng tắm của tôi lúc nào cũng đầy tóc.
Da liễu,Da tôi bị ngứa.
Tai Mũi Họng,Tôi cảm thấy tức ngực.
Tim mạch,Lòng tôi đau nhói.
Tiêu hóa,"Tôi bị đau bụng sau khi uống bất kỳ loại nước ngọt nào, tại sao vậy?"
Tiêu hóa,Tôi bị đau ngực khi hút thuốc.
Thấp khớp,Tôi bị chuột rút đau ở chân.
Thấp khớp/Tiêu hóa,Tôi có cảm giác như mình vừa đến một phòng khám châm cứu và bị cắm 100 cây kim vào vai.
Thấp khớp/Tiêu hóa,Vai tôi bị đau.
Thấp khớp,Tôi bị đau chân sau khi chạy 500m với giày chạy bộ.
Đa khoa,Tôi cảm thấy toàn thân rất yếu.
Thấp khớp/Tiêu hóa,Tôi bị nhức nhối ở vai.
Chỉnh hình,Tôi cảm thấy đau đầu gối khi leo cầu thang.
Ngoại khoa,"Con trai tôi vừa xỏ khuyên môi và giờ môi bị sưng, phần da bên trong môi có màu xám và trông như bị nhiễm trùng."
Chỉnh hình,Tôi không thể tập thể dục vì bị đau đầu gối.
Nhãn khoa,Tôi bị nhìn mờ.
Đa khoa,Tôi cảm thấy chóng mặt sau khi vận động cơ bắp.
Ngoại khoa,"Mảnh kính vỡ và làm tôi bị thương nặng ở chân, vết thương rất rộng."
Ngoại khoa,Tôi có một vết thương hở ở cánh tay.
Da liễu,Tôi đã thử rất nhiều loại kem nhưng tình trạng da của tôi vẫn vậy.
Thấp khớp/Chỉnh hình,Tôi bị đau cổ và không thể nhìn xuống hay nhìn lên.
Ngoại khoa,Tôi bị rách da ở ngón tay cái và vết thương không lành.
Thấp khớp,Tôi bị đau chân.
Thấp khớp/Chỉnh hình,Tôi bị đau nhói ở cổ.
Chỉnh hình,Tôi cảm thấy đau ở vùng lưng dưới.
Đa khoa,Tôi bị chóng mặt mỗi khi cố gắng đứng dậy.
Hô hấp,"Tôi khó thở khi ở trong ga tàu điện ngầm, tại sao vậy?"
Da liễu,Tôi bị mụn khắp mặt.
Thấp khớp/Chỉnh hình,Tôi cảm thấy đau ở cổ.
Nhãn khoa,Màn hình tivi và máy tính của tôi trông có vẻ mờ dù tôi đã đeo kính mới.
Thấp khớp/Chỉnh hình,Cổ tôi cảm thấy cứng đờ.
Chỉnh hình,Đầu gối tôi thường đau nhức vào những ngày trời lạnh và mưa.
Da liễu,Tôi bị thiếu tóc
Tim mạch,Tôi bị đau tim mỗi khi tập thể dục.
Thấp khớp/Chỉnh hình,Tôi hay than phiền về chứng đau cổ và tôi thực sự cần phải khỏe hơn.
Thấp khớp/Chỉnh hình,Tôi bị đau nhói ở cổ.
Da liễu,Tôi cảm thấy chán nản khi thấy tóc mình rụng.
Ngoại khoa,Tôi bị rách da ở ngón tay cái và vết thương không lành.
Da liễu,Da tôi bị ngứa.
Đa khoa,Tôi cảm thấy chóng mặt và mất phương hướng.
Ngoại khoa,Tôi có một vết thương hở đã chuyển sang màu đỏ và chảy mủ.
Tiêu hóa,Tôi có một nỗi đau nội tâm không thể diễn tả được.
Tai Mũi Họng,Tôi bị ho dữ dội kèm theo đờm.
Tiêu hóa,Bụng tôi bắt đầu đau nhưng sau khi ăn thứ gì đó nhẹ nhàng thì lại thấy dễ chịu hơn.
Da liễu,Tôi bị nổi mụn thành từng cụm trên mặt và chúng không bao giờ biến mất.
Tai Mũi Họng,Tôi cảm thấy như mình khó thở nếu không tống hết những thứ trong phổi ra ngoài.
Chỉnh hình,Mắt cá chân của tôi đang bị đau.
Đa khoa,Đôi khi tôi cảm thấy cơ thể yếu ớt mà không rõ lý do.
Chỉnh hình,Mắt cá chân của tôi đang bị đau.
Nhãn khoa,Mọi thứ trông như thể đang ở trong một khu vực đầy khói.
Da liễu,Tóc tôi luôn bị rụng và dạo này tôi bị rụng rất nhiều tóc.
Chỉnh hình,Tôi rất đau lưng mỗi khi cúi người.
Đa khoa,"Tôi cảm thấy cơ thể yếu ớt dù ăn rất nhiều, tại sao vậy?"
Thấp khớp,"Hôm qua tôi chơi bóng rổ, và bị bong gân mắt cá chân."
Thấp khớp/Chỉnh hình,Tôi cảm thấy đau cổ khi đang làm việc.
Da liễu,Ngực tôi nổi mụn đỏ và mụn đầu trắng.
Tai Mũi Họng,Tôi cảm thấy lạnh mặc dù đang là mùa hè.
Đa khoa,Tôi cảm thấy chóng mặt sau khi bị tiêu chảy nặng.
Tai Mũi Họng,"Tôi không ngủ được, tôi bị ho dữ dội."
Tai Mũi Họng,"Tôi vừa đi máy bay cách đây vài ngày và lần này, trong lúc hạ cánh, tai tôi vẫn bị ù và đau."
Thấp khớp,Cơ bắp tay của tôi bắt đầu đau nhức sau khi tôi đến phòng tập thể dục.
Chỉnh hình,Tôi không thể tập thể dục vì bị đau đầu gối.
Thấp khớp/Chỉnh hình,Tôi bị đau nhói ở cổ.
Nhãn khoa,Tôi bị nhìn mờ.
Thấp khớp,Tôi bị đau tay khi duỗi người.
Chỉnh hình,Tôi cảm thấy đau ở vùng lưng dưới.
Đa khoa,Tôi cảm thấy choáng váng khi đứng dậy.
Chỉnh hình,Tôi cảm thấy đau đầu gối khi leo cầu thang.
Thấp khớp/Chỉnh hình,Cổ tôi cảm thấy cứng đờ.
Ngoại khoa,Tôi có một vết thương hở ở cánh tay.
Thấp khớp,Tôi cảm thấy nóng rát ở cơ vai.
Đa khoa,Tôi cảm thấy toàn thân yếu ớt và đã cố gắng thư giãn nhưng vẫn thấy đau.
Tâm thần,Tôi cảm thấy đau lòng mỗi khi nghĩ về cô ấy.
Đa khoa,Tôi cảm thấy choáng váng
Chỉnh hình,"Cơn đau dữ dội, đặc biệt là khi tôi xuống cầu thang, cảm giác như có thứ gì đó bị gãy bên trong đầu gối."
Thấp khớp,Tôi bị chấn thương nên không thể chơi thể thao.
Chỉnh hình,"Mỗi khi leo cầu thang, đầu gối phải của tôi đều bị đau."
Tâm thần,"Tôi cảm thấy mình không thể chịu đựng được nữa, tôi cảm thấy quá tải và không thể nào có được một chút thời gian nghỉ ngơi."
Chỉnh hình,"Tôi gặp khó khăn khi chịu trọng lượng lên đầu gối, khi đứng thẳng tôi cảm thấy và nghe thấy một tiếng kêu lách tách lớn."
Đa khoa,Tôi có cảm giác toàn thân không còn chút sức lực nào.
Da liễu,Da tôi rất khô và bong tróc.
Tim mạch,Tôi cảm thấy một cơn đau kỳ lạ và dữ dội bên trong lồng ngực.
Thấp khớp/Tiêu hóa,Tôi bị đau vai sau khi làm bất cứ việc gì liên quan đến nhà.
Da liễu,Tôi bị phát ban da sau khi ăn kem.
Tai Mũi Họng,"Tôi cảm thấy lạnh cóng, như một viên đá. Chị tôi nói rằng chị ấy cần nhiều chăn để đắp cho đủ ấm."
Thấp khớp/Tiêu hóa,Tôi không thể chịu đựng được cảm giác khó chịu này ở vai.
Tâm thần,"Mỗi khi nhớ về cô ấy, tôi lại cảm thấy buồn."
Thấp khớp,"Khi thức dậy vào buổi sáng, tôi cảm thấy toàn thân đau nhức."
Ngoại khoa,Tôi bị đứt tay cách đây vài tuần và dù đã bôi kem kháng sinh nhưng vết thương vẫn không đỡ.
Tai Mũi Họng,Tôi bị đau tai khi trời lạnh.
Thần kinh/Tiêu hóa,Tôi cảm thấy như có ai đó đang dùng búa đập vào đầu mình. Tôi thấy đau nhức ở đỉnh đầu và nó cứ giật giật.
Ngoại khoa,"Vết thương phẫu thuật đỏ, có mủ chảy ra, đau và nóng khi chạm vào."
Đa khoa,Tôi cảm thấy chóng mặt khi thực hiện các chuyển động đột ngột.
Đa khoa,"Tôi cảm thấy cơ thể yếu ớt sau ngày đầu tiên đến phòng tập, tại sao vậy?"
Tâm thần,Dạo này tôi cảm thấy rất buồn.
Tai Mũi Họng,Tai tôi bị đau khi nghe nhạc.
Da liễu,"Tóc tôi rụng không rõ lý do, tôi thấy rất nhiều tóc trên bàn làm việc."
Đa khoa,Tôi cảm thấy chóng mặt và mất phương hướng.
Chỉnh hình,Tôi cảm thấy đau nhói ở khớp mắt cá chân khi đứng.
Da liễu,Tôi bị nổi mụn đầu trắng và mụn đầu đen thành từng cụm trên lưng.
Thấp khớp/Chỉnh hình,Tôi cảm thấy đau ở cổ.
Chỉnh hình,"Tôi không thể cử động chân, khớp bị đau."
Thấp khớp,Tôi bị đau nhức cơ vai mỗi khi cử động tay.
Tâm thần,Tôi bị bệnh tâm thần
Tiêu hóa,Tôi thường bị đau bụng sau khi ăn. Tôi vẫn chưa xác định được loại thực phẩm nào là nguyên nhân gây ra tình trạng này.
Tiêu hóa,Tôi bị đau ngực khi hút thuốc.
Ngoại khoa,Tôi bị rách da giữa ngón tay cái và ngón trỏ và vết thương không lành lại được.
Da liễu,Tôi bị nổi mụn thành từng mảng và da mặt bị đỏ nhiều.
Tim mạch,Tôi bị đau tim dữ dội.
Thấp khớp,Tôi cần một loại kem giúp thư giãn cơ bắp.
Thấp khớp/Tiêu hóa,Hôm qua tôi bị đau vai.
Hô hấp,"Trước đây, tôi thường thở hổn hển sau khi leo cả chục bậc cầu thang, nhưng giờ đây, ngay cả khi ngồi xuống, tôi cũng khó thở."
Chỉnh hình,"Tôi không thể đứng lên hay ngồi xuống được, tôi bị đau lưng rất khó chịu."
Tim mạch,Tôi cảm thấy tim mình như đang bốc cháy.
Chỉnh hình,Đầu gối tôi bị sưng ngay dưới xương bánh chè và đau khi tôi tì trọng lượng lên đó.
Thấp khớp/Tiêu hóa,Tôi rất đau khi cử động tay.
Tâm thần,Tôi cảm thấy đau lòng khi phải chia xa những người thân yêu.
Tiêu hóa,"Khi thức dậy, tôi thấy mình bị đau bụng và đã thử uống thuốc nhưng bụng vẫn đau."
Nhãn khoa,Tôi bị nhìn mờ sau khi dùng nhầm thuốc.
Thấp khớp,Tôi bị đau cơ bụng dữ dội từ khi đi tập gym.
Tim mạch,Cảm giác nghẹn ngào trong tim khiến tôi khó thở.
Hô hấp,"Tôi được chẩn đoán mắc bệnh viêm phổi, tôi khó thở."
Da liễu,Trên mặt tôi có mụn.
Nhãn khoa,Tôi đã thử đeo kính để nhìn rõ hơn nhưng vẫn không thấy có gì thay đổi.
Chỉnh hình,Tôi bị đau nhói ở xương bánh chè sau khi tập thể dục.
Ngoại khoa,Tôi vô tình cắt đứt đầu ngón tay khi đang cắt bìa cứng và hiện tại máu không chảy được.
Da liễu,"Tóc tôi rụng không rõ lý do, tôi thấy rất nhiều tóc trên bàn làm việc."
Da liễu,sử dụng thuốc bổ tóc
Da liễu,"Khi tôi thức dậy, tôi thấy da mình mờ ảo."
Ngoại khoa,"Tôi bị ngã xuyên qua cửa sổ khi đang lau chùi và có một mảnh kính găm vào mắt trái, tôi nghĩ tình trạng khá nghiêm trọng, xin hãy giúp tôi!"
Chỉnh hình,Tôi bị đau đầu gối khi đi bộ.
Thấp khớp/Tiêu hóa,Hôm qua tôi mang một chiếc túi nặng và sáng nay khi thức dậy tôi cảm thấy vai rất đau.
Thấp khớp,Tôi bị va chạm khi đang chơi bóng đá. Đầu gối của tôi bị trẹo và giờ không còn vững nữa.
Tiêu hóa,Bên trái của tôi đau nhức nhiều.
Tiêu hóa,Tôi không thể chịu nổi cảm giác khó chịu này trong bụng.
Tiêu hóa,Tôi thường bị đau bụng sau khi ăn. Tôi vẫn chưa xác định được loại thực phẩm nào là nguyên nhân gây ra tình trạng này.
Tai Mũi Họng,"Chắc chắn là tuần hoàn máu của tôi có vấn đề rồi, ngay cả những ngày nóng nhất tôi cũng phải mang tất, ngón chân tôi lạnh cóng!"
Tiêu hóa,Tôi cảm thấy buồn nôn.
Đa khoa,"Tôi không thể làm gì cả, toàn thân tôi đều yếu ớt."
Tâm thần,Tôi không hiểu sao mình cứ buồn mãi.
Chỉnh hình,Tôi bị đau lưng và không thể cúi gập người hay đi lại được.
Nhãn khoa,Tôi không thể lái xe vào ban đêm vì mắt tôi bị mờ.
Da liễu,sử dụng thuốc bổ tóc
Da liễu,Tôi cảm thấy rất ngứa rát ở vùng gần cánh tay.
Tâm thần,"Tôi cảm thấy mình không thể chịu đựng được nữa, tôi cảm thấy quá tải và không thể nào có được một chút thời gian nghỉ ngơi."
Thấp khớp/Chỉnh hình,Tôi bị sưng ở cổ và rất đau.
Tâm thần,Tôi luôn cảm thấy rất buồn.
Da liễu,Có thứ gì đó tối màu trên cánh tay tôi.
Thấp khớp,"Tôi bị đau dữ dội ở chân, đau như bị giật, và việc thư giãn bằng thuốc giảm đau không hiệu quả."
Da liễu,"Mặt tôi nổi những nốt mụn đỏ và cục u đau rát, dù tôi có rửa mặt bao nhiêu lần cũng không hết."
Da liễu,Da tôi rất khô và bong tróc.
Thấp khớp,Tôi bị va đập vào chân và nó đau lắm.
Thần kinh/Tiêu hóa,"Tôi đau đầu và mất cảm giác ở mặt, sau đó mất thị lực ở mắt."
Thấp khớp/Chỉnh hình,Tôi bị sưng ở cổ và rất đau.
Tiêu hóa,Tôi bị đau âm ỉ ở bụng. Cơn đau càng nặng hơn sau khi ăn.
Tim mạch,Tim tôi đập nhanh và điều đó khiến tôi sợ hãi.
Chỉnh hình,"Tôi bị đau âm ỉ ở vùng lưng dưới, khiến việc di chuyển trở nên khó khăn."
Ngoại khoa,Tôi bị đứt tay và đang chảy máu.
Da liễu,Mụn có phải là bệnh ngoài da không?
Thần kinh/Tiêu hóa,"Tôi bị đau đầu vùng trán và mỗi khi bị đau, ánh sáng lại làm tôi khó chịu."
Tiêu hóa,Đau nhói và khó thở
Thấp khớp/Chỉnh hình,Tôi hầu như không thể cử động cổ được. Nó đau quá.
Ngoại khoa,"Tôi bị đứt tay khi mở lon đồ hộp, máu cứ chảy không ngừng và vết thương đang hở miệng."
Ngoại khoa,"Tôi nghĩ vết thương của tôi có vấn đề, nó dường như không lành lại như bình thường."
Thấp khớp/Chỉnh hình,Tôi bị đau dữ dội ở cổ.
Tai Mũi Họng,Tôi không thể ngừng ho.
Tiêu hóa,Tôi bị đau bụng và đầy hơi liên tục.
Chỉnh hình,Tôi cảm thấy đau nhức như xương cọ xát vào nhau ở đầu gối khi leo cầu thang.
Đa khoa,"Tôi cảm thấy rất chóng mặt, cơ thể rất yếu."
Ngoại khoa,Vết thương của tôi bị nhiễm trùng khi tôi đang trồng hoa trong vườn.
Thấp khớp,Vết sẹo dài trên mông trái của tôi là do ngã xe đạp leo núi.
Thấp khớp/Chỉnh hình,Tôi không thể ngẩng đầu lên cúi xuống được.
Ngoại khoa,"Mảnh kính vỡ và làm tôi bị thương nặng ở chân, vết thương rất rộng."
Da liễu,Tình trạng mụn của tôi trở nên tồi tệ hơn khi trời nóng.
Thấp khớp,Tôi bị đau tay khi duỗi người.
Thấp khớp,Tôi vẫn không cảm thấy cơ bắp của mình đỡ hơn.
Tâm thần,Tôi cảm thấy vô cùng đau khổ về mặt tinh thần sau khi chia tay bạn gái.
Tiêu hóa,Tôi cảm thấy buồn nôn.
Tai Mũi Họng,Tai tôi đau quá.
Tâm thần,"Mỗi khi nghĩ về cha mẹ, tôi lại cảm thấy đau lòng."
Đa khoa,"Tôi cảm thấy toàn thân yếu ớt, mặt mũi tái nhợt và không ngủ ngon được."
Chỉnh hình,Đầu gối tôi có cảm giác như bị rỉ sét và đột nhiên tôi không thể gập nó lại được nữa.
Thấp khớp,Tôi bị đau cơ không rõ nguyên nhân.
Chỉnh hình,Tôi bị đau đầu gối khi đang bơi.
Thấp khớp,Tôi bị chấn thương nên không thể chơi thể thao.
Đa khoa,Tôi không còn đủ sức lực để làm những việc mà trước đây tôi vẫn làm.
Da liễu,Tôi bị nổi mụn đầu trắng và mụn đầu đen thành từng cụm trên lưng.
Tiêu hóa,Tôi bị đau bụng mỗi khi bị cảm lạnh.
Tiêu hóa,"Tôi bị đau bụng khi ăn đồ ăn nóng, tại sao vậy?"
Tai Mũi Họng,Nghe thấy bất kỳ tiếng động lớn nào cũng khiến tai tôi đau nhức.
Chỉnh hình,"Cơn đau dữ dội, đặc biệt là khi tôi xuống cầu thang, cảm giác như có thứ gì đó bị gãy bên trong đầu gối."
Da liễu,"Khi tôi thức dậy, tôi thấy da mình mờ ảo."
Ngoại khoa,Người ta phát hiện anh ta có một vết thương hở.
Thần kinh/Tiêu hóa,Tôi bị đau đầu từ khi thức dậy sáng nay.
Tiêu hóa,Khi ăn tôi cảm thấy đau bụng.
Ngoại khoa,"Lần trước khi cắt móng chân, tôi đã cắt quá ngắn và giờ móng chân của tôi bị nhiễm trùng."
Chỉnh hình,"Tôi không thể đứng lên hay ngồi xuống được, tôi bị đau lưng rất khó chịu."
Da liễu,"Khi tôi gội đầu, tóc tôi rụng rất nhiều."
Hô hấp,Tôi bị nghẹt mũi suốt ngày và có chất dịch nhầy dính trong cổ họng khiến tôi không thể ngủ được. Tôi thường phải ngủ trưa trong tư thế ngồi.
Thần kinh/Tiêu hóa,Tôi bị đau đầu khi làm việc này.
Tai Mũi Họng,"Khi thức dậy, tôi cảm thấy lạnh."
Chỉnh hình,Tôi bị đau ở khớp khuỷu tay.
Thấp khớp/Tiêu hóa,"Tôi cảm thấy như có một cục u sưng tấy ở xương bả vai, kèm theo cơn đau nhói từ đó."
Tâm thần,"Khi ông nội tôi qua đời, tôi đã trải qua một nỗi đau tinh thần sâu sắc."
Thấp khớp/Tiêu hóa,Tôi không thể cử động tay một cách bình thường.
Thần kinh/Tiêu hóa,Tôi bị đau đầu.
Chỉnh hình,"đỏ, sưng tấy và khó đi lại"
Thấp khớp,Tôi bị thương trong trận đấu bóng đá.
Đa khoa,Tôi đang đi du thuyền và cảm thấy chóng mặt.
Nhãn khoa,Tôi bị nhìn mờ sau khi dùng nhầm thuốc.
Da liễu,ngứa ở phía trước và chính giữa da đầu
Nhãn khoa,"Tôi bị nhìn mờ và không nhìn rõ trong bóng tối, nguyên nhân là gì vậy bác sĩ?"
Tai Mũi Họng,Tôi bị đau tai mỗi khi đi bơi.
Da liễu,Mụn ở ngực tôi cứ nổi lên và không bao giờ hết.
Tiêu hóa,Tôi cảm thấy nóng rát ở bụng khoảng 2 tiếng sau mỗi bữa ăn.
Nhãn khoa,"Khi tôi cố gắng nhìn, tầm nhìn của tôi bị mờ."
Tâm thần,Tôi bị rối loạn cảm xúc.
Tim mạch,"Tôi cảm thấy đau ở bên trái ngực, ngay chỗ tim."
Đa khoa,"Khi đứng dậy quá nhanh, tôi bắt đầu cảm thấy chóng mặt và choáng váng."
Thấp khớp/Tiêu hóa,"Khi giơ tay lên, tôi cảm thấy đau ở vai."
Đa khoa,"Tôi cảm thấy chóng mặt khi ngồi trước máy tính xách tay khoảng một đến hai tiếng, nguyên nhân có thể là gì vậy?"
Tai Mũi Họng,Tôi không biết tại sao mình lại cảm thấy lạnh.
Tâm thần,Tôi thất vọng
Ngoại khoa,"Con gái tôi đi tỉa lông mày và việc đó đã làm rách da ở một bên lông mày, giờ chỗ đó bị sưng và chảy dịch."
Da liễu,"Đôi khi trời lạnh, mặt tôi bị đau, đặc biệt là vùng quanh những nốt mụn sắp vỡ."
Chỉnh hình,"Mỗi khi cúi xuống, tôi lại cảm thấy đau nhói ở lưng."
Chỉnh hình,Tôi cảm thấy đau nhức ở đầu gối khi đi bộ.
Thấp khớp/Tiêu hóa,Tôi không thể cử động tay một cách bình thường.
Hô hấp,Tôi cảm thấy rất khó thở.
Tiêu hóa,Tôi bị đau bụng dữ dội và không thể ăn bất cứ thứ gì.
Tim mạch,Tôi cảm thấy tim mình đau nhói khi chạy một quãng đường dài.
Tai Mũi Họng,Tôi thường bị ho nặng khi bị cúm.
Da liễu,Tôi bị rụng tóc rất nhiều.
Thần kinh/Tiêu hóa,Tôi bị đau đầu khi làm việc này.
Đa khoa,Tôi khó có thể đứng dậy và di chuyển rất chậm.
Chỉnh hình,Tôi bị ngã xe đạp và từ đó tôi bị đau đầu gối dữ dội.
Thần kinh/Tiêu hóa,Tôi bị đau đầu.
Tim mạch,Tôi cảm thấy tim mình như đang bốc cháy.
Chỉnh hình,"Mỗi khi leo cầu thang, đầu gối phải của tôi đều bị đau."
Nhãn khoa,"Tôi bị nhìn mờ trong lúc tập bơi ở bể bơi, tại sao vậy?"
Chỉnh hình,Tôi cảm thấy đau đầu gối khi leo cầu thang.
Đa khoa,"Tôi cảm thấy rất chóng mặt, cơ thể rất yếu."
Tim mạch,"Ôi tim tôi đau nhói, tôi đã cố gắng bình tĩnh nhưng không thể."
Thấp khớp/Chỉnh hình,Tôi bị đau nhói ở cổ.
Thấp khớp/Chỉnh hình,Tôi không thể xoay cổ.
Da liễu,Tôi đã thử rất nhiều loại kem nhưng tình trạng da của tôi vẫn vậy.
Hô hấp,Tôi đi bộ mỗi ngày nhưng giờ đây chỉ đi được một đoạn ngắn là tôi đã bị khó thở.
Ngoại khoa,Tôi có một vết thương hở ở cánh tay.
Da liễu,ngứa ở phía trước và chính giữa da đầu
Da liễu,Tôi thường xuyên bị nổi mụn trên mặt.
Tiêu hóa,Tôi có một nỗi đau nội tâm không thể diễn tả được.
Ngoại khoa,"Mảnh kính vỡ và làm tôi bị thương nặng ở chân, vết thương rất rộng."
Thấp khớp,Tôi bị đau cơ không rõ nguyên nhân.
Da liễu,Tôi bị nổi mụn đầu trắng và mụn đầu đen thành từng cụm trên lưng.
Thấp khớp/Tiêu hóa,Tôi cảm thấy đau vai từng đợt.
Tai Mũi Họng,Tôi luôn cảm thấy ngứa rát ở cổ họng.
Tai Mũi Họng,Tôi bị ho rất nặng và có đờm.
Da liễu,Tôi nhận thấy có nhiều tóc rụng hơn bình thường khi chải tóc.
Tai Mũi Họng,Tôi cảm thấy có chất lỏng muốn trào ra khi ho.
Chỉnh hình,Tôi cảm thấy đau nhức ở đầu gối khi đi bộ.
Chỉnh hình,Tôi bị đau đầu gối khi chơi squash.
Tai Mũi Họng,"Tôi không thể ngừng run rẩy hay nới lỏng hàm, tôi lạnh đến mức đó."
Chỉnh hình,Tôi bị đau lưng và không thể cúi gập người hay đi lại được.
Nhãn khoa,Tôi bị mờ mắt sau khi bị va đập vào đầu hôm qua.
Tai Mũi Họng,"Chắc chắn là tuần hoàn máu của tôi có vấn đề rồi, ngay cả những ngày nóng nhất tôi cũng phải mang tất, ngón chân tôi lạnh cóng!"
Đa khoa,Tôi vốn luôn rất năng động nhưng giờ tôi không còn đủ sức lực hay năng lượng để đi bộ dù chỉ một quãng ngắn.
Đa khoa,"Tôi nhanh mệt quá, sáng sớm hầu như không mặc nổi quần áo."
Tiêu hóa,"Tôi cảm thấy bụng đầy và khó chịu, chướng bụng sau những bữa ăn no."
Da liễu,Tôi bị phát ban và ngứa rất dữ dội.
Tiêu hóa,Tôi bị đau bụng và đầy hơi liên tục.
Da liễu,Tóc tôi rụng từng mảng lớn.
Ngoại khoa,Điều gì giúp vết thương mau lành hơn?
Ngoại khoa,Tôi bị đứt tay và đang chảy máu.
Ngoại khoa,Vết thương của tôi không lành tốt và tình trạng này đã kéo dài hai tuần rồi.
Thấp khớp/Chỉnh hình,Tôi bị sưng ở cổ và rất đau.
Chỉnh hình,Đầu gối của tôi không gập được tốt.
Thấp khớp/Chỉnh hình,Tôi cảm thấy tê rần ở cổ.
Chỉnh hình,"Mỗi khi leo cầu thang, đầu gối phải của tôi đều bị đau."
Thấp khớp,"Sau khi đi bộ, tôi cảm thấy đau ở lòng bàn chân."
Tim mạch,Tôi cảm thấy một cơn đau kỳ lạ và dữ dội bên trong lồng ngực.
Ngoại khoa,Vết thương của tôi bị nhiễm trùng hay chỉ đang lành lại?
Chỉnh hình,Làm sao để biết bạn có bị rách sụn chêm ở đầu gối hay không?
Đa khoa,"Khi đứng dậy quá nhanh, tôi bắt đầu cảm thấy chóng mặt và choáng váng."
Thấp khớp/Tiêu hóa,Tôi không thể cử động tay một cách bình thường.
Tâm thần,Tôi ước cảm giác mất mát đau đớn này có thể biến mất.
Chỉnh hình,Tôi đã dùng rất nhiều thuốc giảm đau để đỡ hơn nhưng tôi vẫn cảm thấy đau lưng.
Thần kinh/Tiêu hóa,"Tôi không thể đứng dậy, tôi cảm thấy não mình như đang di chuyển bên trong hộp sọ."
Thấp khớp/Tiêu hóa,Tôi cảm thấy đau vai khi gõ bàn phím.
Thần kinh/Tiêu hóa,Tôi bị đau đầu từ khi thức dậy sáng nay.
Ngoại khoa,"Lần trước khi cắt móng chân, tôi đã cắt quá ngắn và giờ móng chân của tôi bị nhiễm trùng."
Da liễu,"Tôi bị nổi mụn ở ngực với những mảng đỏ, tình trạng này càng trầm trọng hơn khi trời nóng."
Thấp khớp,Tôi bị đau nhói ở bắp tay. Tôi đã thử bôi kem giảm đau nhưng không hiệu quả.
Tai Mũi Họng,Tôi không thể ngừng ho
Chỉnh hình,Tôi rất đau lưng mỗi khi cúi người.
Chỉnh hình,Tôi bị đau đầu gối khi đang bơi.
Thấp khớp/Chỉnh hình,Tôi thức dậy mỗi sáng với chứng cứng cổ. Mát-xa giúp giảm đau nhưng vài ngày sau lại bị lại.
Nhãn khoa,Máy khử trùng mắt
Tai Mũi Họng,Nghe thấy bất kỳ tiếng động lớn nào cũng khiến tai tôi đau nhức.
Tâm thần,"Tâm trí tôi cảm thấy rất buồn, như thể đang đau đớn. Cảm giác trong đầu tôi thật tồi tệ và mỗi khi nghĩ về chuyện chia tay, tôi lại khóc vì buồn bã."
Thấp khớp,Tôi bị va đập vào chân và nó đau lắm.
Thấp khớp,"Mỗi khi tập luyện cường độ cao, tôi đều cảm thấy đau nhức dữ dội ở các cơ."
Ngoại khoa,Vết thương bị nhiễm trùng của tôi gây ra sốt.
Thần kinh/Tiêu hóa,Tôi cảm thấy đau đầu
Đa khoa,Tôi đột nhiên cảm thấy chóng mặt khi đứng dậy.
Da liễu,Con trai tôi bị mụn trứng cá rất nhiều.
Thấp khớp,Tôi bị đau chân sau khi chạy 500m với giày chạy bộ.
Chỉnh hình,Tôi bị đau lưng rất nhiều.
Ngoại khoa,"Con trai tôi xăm hình cách đây vài tuần và vùng da xung quanh hình xăm bị sưng tấy, nóng rát và có vẻ như bị nhiễm trùng."
Ngoại khoa,"Con trai tôi vô tình dùng dao cạo cũ cứa vào cổ và chỗ đó bị sưng tấy, trông có vẻ bị nhiễm trùng."
Tai Mũi Họng,Tôi bị đau nhói ở tai.
Tai Mũi Họng,Tôi luôn cảm thấy ngứa rát ở cổ họng.
Ngoại khoa,Vết thương vẫn còn hở
Da liễu,đỏ mặt kèm theo ngứa
Da liễu,Tóc tôi rụng rất nhiều.
Tai Mũi Họng,"Con tôi bị ho cả đêm, không ngủ được."
Chỉnh hình,Đầu gối tôi bị vướng và đau khi mới đứng dậy sau khi ngồi.
Chỉnh hình,Khớp mắt cá chân của tôi bị nhức nhối mỗi khi tôi đặt trọng lực lên bàn chân.
Chỉnh hình,Tôi bị đau lưng từ khi bước sang tuổi 70.
Da liễu,Tôi rất lo lắng mình sẽ bị hói đầu sớm. Tôi có bị bệnh nặng không?
Đa khoa,"Khi thức dậy vào buổi sáng, tôi cảm thấy chóng mặt."
Thần kinh/Tiêu hóa,Tôi bị đau đầu gần như mỗi ngày.
Tiêu hóa,Tôi cảm thấy đau nhức bên trong cơ thể.
Chỉnh hình,Tôi bị đau khớp ở các ngón tay vào buổi sáng.
Nhãn khoa,Mọi thứ trông như thể đang ở trong một khu vực đầy khói.
Tâm thần,Tôi cảm thấy buồn
Thấp khớp,"Tôi đi lại khó khăn, chân tôi bị đau."
Tai Mũi Họng,"Tôi nghe không rõ, tôi có vấn đề về tai."
Thấp khớp,Tôi bị đau cơ.
Thấp khớp,Tôi bị đau nhói ở bắp tay. Tôi đã thử bôi kem giảm đau nhưng không hiệu quả.
Tim mạch,"Mỗi khi buồn, tim tôi lại đau nhói, tại sao vậy?"
Thấp khớp,Tôi bị chấn thương trong một trận bóng đá và được chẩn đoán là tổn thương dây chằng chéo.
Chỉnh hình,Toàn thân tôi đang trong tình trạng tồi tệ và tôi cần được điều trị tốt.
Nhãn khoa,Thật khó để nhìn thấy mọi thứ
Tiêu hóa,Tôi bị đau bụng.
Thần kinh/Tiêu hóa,Không thể tập trung
Tai Mũi Họng,"Mỗi khi làm vậy, tôi đều cảm thấy đau nhói ở tai."
Tâm thần,Dạo này tôi cảm thấy rất buồn.
Tiêu hóa,Đau bụng sau khi uống sữa
Ngoại khoa,Tôi phải đi khám bác sĩ vì tôi có một vết thương hở.
Da liễu,Tôi bị phát ban da sau khi ăn kem.
Thấp khớp/Tiêu hóa,Vai tôi bị đau mỗi khi cố với lấy thứ gì đó ở trên cao.
Thần kinh/Tiêu hóa,Tôi cảm thấy như có ai đó đang dùng búa đập vào đầu mình. Tôi thấy đau nhức ở đỉnh đầu và nó cứ giật giật.
Chỉnh hình,"Tôi gặp khó khăn khi chịu trọng lượng lên đầu gối, khi đứng thẳng tôi cảm thấy và nghe thấy một tiếng kêu lách tách lớn."
Tim mạch,"Chồng tôi bỏ tôi để đến với người phụ nữ khác, trái tim tôi đau đớn đến mức tôi không thể ăn không thể ngủ được."
Tai Mũi Họng,Tôi nghĩ có dịch trong tai tôi.
Da liễu,Da tôi rất khô và bong tróc.
Tai Mũi Họng,Tai tôi bị ù.
Thấp khớp/Chỉnh hình,Tôi cảm thấy tê rần ở cổ.
Da liễu,"Mặt tôi nổi những nốt mụn đỏ và cục u đau rát, dù tôi có rửa mặt bao nhiêu lần cũng không hết."
Thần kinh/Tiêu hóa,"Khi mệt mỏi, tôi cảm thấy đầu mình nặng trĩu."
Tiêu hóa,Các triệu chứng của viêm ruột thừa là gì?
Da liễu,Mặt tôi nổi đầy mụn.
Chỉnh hình,Đầu gối tôi cảm thấy yếu và hôm trước nó bị khuỵt xuống ở đầu cầu thang. May mắn là có lan can để vịn vào.
Tiêu hóa,"Sau khi ăn, tôi cảm thấy nóng rát bên trong cơ thể."
Chỉnh hình,"Khi chơi thể thao, tôi cảm thấy nóng rát ở cột sống."
Đa khoa,"Khi thức dậy vào buổi sáng, tôi cảm thấy cơ thể rất yếu."
Tim mạch,Tôi cảm thấy như tim mình sắp nhảy ra khỏi lồng ngực. Đau quá.
Ngoại khoa,Điều gì giúp vết thương mau lành hơn?
Hô hấp,Buổi sáng tôi thở rất to.
Thấp khớp,Trước đây tôi rất tích cực tham gia thể thao nhưng giờ cơ thể tôi đang bị đau nhức.
Tâm thần,"Tâm trí tôi cảm thấy rất buồn, như thể đang đau đớn. Cảm giác trong đầu tôi thật tồi tệ và mỗi khi nghĩ về chuyện chia tay, tôi lại khóc vì buồn bã."
Thấp khớp,"Tôi nghĩ mình bị bong gân mắt cá chân rồi, đau quá."
Nhãn khoa,"Khi lái xe, mắt tôi nhìn thấy hình ảnh kép."
Đa khoa,Tôi có cảm giác toàn thân không còn chút sức lực nào.
Ngoại khoa,Tôi bị đứt tay cách đây vài tuần và dù đã bôi kem kháng sinh nhưng vết thương vẫn không đỡ.
Tiêu hóa,Tôi bị đau bụng dữ dội.
Ngoại khoa,"Tôi bị đứt tay khi mở lon đồ hộp, máu cứ chảy không ngừng và vết thương đang hở miệng."
Da liễu,Da tôi bị ngứa và viêm.
Tiêu hóa,Đau bụng sau khi uống sữa
Đa khoa,"Khi đứng dậy quá nhanh, tôi bắt đầu cảm thấy chóng mặt và choáng váng."
Ngoại khoa,Có một người bị thương.
Thấp khớp,Tôi bị gãy mắt cá chân khi leo núi đá ở dãy Carpathians.
Da liễu,Tôi cần tìm phương pháp điều trị rụng tóc.
Tâm thần,"Tôi đã thử đọc sách, nhưng chẳng có gì làm tôi vui lên được cả."
Thấp khớp/Tiêu hóa,"Mỗi khi cử động tay, vai phải của tôi lại kêu lách tách."
Tai Mũi Họng,Tôi không thể ngừng ho.
Tai Mũi Họng,"Mỗi khi làm vậy, tôi đều cảm thấy đau nhói ở tai."
Tiêu hóa,Tôi bị khó tiêu
Thấp khớp,"Khi thức dậy vào buổi sáng, tôi cảm thấy toàn thân đau nhức."
Thần kinh/Tiêu hóa,Không thể tập trung
Thấp khớp,"Tôi bị đau dữ dội ở chân, đau như bị giật, và việc thư giãn bằng thuốc giảm đau không hiệu quả."
Tiêu hóa,Tôi bị đau nhói ở bụng.
Chỉnh hình,Tôi cảm thấy đau nhức như xương cọ xát vào nhau ở đầu gối khi leo cầu thang.
Chỉnh hình,Tôi cảm thấy như có thứ gì đó sưng và viêm ở phía sau đầu gối.
Tim mạch,Tim tôi đập nhanh và điều đó khiến tôi sợ hãi.
Nhãn khoa,Thật khó để nhìn thấy mọi thứ
Thần kinh/Tiêu hóa,"Tôi bị đau đầu vùng trán và mỗi khi bị đau, ánh sáng lại làm tôi khó chịu."
Da liễu,Tôi cần gãi da mỗi phút
Thấp khớp,Tôi bị chấn thương trong một trận bóng đá và được chẩn đoán là tổn thương dây chằng chéo.
Tiêu hóa,Tôi bị đau bụng dữ dội.
Ngoại khoa,"Con gái tôi bị mèo cắn và giờ tay cháu bị đau, đỏ và sưng tấy, vết thương còn chảy dịch."
Tiêu hóa,Tôi bị đau bụng.
Thấp khớp/Tiêu hóa,Tôi không thể chịu đựng được cảm giác khó chịu này ở vai.
Thấp khớp/Tiêu hóa,Tôi bị đau khi giơ tay lên.
Tai Mũi Họng,Tôi bị đau tai khi trời lạnh.
Thấp khớp,Tôi bị gãy mắt cá chân khi leo núi đá ở dãy Carpathians.
Ngoại khoa,Tôi bị một vết cắt đã được khâu lại nhưng nó không lành. Nó đang chảy mủ màu xanh và bị bỏng rát.
Đa khoa,"Khi đứng dậy quá nhanh, tôi bắt đầu cảm thấy chóng mặt và choáng váng."
Tai Mũi Họng,Tôi có rất nhiều đờm khi ho.
Đa khoa,"Khi ăn quá nhiều đường, cơ thể tôi trở nên yếu và chóng mặt."
Da liễu,Tóc tôi bị rụng khi tôi chải tóc.
Tiêu hóa,Tôi bị đau ngực khi hút thuốc.
Da liễu,Tôi hay phàn nàn về dị ứng da.
Thấp khớp/Chỉnh hình,Cổ tôi cảm thấy cứng đờ.
Đa khoa,"Khi tôi thức dậy, tôi cảm thấy chóng mặt và ngã xuống."
Đa khoa,Mỗi khi đứng dậy tôi đều cảm thấy chóng mặt.
Tiêu hóa,Đau ruột mãn tính
Hô hấp,Tôi cảm thấy như mình không thể hít thở sâu được.
Da liễu,Tôi bị thiếu tóc
Da liễu,tóc tôi rụng
Tai Mũi Họng,Tôi bị ho dữ dội kèm theo đờm.
Nhãn khoa,Màn hình tivi và máy tính của tôi trông có vẻ mờ dù tôi đã đeo kính mới.
Da liễu,Tôi cảm thấy chán nản khi thấy tóc mình rụng.
Chỉnh hình,Lưng tôi đau quá nên không thể cúi xuống buộc dây giày được.
Đa khoa,"Mỗi khi tôi đứng dậy, đầu tôi lại bắt đầu quay cuồng."
Đa khoa,Tôi bị chóng mặt mỗi khi cố gắng đứng dậy.
Nhãn khoa,"Mỗi khi ăn đường, tôi nhận thấy thị lực của mình bị mờ."
Chỉnh hình,"Tôi bị đau âm ỉ ở vùng lưng dưới, khiến việc di chuyển trở nên khó khăn."
Thần kinh/Tiêu hóa,Không thể tập trung
Chỉnh hình,Toàn thân tôi đang trong tình trạng tồi tệ và tôi cần được điều trị tốt.
Tiêu hóa,Tôi bị khó tiêu
Tâm thần,"Mỗi khi nhớ về cô ấy, tôi lại cảm thấy buồn."
Thấp khớp/Tiêu hóa,Tôi bị đau vai dữ dội.
Da liễu,Da tôi bị ngứa và viêm.
Chỉnh hình,Tôi thường bị đau nhức khớp mỗi khi trời lạnh.
Chỉnh hình,Tôi cảm thấy đau nhức như xương cọ xát vào nhau ở đầu gối khi leo cầu thang.
Da liễu,Mụn của tôi thật sự khiến tôi xấu hổ. Nó đỏ quá.
Đa khoa,Tôi có cảm giác toàn thân không còn chút sức lực nào.
Thấp khớp,Tôi bị đau nhức cơ vùng lưng dưới.
Đa khoa,Tôi cảm thấy như căn phòng đang quay cuồng.
Thấp khớp/Tiêu hóa,"Mỗi khi tôi cử động vai, cơn đau lại lan xuống cánh tay."
Thấp khớp,"Nếu tôi giẫm phải kim thì chắc cũng không đau đến thế, như cái gai chết tiệt ở gót chân này."
Nhãn khoa,Tôi bị nhìn mờ sau khi dùng nhầm thuốc.
Thấp khớp,Tôi cần một loại kem giúp thư giãn cơ bắp.
Nhãn khoa,Tôi đã thử đeo kính để nhìn rõ hơn nhưng vẫn không thấy có gì thay đổi.
Tai Mũi Họng,Cảm giác ho càng tăng lên khi mùa đông đến.
Ngoại khoa,Tôi nghĩ vết thương của tôi bị nhiễm trùng rồi.
Tiêu hóa,Tôi cảm thấy khó chịu toàn thân.
Thấp khớp,"Sau một ngày làm việc vất vả, tôi bị đau chân."
Thần kinh/Tiêu hóa,Đầu tôi đau quá.
Tai Mũi Họng,Tôi cảm thấy đau họng.
Tai Mũi Họng,"Tôi lo lắng vì khả năng chịu lạnh của mình kém, tôi luôn run rẩy, ngay cả khi ở ngoài trời nắng."
Chỉnh hình,Tôi cảm thấy đau ở đầu gối.
Tai Mũi Họng,Nghe thấy bất kỳ tiếng động lớn nào cũng khiến tai tôi đau nhức.
Thấp khớp,Tôi bị chấn thương nên không thể chơi thể thao.
Da liễu,"Khi tôi thức dậy, tôi thấy da mình mờ ảo."
Da liễu,Tôi bị nổi mụn đầu trắng và mụn đầu đen thành từng cụm trên lưng.
Ngoại khoa,"Bạn sẽ không tin đâu, nhưng vết thương nhiễm trùng trên tay tôi là do một vết cắt giấy mà tôi đã không coi trọng."
Ngoại khoa,Chồng tôi có một vết trên môi mà anh ấy tưởng là mụn rộp nhưng giờ nó đã bị vỡ ra và chảy dịch cả ngày.
Nhãn khoa,Tôi nhận thấy thị lực của mình giảm sút đáng kể khi cố gắng nhìn những vật ở cự ly gần.
Chỉnh hình,Tôi nghĩ mình đã làm quá sức khi khiêng đống gỗ đó từ ngoài sân về. Lưng dưới của tôi đau nhức kinh khủng.
Chỉnh hình,Lưng tôi đau quá.
Nhãn khoa,Tôi bị mờ mắt sau khi bị va đập vào đầu hôm qua.
Thấp khớp,"Tôi bị đau cơ chân sau khi chạy bộ hôm qua, tôi đã uống thuốc giảm đau nhưng không hiệu quả."
Thấp khớp/Tiêu hóa,Tôi cảm thấy đau vai khi gõ bàn phím.
Chỉnh hình,Đầu gối tôi có cảm giác như bị rỉ sét và đột nhiên tôi không thể gập nó lại được nữa.
Da liễu,Khi tôi cố gắng chăm sóc tóc thì phát hiện ra tóc mình bị rụng nhiều.
Da liễu,Tôi bị mụn ở lưng.
Đa khoa,"Tôi không thể làm gì cả, toàn thân tôi đều yếu ớt."
Nhãn khoa,Tôi không thể lái xe vào ban đêm vì mắt tôi bị mờ.
Tai Mũi Họng,"Tôi cứ mãi không thấy ấm. Ngay cả khi mọi người xung quanh đều ấm áp, tôi vẫn luôn cảm thấy lạnh."
Da liễu,Tôi có vấn đề về da.
Ngoại khoa,Nhiễm trùng vết mổ
Thấp khớp/Tiêu hóa,Hôm qua tôi mang một chiếc túi nặng và sáng nay khi thức dậy tôi cảm thấy vai rất đau.
Tai Mũi Họng,Tôi cảm thấy lạnh và ớn lạnh dù đã mặc quần áo dày.
Chỉnh hình,"Cơn đau dữ dội, đặc biệt là khi tôi xuống cầu thang, cảm giác như có thứ gì đó bị gãy bên trong đầu gối."
Thấp khớp/Tiêu hóa,Vai tôi đau quá.
Thấp khớp,Tôi không thể đi lại được vì chân tôi đau quá.
Đa khoa,"Tôi cảm thấy cơ thể yếu ớt dù ăn rất nhiều, tại sao vậy?"
Thấp khớp,"Có lẽ tôi đã tập tạ quá sức, vì tôi sợ mình đã bị rách cơ lưng."
Tai Mũi Họng,Tôi cảm thấy lạnh khi màn đêm buông xuống.
Đa khoa,Tôi gần như không còn đủ sức để đứng dậy.
Thấp khớp/Tiêu hóa,Vai tôi bị đau khi cố gắng nâng vật nặng năm pound.
Nhãn khoa,Mọi thứ trông như thể đang ở trong một khu vực đầy khói.
Ngoại khoa,Tôi bị đứt chân ở bể bơi và vết thương cứ hở ra mỗi khi tôi đi lại.
Chỉnh hình,Tôi bị đau khớp ở các ngón tay vào buổi sáng.
Tai Mũi Họng,"Tôi không nghe rõ bằng tai, cảm giác như có vật gì đó gây khó chịu trong tai."
Tai Mũi Họng,Tôi bị ớn lạnh và đau nhức khắp người.
Tai Mũi Họng,Tai tôi bị ù.
Tiêu hóa,"Tôi cảm thấy bụng đầy và khó chịu, chướng bụng sau những bữa ăn no."
Thấp khớp/Tiêu hóa,"Sau khi chơi tennis, tôi cảm thấy một cảm giác mạnh ở gần cổ."
Thấp khớp,"Khi chơi thể thao, tôi bị đau dưới da."
Tai Mũi Họng,Tôi không thể cảm thấy ấm áp dù có mặc nhiều lớp áo hay bật máy sưởi ở mức cao nhất.
Thấp khớp/Chỉnh hình,Tôi bị sưng ở cổ và rất đau.
Thần kinh/Tiêu hóa,Tôi cảm thấy như có ai đó đang dùng búa đập vào đầu mình. Tôi thấy đau nhức ở đỉnh đầu và nó cứ giật giật.
Thần kinh/Tiêu hóa,"Khi mệt mỏi, tôi cảm thấy đầu mình nặng trĩu."
Da liễu,Tôi cảm thấy rất ngứa rát ở vùng gần cánh tay.
Da liễu,Sáng nào gối tôi cũng có rất nhiều tóc.
Ngoại khoa,Vết thương của tôi không lành tốt và tình trạng này đã kéo dài hai tuần rồi.
Da liễu,Mụn có phải là bệnh ngoài da không?
Thấp khớp,Trước đây tôi rất tích cực tham gia thể thao nhưng giờ cơ thể tôi đang bị đau nhức.
Thấp khớp,Tôi bị đau nhói ở bắp chân.
Chỉnh hình,Tôi bị đau khi gập tay.
Ngoại khoa,"Tôi bị ngã xuyên qua cửa sổ khi đang lau chùi và có một mảnh kính găm vào mắt trái, tôi nghĩ tình trạng khá nghiêm trọng, xin hãy giúp tôi!"
Thần kinh/Tiêu hóa,"Tôi bị đau đầu dữ dội vài tháng một lần, và mỗi khi bị đau đầu thì thị lực của tôi lại bị ảnh hưởng."
Đa khoa,Tôi không còn đủ sức lực để làm những việc mà trước đây tôi vẫn làm.
Tiêu hóa,Khi ăn tôi cảm thấy đau bụng.
Tiêu hóa,Tôi cảm thấy đau nhức toàn thân.
Thấp khớp/Chỉnh hình,Tôi cảm thấy đau ở cổ.
Tiêu hóa,"Tôi bị đau bụng khi ăn đồ ăn nóng, tại sao vậy?"
Thấp khớp,Tôi bị đau chân dù không đi bộ nhiều.
Chỉnh hình,Tôi có cảm giác như toàn thân mình đang kêu ca.
Ngoại khoa,"Tôi bị một vết thương hở trên da bên trong một bên lỗ mũi, vết thương đã bị nhiễm trùng và hiện giờ chứa đầy mủ."
Da liễu,Mụn trứng cá khiến tôi cảm thấy xấu hổ.
Tâm thần,Tôi không hiểu sao mình cứ buồn mãi.
Chỉnh hình,"Cơn đau dữ dội, đặc biệt là khi tôi xuống cầu thang, cảm giác như có thứ gì đó bị gãy bên trong đầu gối."
Tai Mũi Họng,"Tai trái của tôi không sao, nhưng tai phải thì có cảm giác như bị đâm bằng đinh."
Tai Mũi Họng,"Con tôi bị ho cả đêm, không ngủ được."
Chỉnh hình,Đường nóng rát dọc theo lưng kèm theo khó thở.
Thấp khớp,Tôi bị đau nhói ở bắp tay. Tôi đã thử bôi kem giảm đau nhưng không hiệu quả.
Chỉnh hình,Tôi gặp khó khăn khi cử động đầu gối.
Tiêu hóa,Tôi cảm thấy đau nhức bên trong cơ thể.
Thần kinh/Tiêu hóa,Tôi bị đau đầu gần như mỗi ngày.
Da liễu,Tôi rất lo lắng mình sẽ bị hói đầu sớm. Tôi có bị bệnh nặng không?
Thần kinh/Tiêu hóa,"Mỗi khi uống nhiều rượu, tôi lại bị đau đầu."
Chỉnh hình,Tôi bị đau nhức như kim châm ở các khớp.
Chỉnh hình,Khớp mắt cá chân của tôi bị nhức nhối mỗi khi tôi đặt trọng lực lên bàn chân.
Da liễu,Tôi bị mụn khắp mặt.
Hô hấp,Tôi gặp khó khăn khi thở ở những nơi đông người.
Nhãn khoa,"Tôi bị nhìn mờ từ sáng nay, không biết nguyên nhân là gì?"
Thấp khớp,Tôi bị đau chân.
Đa khoa,Tôi cảm thấy toàn thân rất yếu.
Da liễu,Tôi có làn da khô
Thấp khớp,"Mỗi khi tập luyện cường độ cao, tôi đều cảm thấy đau nhức dữ dội ở các cơ."
Thấp khớp/Chỉnh hình,Tôi hay than phiền về chứng đau cổ và tôi thực sự cần phải khỏe hơn.
Tâm thần,Tôi cảm thấy muốn tự tử.
Chỉnh hình,Tôi cảm thấy đau ở vùng lưng dưới.
Thấp khớp,Tôi cảm thấy nóng rát ở cơ vai.
Da liễu,Da tôi bị ngứa.
Ngoại khoa,Tôi bị rách da ở ngón tay cái và vết thương không lành.
Nhãn khoa,"Tôi cảm thấy đau nhức mắt, tôi nhìn thấy như có sương mù."
Tiêu hóa,Tôi có một nỗi đau nội tâm không thể diễn tả được.
Nhãn khoa,"Tôi bị nhìn mờ trong lúc tập bơi ở bể bơi, tại sao vậy?"
Hô hấp,"Năm ngoái, bà tôi phải nhập viện vì khó thở."
Da liễu,Tôi không thể có bạn gái vì mụn trứng cá.
Chỉnh hình,Bệnh xương mãn tính ở mức độ gấp đôi của Estremidades dưới
Đa khoa,Tôi đã cố gắng làm giảm bớt nó nhưng không được.
Ngoại khoa,Con gái tôi vừa xỏ khuyên tai và một bên dái tai của cháu đỏ rực và nóng rát.
Thấp khớp,Tôi bị đau nhói ở bắp chân.
Thấp khớp,Tôi cảm thấy đau dữ dội ở đầu gối sau khi bị va chạm trong trận bóng đá.
Đa khoa,Tôi thấy đầu óc quay cuồng mỗi khi thức dậy.
Tiêu hóa,đau quặn bụng khắp vùng bụng
Đa khoa,"Khi đứng dậy quá nhanh, tôi bắt đầu cảm thấy chóng mặt và choáng váng."
Da liễu,"Da ở lưng tôi có màu đỏ, tôi không biết tại sao."
Chỉnh hình,Tôi cảm thấy đau lưng.
Tiêu hóa,Tôi cảm thấy đau bụng.
Nhãn khoa,"Tôi lo lắng về khả năng lái xe của mình, vì tôi hầu như không thể tập trung khi ngồi sau tay lái, mắt tôi cứ chảy nước mắt."
Tai Mũi Họng,Tôi không thể ngừng ho.
Tai Mũi Họng,Tôi bị ho rất nặng
Nhãn khoa,"Tôi gặp vấn đề trong việc nhìn thấy các vật thể, nó quá khó nhìn."
Chỉnh hình,Tôi bị đau khớp. Tôi không thể chịu đựng được cơn đau.
Thấp khớp/Tiêu hóa,Tôi bị đau khi giơ tay lên.
Tâm thần,Tôi cảm thấy đau lòng mỗi khi nghĩ về cô ấy.
Thấp khớp,"Tối qua khi chơi bóng đá, tôi bị đá vào đầu."
Thấp khớp,"Hôm qua tôi chơi bóng rổ, và bị bong gân mắt cá chân."
Da liễu,"Mỗi tháng, vào khoảng thời gian hành kinh, da mặt tôi lại nổi mụn rất nhiều."
Thấp khớp/Chỉnh hình,Tôi bị đau cổ và không thể nhìn xuống hay nhìn lên.
Thấp khớp/Tiêu hóa,Tôi bị nhức nhối ở vai.
Thần kinh/Tiêu hóa,Tôi cảm thấy như có ai đó đang dùng búa đập vào đầu mình. Tôi thấy đau nhức ở đỉnh đầu và nó cứ giật giật.
Ngoại khoa,Tôi tự đánh mình và vết thương không muốn lành.
Da liễu,Mụn của tôi bị ngứa và chảy dịch.
Ngoại khoa,Vết thương của tôi bị nhiễm trùng hay chỉ đang lành lại?
Da liễu,Tóc của anh ấy rụng chỉ vì chải tóc thôi.
Chỉnh hình,Đầu gối của tôi không gập được tốt.
Da liễu,Mặt tôi nổi đầy mụn.
Da liễu,Tóc tôi rụng từng mảng lớn.
Thấp khớp/Chỉnh hình,Tôi không thể xoay cổ sang trái mà không cảm thấy đau nhói.
Da liễu,Tôi cảm thấy rất ngứa rát ở vùng gần cánh tay.
Đa khoa,Tôi có cảm giác toàn thân không còn chút sức lực nào.
Ngoại khoa,Điều gì giúp vết thương mau lành hơn?
Thấp khớp,"Tôi nghĩ mình bị bong gân mắt cá chân rồi, đau quá."
Da liễu,Mụn của tôi thật sự khiến tôi xấu hổ. Nó đỏ quá.
Da liễu,Tóc tôi rụng từng mảng lớn.
Hô hấp,Buổi sáng tôi thở rất to.
Tim mạch,Tôi cảm thấy như tim mình sắp nhảy ra khỏi lồng ngực. Đau quá.
Ngoại khoa,Vết thương của tôi không lành tốt và tình trạng này đã kéo dài hai tuần rồi.
Thấp khớp,"Khi chơi thể thao, tôi bị đau dưới da."
Da liễu,Tôi bị phát ban và ngứa rất dữ dội.
Chỉnh hình,Làm sao để biết bạn có bị rách sụn chêm ở đầu gối hay không?
Đa khoa,Tôi có cảm giác toàn thân không còn chút sức lực nào.
Thấp khớp,Tôi bị va đập đầu trong trận bóng rổ. Liệu tôi có bị chấn động não không?
Da liễu,Mụn của tôi thật sự khiến tôi xấu hổ. Nó đỏ quá.
Tai Mũi Họng,Tôi bị ớn lạnh và đau nhức khắp người.
Chỉnh hình,"Khi chơi thể thao, tôi cảm thấy nóng rát ở cột sống."
Tâm thần,"Tâm trí tôi cảm thấy rất buồn, như thể đang đau đớn. Cảm giác trong đầu tôi thật tồi tệ và mỗi khi nghĩ về chuyện chia tay, tôi lại khóc vì buồn bã."
Da liễu,Da tôi rất khô và bong tróc.
Nhãn khoa,"Khi lái xe, mắt tôi nhìn thấy hình ảnh kép."
Thấp khớp,Trước đây tôi rất tích cực tham gia thể thao nhưng giờ cơ thể tôi đang bị đau nhức.
Ngoại khoa,"Tôi có một vết thương hở, đỏ và sưng lên."
Chỉnh hình,"Mỗi khi leo cầu thang, đầu gối phải của tôi đều bị đau."
Tiêu hóa,Tôi bị đau bụng và đầy hơi liên tục.
Chỉnh hình,Tôi bị đau lưng và không thể cúi gập người hay đi lại được.
Tim mạch,Tôi cảm thấy đau tim mỗi khi đi bộ nhiều.
Tiêu hóa,"Tôi bị đau bụng khi ăn đồ ăn nóng, tại sao vậy?"
Tai Mũi Họng,Tôi không thể ngừng ho
Tai Mũi Họng,Nghe thấy bất kỳ tiếng động lớn nào cũng khiến tai tôi đau nhức.
Thấp khớp,Tôi bị chấn thương nên không thể chơi thể thao.
Thấp khớp,"Sau khi chơi bóng đá, tôi bị đau cơ ở cả hai chân."
Da liễu,"Tôi bị nổi mụn ở ngực với những mảng đỏ, tình trạng này càng trầm trọng hơn khi trời nóng."
Ngoại khoa,Người ta phát hiện anh ta có một vết thương hở.
Tâm thần,"Mỗi khi nghĩ về cha mẹ, tôi lại cảm thấy đau lòng."
Chỉnh hình,Đầu gối tôi có cảm giác như bị rỉ sét và đột nhiên tôi không thể gập nó lại được nữa.
Da liễu,Tôi bị mụn ở lưng.
Thấp khớp/Chỉnh hình,"Mỗi lần nhìn sang trái, tôi đều cảm thấy đau nhói ở cổ."
Thấp khớp/Tiêu hóa,Tôi cảm thấy đau vai khi gõ bàn phím.
Nhãn khoa,Tôi bị mờ mắt sau khi bị va đập vào đầu hôm qua.
Tai Mũi Họng,Tôi thức giấc vào ban đêm vì cảm thấy lạnh.
Thấp khớp,"Khi chơi bóng đá, tôi bị đau cơ."
Ngoại khoa,"Bạn sẽ không tin đâu, nhưng vết thương nhiễm trùng trên tay tôi là do một vết cắt giấy mà tôi đã không coi trọng."
Da liễu,Khi tôi cố gắng chăm sóc tóc thì phát hiện ra tóc mình bị rụng nhiều.
Ngoại khoa,"Tôi bị ngã xuyên qua cửa sổ khi đang lau chùi và có một mảnh kính găm vào mắt trái, tôi nghĩ tình trạng khá nghiêm trọng, xin hãy giúp tôi!"
Ngoại khoa,Nhiễm trùng vết mổ
Da liễu,Trên mặt tôi có vài nốt mụn khiến tôi rất khó chịu.
Tâm thần,Tôi luôn cảm thấy rất buồn.
Ngoại khoa,Vết thương của tôi bị nhiễm trùng hay chỉ đang lành lại?
Tim mạch,Tôi bị đau ngực và cảm thấy rất buồn.
Thấp khớp/Chỉnh hình,Tôi bị sưng ở cổ và rất đau.
Chỉnh hình,"Mỗi khi lên xuống cầu thang, đầu gối tôi lại phát ra tiếng kêu ken két."
Chỉnh hình,Tôi bị đau nhói dọc sống lưng.
Thấp khớp/Chỉnh hình,Tôi không thể xoay cổ sang trái mà không cảm thấy đau nhói.
Ngoại khoa,Điều gì giúp vết thương mau lành hơn?
Ngoại khoa,Tôi bị đứt tay và đang chảy máu.
Thấp khớp,"Sau khi đi bộ, tôi cảm thấy đau ở lòng bàn chân."
Da liễu,Sáng nào gối tôi cũng có rất nhiều tóc.
Tiêu hóa,Tôi bị đau bụng và đầy hơi liên tục.
Tai Mũi Họng,"Tôi không nghe rõ bằng tai, cảm giác như có vật gì đó gây khó chịu trong tai."
Da liễu,Tóc tôi rụng từng mảng lớn.
Tim mạch,Tôi cảm thấy như tim mình sắp nhảy ra khỏi lồng ngực. Đau quá.
Da liễu,Tôi cảm thấy rất ngứa rát ở vùng gần cánh tay.
Tiêu hóa,Bên trái của tôi đau nhức nhiều.
Ngoại khoa,Nhiễm trùng vết mổ
Tai Mũi Họng,"Khi tôi cố gắng giữ ấm và mặc thêm quần áo, tôi thấy mình vẫn lạnh."
Thấp khớp/Chỉnh hình,"Mỗi lần nhìn sang trái, tôi đều cảm thấy đau nhói ở cổ."
Đa khoa,Tôi đang đi du thuyền và cảm thấy chóng mặt.
Ngoại khoa,Tôi bị tai nạn và vết thương vẫn còn hở khi tôi đến bệnh viện.
Tai Mũi Họng,Tôi không biết tại sao mình lại cảm thấy lạnh.
Hô hấp,Tôi cảm thấy rất khó thở.
Tim mạch,Tôi cảm thấy như có một cây kim đang đâm xuyên tim mình.
Tiêu hóa,Tôi bị đau bụng và đầy hơi liên tục.
Da liễu,Tôi bị rụng tóc rất nhiều.
Thấp khớp,Tôi cần một loại kem giúp thư giãn cơ bắp.
Thấp khớp,"Trong cuộc phẫu thuật ở mắt cá chân, các dây thần kinh của tôi bị tổn thương nghiêm trọng đến mức tôi không thể chịu được khi ai đó chạm vào vết sẹo."
Chỉnh hình,"đỏ, sưng tấy và khó đi lại"
Tiêu hóa,Tôi cảm thấy đau nhói ở bụng.
Ngoại khoa,Tôi vô tình cắt đứt đầu ngón tay khi đang cắt bìa cứng và hiện tại máu không chảy được.
Da liễu,Trên mặt tôi có mụn.
Hô hấp,Tôi gặp vấn đề về khả năng thở ra vì tôi bị hen phế quản.
Thấp khớp/Tiêu hóa,Tại sao vai tôi lại đau khi tôi cố gắng nhặt quần áo giặt?
Thấp khớp,"Khi chơi bóng đá, tôi bị trật khớp vai."
Thấp khớp/Tiêu hóa,Tôi cảm thấy như có ai đó đâm dao vào vai mình.
Thần kinh/Tiêu hóa,Tôi đọc sách rất lâu và khi đọc xong thì tôi bị đau đầu.
Thấp khớp,Tôi không thể nhảy bằng chân trái vì chấn thương gãy ba xương ở mắt cá chân khiến tôi đau nhức không dứt.
Chỉnh hình,Tôi cảm thấy đau khớp mỗi khi cử động.
Thấp khớp,Tôi cảm thấy rất đau ở chân sau khi chơi một trong những trò chơi thể thao.
Thấp khớp,Tôi bị đau cơ ở chân trái.
Tiêu hóa,"Khi thức dậy, tôi thấy mình bị đau bụng và đã thử uống thuốc nhưng bụng vẫn đau."
Thấp khớp/Tiêu hóa,Tôi rất đau khi cử động tay.
Tai Mũi Họng,"Tôi luôn cảm thấy lạnh, ngay cả khi mặc nhiều lớp áo."
Tiêu hóa,"Tôi cảm thấy áp lực rất lớn ở vùng bụng dưới bên phải, mỗi khi ra ngoài chạy bộ."
Đa khoa,Tôi khó có thể đứng dậy và di chuyển rất chậm.
Da liễu,Tôi bị phát ban lạ trên cánh tay.
Đa khoa,"Tôi không thể tập thể dục được, tôi cảm thấy yếu."
Thần kinh/Tiêu hóa,"Tôi đau đầu và mất cảm giác ở mặt, sau đó mất thị lực ở mắt."
Thấp khớp,Tôi cảm thấy đau ở vai phải sau trận đấu quần vợt.
Thấp khớp,Tôi bị đau chân dù không đi bộ nhiều.
Tai Mũi Họng,"Tôi bị đau tai mãi không khỏi. Tôi không bị cảm lạnh, đau đầu hay bất kỳ triệu chứng nào khác. Chỉ là đau tai thôi."
Da liễu,"Tóc tôi rụng không rõ lý do, tôi thấy rất nhiều tóc trên bàn làm việc."
Chỉnh hình,Tôi bị đau đầu gối khi đang bơi.
Thấp khớp/Chỉnh hình,Tôi bị đau cổ và không thể chịu đựng được cơn đau này.
Thấp khớp/Chỉnh hình,Tôi cảm thấy đau ở cổ.
Thấp khớp/Tiêu hóa,Tôi có cảm giác như mình vừa đến một phòng khám châm cứu và bị cắm 100 cây kim vào vai.
Da liễu,Tôi bị nổi mụn đầu trắng và mụn đầu đen thành từng cụm trên lưng.
Tiêu hóa,Bên trái của tôi đau nhức nhiều.
Nhãn khoa,"Tôi đang gặp vấn đề về thị lực, cảm giác như có một đám mây che mắt, mọi thứ đều mờ."
Tiêu hóa,Tôi cảm thấy đau bụng dữ dội.
Thấp khớp,Tôi bị đứt tay khi chơi bóng đá và đã bôi kem giảm đau nhưng không hiệu quả.
Thần kinh/Tiêu hóa,Tôi bị đau đầu mỗi khi cố gắng làm bất cứ việc gì.
Thấp khớp,Vết sẹo dài trên mông trái của tôi là do ngã xe đạp leo núi.
Da liễu,Ống thoát nước trong phòng tắm của tôi lúc nào cũng đầy tóc.
Tai Mũi Họng,"Tai trái của tôi không sao, nhưng tai phải thì có cảm giác như bị đâm bằng đinh."
Thấp khớp,Tôi bị chấn thương nên không thể chơi thể thao.
Thấp khớp/Chỉnh hình,Tôi cảm thấy đau ở cổ.
Ngoại khoa,Nhiễm trùng vết mổ
Đa khoa,Tôi không còn đủ sức lực để làm những việc mà trước đây tôi vẫn làm.
Tai Mũi Họng,Tôi thức giấc vào ban đêm vì cảm thấy lạnh.
Hô hấp,"Tôi cảm thấy không khỏe, tôi không thể thở được."
Nhãn khoa,Tôi bị nhìn mờ.
Đa khoa,"Khi thức dậy vào buổi sáng, tôi cảm thấy chóng mặt."
Hô hấp,"Đôi khi tôi cảm thấy như có một cái móng vuốt đang cào cấu ngực mình, khiến tôi khó thở."
Đa khoa,"Khi đứng dậy quá nhanh, tôi bắt đầu cảm thấy chóng mặt và choáng váng."
Da liễu,"Đôi khi trời lạnh, mặt tôi bị đau, đặc biệt là vùng quanh những nốt mụn sắp vỡ."
Thấp khớp,Tôi bị chuột rút đau ở chân.
Hô hấp,Tôi cảm thấy rất khó thở.
Nhãn khoa,Tôi đang xem tivi thì đột nhiên bị nhìn mờ.
Thấp khớp,Tôi bị thương khi tập thể dục
Chỉnh hình,Tôi bị đau khớp khi cố gắng gập chân hoặc tay.
Chỉnh hình,Tôi bị đau khớp sau chấn thương trong trận bóng đá gần đây nhất.
Đa khoa,Tôi thấy đầu óc quay cuồng mỗi khi thức dậy.
Ngoại khoa,Vết thương của tôi lại bị hở ra.
Da liễu,"Tôi chưa từng gặp vấn đề về mụn trứng cá cho đến lần mang thai cuối cùng, khi đột nhiên lưng tôi nổi đầy mụn."
Tiêu hóa,Tôi bị đau bụng.
Thấp khớp/Tiêu hóa,Tôi bị đau khi giơ tay lên.
Thấp khớp/Chỉnh hình,Tôi bị đau cổ và không thể chịu đựng được cơn đau này.
Tim mạch,Tôi cảm thấy đau tim mỗi khi đi bộ nhiều.
Ngoại khoa,"Tôi cảm thấy không khỏe, vết thương của tôi bị nhiễm trùng."
Thấp khớp/Chỉnh hình,Tôi cảm thấy đau cổ sau khi thức dậy.
Chỉnh hình,Tôi bị đau đầu gối khi đang bơi.
Đa khoa,"Tôi không thể làm gì cả, toàn thân tôi đều yếu ớt."
Da liễu,"Tôi bị nổi mụn ở ngực với những mảng đỏ, tình trạng này càng trầm trọng hơn khi trời nóng."
Da liễu,Tôi bị mụn ở lưng.
Chỉnh hình,Đầu gối tôi có cảm giác như bị rỉ sét và đột nhiên tôi không thể gập nó lại được nữa.
Thấp khớp,Tôi bị đau cơ không rõ nguyên nhân.
Thần kinh/Tiêu hóa,"Tôi không thể đứng dậy, tôi cảm thấy não mình như đang di chuyển bên trong hộp sọ."
Tiêu hóa,Tôi bị đau bụng mỗi khi bị cảm lạnh.
Đa khoa,"Tôi cảm thấy toàn thân yếu ớt, mặt mũi tái nhợt và không ngủ ngon được."
Thấp khớp,"Tôi bị đau cơ chân sau khi chạy bộ hôm qua, tôi đã uống thuốc giảm đau nhưng không hiệu quả."
Đa khoa,Tôi chẳng làm gì ở nhà cả mà vẫn cảm thấy kiệt sức.
Tai Mũi Họng,Tôi thường bị ho nặng khi bị cúm.
Da liễu,Tôi bị nổi mụn khi ăn ớt.
Hô hấp,Tôi cảm thấy rất khó thở.
Thấp khớp/Tiêu hóa,"Khi giơ tay lên, tôi cảm thấy đau ở vai."
Da liễu,Tôi bị mụn khắp mặt.
Da liễu,Tôi bị nổi mụn thành từng cụm trên mặt và chúng không bao giờ biến mất.
Thấp khớp,Tôi bị đau chân rất nhiều khi chơi bóng đá.
Nhãn khoa,Tôi gặp khó khăn khi đọc vì các chữ cái đều bị mờ.
Chỉnh hình,Tôi đang chơi bóng đá và bị chấn thương đau khớp.
Đa khoa,Tôi cảm thấy khó chịu khắp cơ thể nói chung.
Thấp khớp,Tôi bị đau chân.
Tâm thần,Tôi không hiểu sao mình cứ buồn mãi.
Tâm thần,Tôi ly hôn năm ngoái và tôi cứ mãi nghĩ đến việc trả thù chồng cũ.
Da liễu,Bệnh mãn tính của nang tóc và tuyến bã nhờn
Tiêu hóa,Tôi bị đau ngực khi hút thuốc.
Đa khoa,Tôi cảm thấy choáng váng khi đứng dậy.
Tim mạch,Tôi bị đau tim mỗi khi tập thể dục.
Thấp khớp,Tôi cảm thấy nóng rát ở cơ vai.
Thấp khớp/Chỉnh hình,Tôi cảm thấy đau ở cổ.
Tim mạch,Tôi bị đau dữ dội ở ngực do tổn thương tim.
Thần kinh/Tiêu hóa,"Tôi bị đau đầu dữ dội vài tháng một lần, và mỗi khi bị đau đầu thì thị lực của tôi lại bị ảnh hưởng."
Ngoại khoa,Tôi bị đứt tay cách đây vài ngày và mặc dù tôi không nghĩ mình cần khâu nhưng vết thương vẫn chưa lành.
Thấp khớp/Chỉnh hình,Cổ tôi cảm thấy cứng đờ.
Tâm thần,Tôi thất vọng
Tiêu hóa,Tôi bị đau bụng.
Tai Mũi Họng,Tôi không biết tại sao mình lại cảm thấy lạnh.
Thấp khớp/Tiêu hóa,"Khi giơ tay lên, tôi cảm thấy đau ở vai."
Đa khoa,Tôi cảm thấy toàn thân rất yếu.
Hô hấp,"Tôi khó thở khi ở trong ga tàu điện ngầm, tại sao vậy?"
Da liễu,"Mỗi tháng, vào khoảng thời gian hành kinh, da mặt tôi lại nổi mụn rất nhiều."
Thấp khớp,Tôi bị đau lưng dưới nhưng nếu duỗi người thì đỡ hơn.
Hô hấp,"Tôi được chẩn đoán mắc bệnh viêm phổi, tôi khó thở."
Nhãn khoa,Tôi có đôi mắt mờ đục.
Thấp khớp,Tôi cần một loại kem giúp thư giãn cơ bắp.
Thấp khớp,"Trong cuộc phẫu thuật ở mắt cá chân, các dây thần kinh của tôi bị tổn thương nghiêm trọng đến mức tôi không thể chịu được khi ai đó chạm vào vết sẹo."
Chỉnh hình,"Tôi không thể đứng lên hay ngồi xuống được, tôi bị đau lưng rất khó chịu."
Tim mạch,Đau dữ dội ở phía trên bên trái ngực và có thể lan ra lưng.
Thấp khớp,Tôi bị đau nhói ở bắp tay. Tôi đã thử bôi kem giảm đau nhưng không hiệu quả.
Da liễu,Da tôi bị ngứa.
Thấp khớp/Tiêu hóa,"Mỗi khi tôi cử động vai, cảm giác như có luồng điện chạy qua vai vậy."
Da liễu,Tôi bị thiếu tóc
Chỉnh hình,Tôi cảm thấy rất đau nhức ở các khớp.
Tai Mũi Họng,Tôi cảm thấy tức ngực.
Thấp khớp,Tôi đã thử xoa bóp chân nhưng chúng vẫn đau.
Tâm thần,Tôi ly hôn năm ngoái và tôi cứ mãi nghĩ đến việc trả thù chồng cũ.
Tai Mũi Họng,Tôi bị cảm lạnh và ho rất nhiều.
Da liễu,Tôi thường xuyên bị nổi mụn trên mặt.
Tai Mũi Họng,Tôi bị khô họng.
Da liễu,Ngực tôi nổi mụn đỏ và mụn đầu trắng.
Thấp khớp,Tôi vẫn không cảm thấy cơ bắp của mình đỡ hơn.
Ngoại khoa,"Cháu trai tôi bị xước chân do va phải vỏ sò ở biển, giờ chân cháu đang chuyển sang màu xám và sưng tấy."
Thấp khớp/Chỉnh hình,Tôi bị đau cổ và không thể nhìn xuống hay nhìn lên.
Tai Mũi Họng,Tôi cảm thấy lạnh dù nhiệt độ cao.
Nhãn khoa,"Tôi bị nhìn mờ trong lúc tập bơi ở bể bơi, tại sao vậy?"
Thấp khớp/Chỉnh hình,Tôi cảm thấy đau ở cổ.
Da liễu,"Khi chải tóc, tôi nhận thấy có những mảng tóc lớn rụng ra trên lược."
Tai Mũi Họng,Cơn đau tai của tôi không thể chịu nổi.
Tai Mũi Họng,Tôi cảm thấy lạnh
Thấp khớp,"Mỗi khi tập luyện cường độ cao, tôi đều cảm thấy đau nhức dữ dội ở các cơ."
Ngoại khoa,"Con gái tôi đi tỉa lông mày và việc đó đã làm rách da ở một bên lông mày, giờ chỗ đó bị sưng và chảy dịch."
Thần kinh/Tiêu hóa,Tôi bị đau đầu khi làm việc này.
Nhãn khoa,"Tôi bị nhìn mờ và không nhìn rõ trong bóng tối, nguyên nhân là gì vậy bác sĩ?"
Thấp khớp,Tôi bị thương trong trận đấu bóng đá.
Da liễu,"Mỗi lần chải tóc, tôi đều thấy rất nhiều tóc mắc trong lược."
Tim mạch,"Tôi cảm thấy đau ở bên trái ngực, ngay chỗ tim."
Thấp khớp/Tiêu hóa,Tôi rất đau khi cử động tay.
Chỉnh hình,"đỏ, sưng tấy và khó đi lại"
Thấp khớp/Tiêu hóa,Vai tôi đau dữ dội.
Thấp khớp/Tiêu hóa,Hôm qua tôi bị đau vai.
Thấp khớp,Tôi bị đau lưng dưới nhưng nếu duỗi người thì đỡ hơn.
Tâm thần,"Mỗi khi nhớ về cô ấy, tôi lại cảm thấy buồn."
Tiêu hóa,Tôi bị khó tiêu
Chỉnh hình,Tôi bị đau khi gập tay.
Chỉnh hình,Tôi cảm thấy đau nhức như xương cọ xát vào nhau ở đầu gối khi leo cầu thang.
Tai Mũi Họng,Mỗi lần hít thở sâu là tôi lại ho.
Tai Mũi Họng,Đau tai dữ dội
Thấp khớp,Chân tôi bị đau và không thể xoay được. Có lẽ nó bị gãy rồi.
Tiêu hóa,Bên trái của tôi đau nhức nhiều.
Chỉnh hình,"Tôi rất thích làm vườn nhưng mỗi khi cúi người xuống, tôi lại bị đau nhói ở lưng dưới."
Tim mạch,Cảm giác nghẹn ngào trong tim khiến tôi khó thở.
Da liễu,Tôi bị mụn trên mặt và các vấn đề khác về da liễu như ngứa.
Da liễu,"Mỗi lần chải tóc, tôi đều thấy rất nhiều tóc mắc trong lược."
Thấp khớp/Tiêu hóa,"Khi giơ tay lên, tôi cảm thấy đau ở vai."
Tiêu hóa,Tôi bị đau bụng dữ dội và không thể ăn bất cứ thứ gì.
Ngoại khoa,"Con gái tôi đi tỉa lông mày và việc đó đã làm rách da ở một bên lông mày, giờ chỗ đó bị sưng và chảy dịch."
Thấp khớp,Tôi bị thương trong trận đấu bóng đá.
Tim mạch,Vùng xung quanh tim tôi cảm thấy không ổn.
Đa khoa,Tôi đang đi du thuyền và cảm thấy chóng mặt.
Tim mạch,Tôi bị đau tim dữ dội.
Thấp khớp/Chỉnh hình,Tôi bị đau cổ nên không ngủ được.
Chỉnh hình,"Mỗi khi cúi xuống, tôi lại cảm thấy đau nhói ở lưng."
Đa khoa,Tôi cảm thấy như căn phòng đang quay cuồng.
Da liễu,Trên da tôi có một vết đỏ.
Tâm thần,thở nặng nhọc kèm theo mệt mỏi
Chỉnh hình,Tôi thường bị đau đầu gối mỗi khi chạy bộ.
Chỉnh hình,Tôi bị ngã xe đạp và từ đó tôi bị đau đầu gối dữ dội.
Thấp khớp,Tôi bị đau cơ vai mỗi khi cố gắng với tay lên.
Tiêu hóa,Tôi bị đau nội tạng.
Ngoại khoa,Tôi vô tình cắt đứt đầu ngón tay khi đang cắt bìa cứng và hiện tại máu không chảy được.
Thần kinh/Tiêu hóa,Không thể tập trung
Da liễu,đỏ mặt kèm theo ngứa
Ngoại khoa,Tôi phải đi khám bác sĩ vì tôi có một vết thương hở.
Tai Mũi Họng,Đau tai dữ dội
Da liễu,Tôi bị phát ban da sau khi ăn kem.
Da liễu,Mụn ở ngực tôi cứ nổi lên và không bao giờ hết.
Chỉnh hình,Đầu gối tôi bị sưng ngay dưới xương bánh chè và đau khi tôi tì trọng lượng lên đó.
Hô hấp,Tôi cảm thấy có gì đó làm tôi khó thở và tôi không thể thở được.
Tim mạch,Tôi thường xuyên bị đau nhói ở ngực và không biết mình đang làm gì mà lại gây ra triệu chứng đó.
Thấp khớp,"Khi chơi bóng đá, tôi bị trật khớp vai."
Tai Mũi Họng,Nghe thấy bất kỳ tiếng động lớn nào cũng khiến tai tôi đau nhức.
Thần kinh/Tiêu hóa,Tôi cảm thấy đau nhói ở đầu mỗi khi suy nghĩ quá nhiều.
Thần kinh/Tiêu hóa,Tôi bị đau đầu từ khi thức dậy sáng nay.
Chỉnh hình,Đường nóng rát dọc theo lưng kèm theo khó thở.
Thần kinh/Tiêu hóa,"Tôi không thể đứng dậy, tôi cảm thấy não mình như đang di chuyển bên trong hộp sọ."
Da liễu,Tôi bị mụn ở lưng.
Thấp khớp/Tiêu hóa,Vai tôi đau quá.
Chỉnh hình,Lưng tôi đau quá.
Tiêu hóa,Tôi cảm thấy đau nhói ở bụng sau khi ăn.
Da liễu,Tôi nhận thấy có nhiều tóc rụng hơn bình thường khi chải tóc.
Tai Mũi Họng,Tôi cảm thấy lạnh khi màn đêm buông xuống.
Thấp khớp/Tiêu hóa,Tôi cảm thấy đau dữ dội ở vai trái.
Tai Mũi Họng,"Tôi cảm thấy lạnh cóng, như một viên đá. Chị tôi nói rằng chị ấy cần nhiều chăn để đắp cho đủ ấm."
Thấp khớp/Chỉnh hình,Tôi cảm thấy tê rần ở cổ.
Thấp khớp,"Tôi nghĩ mình bị bong gân mắt cá chân rồi, đau quá."
Ngoại khoa,"Tôi có một vết thương hở, đỏ và sưng lên."
Tim mạch,"Chồng tôi bỏ tôi để đến với người phụ nữ khác, trái tim tôi đau đớn đến mức tôi không thể ăn không thể ngủ được."
Thấp khớp/Chỉnh hình,Tôi bị sưng ở cổ và rất đau.
Ngoại khoa,Tôi tự đánh mình và vết thương không muốn lành.
Ngoại khoa,Tôi bị đứt tay và đang chảy máu.
Chỉnh hình,Tôi bị đau nhói dọc sống lưng.
Thần kinh/Tiêu hóa,"Khi mệt mỏi, tôi cảm thấy đầu mình nặng trĩu."
Chỉnh hình,Tôi bị đau khớp.
Thấp khớp/Chỉnh hình,Cổ tôi cảm thấy cứng đờ.
Thấp khớp,"Mỗi khi tập luyện cường độ cao, tôi đều cảm thấy đau nhức dữ dội ở các cơ."
Chỉnh hình,Tôi đang chơi bóng đá và bị chấn thương đau khớp.
Đa khoa,Mỗi khi đứng dậy tôi đều cảm thấy chóng mặt.
Da liễu,tóc tôi rụng
Da liễu,Mụn trứng cá khiến tôi cảm thấy xấu hổ.
Thấp khớp,Tôi bị đau nhức cơ vai mỗi khi cử động tay.
Thấp khớp/Chỉnh hình,Cổ tôi cảm thấy cứng đờ.
Hô hấp,Tôi cảm thấy tức ngực.
Đa khoa,Tôi cảm thấy chóng mặt sau khi vận động cơ bắp.
Chỉnh hình,Tôi đang chơi bóng đá và bị chấn thương đau khớp.
Da liễu,Tôi bị thiếu tóc
Thấp khớp/Chỉnh hình,Cổ tôi cảm thấy cứng đờ.
Đa khoa,Tôi cảm thấy toàn thân rất yếu.
Tai Mũi Họng,Cơn đau tai của tôi không thể chịu nổi.
Da liễu,"Khi chải tóc, tôi nhận thấy có những mảng tóc lớn rụng ra trên lược."
Tiêu hóa,Đau ruột mãn tính
Thấp khớp/Chỉnh hình,Tôi gặp khó khăn khi cử động cổ.
Chỉnh hình,Lưng tôi đau quá nên không thể cúi xuống buộc dây giày được.
Chỉnh hình,Tôi bị đau khớp.
Thần kinh/Tiêu hóa,Tôi bị đau âm ỉ ở đầu.
Ngoại khoa,Tôi vô tình bị dao cứa vào tay khi đang nấu ăn.
Tiêu hóa,Tôi bị đau bụng dữ dội.
Thần kinh/Tiêu hóa,Tôi bị đau đầu gần như mỗi ngày.
Thấp khớp/Chỉnh hình,Tôi không thể xoay cổ.
Đa khoa,Tôi bị chóng mặt mỗi khi cố gắng đứng dậy.
Chỉnh hình,Tôi có cảm giác như xương bánh chè đang cọ xát vào nhau mỗi khi đi bộ.
Hô hấp,Tôi đi bộ mỗi ngày nhưng giờ đây chỉ đi được một đoạn ngắn là tôi đã bị khó thở.
Ngoại khoa,Vết thương nhiễm trùng của anh ta bắt đầu bị hoại tử.
Nhãn khoa,Tôi gặp khó khăn khi đọc vì các chữ cái đều bị mờ.
Nhãn khoa,"Tôi bị nhìn mờ từ sáng nay, không biết nguyên nhân là gì?"
Chỉnh hình,Đầu gối tôi đau đến nỗi mỗi khi đi lại tôi lại ngồi nhiều hơn mức cần thiết.
Ngoại khoa,Vết thương của tôi bị nhiễm trùng khi tôi đang trồng hoa trong vườn.
Hô hấp,"Tôi khó thở khi ở trong ga tàu điện ngầm, tại sao vậy?"
Chỉnh hình,"Khi chơi bóng đá, tôi bị đau khớp."
Ngoại khoa,Tôi phải đi khám bác sĩ vì tôi có một vết thương hở.
Tai Mũi Họng,Đau tai dữ dội
Thấp khớp,"Khi chơi thể thao, tôi bị đau dưới da."
Ngoại khoa,Tôi tự đánh mình và vết thương không muốn lành.
Da liễu,Sáng nào gối tôi cũng có rất nhiều tóc.
Chỉnh hình,Tôi thường bị đau nhức khớp mỗi khi trời lạnh.
Tai Mũi Họng,Tôi cảm thấy lạnh
Đa khoa,"Tôi không khỏe, tôi cảm thấy chóng mặt."
Tim mạch,Tôi bị đau tim mỗi khi tập thể dục.
Tai Mũi Họng,Tôi nghĩ nhiệt độ cơ thể của tôi rất thấp.
Nhãn khoa,Màn hình tivi và máy tính của tôi trông có vẻ mờ dù tôi đã đeo kính mới.
Thần kinh/Tiêu hóa,"Tôi bị đau đầu dữ dội vài tháng một lần, và mỗi khi bị đau đầu thì thị lực của tôi lại bị ảnh hưởng."
Tiêu hóa,Bụng tôi bắt đầu đau nhưng sau khi ăn thứ gì đó nhẹ nhàng thì lại thấy dễ chịu hơn.
Tim mạch,Tôi bị đau dữ dội ở ngực do tổn thương tim.
Da liễu,ngứa ở phía trước và chính giữa da đầu
Thấp khớp,Tôi bị thương trong trận đấu bóng đá.
Hô hấp,Tôi cảm thấy có gì đó làm tôi khó thở và tôi không thể thở được.
Thần kinh/Tiêu hóa,Tôi bị đau đầu.
Tai Mũi Họng,Hệ thống sưởi trong nhà tôi bị hỏng nên tôi cảm thấy rất lạnh.
Thấp khớp,"Trong cuộc phẫu thuật ở mắt cá chân, các dây thần kinh của tôi bị tổn thương nghiêm trọng đến mức tôi không thể chịu được khi ai đó chạm vào vết sẹo."
Thấp khớp/Tiêu hóa,"Mỗi khi tôi cử động vai, cơn đau lại lan xuống cánh tay."
Tiêu hóa,Tôi bị đau nội tạng.
Thấp khớp,Tôi không thể nhảy bằng chân trái vì chấn thương gãy ba xương ở mắt cá chân khiến tôi đau nhức không dứt.
Thấp khớp/Tiêu hóa,Tôi bị đau vai mỗi khi cố gắng mang vác đồ tạp hóa.
Thấp khớp,"Tôi bị đau cơ chân sau khi chạy bộ hôm qua, tôi đã uống thuốc giảm đau nhưng không hiệu quả."
Nhãn khoa,"Tôi đang gặp vấn đề về thị lực, cảm giác như có một đám mây che mắt, mọi thứ đều mờ."
Da liễu,Bệnh mãn tính của nang tóc và tuyến bã nhờn.
Thấp khớp,Cảm giác đau như thể ở ngay dưới da.
Tai Mũi Họng,Lần trước đi máy bay tôi bị cảm lạnh và đến giờ vẫn còn cảm giác khó chịu ở tai.
Nhãn khoa,Tôi nhận thấy thị lực của mình giảm sút đáng kể khi cố gắng nhìn những vật ở cự ly gần.
Ngoại khoa,Người ta phát hiện anh ta có một vết thương hở.
Chỉnh hình,Tôi đang chơi bóng đá và bị chấn thương đau khớp.
Tai Mũi Họng,Tôi không thể cảm thấy ấm áp dù có mặc nhiều lớp áo hay bật máy sưởi ở mức cao nhất.
Đa khoa,"Khi thức dậy vào buổi sáng, tôi cảm thấy cơ thể rất yếu."
Ngoại khoa,Tôi tự đánh mình và vết thương không muốn lành.
Thấp khớp,"Tôi nghĩ mình bị bong gân mắt cá chân rồi, đau quá."
Thấp khớp/Tiêu hóa,"Sau khi chơi tennis, tôi cảm thấy một cảm giác mạnh ở gần cổ."
Tai Mũi Họng,"Tôi không nghe rõ bằng tai, cảm giác như có vật gì đó gây khó chịu trong tai."
Da liễu,Tóc tôi rụng từng mảng lớn.
Tiêu hóa,"Sau khi ăn, tôi cảm thấy nóng rát bên trong cơ thể."
Da liễu,Bệnh mãn tính của nang tóc và tuyến bã nhờn.
Đa khoa,Tôi cảm thấy yếu
Da liễu,Ngực tôi nổi mụn đỏ và mụn đầu trắng.
Tai Mũi Họng,Tôi bị cảm lạnh và ho rất nhiều.
Da liễu,Tôi ghét mụn trứng cá của mình.
Thấp khớp/Chỉnh hình,Tôi bị đau cổ và không thể chịu đựng được cơn đau này.
Thấp khớp/Tiêu hóa,Hôm qua tôi mang một chiếc túi nặng và sáng nay khi thức dậy tôi cảm thấy vai rất đau.
Thấp khớp,"Khi chơi bóng đá, tôi bị đau cơ."
Ngoại khoa,"Bạn sẽ không tin đâu, nhưng vết thương nhiễm trùng trên tay tôi là do một vết cắt giấy mà tôi đã không coi trọng."
Tiêu hóa,"Khi thức dậy, tôi thấy mình bị đau bụng và đã thử uống thuốc nhưng bụng vẫn đau."
Tim mạch,Tôi thường xuyên bị đau nhói ở ngực và không biết mình đang làm gì mà lại gây ra triệu chứng đó.
Tai Mũi Họng,Toàn thân tôi lạnh cóng.
Nhãn khoa,Tôi đã thử đeo kính để nhìn rõ hơn nhưng vẫn không thấy có gì thay đổi.
Thần kinh/Tiêu hóa,Tôi bị đau đầu kèm theo chóng mặt.
Chỉnh hình,"Mỗi khi mang vác đồ nặng, tôi cảm thấy như lưng mình sắp gãy."
Tai Mũi Họng,Tôi bị đau tai mỗi khi đi bơi.
Chỉnh hình,Tôi bị đau nhức ở các khớp.
Tai Mũi Họng,Tôi thường bị ho nặng khi bị cúm.
Thấp khớp,Tôi bị thương khi tập thể dục
Da liễu,Tôi bị nổi mụn khi ăn ớt.
Tiêu hóa,Tôi bị đau nội tạng.
Tai Mũi Họng,Tôi bị ho suốt hai tuần nay rồi.
Chỉnh hình,Đầu gối tôi đau đến nỗi mỗi khi đi lại tôi lại ngồi nhiều hơn mức cần thiết.
Ngoại khoa,"Tôi có một vết thương giữa các ngón chân, vết thương lành lại qua đêm nhưng lại tái phát mỗi ngày khi tôi mang giày tây đi làm."
Tiêu hóa,Tôi cảm thấy khó chịu toàn thân.
Tâm thần,Tôi thất vọng
Ngoại khoa,"Con trai tôi vừa trải qua điều trị tủy răng và nha sĩ vô tình cắt vào bên trong má của cháu, giờ vết thương không lành được."
Chỉnh hình,Mắt cá chân của tôi đang bị đau.
Chỉnh hình,Tôi bị đau nhức ở các khớp.
Chỉnh hình,Tôi cảm thấy đau lưng.
Tai Mũi Họng,Tôi nghĩ có dịch trong tai tôi.
Tâm thần,"Tôi cảm thấy mình không thể chịu đựng được nữa, tôi cảm thấy quá tải và không thể nào có được một chút thời gian nghỉ ngơi."
Tai Mũi Họng,Từ khi vào rừng tôi bị đau tai.
Ngoại khoa,"Tôi có một vết thương hở, đỏ và sưng lên."
Tai Mũi Họng,"Tôi cảm thấy lạnh cóng, như một viên đá. Chị tôi nói rằng chị ấy cần nhiều chăn để đắp cho đủ ấm."
Tai Mũi Họng,Tôi không thể cảm thấy ấm áp dù có mặc nhiều lớp áo hay bật máy sưởi ở mức cao nhất.
Tâm thần,"Tâm trí tôi cảm thấy rất buồn, như thể đang đau đớn. Cảm giác trong đầu tôi thật tồi tệ và mỗi khi nghĩ về chuyện chia tay, tôi lại khóc vì buồn bã."
Chỉnh hình,Đầu gối tôi cảm thấy yếu và hôm trước nó bị khuỵt xuống ở đầu cầu thang. May mắn là có lan can để vịn vào.
Tiêu hóa,Các triệu chứng của viêm ruột thừa là gì?
Hô hấp,Buổi sáng tôi thở rất to.
Thấp khớp,"Khi chơi thể thao, tôi bị đau dưới da."
Đa khoa,Tôi cảm thấy toàn thân yếu ớt.
Thấp khớp/Tiêu hóa,Vai tôi đau dữ dội.
Da liễu,"Da ở lưng tôi có màu đỏ, tôi không biết tại sao."
Tiêu hóa,Tôi bị đau bụng mỗi khi bị cảm lạnh.
Tâm thần,Tôi cảm thấy buồn
Nhãn khoa,Tôi nhận thấy thị lực của mình giảm sút đáng kể khi cố gắng nhìn những vật ở cự ly gần.
Chỉnh hình,Tôi bị đau khớp ở các ngón tay vào buổi sáng.
Da liễu,Tôi bị mụn ở lưng.
Thấp khớp/Chỉnh hình,Tôi gặp khó khăn khi cử động cổ.
Chỉnh hình,Tôi bị đau khi gập tay.
Tai Mũi Họng,Mỗi lần hít thở sâu là tôi lại ho.
Tai Mũi Họng,Tôi bị ho rất nặng
Hô hấp,Tôi cảm thấy như có thứ gì đó đang bóp nghẹt phổi mình.
Hô hấp,Ngực tôi đau khi hít thở.
Tai Mũi Họng,Tôi cảm thấy lạnh khi màn đêm buông xuống.
Thấp khớp,Chân tôi đau quá.
Da liễu,Tôi cảm thấy như mình vừa rơi vào vũng nước nóng vậy.
Ngoại khoa,"Vết thương phẫu thuật đỏ, có mủ chảy ra, đau và nóng khi chạm vào."
Tiêu hóa,Tôi bị đau bụng và đầy hơi liên tục.
Hô hấp,Tim tôi đập nhanh và tôi khó thở.
Da liễu,Tôi bị phát ban và ngứa rất dữ dội.
Tai Mũi Họng,Tôi không thể cảm thấy ấm áp dù có mặc nhiều lớp áo hay bật máy sưởi ở mức cao nhất.
Chỉnh hình,Tôi bị đau đầu gối khi đi lại.
Tim mạch,Tim tôi như muốn nổ tung.
Ngoại khoa,Tôi bị đứt tay và đang chảy máu.
Da liễu,Mụn của tôi thật sự khiến tôi xấu hổ. Nó đỏ quá.
Da liễu,Tôi đã đi khám nhiều bác sĩ nhưng họ vẫn không tìm ra phương pháp điều trị phù hợp để giúp tôi lấy lại mái tóc.
Tiêu hóa,Tôi bị đau bụng.
Thấp khớp/Tiêu hóa,Tôi bị đau vai sau khi làm bất cứ việc gì liên quan đến nhà.
Chỉnh hình,Đứng chưa đến năm phút mà lưng tôi bắt đầu đau.
Da liễu,"Tóc tôi rụng từng mảng lớn, đặc biệt là khi gội đầu."
Tiêu hóa,Tôi bị đau lan từ hông phải lên đến lồng ngực. Cơn đau dữ dội nhất khi tôi đi tiểu.
Da liễu,Da tôi bị ngứa và viêm.
Đa khoa,Tôi cảm thấy chóng mặt khi thực hiện các chuyển động đột ngột.
Nhãn khoa,"Mỗi khi ăn đường, tôi nhận thấy thị lực của mình bị mờ."
Đa khoa,Tôi cảm thấy chóng mặt mỗi khi đứng dậy.
Nhãn khoa,"Khi tôi đứng dậy quá nhanh, tầm nhìn của tôi bị mờ."
Da liễu,Tôi bị phát ban da sau khi ăn kem.
Nhãn khoa,"Tôi bị nhìn mờ từ sáng nay, không biết nguyên nhân là gì?"
Chỉnh hình,Đầu gối tôi thường đau nhức vào những ngày trời lạnh và mưa.
Chỉnh hình,Tôi cảm thấy cứng khớp ở khuỷu tay và vai.
Chỉnh hình,Tôi bị đau khớp.
Chỉnh hình,"đỏ, sưng tấy và khó đi lại"
Tim mạch,Tôi khó thở vì cơn đau âm ỉ dưới vai trái.
Thấp khớp,Bắp chân tôi có cảm giác như bị căng cứng và nhức nhối.
Tai Mũi Họng,Tôi bị đau tai mỗi khi chạm vào.
Tiêu hóa,Tôi bị đau bụng mỗi khi bị cảm lạnh.
Tai Mũi Họng,"Tôi ho rất nhiều khi ngửi mùi nước hoa, phổi tôi có vấn đề gì vậy?"
Tim mạch,Tôi cảm thấy đau tim mỗi khi đi bộ nhiều.
Thấp khớp,"Sau khi chơi bóng đá, tôi bị đau cơ ở cả hai chân."
Tai Mũi Họng,"Khi tôi cố gắng giữ ấm và mặc thêm quần áo, tôi thấy mình vẫn lạnh."
Ngoại khoa,Người ta phát hiện anh ta có một vết thương hở.
Tai Mũi Họng,Tôi thức giấc vào ban đêm vì cảm thấy lạnh.
Đa khoa,Tôi không còn đủ sức lực để làm những việc mà trước đây tôi vẫn làm.
Thần kinh/Tiêu hóa,Tôi bị đau đầu từ khi thức dậy sáng nay.
Da liễu,Trên mặt tôi có vài nốt mụn khiến tôi rất khó chịu.
Tâm thần,"Mỗi khi nghĩ về cha mẹ, tôi lại cảm thấy đau lòng."
Tiêu hóa,"Tôi cảm thấy đau đớn bên trong, tôi không biết đó là gì."
Da liễu,Bệnh mãn tính của nang tóc và tuyến bã nhờn.
Thấp khớp/Chỉnh hình,"Mỗi lần nhìn sang trái, tôi đều cảm thấy đau nhói ở cổ."
Chỉnh hình,Tôi bị đau nhức như kim châm ở các khớp.
Thấp khớp/Tiêu hóa,Tôi cảm thấy đau dữ dội ở vai trái.
Ngoại khoa,Vết thương của tôi bị nhiễm trùng hay chỉ đang lành lại?
Da liễu,Da tôi rất khô và bong tróc.
Tai Mũi Họng,Tôi gặp một số vấn đề nghiêm trọng về hô hấp vào ban đêm.
Chỉnh hình,"Mỗi khi lên xuống cầu thang, đầu gối tôi lại phát ra tiếng kêu ken két."
Da liễu,Tôi có một vết thương đóng vảy ở mu bàn tay mà mãi không lành.
Chỉnh hình,Tôi cảm thấy đau ở đầu gối.
Nhãn khoa,"Tôi cảm thấy đau nhức mắt, tôi nhìn thấy như có sương mù."
Thấp khớp,Tôi cảm thấy đau ở chân.
Tim mạch,Lòng tôi đau nhói.
Thấp khớp/Tiêu hóa,"Mỗi khi tôi cử động vai, cảm giác như có luồng điện chạy qua vai vậy."
Da liễu,Bệnh mãn tính của nang tóc và tuyến bã nhờn.
Nhãn khoa,"Tôi đang gặp vấn đề về thị lực, cảm giác như có một đám mây che mắt, mọi thứ đều mờ."
Da liễu,Tôi bị nổi mụn đầu trắng và mụn đầu đen thành từng cụm trên lưng.
Nhãn khoa,Màn hình tivi và máy tính của tôi trông có vẻ mờ dù tôi đã đeo kính mới.
Chỉnh hình,Đầu gối tôi thường đau nhức vào những ngày trời lạnh và mưa.
Ngoại khoa,Tôi bị một vết cắt ở chân và nó đã bị nhiễm trùng do sử dụng vòi sen ở phòng tập thể dục.
Ngoại khoa,Chồng tôi có một vết trên môi mà anh ấy tưởng là mụn rộp nhưng giờ nó đã bị vỡ ra và chảy dịch cả ngày.
Tiêu hóa,Tôi bị đau bụng dữ dội.
Đa khoa,"Tôi cảm thấy cơ thể yếu ớt dù ăn rất nhiều, tại sao vậy?"
Tai Mũi Họng,Tôi cảm thấy lúc nào cũng có thứ gì đó vướng trong cổ họng.
Tai Mũi Họng,Tôi cảm thấy như mình khó thở nếu không tống hết những thứ trong phổi ra ngoài.
Da liễu,Tôi cảm thấy chán nản khi thấy tóc mình rụng.
Chỉnh hình,Tôi bị đau khớp.
Chỉnh hình,"Tôi không thể cử động chân, khớp bị đau."
Ngoại khoa,"Tôi bị một vết thương hở trên da bên trong một bên lỗ mũi, vết thương đã bị nhiễm trùng và hiện giờ chứa đầy mủ."
Da liễu,Tóc tôi bị rụng khi tôi chải tóc.
Đa khoa,Tôi đột nhiên cảm thấy chóng mặt khi đứng dậy.
Thấp khớp,"Tôi bị đau dữ dội ở chân, đau như bị giật, và việc thư giãn bằng thuốc giảm đau không hiệu quả."
Thấp khớp,"Mỗi khi đi bộ, tôi đều cảm thấy đau nhói ở mu bàn chân."
Ngoại khoa,Tôi có một vết thương hở ở cánh tay.
Nhãn khoa,Tôi bị nhìn mờ.
Tai Mũi Họng,"Tôi cảm thấy lạnh cóng, như một viên đá. Chị tôi nói rằng chị ấy cần nhiều chăn để đắp cho đủ ấm."
Thấp khớp/Tiêu hóa,"Sau khi chơi tennis, tôi cảm thấy một cảm giác mạnh ở gần cổ."
Tim mạch,Tim tôi như muốn nổ tung.
Tai Mũi Họng,Tôi bị ớn lạnh và đau nhức khắp người.
Da liễu,Sáng nào gối tôi cũng có rất nhiều tóc.
Nhãn khoa,"Khi lái xe, mắt tôi nhìn thấy hình ảnh kép."
Chỉnh hình,"Mỗi khi lên xuống cầu thang, đầu gối tôi lại phát ra tiếng kêu ken két."
Chỉnh hình,"Mỗi khi leo cầu thang, đầu gối phải của tôi đều bị đau."
Tâm thần,Tôi luôn cảm thấy rất buồn.
Chỉnh hình,Làm sao để biết bạn có bị rách sụn chêm ở đầu gối hay không?
Tiêu hóa,"Tôi cảm thấy bụng đầy và khó chịu, chướng bụng sau những bữa ăn no."
Da liễu,Mụn có phải là bệnh ngoài da không?
Hô hấp,Buổi sáng tôi thở rất to.
Tai Mũi Họng,Tôi đã khỏi cảm lạnh được vài tuần rồi nhưng vẫn ho mỗi ngày.
Thấp khớp/Tiêu hóa,Vai tôi bị đau mỗi khi cố với lấy thứ gì đó ở trên cao.
Chỉnh hình,Tôi bị đau nhói dọc sống lưng.
Tai Mũi Họng,Từ khi vào rừng tôi bị đau tai.
Tim mạch,"Chồng tôi bỏ tôi để đến với người phụ nữ khác, trái tim tôi đau đớn đến mức tôi không thể ăn không thể ngủ được."
Tai Mũi Họng,"Tôi cảm thấy lạnh cóng, như một viên đá. Chị tôi nói rằng chị ấy cần nhiều chăn để đắp cho đủ ấm."
Thần kinh/Tiêu hóa,Tôi bị đau đầu từ khi thức dậy sáng nay.
Tai Mũi Họng,Tôi cảm thấy lạnh và ớn lạnh dù đã mặc quần áo dày.
Đa khoa,"Tôi không thể làm gì cả, toàn thân tôi đều yếu ớt."
Tiêu hóa,Tôi bị đau bụng mỗi khi bị cảm lạnh.
Da liễu,Tôi có vấn đề về da.
Thần kinh/Tiêu hóa,Tôi cảm thấy đau nhói ở đầu mỗi khi suy nghĩ quá nhiều.
Thấp khớp/Chỉnh hình,Tôi cảm thấy đau cổ sau khi thức dậy.
Ngoại khoa,Tôi bị một vết thương sâu ở tay và không thể cầm máu được.
Ngoại khoa,"Lần trước khi cắt móng chân, tôi đã cắt quá ngắn và giờ móng chân của tôi bị nhiễm trùng."
Tai Mũi Họng,"Tôi cứ mãi không thấy ấm. Ngay cả khi mọi người xung quanh đều ấm áp, tôi vẫn luôn cảm thấy lạnh."
Chỉnh hình,Lưng tôi đau quá.
Thấp khớp/Tiêu hóa,Tôi cảm thấy đau vai từng đợt.
Tai Mũi Họng,Phổi tôi cảm thấy nặng trĩu như thể chứa đầy chất nhầy.
Thần kinh/Tiêu hóa,"Tôi không thể đứng dậy, tôi cảm thấy não mình như đang di chuyển bên trong hộp sọ."
Thấp khớp/Chỉnh hình,Tôi bị đau cổ và không thể chịu đựng được cơn đau này.
Tiêu hóa,Tôi không thể chịu nổi cảm giác khó chịu này trong bụng.
Tai Mũi Họng,"Chắc chắn là tuần hoàn máu của tôi có vấn đề rồi, ngay cả những ngày nóng nhất tôi cũng phải mang tất, ngón chân tôi lạnh cóng!"
Tim mạch,Tôi cảm thấy một cơn đau kỳ lạ và dữ dội bên trong lồng ngực.
Hô hấp,Tim tôi đập nhanh và tôi khó thở.
Đa khoa,Tôi có cảm giác toàn thân không còn chút sức lực nào.
Tim mạch,"Chồng tôi bỏ tôi để đến với người phụ nữ khác, trái tim tôi đau đớn đến mức tôi không thể ăn không thể ngủ được."
Thấp khớp,Tôi bị đau nhói ở bắp tay. Tôi đã thử bôi kem giảm đau nhưng không hiệu quả.
Thấp khớp,Tôi bị đau cơ bụng dữ dội từ khi đi tập gym.
Ngoại khoa,"Vết rách, vết thủng hoặc vết hở trên da"
Thấp khớp,Tôi bị đau cơ bụng dữ dội từ khi đi tập gym.
Chỉnh hình,Tôi thường bị đau đầu gối mỗi khi chạy bộ.
Chỉnh hình,Tôi bị ngã xe đạp và từ đó tôi bị đau đầu gối dữ dội.
Tai Mũi Họng,"Mỗi khi hắt hơi mạnh, tôi cảm thấy đau tai."
Thấp khớp/Tiêu hóa,"Mỗi khi chơi tennis, tôi đều cảm thấy đau vai."
Tâm thần,Tôi cảm thấy đau lòng khi phải chia xa những người thân yêu.
Thấp khớp,Tôi bị đau nhức cơ vùng lưng dưới.
Da liễu,Bệnh mãn tính của nang tóc và tuyến bã nhờn.
Tai Mũi Họng,"Tôi được chẩn đoán mắc chứng thiếu máu do thiếu vitamin B12, điều này giải thích tại sao tôi luôn cảm thấy lạnh."
Thấp khớp/Tiêu hóa,Vai tôi đau quá.
Thấp khớp,"Khi chơi bóng đá, tôi bị đau cơ."
Da liễu,Trên mặt tôi có vài nốt mụn khiến tôi rất khó chịu.
Ngoại khoa,Chồng tôi có một vết trên môi mà anh ấy tưởng là mụn rộp nhưng giờ nó đã bị vỡ ra và chảy dịch cả ngày.
Đa khoa,"Tôi cảm thấy chóng mặt khi ngồi trước máy tính xách tay khoảng một đến hai tiếng, nguyên nhân có thể là gì vậy?"
Tim mạch,Tôi cảm thấy tim mình đau nhói khi chạy một quãng đường dài.
Thấp khớp/Tiêu hóa,"Khi giơ tay lên, tôi cảm thấy đau ở vai."
Ngoại khoa,"Bạn sẽ không tin đâu, nhưng vết thương nhiễm trùng trên tay tôi là do một vết cắt giấy mà tôi đã không coi trọng."
Da liễu,Khi tôi cố gắng chăm sóc tóc thì phát hiện ra tóc mình bị rụng nhiều.
Chỉnh hình,Đường nóng rát dọc theo lưng kèm theo khó thở.
Đa khoa,Tôi không còn đủ sức lực để làm những việc mà trước đây tôi vẫn làm.
Thấp khớp/Tiêu hóa,Vai tôi đau quá.
Tai Mũi Họng,Tôi không thể ngừng ho
Đa khoa,"Tôi nhanh mệt quá, sáng sớm hầu như không mặc nổi quần áo."
Tai Mũi Họng,"Tôi ho rất nhiều khi ngửi mùi nước hoa, phổi tôi có vấn đề gì vậy?"
Ngoại khoa,Nhiễm trùng vết mổ
Ngoại khoa,"Con trai tôi vừa trải qua điều trị tủy răng và nha sĩ vô tình cắt vào bên trong má của cháu, giờ vết thương không lành được."
Thần kinh/Tiêu hóa,Tôi cảm thấy đau nhói ở đầu mỗi khi suy nghĩ quá nhiều.
Nhãn khoa,Tôi bị mờ mắt sau khi bị va đập vào đầu hôm qua.
Thấp khớp/Chỉnh hình,"Mỗi lần nhìn sang trái, tôi đều cảm thấy đau nhói ở cổ."
Chỉnh hình,Tôi đã dùng rất nhiều thuốc giảm đau để đỡ hơn nhưng tôi vẫn cảm thấy đau lưng.
Tiêu hóa,Tôi không thể chịu nổi cảm giác khó chịu này trong bụng.
Tai Mũi Họng,Tôi thức giấc vào ban đêm vì cảm thấy lạnh.
Chỉnh hình,Tôi bị đau nhức ở các khớp.
Hô hấp,Tôi bị nghẹt mũi suốt ngày và có chất dịch nhầy dính trong cổ họng khiến tôi không thể ngủ được. Tôi thường phải ngủ trưa trong tư thế ngồi.
Thấp khớp,Tôi cảm thấy đau cơ mỗi khi gắng sức quá mức.
Ngoại khoa,"Con trai tôi vừa xỏ khuyên môi và giờ môi bị sưng, phần da bên trong môi có màu xám và trông như bị nhiễm trùng."
Nhãn khoa,"Tôi không nhìn thấy biển báo, tầm nhìn của tôi bị mờ."
Thấp khớp,Tôi đã thử xoa bóp chân nhưng chúng vẫn đau.
Đa khoa,"Tôi không khỏe, tôi cảm thấy chóng mặt."
Đa khoa,Mỗi khi đứng dậy tôi đều cảm thấy chóng mặt.
Thấp khớp,Tôi bị đau chân dù không đi bộ nhiều.
Tim mạch,Tôi cảm thấy tim mình đau nhói khi chạy một quãng đường dài.
Chỉnh hình,"Mỗi khi cúi xuống, tôi lại cảm thấy đau nhói ở lưng."
Nhãn khoa,"Khi tôi cố gắng nhìn, tầm nhìn của tôi bị mờ."
Tai Mũi Họng,Tôi thường bị ho nặng khi bị cúm.
Thấp khớp,Tôi bị đau cơ dữ dội từ khi đi tập gym.
Tai Mũi Họng,Toàn thân tôi lạnh cóng.
Tai Mũi Họng,"Tôi không khỏe, tôi cảm thấy rất lạnh."
Nhãn khoa,Tôi đã thử đeo kính để nhìn rõ hơn nhưng vẫn không thấy có gì thay đổi.
Tiêu hóa,"Khi thức dậy, tôi thấy mình bị đau bụng và đã thử uống thuốc nhưng bụng vẫn đau."
Hô hấp,Tôi đi bộ mỗi ngày nhưng giờ đây chỉ đi được một đoạn ngắn là tôi đã bị khó thở.
Chỉnh hình,Bệnh xương mãn tính ở mức độ gấp đôi của Estremidades dưới
Ngoại khoa,Tôi vô tình bị dao cứa vào tay khi đang nấu ăn.
Tai Mũi Họng,"Khi thức dậy, tôi cảm thấy lạnh."
Tai Mũi Họng,Tôi không biết tại sao mình lại cảm thấy lạnh.
Thấp khớp/Tiêu hóa,Hôm qua tôi mang một chiếc túi nặng và sáng nay khi thức dậy tôi cảm thấy vai rất đau.
Da liễu,Tóc tôi bị rụng nhiều sau khi tắm.
Đa khoa,"Tôi cảm thấy chóng mặt khi ngồi trước máy tính xách tay khoảng một đến hai tiếng, nguyên nhân có thể là gì vậy?"
Tai Mũi Họng,"Mỗi khi hắt hơi mạnh, tôi cảm thấy đau tai."
Thấp khớp/Tiêu hóa,Tôi rất đau khi cử động tay.
Chỉnh hình,Tôi thường bị đau đầu gối mỗi khi chạy bộ.
Da liễu,"Tôi bị nổi mụn ở ngực với những mảng đỏ, tình trạng này càng trầm trọng hơn khi trời nóng."
Thấp khớp,Tôi ngã xuống đất khi cố gắng ném bóng rổ.
Tim mạch,Tôi cảm thấy như tim mình sắp nhảy ra khỏi lồng ngực. Đau quá.
Da liễu,Tóc tôi rụng từng mảng lớn.
Đa khoa,Tôi cảm thấy choáng váng khi đứng dậy.
Tim mạch,Tôi bị đau tim mỗi khi tập thể dục.
Da liễu,Tôi bị nổi mụn thành từng mảng và da mặt bị đỏ nhiều.
Thấp khớp,Tôi bị đứt tay khi chơi bóng đá và đã bôi kem giảm đau nhưng không hiệu quả.
Đa khoa,Tôi đã cố gắng làm giảm bớt nó nhưng không được.
Thấp khớp,Tôi cảm thấy đau ở vai phải sau trận đấu quần vợt.
Ngoại khoa,"Con trai tôi vừa xỏ khuyên môi và giờ môi bị sưng, phần da bên trong môi có màu xám và trông như bị nhiễm trùng."
Tiêu hóa,"Tôi bị đau bụng khi ăn đồ ăn nóng, tại sao vậy?"
Chỉnh hình,Tôi cảm thấy đau lưng khi ngồi trên ghế lâu.
Thấp khớp/Chỉnh hình,"Cứng đờ, không thể nhìn sang phải hoặc trái trừ khi di chuyển toàn bộ cơ thể."
Thấp khớp,Bắp chân tôi có cảm giác như bị căng cứng và nhức nhối.
Chỉnh hình,"Mỗi khi mang vác đồ nặng, tôi cảm thấy như lưng mình sắp gãy."
Ngoại khoa,"Vết rách, vết thủng hoặc vết hở trên da"
Chỉnh hình,Tôi cảm thấy như có thứ gì đó đang đâm vào các khớp của mình.
Tiêu hóa,Tôi không thể chịu nổi cảm giác khó chịu này trong bụng.
Tai Mũi Họng,"Tôi luôn cảm thấy lạnh, ngay cả khi mặc nhiều lớp áo."
Thấp khớp/Tiêu hóa,"Mỗi khi giơ tay lên, tôi cảm thấy đau nhức ở vai."
Tai Mũi Họng,Toàn thân tôi lạnh cóng.
Ngoại khoa,Tôi bị tai nạn và vết thương vẫn còn hở khi tôi đến bệnh viện.
Nhãn khoa,"Tôi bị nhìn mờ và không nhìn rõ trong bóng tối, nguyên nhân là gì vậy bác sĩ?"
Thấp khớp,"Hôm qua tôi chơi bóng rổ, và bị bong gân mắt cá chân."
Chỉnh hình,Đầu gối tôi có cảm giác như bị rỉ sét và đột nhiên tôi không thể gập nó lại được nữa.
Thấp khớp/Tiêu hóa,Tôi cảm thấy rất đau ở vai mỗi khi cố gắng nâng vật nặng.
Tâm thần,Tôi luôn cảm thấy rất buồn.
Da liễu,Dạo này tôi thấy tóc mình rụng nhiều quá.
Tai Mũi Họng,Cảm giác ho càng tăng lên khi mùa đông đến.
Ngoại khoa,Vết thương của tôi lại bị hở ra.
Chỉnh hình,Tôi cảm thấy như có kim châm vào các khớp của mình.
Thấp khớp/Tiêu hóa,Vai tôi bị đau khi cố gắng nâng vật nặng năm pound.
Tai Mũi Họng,Tôi cảm thấy toàn thân như đang ở trong tủ lạnh.
Da liễu,Tóc của anh ấy rụng chỉ vì chải tóc thôi.
Đa khoa,"Khi thức dậy vào buổi sáng, tôi cảm thấy kỳ lạ và chóng mặt."
Tiêu hóa,"Tôi cảm thấy bụng đầy và khó chịu, chướng bụng sau những bữa ăn no."
Thần kinh/Tiêu hóa,Tôi cảm thấy đầu mình bị đè nặng rất nhiều.
Đa khoa,"Tôi cảm thấy cơ thể yếu ớt sau ngày đầu tiên đến phòng tập, tại sao vậy?"
Da liễu,"Khi tôi gội đầu, tóc tôi rụng rất nhiều."
Thần kinh/Tiêu hóa,Tôi cảm thấy đau nhói ở đầu mỗi khi suy nghĩ quá nhiều.
Tâm thần,Tôi luôn cảm thấy rất buồn.
Tiêu hóa,Tôi cảm thấy buồn nôn.
Tai Mũi Họng,Tai tôi đau quá.
Chỉnh hình,Tôi bị đau đầu gối khi đi bộ.
Tâm thần,Tôi cảm thấy suy sụp tinh thần.
Tai Mũi Họng,Tôi bị đau tai khi trời lạnh.
Tiêu hóa,Đau nhói và khó thở
Thấp khớp/Chỉnh hình,Tôi bị sưng ở cổ và rất đau.
Da liễu,Có thứ gì đó tối màu trên cánh tay tôi.
Thấp khớp,"Mỗi sáng thức dậy, cổ tôi đều có cảm giác như ngủ sai tư thế."
Da liễu,"Khi tôi thức dậy, tôi thấy da mình mờ ảo."
Ngoại khoa,Chồng tôi có một vết trên môi mà anh ấy tưởng là mụn rộp nhưng giờ nó đã bị vỡ ra và chảy dịch cả ngày.
Ngoại khoa,"Tôi cảm thấy không khỏe, vết thương của tôi bị nhiễm trùng."
Tiêu hóa,Khi ăn tôi cảm thấy đau bụng.
Thấp khớp,Tôi bị va đập đầu trong trận bóng rổ. Liệu tôi có bị chấn động não không?
Tiêu hóa,"Tôi cảm thấy bụng đầy và khó chịu, chướng bụng sau những bữa ăn no."
Đa khoa,"Tôi không thể làm gì cả, toàn thân tôi đều yếu ớt."
Tim mạch,Đau dữ dội ở phía trên bên trái ngực và có thể lan ra lưng.
Nhãn khoa,Tôi có đôi mắt mờ đục.
Đa khoa,"Khi đứng dậy quá nhanh, tôi bắt đầu cảm thấy chóng mặt và choáng váng."
Tim mạch,Tôi khó thở vì cơn đau âm ỉ dưới vai trái.
Tai Mũi Họng,Lần trước đi máy bay tôi bị cảm lạnh và đến giờ vẫn còn cảm giác khó chịu ở tai.
Chỉnh hình,Tôi bị đau lưng và không thể cúi gập người hay đi lại được.
Ngoại khoa,"Tôi bị ngã xuyên qua cửa sổ khi đang lau chùi và có một mảnh kính găm vào mắt trái, tôi nghĩ tình trạng khá nghiêm trọng, xin hãy giúp tôi!"
Đa khoa,Tôi cảm thấy cơ thể yếu ớt mặc dù tôi vẫn uống vitamin đều đặn.
Chỉnh hình,Tôi gặp khó khăn khi cử động đầu gối.
Tai Mũi Họng,Tôi cảm thấy lạnh và ớn lạnh dù đã mặc quần áo dày.
Thấp khớp,Tôi bị chấn thương nên không thể chơi thể thao.
Ngoại khoa,Tôi bị một vết cắt ở chân và nó đã bị nhiễm trùng do sử dụng vòi sen ở phòng tập thể dục.
Tai Mũi Họng,Nghe thấy bất kỳ tiếng động lớn nào cũng khiến tai tôi đau nhức.
Tai Mũi Họng,Tôi bị sổ mũi.
Đa khoa,"Tôi cảm thấy chóng mặt khi ngồi trước máy tính xách tay khoảng một đến hai tiếng, nguyên nhân có thể là gì vậy?"
Chỉnh hình,Tôi bị đau nhói ở xương bánh chè sau khi tập thể dục.
Da liễu,Tóc tôi bị rụng nhiều sau khi tắm.
Tim mạch,Tôi cảm thấy đau nhói trong tim.
Thấp khớp/Tiêu hóa,Tôi cảm thấy đau vai từng đợt.
Tim mạch,Tôi cảm thấy đau nhói từ ngực lan lên đến cánh tay trái.
Da liễu,Tôi không thể có bạn gái vì mụn trứng cá.
Thấp khớp/Tiêu hóa,Hôm qua tôi bị đau vai.
Thấp khớp,Tôi bị chuột rút đau ở chân.
Nhãn khoa,"Tôi không nhìn thấy biển báo, tầm nhìn của tôi bị mờ."
Hô hấp,Tôi không gặp vấn đề gì khi hít vào nhưng thở ra thì rất nặng nhọc.
Chỉnh hình,Tôi cảm thấy rất đau nhức ở các khớp.
Tiêu hóa,"Tôi cảm thấy đau đớn bên trong, tôi không biết đó là gì."
Thấp khớp,Vết sẹo dài trên mông trái của tôi là do ngã xe đạp leo núi.
Chỉnh hình,"Tôi không thể cử động chân, khớp bị đau."
Đa khoa,"Tôi không khỏe, tôi cảm thấy chóng mặt."
Da liễu,"Khi chải tóc, tôi nhận thấy có những mảng tóc lớn rụng ra trên lược."
Da liễu,Tôi bị mụn trên mặt và các vấn đề khác về da liễu như ngứa.
Thần kinh/Tiêu hóa,Sọ bị vỡ như quả hạch
Ngoại khoa,"Vết rách, vết thủng hoặc vết hở trên da"
Đa khoa,Tôi cảm thấy toàn thân yếu ớt và đã cố gắng thư giãn nhưng vẫn thấy đau.
Tai Mũi Họng,Tôi bị khô họng.
Da liễu,Tôi thường xuyên bị nổi mụn trên mặt.
Tai Mũi Họng,Tôi cảm thấy lạnh mặc dù đang là mùa hè.
Thấp khớp,Tôi bị đau tay khi duỗi người.
Chỉnh hình,Tôi bị đau nhức ở các khớp.
Chỉnh hình,Tôi cảm thấy đau đầu gối khi leo cầu thang.
Nhãn khoa,"Tôi đang gặp vấn đề về thị lực, cảm giác như có một đám mây che mắt, mọi thứ đều mờ."
Chỉnh hình,Tôi bị đau đầu gối mỗi khi đi bộ nhiều.
Thấp khớp,Tôi bị đau cơ dữ dội từ khi đi tập gym.
Ngoại khoa,Tôi vô tình bị dao cứa vào tay khi đang nấu ăn.
Tai Mũi Họng,Tôi không thể thở được
Hô hấp,Tôi cảm thấy như mình không thể hít thở sâu được.
Tai Mũi Họng,Thỉnh thoảng tôi ho vì tôi hút thuốc.
Tai Mũi Họng,Cơn đau tai của tôi không thể chịu nổi.
Thấp khớp,Tôi bị thương khi tập thể dục
Ngoại khoa,"Cháu trai tôi bị xước chân do va phải vỏ sò ở biển, giờ chân cháu đang chuyển sang màu xám và sưng tấy."
Chỉnh hình,Tôi cảm thấy đau ở vùng lưng dưới.
Nhãn khoa,"Khi tôi cố gắng nhìn, tầm nhìn của tôi bị mờ."
Chỉnh hình,Tôi cảm thấy đau nhức ở đầu gối khi đi bộ.
Thấp khớp/Chỉnh hình,Tôi hay than phiền về chứng đau cổ và tôi thực sự cần phải khỏe hơn.
Chỉnh hình,Tôi cảm thấy cứng khớp ở khuỷu tay và vai.
Chỉnh hình,"Mỗi khi cúi xuống, tôi lại cảm thấy đau nhói ở lưng."
Thấp khớp,Vết sẹo dài trên mông trái của tôi là do ngã xe đạp leo núi.
Ngoại khoa,"Con gái tôi đi tỉa lông mày và việc đó đã làm rách da ở một bên lông mày, giờ chỗ đó bị sưng và chảy dịch."
Hô hấp,Tôi cảm thấy rất khó thở.
Đa khoa,Tôi cảm thấy toàn thân yếu ớt.
Da liễu,Tóc tôi không được đẹp lắm.
Da liễu,Tóc tôi bị rụng nhiều sau khi tắm.
Thấp khớp/Tiêu hóa,"Tôi không thể mang vác bất cứ thứ gì, tôi bị đau vai."
Da liễu,Mụn ở ngực tôi cứ nổi lên và không bao giờ hết.
Da liễu,Tôi cảm thấy chán nản khi thấy tóc mình rụng.
Thấp khớp/Tiêu hóa,Tôi bị đau vai mỗi khi cố gắng mang vác đồ tạp hóa.
Ngoại khoa,Tôi có một vết thương hở đã chuyển sang màu đỏ và chảy mủ.
Tai Mũi Họng,Tôi bị đau tai mỗi khi đi bơi.
Tiêu hóa,Tôi cảm thấy nóng rát ở bụng khoảng 2 tiếng sau mỗi bữa ăn.
Ngoại khoa,Tôi bị rách da ở ngón tay cái và vết thương không lành.
Chỉnh hình,Tôi cảm thấy rất đau nhức ở các khớp.
Tim mạch,Vùng xung quanh tim tôi cảm thấy không ổn.
Da liễu,Tôi hay phàn nàn về dị ứng da.
