label,text
Da liễu,"Trong vài tuần qua, tôi bị phát ban da ở cánh tay, chân và thân xác, đỏ, ngứa và bị phủ đầy mớ vải khô."
Da liễu,"Da tôi bị nhăn, đặc biệt là đầu gối, khuỷu tay và da đầu."
Da liễu,"Tôi đã bị đau khớp ở ngón tay, cổ tay và đầu gối, và đau thường đau và đập, và nó trở nên tồi tệ hơn khi tôi di chuyển khớp."
Da liễu,"Có một thứ bạc như bụi trên da tôi, đặc biệt là ở vùng dưới lưng và da đầu."
Da liễu,"Những cái móng tay của tôi có những vết rách nhỏ, và chúng thường bị viêm và dễ chạm."
Da liễu,Da của tay và chân tôi dày và có vết nứt sâu.
Da liễu,"Da quanh miệng, mũi và mắt tôi đỏ và bị viêm. Nó thường ngứa và khó chịu."
Da liễu,Da tôi rất nhạy cảm và dễ dàng phản ứng với sự thay đổi nhiệt độ hoặc độ ẩm.
Da liễu,"Tôi nhận thấy da đột ngột bị nhăn ở nhiều phần cơ thể, chủ yếu là cánh tay, chân và lưng."
Da liễu,"Da trên bộ phận sinh dục của tôi đỏ và bị viêm. Nó thường ngứa, cháy và khó chịu."
Da liễu,"Tôi cảm thấy mệt mỏi và không thoải mái, thường cảm thấy mệt mỏi và thiếu năng lượng, ngay cả sau khi ngủ ngon."
Da liễu,"Bàn phổi trên da tôi đã lan rộng đến các phần khác của cơ thể, bao gồm cả ngực và bụng. Bàn phổi và khó chịu, và thường tồi tệ hơn vào ban đêm."
Da liễu,Bệnh phơi trên da tôi tồi tệ hơn vào những tháng mùa đông khi không khí khô.
Da liễu,"Tôi gặp khó khăn trong giấc ngủ do ngứa và khó chịu do phát ban. Có những vết rác nhỏ trong móng tay tôi, điều này thực sự đáng lo ngại."
Da liễu,"Da tôi dễ bị nhiễm trùng do các vết nứt khô, vùi. Tôi bị đau khớp mạnh mẽ. Da trên đầu gối và khuỷu tay bắt đầu sẩy."
Da liễu,"Tôi bắt đầu bị phát ban trên da, thường chảy máu khi cọ hoặc chà xát, và tôi cũng nhận thấy những vết rác nhỏ trên móng tay."
Da liễu,Tôi nhận thấy làn da của tôi trở nên nhạy cảm hơn trước đây.
Da liễu,"Tôi lo lắng về sự lột da liên tục trên tay tay tôi, khuỷu tay và đầu gối. Tôi đã phát triển phát ban trên cánh tay, mà ngứa khi chạm vào chúng. Tất cả những điều này làm cho cuộc sống của tôi khá khó chịu và đau khổ."
Da liễu,"Tôi thấy đau khớp lạ, và tôi thấy da bị nhăn ở nhiều nơi khác nhau, tôi sợ có gì đó không ổn."
Da liễu,"Tôi có những vết bứt nhỏ trên móng tay, thậm chí cả khớp cũng bắt đầu đau nặng, có một vết bứt như bụi trên da, đặc biệt là ở lưng."
Da liễu,"Các vết phơi trên da tôi không lành được. Hơn nữa, tôi đã nhận thấy da đột ngột bị nhăn, đặc biệt là da trên khuỷu tay và đầu gối."
Da liễu,"Trong vài tuần qua, tôi bị phát ban da ở cánh tay, chân và ngực. Nó đỏ và kích thích, với những vết nứt khô, vỏ bẩn. Tôi cũng bị đau khớp kỳ lạ."
Da liễu,"Da tôi bị nhăn, đặc biệt là trên đầu gối, tay móng và da đầu."
Da liễu,"Tôi bị đau ngón tay, cổ tay và đầu gối, đau thường xuyên đau và nhịp, và nó trở nên tồi tệ hơn khi tôi di chuyển các khớp."
Da liễu,"Da tôi có một lớp sơn bạc, đặc biệt là ở lưng, cánh tay và da đầu."
Da liễu,"Tôi có làn da đỏ và viêm xung quanh miệng, mũi và mắt. Nó thường gây kích thích và khó chịu."
Da liễu,Da tôi rất nhạy cảm và dễ bị kích thích do biến đổi nhiệt độ hoặc độ ẩm. Móng tay tôi bị rách rách.
Da liễu,"Tôi thấy làn da đột ngột bị nhăn ở nhiều vùng cơ thể, chủ yếu là cánh tay, chân và lưng."
Da liễu,"Da sinh dục của tôi đỏ và kích thích, thường kích thích, cháy và khó chịu, cũng có mụn bàng ở nhiều nơi khác nhau trong cơ thể, và tôi bị đau khớp kỳ lạ."
Da liễu,"Tôi có khó ngủ vì vết nứt và đau do vết nứt gây ra, móng tay có những vết nứt nhỏ, điều này thực sự đáng báo động."
Da liễu,"Vì có những vùng khô và vòm vòm trên da, tôi dễ bị nhiễm trùng, khớp đau đớn, da trên đầu gối và khuỷu tay bắt đầu bị rớt."
Da liễu,"Da tôi bị phát ban, khi cào hoặc chà trầy, nó thường chảy máu, ngoài ra, tôi cũng thấy những vết rách nhỏ trên móng tay."
Da liễu,"Tôi đã quan sát thấy làn da của tôi nhạy cảm hơn trước đây. làn da của tôi có một lớp sơn bạc, đặc biệt là trên lưng và khuỷu tay."
Da liễu,Những vết nứt này không dễ chịu và thường chảy máu.
Da liễu,"Tôi lo lắng và không biết nguyên nhân của nó, cũng như đau khớp và phát ban trên cánh tay và lưng."
Da liễu,"Có một thứ bạc như bụi trên da tôi, còn da trên cánh tay và lưng tôi bắt đầu bị trơn ra."
Da liễu,"Bệnh phơi da của tôi đã lan rộng đến các vùng khác của cơ thể, bao gồm cả ngực và bụng."
Da liễu,"Khi trời khô, mụ càng bị phát ban da vào mùa đông, nên phải giữ làn da ẩm thường xuyên hơn và sử dụng thuốc làm ẩm."
Da liễu,"Tôi không ngủ được vì bị ngứa và đau do phát ban, móng tay có những vết rác nhỏ, và da của tôi bị nhăn ở nhiều nơi khác nhau."
Da liễu,"Da tôi bị nhăn ở nhiều nơi, đặc biệt là trên đầu gối, tay và tay."
Da liễu,"Da tôi có lớp bạc, đặc biệt là ở lưng và cánh tay. Bánh bụi này được tạo thành từ các miếng bột nhỏ dễ bị trơn ra khi chà xát."
Da liễu,"Tay, mặt và lưng tôi đều đỏ và kích thích. Nó thường gây kích thích và khó chịu. Móng tay tôi bị viêm lạ và phát triển những vết rác nhỏ. Tôi chưa bao giờ thấy điều gì như thế."
Da liễu,"Tôi có khó ngủ vì bị ngứa và đau do phát ban, móng tay có những vết rách nhỏ, điều này thực sự đáng báo động, ngoài ra, mỗi ngày tôi đau khớp và tôi không biết nguyên nhân của nó là gì."
Da liễu,"Ngón tay và chân của tôi có làn da khá dày, bị gãy nặng, các gãy xương này đau và chảy máu thường xuyên, các gãy xương bị ngứa và phủ đầy bình."
Da liễu,"Da tôi đã thay đổi từ không nhạy cảm hơn đến nhạy cảm hơn. Da tôi có lớp phủ bạc, đặc biệt là ở lưng, khuỷu tay và đầu gối."
Da liễu,"Tôi có cái móng tay bị đứt nhẹ, ngay cả khớp cũng bị khó chịu nặng nề, da tôi có chất bột giống bạc, đặc biệt là trên lưng và khuỷu tay. "
Da liễu,"Tôi đã gặp khó khăn trong việc ngủ vì cơn đau và ngứa của phơi, da trên ngón tay tôi bắt đầu bị trơn, móng tay tôi có một vài vết nứt nhỏ, điều này thật đáng lo ngại."
Da liễu,"Thêm vào đó, tôi cũng có những vết nứt da lạ ở nhiều nơi trên cơ thể tôi. Tôi lo lắng rằng có gì đó không ổn với cơ thể tôi."
Da liễu,"Tôi bắt đầu bị phát ban trên cánh tay và cổ, phát ban thường chảy máu và đau khi cọa."
Da liễu,"Vì có những vùng khô và vòm vòm trên da, tôi dễ bị nhiễm trùng, khớp đau nặng, đầu gối và khuỷu tay bắt đầu bị lột."
Nhãn khoa,Tôi bị phát ban trên chân gây ra rất nhiều khó chịu. Có vẻ như có một cơn đau và tôi có thể thấy các tĩnh mạch nổi bật trên con bò.
Nhãn khoa,"Tôi có những vết bầm tím trên chân, khiến tôi lo lắng. Tôi cảm thấy mệt mỏi rất sớm."
Nhãn khoa,"Tôi có vết bầm tím trên chân mà tôi không thể giải thích được, tôi có thể thấy các mạch máu lạ dưới da, tôi béo phì và rất lo lắng."
Nhãn khoa,Tôi thừa cân và nhận thấy chân tôi bị sưng và các mạch máu có thể nhìn thấy.
Nhãn khoa,"Các tĩnh mạch trên chân con trai của tôi đã trở nên rất nổi bật và gây khó chịu. Tôi không thể chịu đựng được lâu, vì nó gây ra đau chân, giống như đau nức."
Nhãn khoa,"Da quanh tĩnh mạch của chân tôi đỏ và bị viêm, tôi nghĩ tôi có thể thấy một số mạch máu bị sưng."
Nhãn khoa,Đứng hoặc đi bộ trong thời gian dài gây ra nhiều đau chân. Tôi bị rắc rối khi làm các hoạt động thể chất.
Nhãn khoa,"Căn rối ở chân con trai khiến tôi khó đi bộ, tôi cảm thấy mệt mỏi sau khi làm việc một thời gian. Tôi tin rằng béo phì là nguyên nhân đằng sau điều này."
Nhãn khoa,"Bức chân của tôi đã trở nên nặng hơn trong vài tuần qua. Bây giờ, có rất nhiều tĩnh mạch được nhận thấy trên chân tôi, điều này khiến tôi lo lắng."
Nhãn khoa,Các tĩnh mạch trên chân tôi rất rõ ràng và gây khó chịu cho tôi.
Nhãn khoa,"Da trên chân tôi bị viêm và đỏ, chân tôi bị đau khi tôi chạy hoặc làm bất kỳ hoạt động thể chất nào."
Nhãn khoa,"Gần đây, cơn đau ở chân tôi thường xuyên và trở nên tồi tệ hơn khi tôi đứng hoặc đi bộ trong thời gian dài."
Nhãn khoa,Các tĩnh mạch ở chân tôi gây khó chịu và khó ngủ vào ban đêm. Tôi không biết tại sao điều này xảy ra. Tôi bị rắc rối khi chạy bộ.
Nhãn khoa,"Bàn chân bị sưng khiến tôi khó có thể phù hợp với giày, tôi không thể chạy bộ hoặc đứng lâu, tôi có thể thấy một số mạch máu bị sưng."
Nhãn khoa,"Tôi nhận thấy các cơn đau ở chân con trai của tôi ngày càng trở nên thường xuyên và mạnh mẽ hơn, khiến tôi cảm thấy khó chịu, tôi thừa cân và chân bắt đầu sưng."
Nhãn khoa,Các tĩnh mạch trên chân tôi gây ra nhiều khó chịu khi ngồi lâu.
Nhãn khoa,Bệnh phơi ở chân tôi đang lan rộng và trở nên nặng hơn.
Nhãn khoa,"Chân tôi gây ra nhiều khó chịu khi tập thể dục, tôi thường xuyên bị đau và các mạch máu trở nên khá rõ ràng."
Nhãn khoa,Các mạch máu nổi bật trên đực của tôi đang gây ra sự tự nhận thức và xấu hổ. Tôi tin rằng vấn đề là do thừa cân của tôi.
Nhãn khoa,"Da quanh tĩnh mạch của chân tôi khô và vùi, có vẻ như có vết bầm tím lớn và chân tôi bắt đầu sưng."
Nhãn khoa,"Tôi bị phát ban ở chân, gây nhiều sự kích thích và khó chịu, đỏ và viêm và dường như đang lây lan."
Nhãn khoa,"Gần đây, tôi thường bị rạn nát, đặc biệt là khi đi bộ hoặc đứng lâu."
Nhãn khoa,Tôi nhận thấy có vết bầm trên chân tôi mà tôi không thể giải thích.
Nhãn khoa,"Vì tôi thừa cân, tôi nhận thấy chân của tôi bị sưng và các mạch máu có thể nhìn thấy rõ hơn bình thường."
Nhãn khoa,Các tĩnh mạch trên chân đực của tôi rất nổi bật và gây ra nhiều khó chịu cho tôi.
Nhãn khoa,"Da quanh tĩnh mạch chân tôi đỏ, viêm và ngứa, gây nhiều khó chịu và tôi bắt đầu bị đau đớn thường xuyên."
Nhãn khoa,"Dường như tôi đứng hoặc đi bộ trong thời gian dài, chân tôi bị đau nhiều, cảm giác như bị đau và càng tồi tệ hơn khi tôi đứng lâu hơn."
Nhãn khoa,Những cơn đau ở chân đực khiến tôi khó đi bộ và làm việc hàng ngày.
Nhãn khoa,"Những tuần qua, vết bùng phát chân tôi đã trở nên tồi tệ hơn và khiến tôi khó có thể gắn bó với giày."
Nhãn khoa,"Các tĩnh mạch trên chân tôi rất rõ ràng và gây ra nhiều khó chịu cho tôi. Chúng bị sưng và nổi lên khỏi da tôi, khiến chúng trở nên rõ ràng qua quần áo của tôi."
Nhãn khoa,"Da trên chân con bé của tôi ngứa và bị viêm, gây ra nhiều khó chịu và khó ngủ vào ban đêm."
Nhãn khoa,Đau đực của tôi không ngừng và trở nên tồi tệ hơn khi đứng hoặc đi bộ trong thời gian dài.
Nhãn khoa,"Các tĩnh mạch ở chân tôi gây khó chịu và khó ngủ vào ban đêm, chúng bị sưng và nổi lên khỏi da, khiến chúng dễ nhận thấy và đau đớn."
Nhãn khoa,Chứng sưng chân khiến tôi khó nhích vào giày và gây khó chịu khi ngồi lâu.
Nhãn khoa,"Những cơn đau ở chân đực của tôi ngày càng trở nên thường xuyên và mạnh mẽ hơn, khiến tôi khó đi bộ và làm những hoạt động hàng ngày."
Nhãn khoa,"Các tĩnh mạch trên chân tôi gây ra nhiều khó chịu khi ngồi lâu, chúng bị sưng và nổi lên khỏi da, khiến chúng đau và dễ nhận thấy."
Nhãn khoa,Bệnh phổi trên chân tôi đang lan rộng và trở nên nặng hơn.
Nhãn khoa,"Chân tôi gây ra nhiều khó chịu khi tập thể dục. Chân tôi nặng và sưng, tĩnh mạch nổi bật và đau. Tôi luôn cảm thấy mệt mỏi."
Nhãn khoa,"Các tĩnh mạch nổi bật trên chân con trai tôi đang gây ra sự tự nhận thức và xấu hổ. Chúng bị sưng và nổi lên khỏi da tôi, làm cho chúng rất rõ ràng."
Nhãn khoa,"Da quanh tĩnh mạch chân tôi khô và vùi, gây khó chịu và kích thích."
Nhãn khoa,"Tôi bị phát ban trên chân khiến tôi đau rất nhiều, có vẻ như có một cơn đau, và tôi có thể thấy các tĩnh mạch trên con bò."
Nhãn khoa,Các tĩnh mạch của chân tôi trở nên rõ ràng và sưng hơn bình thường.
Nhãn khoa,"Đi bộ là khó khăn cho tôi vì có những cơn đau ở xương đậu, tôi tin rằng, béo phì là nguyên nhân của điều này. Sau một thời gian làm việc, tôi mệt mỏi."
Nhãn khoa,Các mạch máu trên chân tôi khá rõ ràng và gây ra nhiều đau cho tôi. Chúng lớn và nổi lên khỏi da tôi. Nó là bất thường và tôi lo lắng về nó.
Nhãn khoa,Tôi nhận thấy các mạch máu ở chân tôi trở nên rõ ràng hơn bình thường.
Nhãn khoa,"Chứng lưng chân tôi đã trở nên tồi tệ hơn trong vài ngày qua, tôi có thể thấy các mạch máu xuất hiện ra khỏi da."
Nhãn khoa,Những lúc đứng hoặc đi bộ lâu đã gây ra sự khó chịu nghiêm trọng cho chân tôi.
Nhãn khoa,"Da chân tôi quanh tĩnh mạch là bất thường, có một vết bầm tím lớn, ngày nay tôi thường bị rắc rối khi chạy hoặc chạy."
Nhãn khoa,"Tôi đang trải qua quá nhiều cơn đau trong vài ngày qua, tôi nghĩ có điều gì đó không đúng, tôi nghĩ có một vết bầm nhỏ trên chân con, nhưng tôi không chắc chắn về điều đó."
Nhãn khoa,"Các tĩnh mạch trong mụn trứng của tôi đang nổi lên khá bất thường. Tôi lo lắng về nó. Ngoài ra, tôi thừa cân và tôi tin rằng đây là lý do đằng sau tất cả điều này."
Nhãn khoa,"Tôi bị tắc nghẽn và đau bụng, và nó thật sự khó chịu. cơn đau bụng ngày càng trở nên tồi tệ hơn và bắt đầu ảnh hưởng đến cuộc sống hàng ngày của tôi."
Nhãn khoa,"Tôi cũng bị tiêu chảy, thật khó chịu, nó đi và đi, và đi kèm với những cơn đau bụng và hơi bùng phát."
Nhãn khoa,"Tôi đã trải qua cơn sốt và chấn thương, cùng với đau bụng nặng, và tôi cảm thấy thật sự bất hạnh, và tôi không thể tránh được những triệu chứng này."
Nhãn khoa,Tôi có rất nhiều khó khăn để giữ nước vì nôn và tiêu chảy.
Nhãn khoa,"Tôi đã giảm cân rất nhiều trong tuần qua vì tôi không thể ăn nhiều do buồn nôn và nôn. Sau đó có sốt nhẹ, đau đầu và đau bụng. Tôi thực sự lo lắng về sức khỏe của mình."
Nhãn khoa,"Sự mệt mỏi thật sự khó chịu, và tôi gặp rất nhiều khó khăn trong việc làm những hoạt động bình thường của mình. Tôi cũng cảm thấy rất trầm cảm và kích thích."
Nhãn khoa,"Tôi đã bị đau đầu liên tục trong tuần qua, và nó đang trở nên tồi tệ hơn, đi kèm với đau bụng, tắc nghẽn và tiêu chảy."
Nhãn khoa,"Tôi bị sốt cao, đặc biệt là vào ban đêm, thật khó chịu, có một cơn đau đầu nhẹ, bị tắc nghẽn và tiêu chảy."
Nhãn khoa,"Tôi đang có rất nhiều khó thở, và tôi cảm thấy như tôi đang liên tục buồn nôn, tôi cũng có đau bụng nhẹ."
Nhãn khoa,"Sáng chảy rất khó chịu và mùi xấu, và nó đi kèm với đau bụng. Tôi cảm thấy muốn nôn hầu hết thời gian."
Nhãn khoa,"Tôi đã có rất nhiều khó khăn để ngủ vì sốt cao, đau đầu và chớp lạnh. Tôi thức dậy mỗi ngày với một cơn đau khủng khiếp ở vùng bụng của tôi."
Nhãn khoa,"Tôi cũng bị tiêu chảy và bị ngắt, điều này rất đáng lo ngại. Tôi cảm thấy như đau đớn ở bụng. Tôi luôn mệt mỏi."
Nhãn khoa,"Tôi đã bị tắc nghẽn và đau bụng, điều này thật sự khó chịu."
Nhãn khoa,"Tôi đang trải qua rất nhiều đau bụng và tắc nghẽn, điều này thật khó chịu. Đôi khi, tôi cảm thấy có một sự thôi thúc mạnh mẽ để nôn, và do tất cả những điều này, tôi cảm thấy rất yếu."
Nhãn khoa,"Đau bụng đã đến và đi, và nó thực sự không dễ chịu. Nó đi kèm với tắc nghẽn và nôn. Tôi thực sự lo lắng về sức khỏe của mình."
Nhãn khoa,"Tôi đã trải qua rất nhiều bốc hơi và tắc nghẽn, và nó thực sự khó chịu. Tôi cảm thấy như có rất nhiều áp lực và đau ở vùng bụng của tôi."
Nhãn khoa,"Tôi đang trải qua đau bụng và tắc nghẽn cực kỳ. Mỗi đêm, tôi bị sốt nặng cùng với cảm lạnh và đau đầu."
Nhãn khoa,"Tôi cảm thấy mệt mỏi và yếu đuối, và dường như không thể thoát khỏi nó, vì nôn nôn và buồn nôn, tôi hoàn toàn mất sự thèm ăn, đau bụng khiến tôi lo lắng."
Nhãn khoa,"Tôi bị ngập bụng và đau bụng, điều này thật khó khăn, sự khó chịu của tôi đã trở nên tồi tệ hơn và nó đang ảnh hưởng nghiêm trọng đến cuộc sống hàng ngày của tôi."
Nhãn khoa,"Vì nôn và tiêu chảy, tôi gặp rất nhiều khó khăn trong việc giữ nước, bị sốt cao, bị tắc nghẽn và đau đầu."
Nhãn khoa,Đau bụng thường xuyên và rất đau đớn. Tôi cũng bị ngứa và nôn. Tôi khá lo lắng về sức khỏe của mình.
Nhãn khoa,"Tôi bị đau dạ dày và tắc nghẽn nặng, mỗi đêm tôi bị đau đầu và chớp lạnh."
Nhãn khoa,"Tôi không biết nó là gì, tôi cũng thường nôn và buồn nôn."
Nhãn khoa,"Sáng chảy và mùi rất nhiều, và nó đi kèm với đau bụng và đau đầu nặng."
Nhãn khoa,"Tôi đã bị sốt trong vài ngày qua, và bây giờ tôi bắt đầu bị đau dạ dày nặng và bị tắc nghẽn."
Nhãn khoa,"Tôi bị buồn nôn và nôn nôn rất nhiều, và tôi rất khó ăn bất cứ thứ gì, tôi hoàn toàn mất sự thèm ăn, và do đó, tôi trở nên khá yếu đuối."
Nhãn khoa,"Tôi gặp nhiều khó khăn trong giấc ngủ vì sốt cao và đau đầu, và tôi cũng bị đau bụng liên tục, khiến tôi không thể đi làm."
Nhãn khoa,"Tôi cảm thấy rất mệt mỏi và yếu đuối, và dường như tôi không thể thoát khỏi nó. Tôi bị sốt nhẹ và đau đau lạ ở vùng bụng. Tôi không thể hiểu điều gì đang xảy ra."
Nhãn khoa,"Tôi đã bị tắc nghẽn và khó chịu dạ dày, điều này thật khó chịu."
Nhãn khoa,"Tôi cũng bị tiêu chảy, điều này thật khó chịu, nó đi và đi, và nó đi kèm với đau dạ dày và nôn."
Nhãn khoa,"Tôi bị cảm lạnh, sốt, và khó chịu dạ dày, thường không hạnh phúc, và dường như tôi không thể thoát khỏi các triệu chứng này."
Nhãn khoa,"Vì nôn và tiêu chảy, tôi gặp rất nhiều khó khăn trong việc giữ nước."
Nhãn khoa,"Tôi bị tiêu chảy, đau bụng nặng, không muốn ăn gì, và hầu hết thời gian tôi bị đau đầu nhẹ."
Nhãn khoa,"Tôi bị nôn và bị tắc nghẽn rất nhiều, thật đau đớn, có rất nhiều áp lực và đau ở vùng dạ dày, tôi bị sốt cao và bị chớp lạnh mỗi đêm."
Nhãn khoa,"Tôi đã bị đau dạ dày liên tục trong tuần qua, và nó không chữa lành ngay cả với thuốc. Tôi cảm thấy như nôn và không thể ăn gì, và do đó tôi trở nên cực kỳ yếu đuối."
Nhãn khoa,"Tôi bị đau dạ dày và tiêu chảy nặng, bị sốt cao và đau đầu, vài ngày trước đây thật khó chịu."
Nhãn khoa,"Tôi đang bị đau bụng rất nặng, tôi cảm thấy buồn nôn, tôi cũng bị sốt nhẹ, tôi rất lo lắng."
Nhãn khoa,"Tôi bị ngập bụng và đau bụng, khó chịu trở nên tồi tệ hơn, và nó ảnh hưởng nghiêm trọng đến cuộc sống hàng ngày của tôi."
Nhãn khoa,"Tôi thường cảm thấy mệt mỏi, không muốn ăn gì, mỗi đêm tôi bị sốt cao, bị rộp, và tôi đã nôn từ hôm qua."
Nhãn khoa,"Tôi đã mất thèm ăn và nhận thấy giảm cân đáng kể. Tôi bị đau bụng, đặc biệt là ở vùng dạ dày và ruột. Tôi lo lắng về sức khỏe của mình."
Nhãn khoa,"Khá khó chịu dạ dày rất nặng và thường xuyên, cũng có nôn và tắc nghẽn. Tôi lo lắng về sức khỏe của mình."
Nhãn khoa,"Tôi bị tiêu chảy và phân nước thả nhiều lần mỗi ngày, tôi không còn ăn uống và cảm thấy buồn nôn suốt."
Nhãn khoa,"Tôi cảm thấy khá yếu, tôi bị khó chịu dạ dày và bị ngắt lưng, điều này thực sự làm tôi khó chịu, tôi có một sự mong muốn mạnh mẽ để nôn đôi khi, và kết quả là tôi không thể ăn gì."
Nhãn khoa,Tôi có một cơn đau lạ ở vùng bụng. Tôi không biết nguyên nhân của điều này là gì.
Nhãn khoa,"Tôi bị sốt cao, đặc biệt là vào ban đêm, nó khá khó chịu, có một chút đau đầu, cũng như tắc nghẽn và tiêu chảy. Tôi không cảm thấy muốn ăn gì cả."
Nhãn khoa,"Tôi đã có rất nhiều vấn đề để giữ nước vì nôn và tiêu chảy. Tôi có sốt cao, bị ngắt, và đau đầu. Tôi cũng bắt đầu bị đau lạ ở vùng dạ dày và tôi không thể làm bất cứ điều gì về thể chất."
Nhãn khoa,"Tôi đã bị đau đầu trong tuần qua và nó ngày càng tồi tệ hơn, đi kèm với đau dạ dày, tắc nghẽn và tiêu chảy."
Nhãn khoa,"Tôi đã giảm cân rất nhiều trong tuần qua vì tôi không thể ăn nhiều do buồn nôn và nôn. Sau đó có sốt cao, đau đầu và đau dạ dày."
Nhãn khoa,"Tôi bị tiêu chảy và tắc nghẽn, điều này khá đáng lo ngại. Trong dạ dày tôi bị đau nặng, đau đớn. Tôi liên tục mệt mỏi và không cảm thấy muốn ăn gì cả."
Nhãn khoa,"Tôi đã bị tiêu chảy và phân lỏng nhiều lần mỗi ngày. Tôi đã mất sự thèm ăn và luôn bị bệnh. Tôi cũng bị sốt nhẹ. Ngoài ra, phần bụng tôi đau rất nhiều. Tôi không biết lý do đằng sau tất cả những điều này là gì."
Truyền nhiễm,"Tôi bị ngứa rất nặng trên da, và nó khiến tôi điên lên. Tôi cũng bị phát ban đỏ và viêm."
Truyền nhiễm,"Tôi cảm thấy mệt mỏi và không có năng lượng, tôi hầu như không thể mở mắt vào ban ngày, và tôi cảm thấy chán nản và không thể động viên bản thân."
Truyền nhiễm,"Tôi đã bị sốt cao trong vài ngày qua, tôi không biết nguyên nhân của nó, tôi cũng nhận thấy phát ban trên da và tôi khó chịu khi cọa."
Truyền nhiễm,Tôi đã mất thèm ăn và dường như không thể ăn gì. Tôi lo lắng về sức khỏe của mình.
Truyền nhiễm,Có những vết đỏ nhỏ trên cơ thể tôi mà tôi không thể giải thích. Tôi lo lắng vì điều đó. Tôi cảm thấy cực kỳ mệt mỏi và cảm thấy sốt nhẹ mỗi đêm.
Truyền nhiễm,"Các hạch bạch huyết của tôi bị sưng, gây khó chịu ở cổ và cánh tay. Tôi không biết nguyên nhân của nó là gì."
Truyền nhiễm,"Tôi cảm thấy rất đau và khó chịu như thể có gì đó không ổn bên trong tôi không biết nó có thể là gì tôi nhận thấy những vết đỏ nhỏ trên cánh tay tôi, đó sẽ ngứa nếu tôi chạm vào chúng"
Truyền nhiễm,"Chứa làm tôi khó ngủ vào ban đêm, tôi không thể nghỉ ngơi, tôi cũng mất thèm ăn và bị ngơ."
Truyền nhiễm,"Tôi lo lắng về sự phát ban trên da tôi. nó lây lan nhanh chóng và gây ra rất nhiều khó chịu. tôi khó ngủ vào ban đêm vì sự ngứa,"
Truyền nhiễm,"Tôi không có năng lượng và tôi mất thèm ăn, tôi cảm thấy rất đau và tôi không biết có gì sai."
Truyền nhiễm,"Tôi bị phát ban da đỏ và viêm, và nó lan rộng khắp cơ thể tôi. Tôi đã trải qua ngứa dữ dội, đặc biệt là trên cánh tay và chân."
Truyền nhiễm,"Tôi đã bị sốt cao trong vài ngày qua, và nó bắt đầu làm tôi lo lắng. Tôi không biết nguyên nhân của nó. Ngoài ra, tôi có những vết đỏ trên cánh tay và chân, một số trong đó là sưng."
Truyền nhiễm,"Tôi bị phát ban da đỏ, sưng và nó lan khắp cơ thể tôi bị sốt nhẹ và gây ra nhiều khó chịu."
Truyền nhiễm,"Tôi cảm thấy mệt mỏi và không có năng lượng, tôi hầu như không thể mở mắt vào ban ngày, và tôi cảm thấy chán nản và không thể động viên bản thân."
Truyền nhiễm,Có những vết đỏ nhỏ trên cơ thể tôi mà tôi không thể giải thích. Những vết rộp đó ngứa và khó chịu và dường như lan nhanh.
Truyền nhiễm,"Chứa làm tôi khó ngủ vào ban đêm, tôi không thể nghỉ ngơi vì phát ban rất ngứa và khó chịu, tôi cảm thấy rất mệt mỏi và mệt mỏi."
Truyền nhiễm,"Tôi không có năng lượng và mất thèm ăn, bị sốt cao và đau đầu nặng và không biết có gì sai."
Truyền nhiễm,Bệnh sốt cao và các hạch bạch huyết sưng đang gây ra nhiều khó chịu cho tôi. Tôi bị đau đầu và cảm thấy yếu đuối và mệt mỏi. Tôi khó tập trung vì sốt.
Truyền nhiễm,"Phổ trên da tôi gây ra rất nhiều khó chịu. Nó đỏ và viêm, lan khắp cơ thể tôi. Phổ đi kèm với ngứa dữ dội, đặc biệt là trên cánh tay và chân tôi."
Truyền nhiễm,"Có những vết đỏ trên cơ thể tôi mà tôi không thể giải thích. Những vết đó ngứa và bắt đầu sưng, và chúng đang lan rộng nhanh chóng."
Truyền nhiễm,Tôi có các hạch bạch huyết nhỏ trên cánh tay và mặt.
Truyền nhiễm,"Tôi không có năng lượng và mất thèm ăn, tôi cảm thấy rất đau và không biết có gì sai. Ngoài ra, có những vết đỏ nhỏ bắt đầu xuất hiện trên da tôi."
Truyền nhiễm,"Tôi đã bị sốt nhẹ trong vài ngày qua, và nó bắt đầu làm tôi lo lắng."
Truyền nhiễm,"Tôi bị nốt lympho sưng và có những vết đỏ trên khắp cơ thể, và chúng gây khó chịu."
Truyền nhiễm,"Tôi bị ngứa nặng trên toàn cơ thể, và nó khiến tôi điên."
Truyền nhiễm,"Tôi thấy phát ban trên da, và tôi khó khăn để không cào, và tôi bị sốt cao trong vài ngày. Tôi không chắc chắn nguyên nhân của nó là gì."
Truyền nhiễm,"Tôi có những vết đỏ trên cơ thể tôi không hiểu, tôi lo lắng, tôi mất thèm ăn và mỗi đêm tôi mệt mỏi và bị đau đầu nặng."
Truyền nhiễm,"Tôi cảm thấy rất đau và mất thèm ăn, tôi thấy những vết đỏ trên cánh tay, cổ và mặt ngứa khi chạm vào chúng."
Truyền nhiễm,Tôi có những vết đỏ trên cánh tay và chân và ngứa trên chúng khiến tôi khó ngủ vào ban đêm.
Truyền nhiễm,"Các hạch bạch huyết lớn khiến tôi đau rất nhiều, tôi bị phát ban khắp cơ thể và không thể ngủ được cả đêm."
Truyền nhiễm,"Bệnh da của tôi gây ra nhiều đau và khó chịu, đỏ và sưng, và nó lan khắp cơ thể tôi."
Truyền nhiễm,"Tôi bị sốt cao và đau đầu nhẹ, tôi mệt mỏi hầu hết thời gian và hoàn toàn mất sự thèm ăn."
Truyền nhiễm,"Tay và mặt tôi bị nốt lympho nhỏ, bắt đầu sưng lên. Ngày của tôi đã trở nên vô cùng đau đớn vì sự ngứa gối và đau đớn liên tục."
Truyền nhiễm,"Tay và cổ tôi có các hạch bạch huyết lớn, chúng ngứa khi chạm vào chúng."
Truyền nhiễm,"Bệnh sởi da của tôi gây ra rất nhiều đau đớn. Ngoài ra còn có những vết đỏ nhỏ phát triển gần cổ tôi. Kể từ hôm qua, tôi bị sốt nặng, đau đầu và mệt mỏi."
Truyền nhiễm,"Tôi bắt đầu phát triển những vết đỏ nhỏ trên mặt và cổ, và nó ngứa khi chạm vào chúng."
Truyền nhiễm,"Tôi đã mất sự thèm ăn hoàn toàn và dường như không thể ăn gì, tôi cảm thấy như nôn và cảm thấy mệt mỏi, tôi nhận thấy phát ban trên da, điều này thực sự quan tâm đến tôi."
Truyền nhiễm,"Tôi bị sốt cao và đau đầu nặng, dường như không thể ăn gì và cảm thấy muốn nôn. Tôi cũng có một số vết đỏ phát triển trên cánh tay. Tôi thực sự lo lắng."
Truyền nhiễm,Tôi lo lắng về những vết đỏ trên da tôi. Nó lây lan nhanh chóng và gây ra rất nhiều vấn đề. Tôi cũng bị sốt nhẹ và đau đầu mỗi đêm.
Truyền nhiễm,"Tôi cảm thấy buồn nôn và khó chịu, tôi không chắc chắn nó là gì, tôi đã thấy phát ban trên cánh tay và chân, tôi đã mất sự thèm ăn và cảm thấy mệt mỏi mỗi ngày."
Truyền nhiễm,"Tôi bị nôn nôn ở cánh tay và chân, ngứa khi chạm vào chúng, cũng bị đau đầu và sốt nhẹ, tôi không muốn ăn gì và mất thèm ăn."
Truyền nhiễm,"Tôi thực sự mệt mỏi và thiếu năng lượng, tôi khó có thể mở mắt trong ngày, tôi bị sốt nhẹ và không muốn ăn gì, tôi cảm thấy mất thèm ăn."
Truyền nhiễm,"Tôi mệt mỏi, mất thèm ăn, nôn nôn và không thể ăn gì. Ngoài ra, có những vết đỏ nhỏ bắt đầu xuất hiện trên da và gần cổ."
Truyền nhiễm,"Có những vết đỏ nhỏ trên cơ thể tôi, vết đó ngứa và khó chịu."
Truyền nhiễm,"Tôi bị ngứa nặng trên toàn cơ thể, cùng với sốt và đau đầu. Những vết đỏ bắt đầu sưng và nó trở nên khó chịu mỗi ngày."
Truyền nhiễm,"Tôi cảm thấy mệt mỏi mỗi ngày, có những vết đỏ trên cánh tay và lưng và ngứa khi chạm vào chúng, tôi thực sự lo lắng và không biết phải làm gì."
Truyền nhiễm,"Bệnh sốt cao, nốt lympho sưng và đau đầu gây ra nhiều rắc rối cho tôi. Tôi không muốn ăn gì và cảm thấy yếu và mệt mỏi. Tôi khó tập trung vào cuộc sống hàng ngày."
Truyền nhiễm,"Tôi bị sốt cao, có những vết đỏ và phát ban trên khắp cơ thể, cảm thấy mệt mỏi và hoàn toàn mất sự thèm ăn, khiến tôi yếu đuối và ngơ."
Truyền nhiễm,Tôi đã thấy phát ban trên cánh tay và cổ và ngứa khi gãi chúng. Tôi cũng bị sốt cao trong vài ngày. Tôi không biết nguyên nhân của nó. ngứa gây ra cho tôi rất nhiều khó chịu.
Truyền nhiễm,Tôi có những vết bơm đỏ trên khắp cơ thể. Tôi bị ngứa khi chạm vào chúng.
Da liễu,Tôi bị phát triển một vết phơi da trên mặt và cổ.
Da liễu,Tôi bị phát triển phơi nhiễm da được tạo thành từ vết thương nhồi nhồi.
Da liễu,"Tôi bị sốt cao, có vết thương đỏ phát triển gần mũi tôi vết thương đau và có nước chảy màu vàng."
Da liễu,"Tôi thấy vết bàng quang ở mũi, và vết bàng quang đỏ lớn, và tôi thấy vết bàng quang lan rộng đến các phần khác của cơ thể."
Da liễu,"Tôi đã bị sốt cao trong vài ngày qua, vết thương đang phát triển gần mũi tôi, vết thương đau đớn và tôi cảm thấy rất khó chịu trong những ngày này."
Da liễu,"Da tôi bị phát triển phát ban, chủ yếu ở gần mũi."
Da liễu,"Tôi bị mệt mỏi và sốt cao, phát ban ở gần mũi và miệng, ngứa và làm tôi khó ngủ."
Da liễu,"Tôi bị sốt và yếu đuối nặng, bị vết thương trên khuôn mặt, vết thương ngứa và khó chịu, thường có một nước chảy màu vàng xuất hiện."
Da liễu,Tôi nhận thấy rằng vết thương mất nhiều thời gian để lành lại và dễ bị nhiễm trùng hơn.
Da liễu,"Tôi thấy vết bầm đỏ trên mặt và gần mũi, và phát ban đang lây lan nhanh hơn trên cổ và ngực."
Da liễu,Những vết thương xung quanh mũi tôi đã trở nên vỏ và khó chạm vào. Một nước chảy màu vàng-thịt đã được sử dụng để ra khỏi vết thương. Nó mất nhiều thời gian hơn để xử lý.
Da liễu,"Tôi phát triển một vết phơi ở mũi vài ngày trước, nhưng bây giờ, vết phơi đi kèm với cảm giác cháy và đỏ mặt da. Tôi cảm thấy đó là một loại nhiễm trùng."
Da liễu,"Lúc đầu, tôi bị vết thương đỏ nhỏ gần mũi và cổ, nhưng giờ tôi bị sốt cao và vết thương trở nên đau đớn và bị viêm hơn trong vài ngày qua."
Da liễu,"Tôi nhận thấy một vết ruột trên mặt tôi. Nó được tạo thành từ một vết bầm tím. Hôm nay tôi nhận thấy một chất lỏng màu vàng xuất hiện từ vết bầm tím, tôi không chắc chắn nó là gì."
Da liễu,Các vết thương trên mặt tôi bắt đầu khóc chất lỏng rõ ràng.
Da liễu,"Lúc đầu tôi bị phát ban trên mặt và gần mũi, nhưng giờ phát ban đang lan rộng xuống cánh tay và chân."
Da liễu,"Tôi bị sốt cao mỗi đêm và phát triển vết thương trên khuôn mặt, đặc biệt là gần mũi."
Da liễu,"Các vết thương xung quanh mũi tôi hiện đang được bao quanh bởi da đỏ, viêm."
Da liễu,"Tôi cũng bị chứng bệnh cúm, chẳng hạn như sốt và đau cơ thể. Tôi nhận thấy phát ban đỏ và vết bầm bột gần mũi và môi."
Da liễu,"Tôi bị sốt nhẹ, đau đầu, vết thương nhỏ gần mũi và phát ban trên cổ. Tôi đang trải qua một thời gian rất khó khăn ngay bây giờ."
Da liễu,"Có một vết phơi lột đặc biệt nặng xung quanh mũi tôi, với vết thương đỏ lớn đau đớn và có nước chảy màu vàng màu rỉ xuất phát từ chúng."
Da liễu,"Có vết thương trên khuôn mặt và chủ yếu gần mũi và môi, gây khó chịu hoặc đau đớn, và có sự phát ra chất lỏng màu vàng hoặc rỉ."
Da liễu,"Tôi đã phát triển vết thương trên mặt và mũi, tôi không chắc chắn nguyên nhân của điều này là gì."
Da liễu,"Những ngày qua, vết phơi trên mặt tôi trở nên đau đớn và bị viêm hơn, và vết thương bắt đầu khóc chất lỏng rõ ràng."
Da liễu,"Tôi bị phát ban trên mặt, bắt đầu bị vết thương nhỏ xung quanh mũi và thường xuyên xuất hiện chất lỏng màu vàng."
Da liễu,"Tôi cảm thấy rất đau, bị sốt cao, đau đầu, phát ban trên tay và mặt, tôi rất lo lắng về điều này. Hôm nay, tôi thấy vết thương đỏ gần mũi."
Da liễu,"Tôi đã bị sốt cao trong vài ngày qua, vết thương hình thành xung quanh mũi và có phơi ở các phần khác nhau của cơ thể, vết thương rất nặng và tôi cảm thấy rất khó chịu trong những ngày này."
Da liễu,"Tôi bị sốt cao và rất yếu, khuôn mặt tôi bị vết thương, mụn trứng cá ngứa và đau đớn, vết thương thường chảy ra nước chảy vàng."
Da liễu,"Tôi bị phát ban da với vết thương cháy. Các vết thương có mốc là đầy chất lỏng, cao, màu đỏ, không dễ chạm. Tôi cũng bị sốt cao."
Da liễu,"Tôi nghĩ tôi bị bệnh da, có mụn bàng trên mặt và vết thương nhỏ gần mũi, vết thương đã đỏ và đau đớn và một loại nước chảy vàng."
Da liễu,Tôi nhận thấy vết thương trên khuôn mặt của tôi lành lại chậm hơn và có nhiều khả năng bị nhiễm trùng hơn.
Da liễu,"Tôi bị sốt cao, bị phát ban da trên mặt, cổ và cánh tay, phát ban bao gồm vết thương đỏ cháy, tôi lo lắng về sức khỏe của mình."
Da liễu,"Tôi có phát ban trên da với vết thương, vết thương đầy chất lỏng, bị tổn thương cao, không dễ chạm vào."
Da liễu,"Tôi đang có nhiệt độ cao, gần mũi tôi, vết thương đỏ hình thành, vết thương đau đớn, và chất lỏng màu vàng chảy ra từ chúng."
Da liễu,"Tôi bị phát ban quanh mũi, cũng như vết thương đỏ lớn. Vàng phát phát phát phát ban đang lây lan đến các nơi khác trên cơ thể tôi, như tôi đã thấy."
Da liễu,Vòng mặt và mũi của tôi bị phủ bằng vết thương đỏ. Tôi đã quan sát thấy sự phát ban trên cổ và ngực của tôi lây lan nhanh hơn.
Da liễu,Vũ lông của tôi đã trở nên khó chạm vào và vết thương đã bị rò rỉ một chất lỏng màu vàng.
Da liễu,"Một vài ngày trước, tôi bị phát ban nhỏ xung quanh mũi. phát ban hiện nay đi kèm với cảm giác cháy và đỏ mặt da và chảy nước. Tôi tin đó là một loại nhiễm trùng."
Da liễu,"Lúc đầu, tôi bị vết thương đỏ nhỏ ở gần mũi và cổ, nhưng giờ tôi bị nhiệt độ cao, và những vết thương này trở nên đau đớn và bị viêm hơn trong những ngày gần đây."
Da liễu,"Bệnh phát ban đã phát triển xung quanh mũi và môi của tôi, với các vết thương đỏ khổng lồ đau đớn và phát ra một chất lỏng màu vàng màu rỉ."
Da liễu,"Mặt tôi bị bao phủ bởi vết thương, hầu hết ở gần mũi và môi, vết thương gây khó chịu và đau khổ, và chất lỏng màu vàng hoặc rỉ chảy ra."
Da liễu,"Tôi bắt đầu bị vết thương trên mặt và mũi, tôi không biết nguyên nhân của nó là gì, vết thương trên má của tôi rất lớn và kích thích khi chạm vào, và tôi bị cháy và da đỏ."
Da liễu,"Trong hai ngày qua, phơi rash trên mặt tôi đã trở nên nghiêm trọng hơn và viêm hơn, và các mụn bướm bắt đầu chảy máu khô sạch."
Da liễu,"Tôi cảm thấy mình bị bệnh da, mặt tôi bị phát ban và những vết bướm nhỏ quanh mũi, vết thương đỏ và đau đớn, và một chất lỏng vàng chảy ra từ chúng."
Da liễu,"Tôi đã quan sát thấy rằng các vết thương trên khuôn mặt tôi đang chữa lành chậm hơn và dễ bị nhiễm trùng hơn. Các vết thương trên má tôi rất lớn, khó chịu khi chạm vào, và rất khó điều trị. Tôi dường như không thể làm cho những vết thương này biến mất."
Da liễu,"Tôi có nhiệt độ cao, phát triển phát ban trên mặt, cổ và cánh tay, phát ban bao gồm các vết thương đỏ đau đớn, sức khỏe của tôi là mối quan tâm đối với tôi."
Da liễu,"Trong tuần qua, phơi nhiễm trên mặt tôi trở nên nghiêm trọng và đau đớn hơn, và vết thương bắt đầu phát ra một chất lỏng màu vàng."
Da liễu,"Tôi bị phát ban trên mặt, tôi có vết thương nhỏ quanh mũi, và thường xuyên chảy nước chảy vàng."
Da liễu,"Tôi cảm thấy khá bệnh, tôi bị sốt cao và đau đầu, xuất hiện vết phình trên cánh tay và mặt, tôi rất lo lắng về điều này. Tôi thấy vết thương đỏ quanh mũi và môi hôm nay."
Da liễu,"Những vết bàng quang trên mặt tôi không lành được. Tôi đã thử một số loại thuốc nhưng nó không giúp ích nhiều. Gần đây, tôi nhận thấy những vết thương nhỏ gần mũi."
Truyền nhiễm,"Tôi bị đau khớp và nôn nặng, phát triển một phơi da bao phủ toàn bộ cơ thể và đi kèm với ngứa dữ dội. "
Truyền nhiễm,"Tôi cảm thấy lạnh và run rẩy, mặc dù ở trong môi trường ấm áp, lưng tôi luôn đau và có những vết đỏ trên cánh tay."
Truyền nhiễm,Tôi bị đau khớp nặng khiến tôi khó di chuyển và thực hiện các hoạt động hàng ngày.
Truyền nhiễm,"Tôi thường nôn và mất thèm ăn, khớp và đau lưng liên tục."
Truyền nhiễm,"Tôi bị sốt cao, đau đầu và đau cơ thể nặng, tôi cảm thấy lạnh mỗi đêm, và sau mắt cũng có một cơn đau rõ ràng."
Truyền nhiễm,"Tôi cảm thấy rất mệt mỏi và mệt mỏi, và tôi không có năng lực để làm bất cứ điều gì."
Truyền nhiễm,"Tôi đã trải qua một cơn đau đầu nặng đi kèm với đau đớn sau mắt, tôi mất khẩu vị và cảm thấy lạnh mỗi đêm. "
Truyền nhiễm,"Tôi cảm thấy buồn nôn và luôn muốn nôn, đau đớn đớn đằng sau mắt và có những vết đỏ nhỏ trên cánh tay."
Truyền nhiễm,"Tôi có những vết đỏ trên cơ thể bị ngứa và viêm, cũng bị sốt cao, chớp lạnh và run rẩy. "
Truyền nhiễm,"Tôi bị đau cơ bắp khiến tôi khó di chuyển, bị mất khẩu vị, bị nôn, chân và lưng rất đau. "
Truyền nhiễm,"Tôi đã bị đau lưng nặng hơn khi ngồi hay đứng lâu, còn bị phát ban khắp cơ thể, đau sau mắt."
Truyền nhiễm,Phổ da tôi phát triển đi kèm với đỏ và sưng. Tôi không cảm thấy tốt vì tôi bị sốt nặng đi kèm với đau cơ thể.
Truyền nhiễm,Những cơn chém và run rẩy mà tôi đã trải qua đi kèm với cảm giác lạnh và sốt cao.
Truyền nhiễm,Đau khớp mà tôi đang trải qua là nặng và cảm thấy như đau liên tục.
Truyền nhiễm,"Tôi bị nôn nôn đi kèm với đau bụng và chóng mặt, tôi mất khẩu vị và cảm thấy yếu đuối, và sau mắt cũng bị đau."
Truyền nhiễm,Nhiệt quỵ cao mà tôi đã trải qua đi kèm với mồ hôi và yếu đuối.
Truyền nhiễm,Sự mệt mỏi mà tôi cảm thấy là cực kỳ và khiến tôi khó thực hiện các nhiệm vụ cơ bản.
Truyền nhiễm,Tôi bị đau đầu nặng và bị cảm thấy bị áp lực trong đầu. Tôi bị sốt nhẹ cùng với đau đầu. Có những vết đỏ nhỏ trên lưng.
Truyền nhiễm,Những cơn buồn nôn mà tôi cảm thấy đi kèm với sự mất thèm ăn và cảm giác khó chịu.
Truyền nhiễm,Đau cơ mà tôi đang trải qua là nặng và cảm thấy như đau liên tục. Có những vết đỏ trên khắp cơ thể tôi và sự ngứa gối gây ra cho tôi rất nhiều khó chịu.
Truyền nhiễm,"Tôi bị phát triển một cơn phơi da bao phủ toàn bộ cơ thể và bị ngứa dữ dội, đau cơ thể và bị sốt nhẹ, đau đầu và chớp lạnh."
Truyền nhiễm,"Tôi bị đau cơ thể, đau đầu và nôn, và phát triển những vết đỏ bao phủ toàn bộ cơ thể và gây ngứa nặng."
Truyền nhiễm,"Lưng tôi luôn đau, tay và cổ tôi bị phát ban, mắt tôi rất đau, tôi cũng bị sốt và chúng tôi lo lắng về sức khỏe."
Truyền nhiễm,"Tôi bị đau khớp đáng kể khiến tôi khó đi bộ và thực hiện các công việc hàng ngày. Tôi cũng mất sự thèm ăn, khiến tôi cảm thấy yếu và muốn nôn."
Truyền nhiễm,Tôi có một vết thương liên tục phía sau mắt. Tôi có những vết thương đỏ trên cổ và mặt và phát ban trên cánh tay.
Truyền nhiễm,"Tôi đã cảm thấy đau đớn và muốn nôn, đau đớn sau mắt và có những chấm đỏ sưng trên lưng."
Truyền nhiễm,"Những cơn rùng rùng và rùng rùng rùng của tôi cũng đi kèm với cảm giác lạnh và sốt rất cao, xuất hiện những vết ruột trên cánh tay và những vết đỏ trên cổ."
Truyền nhiễm,"Tôi bị đau khớp nặng, thường nảy mửa, và bị sốt vừa phải, bị chớp lạnh, và dường như không giảm ngay cả khi dùng thuốc."
Truyền nhiễm,"Vô của tôi đã được tiếp theo bởi đau bụng và chóng mặt, tôi đã mất sự thèm ăn và kết quả là cảm thấy yếu đuối, cánh tay, lưng, cổ đau hầu hết thời gian."
Truyền nhiễm,"Tôi bị phát triển những vết đỏ trên cánh tay và chân bị ngứa và viêm, cảm thấy buồn nôn và luôn muốn nôn."
Truyền nhiễm,"Tôi bị phát triển một vết ruột da bao phủ toàn bộ cơ thể tôi. Rút ruột đỏ và sưng, và tồi tệ hơn ở một số khu vực như cánh tay và chân tôi. Tôi cũng mất sự thèm ăn của tôi. "
Truyền nhiễm,"Tôi đã trải qua những cơn chấn thương và run rẩy, đau đớn mạnh ở lưng và phía sau mắt, cũng có những vết đỏ nhỏ trên lưng và cổ. "
Truyền nhiễm,Tôi đã trải qua một cơn đau khớp nặng khiến cho ngày tôi rất khó khăn.
Truyền nhiễm,"Tôi thường nôn và mất thèm ăn, bị mụn trứng cá và đau mắt khiến tôi không thể ngủ được."
Truyền nhiễm,Tôi bị sốt cao cùng với đau đầu nặng. Lạnh đi kèm với đau cơ thể và chớp lạnh cực kỳ. Tôi lo lắng về sức khỏe của mình và không biết phải làm gì.
Truyền nhiễm,"Tôi cảm thấy rất mệt mỏi và mệt mỏi, và tôi không có năng lực để làm bất cứ điều gì. Mệt mỏi quá nặng đến nỗi tôi khó có thể đứng dậy khỏi giường. Tôi nhận thấy những vết đỏ nhỏ trên cánh tay và chân. "
Truyền nhiễm,"Tôi bị đau đầu nặng, đau sau mắt, cảm thấy mệt mỏi và mệt mỏi vì thế tôi không thể làm việc cả ngày, tôi lo lắng về sức khỏe."
Truyền nhiễm,"Tôi cảm thấy buồn nôn và luôn muốn nôn, điều này đi kèm với sốt nhẹ và đau đầu. "
Truyền nhiễm,"Tôi bị phát triển phấn phát trên cơ thể, ngứa, mất thèm ăn và cảm thấy rất mệt mỏi cả ngày. Tôi cảm thấy có gì đó không ổn với cơ thể tôi."
Truyền nhiễm,"Tôi đã trải qua đau cơ và đau đầu. cơn đau cơ cảm thấy như một cơn đau liên tục và tồi tệ hơn khi tôi cố gắng sử dụng các cơ bị ảnh hưởng. Có những vết đỏ nhỏ phát triển trên khuôn mặt, cổ và cánh tay của tôi."
Truyền nhiễm,"Lưng tôi đau, tay và cánh tay tôi bị phát ban, mắt tôi bị đau rất nhiều, tôi cũng bị sốt nhẹ, khiến chúng tôi lo lắng về sức khỏe. "
Truyền nhiễm,"Tôi đang trải qua sốt rất cao và cảm lạnh mỗi đêm. Điều này thực sự làm tôi lo lắng. Hơn nữa, tôi không cảm thấy muốn ăn gì và lưng, cánh tay, chân đau rất nhiều. Có một cơn đau kỳ lạ ở mắt tôi. Tôi không thể thực hiện bất kỳ hoạt động thể chất nào. "
Truyền nhiễm,"Do nôn thường xuyên, tôi mất thèm ăn, cơ bắp, khớp và lưng liên tục đau, tôi cũng bắt đầu bị sốt, tôi rất lo lắng và không biết phải làm gì."
Truyền nhiễm,"Tôi bị sốt nặng, đau sau mắt và đau đầu, cảm thấy mệt mỏi và bực bội, khiến tôi không thể làm việc."
Truyền nhiễm,"Cả cơ thể tôi đau rất nhiều và tôi không muốn ăn gì. Tôi bị sốt nhẹ và bị cảm lạnh mỗi đêm. Ngoài ra, có một số vết đỏ phát triển trên lưng và cổ."
Truyền nhiễm,"Cảm giác nhổ nhổ và đau lưng mỗi ngày khiến tôi rất yếu, vì đau cơ thể, tôi không thể tập trung vào công việc và không muốn làm gì cả."
Truyền nhiễm,"Tôi cảm thấy đau cơ thể cực kỳ, tôi mất thèm ăn, phát triển phát ban trên cánh tay và mặt, đau sau mắt rất nhiều."
Truyền nhiễm,"Tôi bị phát triển phơi máu trên cơ thể, cũng bị sốt cao, bị chớp và đau đầu, đau khớp và lưng và đau ở phía sau mắt."
Truyền nhiễm,"Tôi cảm thấy buồn nôn và luôn muốn nôn, mỗi đêm tôi bị sốt cao, bị lạnh và cảm thấy tệ hại vì điều này."
Truyền nhiễm,"Tôi bị phát ban trên da, ngứa khi chạm vào chúng. Tôi không cảm thấy tốt vì đau khớp cả ngày. Vào ban đêm, tôi bị sốt nhẹ và bị chớp, do đó tôi cũng không thể ngủ được."
Da liễu,"Tôi có những khối u, một phơi trùng trông đỏ và viêm, những vùng da bị biến màu khác với phần còn lại của da, và ngứa trên da."
Da liễu,"Trên khắp cơ thể tôi, có sự ngứa nặng, sau đó là phát ban đỏ, vùi. da tôi cũng có một vài vết mờ và một vài vết bứt nhỏ, nốt."
Da liễu,"Tôi đã bị phát ban trên da trông giống như các vết bẩn, và tôi cũng có rất nhiều vụ nổ nốt và ngứa rất nặng. Trong tuần trước, nó đã trở nên tồi tệ hơn."
Da liễu,"Tôi bị phát ban không biến mất và ngứa trên da khó chịu, ngoài ra, tôi thấy một số vùng khác nhau màu sắc và bùng phát giống như nút hoặc khối trên da."
Da liễu,"Tôi bị phát ban khắp cơ thể, và tôi không thể ngừng cào vì da tôi ngứa, da tôi cũng có một vài điểm mà màu sắc bị thay đổi và một số khối u và mụn giống như nút."
Da liễu,"Gần đây, da tôi khá ngứa, và tôi bị phát ban khắp cơ thể. Da tôi cũng có một vài điểm thay đổi màu sắc và một số khối u và mụn như nút."
Da liễu,"Da tôi bị ngứa nhiều và phát triển phát ban, ngoài ra, tôi có một vài vùng da khác màu hơn phần còn lại, và tôi có một vài vết nhăn cứng hoặc vỡ trên da."
Da liễu,"Cả cơ thể tôi bị ngứa như điên, và bây giờ có những vùng đỏ khắp nơi. Ngoài ra, một số vết bẩn có một sắc thái khác với làn da tự nhiên của tôi. Và trên da tôi, có những khối u hoặc mụn đã phát triển."
Da liễu,"Da tôi gần đây bị ngứa và dễ bị phát ban, và có những vết bẩn khác với màu da tự nhiên của tôi, và bây giờ da tôi có những khối u hoặc vết bùng phát không có trước đây."
Da liễu,"Tôi có nhiều mụn đỏ trên cánh tay và chân, da ngứa, da có một vài vết thương lạ lùng, và đôi khi có những vết bùng phát hơi khó chịu."
Da liễu,"Tôi có một làn da ngứa và nhiều vết bốc đỏ trên cánh tay và chân, cũng có một số điểm trông kỳ lạ trên da của tôi và đôi khi có những vết bốc có cảm giác khá cứng."
Da liễu,"Bác sĩ, tôi có một vết phơi rất ngứa trên da và có một số vết bẩn kỳ lạ có màu khác nhau."
Da liễu,"Bác sĩ, da tôi bị phủ đầy phấn phát, cùng với một số vết bẩn khác nhau."
Da liễu,"Tôi có nhiều vết ngứa trên da, đôi khi chúng trở nên đỏ hoặc rộp, cũng có một số vết bẩn khác nhau màu sắc so với phần còn lại của da, và đôi khi tôi có những vết rộp kỳ lạ trông giống như quả bóng nhỏ."
Da liễu,"Da tôi thường bị ngứa, đôi khi có thể đỏ hoặc thô, đôi khi còn có những vết nhăn kỳ lạ giống như những quả bóng nhỏ và có những vết nhăn kỳ lạ có màu sắc khác với phần còn lại của da."
Da liễu,"Bác sĩ, tôi có những vết ruột đỏ liên tục xuất hiện và da tôi liên tục ngứa."
Da liễu,"Tôi đã trải qua một số ngứa rất mạnh trên toàn cơ thể, cùng với đỏ mặt và vết bùng trên da. Ngoài ra còn có những vết bùng khác nhau màu sắc so với phần còn lại của da, và đôi khi tôi có những nút trông giống như vết bùng nhỏ."
Da liễu,"Tôi đã gào xước khắp cơ thể tôi đến nỗi da tôi đã trở nên đỏ và phát triển mụn, và đôi khi tôi cũng có những mụn giống mụn nhỏ, cũng như những vết bẩn kỳ lạ khác với phần còn lại của da tôi."
Da liễu,"Tôi đã trải qua rất nhiều ngứa, mà đi kèm với một phơi nhiễm xuất phát dường như ngày càng tồi tệ hơn theo thời gian. Ngoài ra còn có một số vùng da khác màu so với phần còn lại, và tôi đã phát hiện ra một số khối u giống như các nút nhỏ."
Da liễu,"Tôi đã có rất nhiều vấn đề với ngứa, và nó đi kèm với một phát ban dường như trở nên tồi tệ hơn theo thời gian. Ngoài ra còn có một số vết bẩn da có màu sắc khác với những người khác, và tôi đã nhận thấy một số vết bầm nhìn như các nút nhỏ."
Da liễu,"Bác sĩ, da tôi bị phủ đầy phấn phát và có một vài vết bẩn khác nhau màu sắc."
Da liễu,"Tôi bị ngứa rất nhiều, và nó đi kèm với một phơi nhiễm xuất phát dường như trở nên tồi tệ hơn theo thời gian. Ngoài ra còn có một số vết bẩn da có màu sắc khác với phần còn lại của da, cũng như một số khối u giống như các nút nhỏ."
Da liễu,"Da tôi gần đây bị ngứa và dễ phát ban, và nhiều vết bẩn khác với màu da bình thường của tôi, và bây giờ tôi có khối u hoặc bột trên da mà trước đây không có."
Da liễu,Một vết ruột xuất hiện trên toàn da của tôi đã đi kèm với những cơn ngứa và khó chịu mạnh mẽ gần đây.
Da liễu,"Da tôi luôn ngứa, đôi khi nó trở nên khá thô và đỏ. Ngoài ra, đôi khi tôi có những mụn nhỏ giống như quả bóng nhỏ và một số vết khác màu so với phần còn lại của da tôi. Nó làm tôi khó chịu và ngứa nặng."
Da liễu,"Tôi có nhiều vết ngứa trên toàn da, và đôi khi nó trở nên đỏ và rách rách. Ngoài ra còn có một số vết bẩn khác với phần còn lại của da, và đôi khi tôi có những vết rách rách trông giống như quả bóng nhỏ. Nó thực sự khó chịu và ngứa."
Da liễu,"Tôi có một số vết ngứa khá kích thích trên toàn cơ thể, và da tôi cũng có một vài vùng đỏ, vùi. Tôi cũng có một số mụn giống như quả bóng nhỏ và các vết khác màu khác với phần còn lại của da tôi. "
Da liễu,"Tôi có một vết ngứa khá khó chịu trên toàn cơ thể, cũng như những vùng đỏ và vùi trên da, cũng có một số vết bẩn khác nhau của da và tôi có một số mụn mà giống như những quả bóng nhỏ."
Da liễu,"Tôi có sự ngứa thật sự trên toàn cơ thể, và tôi cũng có những vết đỏ và vùi trên da. Ngoài ra còn có một số vùng có màu khác với phần còn lại của da, và tôi có một số vết vùi trông giống như những quả bóng nhỏ."
Da liễu,"Tôi có một sự ngứa khá khó chịu trên toàn cơ thể, cũng như những vùng đỏ và vùi trên da, cũng có một số vết bẩn của da có một sắc thái khác biệt so với phần còn lại, và tôi có một số mụn mà giống như những quả bóng nhỏ."
Da liễu,"Tôi bị ngứa thật sự gần đây và có những vết bẩn trên làn da của tôi, cũng có một số khu vực trông khác nhau trong bóng hơn phần còn lại của da của tôi, và tôi đã có một số vết bùng phát khá cứng."
Da liễu,"Tôi gần đây bị ngứa, và có những vết nhăn trên da, cũng có một số vùng màu đen hơn phần còn lại của da, và tôi có một số khối cứng."
Da liễu,"Tôi gần đây bị ngứa, và có những vết bẩn trên da, cũng có một số vùng màu đen hơn phần còn lại của da, và tôi có một số khối u đau đớn."
Da liễu,"Gần đây, tôi đã tự xước nhiều, da tôi bị phủ đầy những chỗ rách rách, và tôi cũng có một vài vết nhăn khá cứng, và có một số điểm khác trên cơ thể có màu nâu khác với phần còn lại của da tôi."
Da liễu,Da tôi rất ngứa và có những vết rác khắp nơi cũng có một số vết bẩn trông khác màu so với phần còn lại của da tôi và tôi đã có một số vết bùng cứng.
Da liễu,"Da tôi rất xước, và có phơi ở khắp cơ thể tôi. Tôi có một số vết bùng khá vững chắc, cũng như một số vùng tối hơn so với phần còn lại của da tôi."
Da liễu,"Ngoài ra, tôi có một số vết bùng khá cứng và một số vết bùng khác màu so với phần còn lại của da."
Da liễu,"Gần đây, tôi đã tự xước rất nhiều, và da tôi bị phủ đầy những nơi rồ rồ. Ngoài ra, có một vài điểm mà da tôi không có vẻ như là màu sắc bình thường, và tôi đã trải qua một vài khối u khá đau đớn."
Da liễu,"Tôi bị ngứa thật nhiều gần đây và có những vết bẩn trên da tôi. còn có một số vùng không giống màu da bình thường của tôi, và tôi đã có một số vết bùng cứng"
Da liễu,"Tôi gần đây bị ngứa, và có những vùng rách rách trên toàn cơ thể, cũng có một số vùng không giống như màu sắc điển hình của da tôi, và tôi đã trải qua một số khối u cứng."
Da liễu,"Tôi bị ngứa và có những vết bẩn trên làn da gần đây, cũng có một số vùng không giống như làn da bình thường, và tôi đã trải qua một số vết bùng phát đau đớn."
Da liễu,"Gần đây, tôi tự ngứa rất nhiều, da tôi bị phủ đầy mảng mảng rác, còn có một vài vùng mà da tôi không giống như bình thường, và tôi đã trải qua một vài khối u cực kỳ đau đớn."
Da liễu,"Tôi luôn bị ngứa và có những vết đỏ và vùi trên da, cũng có một số vết bẩn khác màu so với phần còn lại của da, và tôi có một số vết bột giống như những khối nhỏ."
Da liễu,"Ngoài ra, tôi có một số vết rộp giống như những khối nhỏ và một số vết bẩn có màu sắc khác với phần còn lại của cơ thể."
Da liễu,"Tôi có nhiều ngứa trên da, đôi khi biến thành phát ban, cũng có một số vết bẩn khác nhau màu sắc của da so với phần còn lại của tôi, và đôi khi tôi có những mụn nhỏ giống như nốt."
Da liễu,"Tôi có xu hướng ngứa trên da, thường biến thành phát ban, cũng có một số vết bẩn khác nhau với phần còn lại của da, và tôi thường bị những khối u nhỏ bắt chước các nút."
Da liễu,"Tôi đã trải qua rất nhiều ngứa trên da, và đôi khi nó biến thành phát ban. Cũng có một số vết bẩn lạ của da khác màu so với phần còn lại của tôi, và đôi khi tôi có những vết bùng nhỏ trông giống như nốt."
Da liễu,"Cơ thể tôi bị ngứa rất nhiều, và bây giờ có những vết đỏ khắp nơi, một số vết khác nhau về sắc thái với làn da tự nhiên của tôi. Và có những khối u hoặc mụn mà đã xuất hiện trên da tôi."
Da liễu,"Gà tôi gần đây rất ngứa, đôi khi nó phát ra phơi máu, ngoài ra, tôi có một vài vùng da khác nhau màu sắc so với phần còn lại của tôi, và đôi khi tôi phát triển những vết bùng nhỏ trông giống như nốt."
Da liễu,"Hiện nay, trên toàn cơ thể tôi có những vết đỏ, nơi tôi bị ngứa kinh khủng khắp nơi, một vài vết khác nhau về sắc da với làn da tự nhiên của tôi, và những khối u hoặc vết bùng phát này đã phát triển trên làn da của tôi."
Hô hấp,"Tôi không thể ngừng kháy và mũi tôi thật sự chảy. Tôi cũng rất lạnh và mệt mỏi mọi lúc, và tôi đã ho nhiều. Nhiệt độ của tôi cũng rất cao, như là quá bình thường."
Hô hấp,"Tôi có mũi chảy rất nhiều, và dường như tôi không thể ngừng kháy. Ngoài ra, tôi liên tục cảm thấy lạnh, mệt mỏi, và ho nhiều."
Hô hấp,Tôi đang kháy liên tục và tôi không thể lật đổ cái lạnh này tôi cảm thấy thực sự yếu và mệt mỏi và ho của tôi không biến mất.
Hô hấp,"Tôi luôn kháy và không thể làm cho cái lạnh này biến mất, tôi cảm thấy yếu và mệt mỏi, và ho của tôi không ngừng lại, nhiệt độ của tôi rất cao."
Hô hấp,"Tôi luôn kháy và cơ thể tôi đang rung động vì lạnh, tôi quá mệt, tôi hầu như không thể di chuyển và đầu tôi đang chết."
Hô hấp,"Tôi luôn kháy, lạnh khiến cơ thể tôi run rẩy, tôi quá mệt mỏi đến nỗi tôi hầu như không thể di chuyển, và đầu tôi đau."
Hô hấp,"Tôi đã khá mệt mỏi và bị bệnh, tôi kháy liên tục và khá lạnh, đầu tôi đập, và tôi thiếu năng lượng, ngoài ra, tôi có sốt rất cao và cảm thấy như đang cháy."
Hô hấp,"Tôi cảm thấy rất mệt mỏi và bệnh tật, tôi kháy rất nhiều và dường như không thể ấm lên, tôi quá mệt mỏi và đầu tôi đang chết, và cơn sốt của tôi rất cao, như thể tôi đang nấu."
Hô hấp,"Tôi đã khá mệt mỏi và bị bệnh. Tôi đã bị đau cổ họng, và tôi đã bị ho khá khó chịu. Tôi có rất nhiều cơn lạnh và nhiệt độ khá cao. Tôi cảm thấy cực kỳ yếu đuối và bị mất sức."
Hô hấp,"Tôi đã khá mệt mỏi và bị bệnh, tôi đã kháy nhiều và đang có vấn đề để ấm lên, tôi rất mệt mỏi, và đầu tôi đau, và tôi cảm thấy như tôi đang nồng nhiệt với nhiệt độ cao của tôi."
Hô hấp,"Tôi không thể ngừng kháy, tôi cảm thấy rất mệt mỏi và ngốc, cổ họng tôi rất đau, tôi có rất nhiều thứ ngốc trong mũi và cổ họng tôi cũng cảm thấy bị sưng và sưng."
Hô hấp,"Tôi không thể ngừng kháy, tôi mệt mỏi và bị bệnh, cổ họng tôi thật sự không thoải mái, và có rất nhiều rác trong mũi và cổ họng tôi cũng bị sưng và sưng."
Hô hấp,"Tôi cứ kháy, tôi đau khổ và mệt mỏi, tôi có nhiều thứ ngập nở trong mũi và cổ họng, và cổ họng tôi rất đau, cổ tôi cũng bị sưng và sưng."
Hô hấp,"Tôi cảm thấy rất mệt mỏi và đau bụng, ho nặng và cổ họng tôi rất đau, tôi bị áp lực động mạch và mũi bị tắc nghẽn, tôi rất khó chịu và mệt mỏi."
Hô hấp,"Tôi kháy nhiều, cảm thấy mệt mỏi và bệnh tật, cũng có nhiều thứ ghê tởm ra khỏi mũi, cổ tôi rất xước, và cổ tôi cũng bị sưng."
Hô hấp,"Tôi đã thở dài rất nhiều và thường cảm thấy ốm và mệt mỏi. Vòng họng tôi rất xước, và rất nhiều thứ ghê tởm chảy ra khỏi mũi tôi."
Hô hấp,"Các mũi kinh của tôi cảm thấy quá đông đúc, mắt tôi liên tục đỏ, tôi chỉ liên tục cảm thấy kiệt sức và mệt mỏi, ngoài ra, tôi có nhiều phlegm khó chịu trong cổ họng, các hạch bạch huyết của tôi cảm thấy bùng nổ, và thở khó khăn."
Hô hấp,"Mắt tôi rất đỏ và mũi tôi bị tắc nghẽn, tôi chỉ không có năng lượng và cổ họng tôi rất ngứa, tôi cũng nhận thấy các hạch bạch huyết của tôi bị sưng và tôi bị ho nhiều."
Hô hấp,"Các mũi kinh của tôi bị ngập, mắt tôi khá đỏ, tôi chỉ thiếu năng lượng, và cổ họng tôi rất bị nếp nhăn. Cùng với sự sưng của các hạch bạch huyết, tôi cũng bị ho nhiều."
Hô hấp,"Đôi mắt tôi luôn đỏ và ngứa, mũi tôi cảm thấy ngập và đông đúc. Tôi cảm thấy bị ốm và mệt mỏi mọi lúc, và tôi cứ ho lên. Vòng tôi cảm thấy đau và nếp nhăn, và tôi nhận thấy rằng các vết bùng trên cổ tôi lớn hơn bình thường."
Hô hấp,"mũi tôi luôn bị tắc nghẽn và tắc nghẽn, mắt tôi luôn đỏ và ngứa, tôi cảm thấy không khỏe và mệt mỏi, và tôi cứ đập nát cái bông này, tôi có một cái cổ tràng, kích thích, và tôi đã thấy rằng vết bùng cổ của tôi lớn hơn bình thường."
Hô hấp,"Tôi cứ kháy, mắt tôi không ngừng nhỏ giọt. Tôi rất khó thở vì cảm thấy như có thứ gì đó bị mắc kẹt trong cổ họng. Tôi thường cảm thấy mệt mỏi, và gần đây, tôi đã có rất nhiều nhồi máu. Hơn nữa, các hạch bạch huyết của tôi đã mở rộng."
Hô hấp,Đôi mắt tôi luôn đỏ và nước. Tôi cũng có áp lực ở chân phế không thể biến mất. Tôi luôn cảm thấy mệt mỏi và khó thở. Tôi cũng có nhiều khối u trong cổ họng và các hạch bạch huyết của tôi bị sưng.
Hô hấp,"Đôi mắt tôi liên tục đỏ và chảy. Một sự chặt chẽ liên tục trong chân phổi của tôi cũng đã làm phiền tôi. Tôi đã có rất nhiều khó khăn trong việc thở và liên tục cảm thấy mệt mỏi. Ngoài ra, tôi có rất nhiều chất nhầy cổ họng và các hạch bạch huyết viêm."
Hô hấp,"Nó làm tôi cảm thấy mũi tôi bị tắc nghẽn, mắt tôi luôn rất đỏ và chảy. Ngoài ra, ngực tôi đau và tôi có rất nhiều vấn đề về hô hấp. Ngoài ra, cơ bắp tôi cảm thấy khá đau, và tôi không thể ngửi thấy gì cả."
Hô hấp,"Đôi mắt thường đỏ và chảy, mũi luôn bị ngập, cũng khó thở và ngực đau, ngoài ra tôi không ngửi thấy gì và cơ bắp khá đau."
Hô hấp,"Đôi mắt tôi thường đỏ và bị viêm, và tôi có cảm giác có gì đó tắc nghẽn mũi tôi. Tôi đã ho nhiều, và ngực tôi đau. Tôi không ngửi thấy gì, và cơ bắp của tôi đau."
Hô hấp,"Đôi mắt tôi luôn đỏ và sưng, và tôi cảm thấy như có thứ gì đó chặn chân phổi tôi đã ho lên rất nhiều và ngực tôi cảm thấy rất nặng tôi không ngửi thấy gì và cơ bắp tôi rất đau"
Hô hấp,"Tôi ho nhiều, cảm thấy lạnh và sợ hãi. mũi tôi bị tắc nghẽn, và tôi bị áp lực trên khuôn mặt. Tôi cũng bị nhăn nhăn nhiều, và ho đau ngực tôi. Tôi không ngửi thấy gì, và cơ bắp của tôi đau."
Hô hấp,"Trong nhiều ngày, tôi bị ho và cảm lạnh, mũi bị tắc, và tôi bị áp lực trên mặt, tôi cũng bị nhồi nhát, và ho đau ngực, tôi không ngửi thấy gì, và cơ bắp của tôi đau."
Hô hấp,"Tôi đã ho và cảm lạnh nhiều ngày, mũi tôi bị tắc nghẽn, và tôi bị áp lực trên mặt, tôi cũng ho và nhầy, và đau ngực, tôi không ngửi thấy gì và cơ bắp của tôi đau."
Hô hấp,"Tôi bị ho và cảm lạnh trong nhiều ngày. Cục hưng phế bị tắc nghẽn, khuôn mặt bị căng thẳng. Ngoài ra, tôi bị ho và ngực đau, tôi không có cảm giác ngửi và cơ bắp đau rất nhiều."
Hô hấp,"Tôi ho liên tục và rùng rùng rùng, mũi bị ngập, khuôn mặt bị căng thẳng, cổ họng bị ho và ngực đau, cơ bắp đau rất nhiều, tôi không ngửi thấy gì cả."
Hô hấp,"Tôi không thể ngừng ho và cảm thấy rất lạnh, mũi tôi bị tắc, mủ rất nhiều, ngực tôi đau và tôi không ngửi thấy gì, cơ bắp tôi cũng rất đau."
Hô hấp,"Tôi ho liên tục và rất lạnh, sản lượng nhầy quá nhiều, mũi tôi bị tắc, tôi không ngửi thấy gì, ngực tôi đau, cơ bắp tôi cũng rất đau."
Hô hấp,"Tôi không thể ngừng ho và tôi bị đông lạnh, mũi tôi bị tắc hoàn toàn, và tôi bị tràn ngập chất nhầy, ngực tôi đau, tôi không thể ngửi thấy gì, cơ bắp tôi cũng rất đau."
Hô hấp,"Tôi ho nhiều và khó thở, cổ họng đau, tôi cảm thấy như có nhiều nhồi máu bị mắc kẹt trong ngực, mũi tôi chạy nhiều, và tôi cảm thấy quá đông đúc."
Hô hấp,"Tôi đã khá mệt mỏi và bị bệnh. Tôi đã bị đau cổ họng, và tôi đã bị ho khá khó chịu. Tôi có rất nhiều cơn lạnh và nhiệt độ khá cao. Tôi cảm thấy cực kỳ yếu đuối và bị mất sức."
Hô hấp,"Tôi đã trải qua sự mệt mỏi nặng và cảm giác đau đớn. Tôi đã bị đau cổ họng và ho khá nặng. mũi tôi khá ngập, và tôi đã bị áp lực động mạch. Tôi thực sự đau khổ và cực kỳ mệt mỏi."
Hô hấp,"Tôi đã cảm thấy rất đau và rất mệt mỏi, tôi bị ho nặng và cổ họng tôi rất đau, tôi bị áp lực ở vùng não và mũi tôi bị tắc nghẽn, tôi cảm thấy rất đau khổ."
Hô hấp,"Tôi đã khá mệt mỏi và bị bệnh. Tôi bị đau cổ họng, và tôi bị ho khá khó chịu. Tôi bị cảm lạnh và nhiệt độ khá cao. Nói một cách đơn giản, tôi cảm thấy thật sự yếu đuối."
Hô hấp,"Tôi đã rất mệt mỏi và bị bệnh, tôi bị ho nặng, đau cổ họng, bị cảm lạnh và nhiệt độ khá cao, tôi cảm thấy mệt mỏi và chạy xuống."
Hô hấp,"Tôi không thể ngừng kháy, mũi tôi chảy, tôi cũng luôn lạnh và mệt mỏi, và tôi ho nhiều."
Hô hấp,"Tôi cảm thấy rất tệ, bị tắc nghẽn và chảy mũi, ho và đau ngực, sốt rất cao và tôi bị khó chịu cơ bắp nặng."
Hô hấp,"Tôi bị sưng và mệt mỏi, cổ họng bị nứt, mắt bị đỏ, mũi bị tắc, mặt bị áp lực, ngực đau, và tôi không thể ngửi thấy gì."
Hô hấp,"Tôi thiếu năng lượng và cảm thấy như cổ tôi bị phồng lên. Mắt tôi đỏ, cổ họng tôi bị nứt. Tôi bị tắc nghẽn nghiêm trọng ở lỗ mũi, khuôn mặt tôi bị áp lực. Tôi không ngửi thấy gì, ngực tôi đau."
Hô hấp,"Tôi cảm thấy khá yếu, các hạch bạch huyết của tôi đã bị làm lớn, mắt tôi bị cháy, cổ họng tôi đau, mũi tôi bị căng thẳng, mũi tôi bị ngập, tôi không ngửi thấy gì, ngực tôi đau."
Hô hấp,"Tôi đã ho và cảm lạnh khủng khiếp trong nhiều ngày. Mặt tôi mệt mỏi và mũi tôi bị tắc. Ngoài ra, ngực tôi đau vì phlegm tôi đã ho. Tôi không thể ngửi thấy, và cơ bắp của tôi đau khủng khiếp."
Hô hấp,"Tôi luôn có đôi mắt đỏ, nước chảy. Các mũi tôi cũng bị khó chịu bởi sự ngắt chặt liên tục. Tôi thở khá khó, và tôi cảm thấy mệt mỏi suốt thời gian. Các hạch bạch huyết của tôi bị kích thích, và tôi cũng có nhiều chất rỉ cổ họng."
Hô hấp,"Tôi luôn bị nóng bỏng, mắt phồng và cảm giác có gì đó cản trở mũi tôi ngực tôi cảm thấy khá nặng, và tôi đã ho nhiều chất rác tôi không có cảm giác ngửi và cơ bắp tôi rất đau."
Hô hấp,"Tôi cảm thấy rất lạnh và mệt mỏi gần đây, và tôi đã ho nhiều với đau ngực. Tim tôi cũng đập rất nhanh, và khi tôi ho, phlegm có một màu rỉa mai."
Hô hấp,"Gần đây tôi bị ho nhiều, đau ngực, cảm thấy lạnh và mệt mỏi, trái tim đập nhanh, và vỏ nước tôi ho có màu đỏ."
Hô hấp,"Tôi cảm thấy rất mệt mỏi và lạnh, và tôi không thể ngừng ho. Tôi bị đau ngực khi làm thế, và tim tôi cảm thấy như là đang vội vàng."
Hô hấp,"Tôi mệt mỏi và lạnh lùng, và tôi không thể ngừng ho, khi tôi làm thế, nó làm đau ngực và làm cho tim tôi chạy."
Hô hấp,"Tôi bị cảm thấy lạnh và mệt mỏi, và dường như tôi không thể lật đổ ho này, ngực tôi đau khi ho, và tim tôi cảm thấy như nó đang chạy một triệu dặm một giờ."
Hô hấp,"Tôi cảm thấy lạnh, cảm thấy mệt mỏi, và dường như tôi không thể thoát khỏi ho này. Khi ho, ngực tôi đau và trái tim tôi cảm thấy như thể nó đang đập một triệu dặm một giờ. Tôi ho lên một phlegm màu rỉ chóc xấu xí."
Hô hấp,"Tôi cảm thấy rất yếu và lạnh gần đây, và ho này không biến mất, đau ngực khi ho, và tim tôi đập, chất nhầy tôi đang đưa lên là màu nâu rỉ."
Hô hấp,"Tôi bị cảm giác lạnh và cảm thấy rất mệt mỏi, và ho này không thể biến mất, ngực tôi đau khi ho, và tim tôi đang đập, chất nhầy tôi đang đưa lên là màu nâu xấu xa."
Hô hấp,"Tôi cảm thấy lạnh, cảm thấy rất mệt mỏi, và ho của tôi không thể biến mất khi tôi ho, ngực tôi đau và tim tôi đập."
Hô hấp,"Tôi có sốt rất cao, và tôi có vấn đề thở. Tôi đổ mồ hôi rất nhiều và cảm thấy rất lạnh và mệt mỏi. Tim tôi đập rất nhanh, và tôi có một số vết bẩn nâu."
Hô hấp,"Tôi có vấn đề về hô hấp và sốt rất cao, tôi đổ mồ hôi rất nhiều, cảm thấy mệt mỏi và lạnh, tim tôi đang đập và tôi ho lên một số chất nhầy màu nâu."
Hô hấp,"Tôi có nhiệt độ rất cao, và tôi khó thở. Tôi đổ mồ hôi rất nhiều, và tôi run rẩy vì cảm lạnh. Tôi thực sự mệt mỏi, và tim tôi đập rất nhanh. Tôi cũng có một số phlegm màu nâu đang xuất hiện."
Hô hấp,"Tôi đang khó thở, và sốt rất cao, tôi đổ mồ hôi và run rẩy vì lạnh, tim tôi đập nhanh, tôi khá mệt mỏi, và tôi sắp bị nhốm nâu."
Hô hấp,"Bệnh sốt cao, khó thở, đổ mồ hôi, cảm thấy lạnh và mệt mỏi, tim đập rất nhanh, và có một số vết nứt màu nâu."
Hô hấp,"Tôi có sốt rất cao, và tôi có vấn đề về hô hấp. Tim tôi đang đập nhanh, tôi đổ mồ hôi rất nhiều, và tôi cảm thấy lạnh và mệt mỏi. Tôi cũng sắp ho ra một số phlegm màu nâu."
Hô hấp,"Tôi cảm thấy rất đau đớn vì sốt cao, khó thở, đổ mồ hôi, chấn thương và mệt mỏi cực kỳ."
Hô hấp,"Với nhiệt độ cao, khó thở, đổ mồ hôi, chấn thương và mệt mỏi nặng, tôi cảm thấy khá tệ. Tôi ho nhiều mực nâu và nhịp tim của tôi tăng nhanh."
Hô hấp,"Tôi đang rất khó thở và đổ mồ hôi, tôi cảm thấy rất đau và có nhiều chất nhầy trong cổ họng, ngực đau và tim tôi đang vội vàng, chất nhầy tôi ho đen và trông giống như bụi."
Hô hấp,"Tôi đổ mồ hôi rất nhiều và khó thở, tôi cảm thấy khá đau, và cổ họng tôi rất nhầy nhầy, tim tôi đập, ngực tôi đau, tôi ho nhầy nhầy nhầy nhầy giống như bụi."
Hô hấp,"Tôi rất khó thở và rất khó chịu, cảm thấy không khỏe, đổ mồ hôi, ngực đau, cổ họng nhầy quá, tim tôi đang đập và màu nhầy tôi ho lại đã biến mất."
Hô hấp,"Tôi không có đủ không khí và đổ mồ hôi nhiều, tôi không cảm thấy tốt, và có nhiều phlegm trong cổ họng, ngực đau và tim tôi đang vội vàng, chất nhầy tôi ho lên có màu đỏ."
Hô hấp,"Tôi đổ mồ hôi quá nhiều và dường như không thở đủ, cổ họng đầy chất nhầy, tôi không cảm thấy tốt, tim đập, ngực đau, tôi ho với chất nhầy màu đỏ."
Hô hấp,"Tôi không thể thở được, ngơ quá nhiều, cảm thấy rất đau, có nhiều vết nhăn trong cổ họng, ngực đau và tim nhịp nhịp, chất nhầy tôi ho lên màu vàng."
Hô hấp,"Tôi đang đổ đổ đổ đổ đổ và dường như không thể thở được, cổ họng tôi đầy rộp, tôi cảm thấy tệ hại, tim tôi đập, ngực tôi đau, tôi ho với chất rỉ nâu."
Hô hấp,"Tôi khó thở và cảm thấy không thoải mái, tôi đổ mồ hôi nhiều, và có nhiều vết nhăn trong cổ họng, ngực đau và tim đập nhanh, chất nhầy tôi ho hâu."
Hô hấp,"Tôi đang khó thở và khá khó chịu, cổ họng tôi đầy rộp, và tôi đổ mồ hôi rất nhiều, tim tôi đang đập, ngực tôi đau, tôi ho lên vùi đỏ."
Hô hấp,"Tôi không thể thở được, tôi đổ mồ hôi nhiều, tôi cảm thấy rất đau, tôi bị nhồi nhói trong cổ họng, ngực đau và tim tôi đang vội vàng, chất nhầy tôi ho là nâu và sơn."
Hô hấp,"Tôi đang đổ đổ đổ đổ đổ và dường như không thể thở được, cổ họng tôi đầy rộp, tôi cảm thấy tệ hại, tim tôi đập, ngực tôi đau, tôi ho lên một chất rỉ nâu."
Hô hấp,"Tôi bị đổ mồ hôi và khó thở, tôi không cảm thấy tốt, có nhiều chất nhầy trong cổ họng, ngực đau, tim tôi đang đập, tôi ho lên chất nhầy màu đỏ."
Hô hấp,"Tôi cảm thấy rất tệ, với nhiệt độ cao, khó thở, đổ mồ hôi, chấn thương và mệt mỏi cực kỳ. Tim tôi đập, và tôi bị ho nhiều mờ màu nâu."
Hô hấp,"Tôi có sốt rất cao, và tôi có vấn đề về hô hấp. Tim tôi đang đập nhanh, tôi đổ mồ hôi rất nhiều, và tôi cảm thấy lạnh và mệt mỏi. Tôi cũng sắp ho ra một số phlegm màu nâu."
Hô hấp,"Tôi có sốt rất cao, khó thở, mồ hôi và run rẩy vì cảm lạnh, mệt mỏi, tim đang vội vàng, tôi cũng mong đợi một số phlegm màu nâu."
Hô hấp,"Tôi bị cảm thấy lạnh, mệt mỏi, và dường như không thể tránh được ho này, ngực đau và tim tôi cảm thấy như là đang chạy với tốc độ hàng triệu dặm một giờ khi tôi ho. Tôi ho ra một phlegm hôi hôi."
Hô hấp,"Tôi khó thở và cảm thấy không thoải mái, tôi đổ mồ hôi nhiều, và có nhiều vết nhăn trong cổ họng, ngực đau và tim đập nhanh, chất nhầy tôi ho hâu."
Hô hấp,"Tôi đang khó thở và cảm thấy khó chịu, đổ mồ hôi rất nhiều, có nhiều chất nhầy trong cổ họng, ngực đau, tim nhịp, ho đen nhầy."
Hô hấp,"Tôi bị sốt cao và dường như không thể thở được. Tôi đổ mồ hôi rất nhiều và thường cảm thấy bệnh tật và yếu đuối. Tôi cũng bị nhăn nhăn khá dày và đen. Vú đau, và tim tôi đang đập nhanh."
Hô hấp,"Gần đây tôi bị chớp lạnh, mệt mỏi, ho, sốt cao, khó thở, đổ mồ hôi nhiều, cảm thấy rất yếu và bị bệnh, cũng có một số vết nhăn rất dày và tối."
Hô hấp,"Gần đây tôi bị chớp lạnh, ngất ngáy, ho, nhiệt độ cao, khó thở, đổ mồ hôi và thường cảm thấy ốm và yếu đuối, cũng có một vết nhầy đen dày."
Hô hấp,"Gần đây tôi bị chớp lạnh, mệt mỏi, ho, sốt cao, khó thở, đổ mồ hôi nhiều, cảm thấy rất yếu và bị bệnh, cũng có một số vết nhăn rất dày và tối."
Hô hấp,"Gần đây tôi bị chớp lạnh, ngất ngáy, ho, nhiệt độ cao, khó thở, đổ mồ hôi và thường cảm thấy ốm và yếu, cũng có một vết nhăn khá dày và đỏ."
Hô hấp,"Tôi đã bị cảm lạnh, ngất ngà, ho, nhiệt độ cao, khó thở gần đây. Tôi đổ mồ hôi rất nhiều và thường cảm thấy bệnh tật và yếu đuối. Tôi cũng bị một số phlegm khá dày và đen."
Hô hấp,"Gần đây tôi có rất nhiều vấn đề về hô hấp, cùng với cảm lạnh, mệt mỏi, ho và nhiệt độ cao. Tôi đổ mồ hôi rất nhiều và thường cảm thấy đau và yếu. Vú đau, tim tôi đang đập nhanh."
Hô hấp,"Gần đây tôi bị cảm giác lạnh, mệt mỏi và ho, đổ mồ hôi rất nhiều, cảm thấy không khỏe và yếu, cũng bị vú đen dày, ngực đau, tim đập."
Hô hấp,"Tôi có nhiệt độ và dường như không thể thở được, tôi đổ mồ hôi rất nhiều, cảm thấy không khỏe và yếu, cũng có một số vết nhăn đen dày, tim tôi đập điên cuồng, ngực tôi đau."
Hô hấp,"Tôi bị đổ mồ hôi và dường như không thể thở được, cổ họng bị tắc nghẽn bởi chất nhầy, và tôi đau khổ, tim tôi đang đập và ngực tôi đau, tôi ho lên một chất nhầy râu."
Hô hấp,"Tôi ngọt mồ hôi và khó thở, cổ họng bị tắc nghẽn bởi chất nhầy, tôi không thoải mái, tim tôi đang đập, ngực tôi đau, tôi ho lên một chất nhầy rơm đen."
Hô hấp,"Tôi có rất nhiều vấn đề về hô hấp, tôi không cảm thấy tốt, và tôi đổ mồ hôi rất nhiều, tôi có nhiều chất rác trong cổ họng và ngực đau, tôi thở khó khăn, và phlegm tôi ho lên có một màu sắc kỳ lạ."
Hô hấp,"Tôi rất khó thở, không cảm thấy tốt, mồ hôi rất nhiều, ngực đau, và có nhiều chất nhầy trong cổ họng, tôi khó thở, và phlegm tôi ho lại có một sắc thái kỳ lạ."
Hô hấp,"Tôi ho nhiều và cảm thấy lạnh và mệt mỏi, tôi có sốt khá cao, và khó thở, tôi đổ mồ hôi nhiều, và thường cảm thấy yếu và bệnh, tôi có một vết nhăn đen dày."
Hô hấp,"Gần đây tôi bị cảm lạnh, kiệt sức, ho, nhiệt độ cao, khó thở, đổ mồ hôi nhiều, thường cảm thấy yếu và bệnh tật, có một vết nhăn khá dày và đen, tim tôi đang đập nhanh."
Ngoại khoa,"Gỗn, khó chịu khi ruột di chuyển, và đau hậu môn đều làm tôi khó chịu gần đây."
Ngoại khoa,"Gần đây tôi bị tắc nghẽn, đau khi đi tiểu, đau ở hậu môn, phân cũng rất máu và hậu môn rất kích thích."
Ngoại khoa,"Gần đây, tôi gặp rất nhiều khó khăn khi đi vệ sinh. Tôi có những chuyển động ruột cực kỳ khó chịu và khó có thể có. Phong của tôi khá bị viêm, và phân của tôi cực kỳ chảy máu."
Ngoại khoa,"Tôi đã gặp nhiều khó khăn khi đi vệ sinh gần đây, thật đau khi tôi đi, và có một chút máu trong phân tôi cũng có một chút đau và kích thích xung quanh hậu môn của tôi."
Ngoại khoa,"Gần đây, tôi gặp rất nhiều khó khăn khi đi vệ sinh. Khi tôi đi vệ sinh, nó rất đau, và tôi nhận thấy một số máu trong phân. quanh hậu môn, tôi cũng có một số khó chịu và ngứa."
Ngoại khoa,"Gần đây tôi bị ngắt lưng và thật đau khi đi vệ sinh, tôi cũng nhận thấy máu trong phân và hậu môn bị kích thích."
Ngoại khoa,"Tôi bị ngứa nặng gần đây, và mỗi khi tôi đi vệ sinh, nó rất đau. Ngoài ra, hậu môn của tôi rất ngứa, và tôi đã quan sát thấy một số máu trong phân."
Ngoại khoa,"Tôi đã gặp nhiều khó khăn khi đi vệ sinh gần đây, và nó thật sự đau đớn. Tôi cũng nhận thấy rằng phân của tôi đã bị máu và hậu môn của tôi đã rất kích thích."
Ngoại khoa,"Gần đây, tôi gặp nhiều khó khăn và khó khăn khi đi vệ sinh, và tôi cũng nhận thấy hậu môn của tôi bị đau và phân máu."
Ngoại khoa,"Tôi bị ngắt đầu rất nhiều gần đây, và khi đi vệ sinh, nó rất đau. Ngoài ra, hậu môn của tôi rất ngứa, và tôi đã quan sát thấy một số máu trong phân."
Ngoại khoa,"Tôi bị ngắt đầu gần đây, và đi vệ sinh thật khó chịu, tôi cũng thấy máu trong phân, và hậu môn của tôi bị nặng hơn."
Ngoại khoa,"Tôi đã có rất nhiều rắc rối khi đi vệ sinh gần đây, thật đau đớn và tôi đã trải qua đau ở hậu môn, phân của tôi cũng bị máu và hậu môn của tôi rất kích thích."
Ngoại khoa,"Tôi đã có rất nhiều vấn đề khi sử dụng nhà vệ sinh gần đây, nó rất khó chịu, và tôi đã cảm thấy đau đớn trong hậu môn của tôi, phân của tôi cũng bị máu, và hậu môn của tôi đã bị viêm."
Ngoại khoa,"Tôi gần đây gặp khó khăn khi đi vệ sinh, khi tôi cố gắng đi, nó thật sự khó chịu, và hậu môn tôi rất đau. Tôi cũng có một chút máu trong phân, và hậu môn tôi đã rất khó chịu."
Ngoại khoa,Tôi đang có một thời gian rất khó khăn trong thời gian gần đây khi đi vệ sinh. Nó thực sự đau đớn khi tôi cố gắng đi và âm đạo của tôi rất đau.
Ngoại khoa,"Tôi gần đây gặp vấn đề khi đi vệ sinh. Tôi rất khó đi, và tôi đau khi đi. Tôi cũng bị đau đớn trong mông và phân chảy máu. Phong của tôi cũng khá ngứa và nhạy cảm."
Ngoại khoa,"Gần đây, tôi gặp vấn đề khi đi vệ sinh. Đi là rất khó khăn, và làm thế làm đau. Ngoài ra, tôi cũng bị đau đớn, và phân máu. Phong của tôi cũng khá ngứa và nặng hơn."
Ngoại khoa,"Tôi bị ngắt lưng và thật khó để đi vệ sinh khi tôi đi, tôi bị đau, phân của tôi bị máu, tôi cũng bị đau đớn trong mông và hậu môn của tôi rất ngứa và kích thích."
Ngoại khoa,"Kể từ khi bị ngắt lưng, việc đi vệ sinh là một thách thức khá lớn. Khi tôi đi, nó đau và tôi bị chảy máu trong phân."
Ngoại khoa,"Tôi bị ngắt lưng và thật khó để đi vệ sinh khi tôi đi, tôi bị đau, phân của tôi bị máu, tôi cũng bị đau đớn trong mông và hậu môn của tôi rất ngứa và kích thích."
Ngoại khoa,"Kể từ khi bị ngắt lưng, việc đi vệ sinh là một thách thức khá lớn. Khi tôi đi, nó đau và tôi bị chảy máu trong phân."
Ngoại khoa,"Tôi bị ngắt lưng và thật khó để đi vệ sinh khi tôi đi, tôi bị đau, phân của tôi bị máu, tôi cũng bị đau đớn trong mông và hậu môn của tôi rất ngứa và kích thích."
Ngoại khoa,"Chứng nghẹt khiến tôi rất khó đi vệ sinh, phân của tôi bị chảy máu khi đi, và nó đau. Ngoài ra, hậu môn của tôi khá ngứa và bị viêm, và tôi đã trải qua một số đau đớn."
Ngoại khoa,"Tôi rất khó khăn khi đi vệ sinh, và khi tôi đi vệ sinh, nó rất đau, phân của tôi bị chảy máu, mông tôi bị đau, hậu môn của tôi cũng bị ngứa và nặng hơn."
Ngoại khoa,Tôi gặp rất nhiều khó khăn khi đi vệ sinh và thật đau khi tôi đi. Thủy phân của tôi bị máu và tôi bị đau đớn trong mông.
Ngoại khoa,"Tôi gặp khó khăn khi đi vệ sinh, thật khó để đi và đau khi đi, hậu môn tôi rất đau và chảy máu khi đi, thật đau và thật khó chịu."
Ngoại khoa,"Tôi thấy việc đi vệ sinh là một thách thức. Đi vệ sinh là một thách thức khá khó khăn, và nó đau khi tôi đi. Khi tôi đi, hậu môn của tôi chảy máu và thật sự không thoải mái. Tôi rất khó chịu và nó đau rất nặng."
Ngoại khoa,"Tôi gặp khó khăn khi đi vệ sinh, khó đi và đau khi đi, hậu môn của tôi rất đau, và nó chảy máu mỗi khi đi, thật đau đớn và tôi khá khó chịu."
Ngoại khoa,"Gần đây tôi bị tắc nghẽn và đau khi đi tiểu, hậu môn tôi rất đau, và chảy máu khi đi, thật đau và tôi rất khó chịu."
Ngoại khoa,"Tôi gần đây bị tắc nghẽn và khó tiêu hóa, hậu môn của tôi rất đau, và nó chảy máu bất cứ khi nào tôi đi. Nó đau đớn vô cùng, và tôi khá khó chịu."
Ngoại khoa,"Chứng nghẹt và đau với các chuyển động ruột đã làm tôi phiền gần đây. Khi tôi đi, âm đạo tôi chảy máu và thật sự không thoải mái. Tôi có rất nhiều khó chịu và nó đau cực kỳ nặng."
Ngoại khoa,"Tôi đang gặp nhiều vấn đề với việc đi đường ruột gần đây, khó khăn và đau khi đi, hậu môn rất đau và chảy máu khi đi, thật đau và thật khó chịu."
Ngoại khoa,"Giao dịch ruột của tôi gần đây rất khó khăn cho tôi. Đi là khó khăn, và nó đau khi tôi đi. Khi tôi đi, âm đạo của tôi chảy máu và thực sự không thoải mái. Tôi có rất nhiều khó chịu và nó đau cực kỳ nặng."
Ngoại khoa,"Tôi đã trải qua rất nhiều vấn đề về chuyển động ruột gần đây. Thật khó để đi, và nó đau khi tôi đi. Phong của tôi khá đau, và nó chảy máu bất cứ khi nào tôi đi. Nó đau đớn vô cùng, và tôi khá khó chịu."
Ngoại khoa,"Tôi đang gặp nhiều vấn đề với việc đi đường ruột gần đây, khó khăn và đau khi tôi đi, hậu môn tôi rất đau và chảy máu khi tôi đi, thật đau và thật khó chịu."
Ngoại khoa,"Tôi đã gặp nhiều vấn đề với các chuyển động ruột gần đây. Tôi khó đi, và nó đau khi tôi đi. Phong của tôi khá đau, và nó chảy máu bất cứ khi nào tôi đi. Nó đau đớn vô cùng, và tôi khá khó chịu."
Ngoại khoa,"Khi tôi đi, âm đạo tôi chảy máu và thật sự không thoải mái. Tôi rất khó chịu và nó đau rất nặng."
Ngoại khoa,"Gần đây tôi bị tắc nghẽn và đau khi đi tiểu, hậu môn tôi rất đau, và chảy máu khi đi, thật đau và tôi rất khó chịu."
Ngoại khoa,"Tôi đã bị tắc nghẽn và bị đau ruột gần đây khi tôi đi, hậu môn chảy máu và thật sự không thoải mái. Tôi rất khó chịu và nó đau rất nặng."
Ngoại khoa,"Tôi gần đây bị tắc nghẽn và khó tiêu hóa, hậu môn của tôi rất đau, và nó chảy máu bất cứ khi nào tôi đi. Nó đau đớn vô cùng, và tôi khá khó chịu."
Ngoại khoa,"Tôi đã trải qua rất nhiều vấn đề về chuyển động ruột gần đây. Thật khó để đi, và nó đau khi tôi đi. Phong của tôi khá đau, và nó chảy máu bất cứ khi nào tôi đi. Nó đau đớn vô cùng, và tôi khá khó chịu."
Ngoại khoa,"Tôi đang gặp nhiều vấn đề với việc đi đường ruột gần đây, khó khăn và đau khi tôi đi, hậu môn tôi rất đau và chảy máu khi tôi đi, thật đau và thật khó chịu."
Ngoại khoa,"Giao dịch ruột của tôi gần đây rất khó khăn cho tôi. Đi là khó khăn, và nó đau khi tôi đi. Khi tôi đi, âm đạo của tôi chảy máu và thực sự không thoải mái. Tôi có rất nhiều khó chịu và nó đau cực kỳ nặng."
Ngoại khoa,"Tôi đã gặp nhiều vấn đề với các chuyển động ruột gần đây. Tôi khó đi, và nó đau khi tôi đi. Phong của tôi khá đau, và nó chảy máu bất cứ khi nào tôi đi. Nó đau đớn vô cùng, và tôi khá khó chịu."
Ngoại khoa,"Tôi đã trải qua rất nhiều vấn đề về chuyển động ruột gần đây. Thật khó để đi, và nó đau khi tôi đi. Phong của tôi khá đau, và nó chảy máu bất cứ khi nào tôi đi. Nó thực sự đau và tôi thực sự không thoải mái."
Ngoại khoa,"Tôi gần đây bị nhiều vấn đề ruột. Tôi khó đi, và tôi đau khi đi. Phong của tôi khá đau, và nó chảy máu mỗi khi đi. Nó đau đớn vô cùng, và tôi khá khó chịu."
Ngoại khoa,Tôi đang có một thời gian rất khó khăn trong thời gian gần đây khi đi vệ sinh. Nó thực sự đau đớn và tôi chỉ có thể đi mỗi vài ngày. Cũng có rất nhiều đau ở hậu môn và xung quanh khu vực đó. Bàn phân của tôi đã rất máu và hậu môn tôi cảm thấy rất kích thích.
Ngoại khoa,"Tôi gần đây thấy vô cùng khó khăn khi đi vệ sinh. Tôi chỉ có thể đi một cách lẻ tẻ vì nó rất đau. Phong tai và vùng xung quanh cũng khá đau. Phong tai của tôi cảm thấy rất nặng, và phân của tôi đã bị máu cực kỳ."
Ngoại khoa,Tôi đang gặp nhiều khó khăn với constipation và đau khi cố gắng đi vệ sinh nó rất đau ở hậu môn và khu vực xung quanh nó tôi có phân máu và hậu môn của tôi rất kích thích
Ngoại khoa,"Gỗn và khó chịu trong quá trình di động ruột gần đây là điều rất phổ biến đối với tôi. Khu vực xung quanh hậu môn của tôi và tôi đều đau rất nhiều. hậu môn của tôi rất ngứa, và phân của tôi đã bị máu."
Cơ xương khớp,"Các cơ bắp của tôi cảm thấy rất yếu, và cổ tôi rất chặt. Tôi đã trải qua rất nhiều sự cứng khi đi bộ và khớp của tôi bị sưng. Đi bộ cũng rất khó chịu."
Cơ xương khớp,"Tôi cảm thấy cơ bắp rất yếu, cổ tôi rất cứng, khớp của tôi bị sưng và tôi bị cứng khi di chuyển, cũng rất đau khi đi bộ."
Cơ xương khớp,"Các cơ bắp của tôi khá yếu, cổ tôi rất cứng, khớp của tôi bị sưng và tôi cảm thấy rất cứng khi di chuyển. Đi bộ cũng rất khó chịu."
Cơ xương khớp,"Tôi cảm thấy cơ bắp rất yếu, cổ tôi rất cứng, khớp của tôi bị sưng và khó di chuyển, đi bộ thật đau đớn."
Cơ xương khớp,"Các cơ bắp của tôi rất yếu, cổ tôi cực kỳ cứng, khớp của tôi bị sưng, khiến tôi khó di chuyển, đi bộ rất khó chịu."
Cơ xương khớp,"Tôi bị suy yếu cơ bắp nặng, cổ tôi rất cứng, khó di chuyển vì khớp của tôi bị sưng, và đi bộ thật khó chịu."
Cơ xương khớp,"Các cơ bắp của tôi rất yếu, cổ tôi rất chặt, khớp của tôi bị sưng khiến tôi khó di chuyển, đi bộ rất đau."
Cơ xương khớp,"Tôi bị căng thẳng và cơ bắp quá yếu, tôi có vấn đề di chuyển vì khớp đã tăng, đi bộ rất đau đớn."
Cơ xương khớp,"Tôi bị cổ cứng và cơ bắp yếu quá đáng, do sưng khớp, tôi không thể di chuyển được."
Cơ xương khớp,Tôi cảm thấy cơ bắp của tôi rất yếu gần đây và cổ tôi rất cứng khớp của tôi đã bị sưng khớp và tôi khó di chuyển mà không cảm thấy cứng. Đi bộ cũng rất đau.
Cơ xương khớp,"Gần đây, cơ bắp của tôi khá yếu, cổ tôi rất chặt, khớp bị sưng và khó di chuyển mà không bị cứng, cũng không thoải mái khi đi bộ."
Cơ xương khớp,"Gần đây tôi bị đau cơ bắp và cứng cổ, khớp của tôi bị sưng, khiến tôi khó đi bộ mà không bị cứng, và đi bộ cũng không thoải mái."
Cơ xương khớp,"Gần đây, tôi bị yếu cơ cổ và cứng, khớp của tôi đã tăng và tôi khó đi bộ mà không bị cứng, và đi bộ cũng không thoải mái."
Cơ xương khớp,"Gần đây, cổ tôi bị chặt chẽ và cơ bắp yếu dần, khớp bị sưng khiến tôi khó di chuyển mà không bị cứng, cũng đau đớn khi đi bộ."
Cơ xương khớp,"Tôi cảm thấy cơ bắp rất yếu, cổ tôi rất cứng, khớp của tôi bị sưng và tôi khó di chuyển mà không bị cứng."
Cơ xương khớp,"Các cơ bắp của tôi rất yếu, cổ tôi rất chặt, khớp bị sưng và khó di chuyển mà không bị cứng, cũng không thoải mái khi đi bộ."
Cơ xương khớp,"Các cơ bắp của tôi khá yếu, cổ tôi rất cứng, khớp của tôi bị sưng, khiến tôi khó đi bộ mà không bị cứng."
Cơ xương khớp,"Các cơ bắp của tôi rất yếu, cổ tôi rất cứng, khớp của tôi bị sưng, khiến tôi khó đi bộ mà không bị cứng."
Cơ xương khớp,"Các cơ bắp của tôi khá yếu, cổ tôi rất cứng, khớp của tôi bị sưng, khiến tôi khó di chuyển mà không cứng, và đi bộ cũng khá khó chịu."
Cơ xương khớp,"Tôi bị cổ rất chặt, cơ bắp khá yếu, khớp bị sưng khiến tôi khó di chuyển mà không bị cứng, và đi bộ cũng khá khó chịu."
Cơ xương khớp,"Tôi cảm thấy cơ bắp rất yếu, cổ tôi rất cứng, khớp của tôi bị sưng và tôi khó di chuyển mà không bị cứng."
Cơ xương khớp,"Các cơ bắp của tôi rất yếu, cổ tôi rất chặt, khớp bị sưng và khó di chuyển mà không bị cứng, cũng không thoải mái khi đi bộ."
Cơ xương khớp,Tôi bị cổ cực kỳ chặt và cơ bắp cực kỳ yếu. Tôi khó di chuyển mà không bị cứng vì khớp bị sưng.
Cơ xương khớp,"Tôi bị cứng cổ và cơ bắp quá yếu, vì bị sưng khớp, tôi khó di chuyển mà không bị cứng, và đi bộ cũng rất khó chịu."
Cơ xương khớp,"Gần đây, tôi bị cứng và yếu cơ bắp cổ. Vì các khớp của tôi đã phát triển, tôi khó có thể đi bộ mà không bị cứng."
Cơ xương khớp,"Tôi bị cổ cực kỳ chặt và cơ bắp cực kỳ yếu, khớp bị sưng và tôi đi bộ với sự cứng rắn."
Cơ xương khớp,"Gần đây, tôi bị cứng và yếu cơ bắp cổ. Vì các khớp của tôi đã phát triển, tôi khó có thể đi bộ mà không bị cứng."
Cơ xương khớp,"Tôi cảm thấy cơ bắp rất yếu, cổ tôi rất cứng, khớp của tôi bị sưng và tôi khó di chuyển mà không bị cứng."
Cơ xương khớp,"Các cơ bắp của tôi khá yếu, cổ tôi rất cứng, khớp của tôi bị sưng, khiến tôi khó đi bộ mà không bị cứng."
Cơ xương khớp,"Tôi bị suy yếu cơ bắp nặng, cổ tôi rất cứng, khớp bị sưng và khó di chuyển mà không cứng, cũng rất khó chịu khi đi bộ."
Cơ xương khớp,Tôi cảm thấy cơ bắp của tôi rất yếu gần đây và cổ tôi rất cứng khớp của tôi bị sưng và tôi khó di chuyển.
Cơ xương khớp,Tôi gần đây cảm thấy cơ bắp thật sự yếu đuối và cổ tôi thật sự vững chắc. Khớp bị sưng làm cho tôi khó di chuyển.
Cơ xương khớp,"Gần đây, cơ bắp của tôi khá yếu, cổ tôi rất chặt, khớp bị sưng khiến tôi khó di chuyển, và đi bộ cũng rất đau đớn."
Cơ xương khớp,"Gần đây tôi bị cơ bắp yếu và cứng cổ, khớp của tôi đã lớn lên khiến tôi khó di chuyển, và đi bộ cũng khó khăn."
Cơ xương khớp,"Gần đây, tôi cảm thấy cơ bắp thật sự yếu đuối và cổ tôi thật sự vững chắc. Tôi rất khó di chuyển vì khớp của tôi bị sưng."
Cơ xương khớp,"Gần đây cơ bắp của tôi cảm thấy yếu đuối, nhưng cổ tôi đã trở nên cứng rắn, khớp của tôi bị sưng, khiến tôi khó di chuyển, và đi bộ cũng khá khó chịu."
Cơ xương khớp,"Gần đây cơ bắp của tôi khá yếu, nhưng cổ tôi thật sự mạnh mẽ. Khớp của tôi bị sưng, khiến tôi khó di chuyển."
Cơ xương khớp,Tôi bị cổ cực kỳ chặt và cơ bắp khá yếu gần đây. Tôi khó di chuyển mà không bị cứng vì khớp bị sưng.
Cơ xương khớp,"Tôi đã trải qua sự cứng và yếu đuối trong cơ cổ gần đây. vì các khớp của tôi đã lớn lên, nó nặng cho Pine Tree State để chạy trong khi không bị cứng."
Cơ xương khớp,"Tôi gần đây đã trải qua sự yếu cơ và cứng cổ. Khớp của tôi đã sưng, khiến cho tôi khó chạy trong khi không thay đổi thành cứng. Đi bộ cũng gây khó chịu."
Cơ xương khớp,"Các cơ bắp của tôi khá yếu, cổ tôi rất cứng, khớp của tôi bị sưng, khiến cho tôi khó lái trong khi không cảm thấy cứng."
Cơ xương khớp,"Các cơ bắp của tôi khá yếu, và cổ tôi đã cứng quá đáng."
Cơ xương khớp,"Tôi đã trải qua sự cứng và yếu đuối trong cơ cổ gần đây. Vì các khớp của tôi đã lớn lên, nó là mệt mỏi cho tôi để chạy mà không bị cứng."
Cơ xương khớp,Vòng tôi rất chặt và cơ bắp của tôi cảm thấy khá yếu gần đây. nó là khó khăn cho tôi để di chuyển xung quanh trong khi không biến thành cứng nhờ vào khớp của tôi sưng.
Cơ xương khớp,"Gần đây, khi cố gắng đi bộ, tôi bị cứng cổ, khớp sưng và cơ bắp yếu."
Cơ xương khớp,"Gần đây tôi đã trải qua sự yếu cơ bắp, cổ cứng, khớp sưng và cứng sau khi cố gắng di chuyển."
Cơ xương khớp,"Gần đây, cơ bắp cổ tôi đã trở nên chặt chẽ và yếu đuối. Bây giờ tôi khó chạy vì các khớp của tôi đã già hơn mà không bị chặt chẽ."
Cơ xương khớp,"Tôi đã trải qua sự cứng và yếu đuối trong cơ cổ gần đây. vì các khớp của tôi đã lớn lên, nó nặng cho tiểu bang Mỹ để chạy trong khi không cứng."
Cơ xương khớp,"Gần đây, cơ bắp cổ tôi đã trở nên chặt chẽ và yếu đuối. Vì các khớp của tôi đã trưởng thành, chính phủ Mỹ khó khăn cho tôi chạy mà không bị cứng."
Cơ xương khớp,"Gần đây, tôi bị cứng và yếu cơ bắp cổ, vì các khớp của tôi đã trưởng thành, điều này khiến cho người Mỹ khó hoạt động mà không bị cứng."
Da liễu,Tôi đã có một phát ban rất tồi tệ trên da của tôi gần đây. nó đầy bụi và điểm đen đầy bụi. da của tôi cũng đã bị nôn rất nhiều.
Da liễu,"Tôi vừa phát triển một vết phơi lột nghiêm trọng trên da, nó bị tắc nghẽn bởi mụn và mực đen."
Da liễu,"Da tôi bị phát ban rất nặng, có nhiều mụn và mụn đầy đậu, và da tôi bị nhăn rất nhiều."
Da liễu,"Gần đây tôi bị phát ban da nặng, có những vết nứt và mụn có dung ở khắp mọi nơi, và da tôi bị nứt rất nhiều."
Da liễu,"Tôi gần đây bị phát ban rất không lành mạnh trên da, nó đầy mụn và mực đen, da tôi cũng bị nôn mỏi."
Da liễu,"Da tôi vừa bị phát ban xấu xa, đầy mụn và mầm mầm, da tôi cũng rất nhạy cảm."
Da liễu,"Tôi vừa bị phát ban xấu xa, có những điểm đen và mụn đầy dung ở khắp mọi nơi, và da tôi rất nhạy cảm."
Da liễu,"Gần đây tôi bị phát ban da nặng, bị ngập bởi mụn và mụn đống, và da tôi bị kích thích."
Da liễu,"Lũ của tôi gần đây đã bị rách rách nặng, bị bị ngắt bởi mụn và mụn đầy đậu."
Da liễu,Gần đây tôi bị phát ban da với nhiều mụn và mực đen.
Da liễu,"Gần đây, tôi bị phát ban da với nhiều mụn và mụn đống nấm và bị rối loạn, và da tôi cũng bị nôn rất nhiều."
Da liễu,"Da tôi đã phát triển một phơi nhiễm kinh hoàng, có mụn đầy đậu và điểm đen khắp nơi, da tôi cũng rất nhạy cảm."
Da liễu,Da tôi bị phát triển một phơi nhiễm kinh khủng. Có những điểm đen và mụn đầy đùi khắp nơi.
Da liễu,"Tôi vừa bị phát ban xấu xa, có những điểm đen và mụn đầy dung ở khắp mọi nơi, và da tôi rất nhạy cảm."
Da liễu,Da tôi chỉ đơn giản là không thừa kế một phát ban xấu xí nó chứa đầy mụn và điểm đen đầy dung nhựa da tôi cũng rất nhạy cảm
Da liễu,"Da tôi bị phát triển một phơi nhiễm khủng khiếp không thừa kế, có nhiều điểm đen và nhồi đầy đậu, và da tôi rất nhạy cảm."
Da liễu,"Gần đây, tôi đã trải qua rất nhiều cơn mụn trứng cá với mụn có chứa dung, và tôi cũng đang phải vật lộn với các điểm đen."
Da liễu,Tôi thức dậy sáng nay và thấy rằng tôi có một vết phơi rất khó chịu trên toàn da. Có rất nhiều điểm đen và mụn đầy dung. Da tôi cũng rất vội vàng.
Da liễu,Tôi nhận thấy một vết phơi lột rất khó chịu trên da của tôi gần đây. Nó được phủ đầy nét đen và mụn có chứa dung. da của tôi cũng rất vội vàng.
Da liễu,Tôi vừa phát triển một vết phơi lột rất khó chịu trên da tôi có rất nhiều điểm đen và mụn đầy dung. da tôi cũng rất vội vàng.
Da liễu,Tôi đang phải đối phó với một sự phát ban rất khó chịu trên da của tôi gần đây. nó được phủ trong điểm đen và mụn có chứa đầy dung. da của tôi cũng đã rất vội vã.
Da liễu,Tôi thức dậy sáng nay và thấy một vết phơi máu rất khó chịu trên da tôi có rất nhiều điểm đen và mụn đầy dung. da tôi cũng rất vội vàng.
Da liễu,Tôi đang phải vật lộn với một vết phơi lột rất khó chịu trên da của tôi gần đây. Nó được phủ đầy nét đen và mụn có chứa đầy dung. da của tôi cũng rất vội vã.
Da liễu,Tôi vừa phát triển một vết phơi lột rất khó chịu trên da tôi có rất nhiều điểm đen và mụn đầy dung. da tôi cũng rất vội vàng.
Da liễu,Tôi đang phải đối phó với một sự phát ban rất khó chịu trên da của tôi gần đây. nó được phủ trong điểm đen và mụn có chứa đầy dung. da của tôi cũng đã rất vội vã.
Da liễu,Gần đây tôi bị phát triển một vết phơi máu khủng khiếp trên da. Nó tràn ngập các điểm đen và mụn đầy dung. Da tôi cũng đang vội vã khắp nơi.
Da liễu,"Gần đây tôi bị phát ban kinh khủng trên da, có nhiều điểm đen và mụn đầy đùi. Da tôi cũng di chuyển rất nhiều."
Da liễu,"Sáng nay khi thức dậy, tôi phát hiện ra rằng tôi bị phát ban cực kỳ nặng trên toàn cơ thể. Có một số mụn đầy đậu và điểm đen xung quanh. da tôi cũng đã di chuyển rất nhiều."
Da liễu,Tôi thức dậy sáng nay để thấy rằng tôi có một phấn phát kinh khủng trên toàn da tôi có một số điểm đen và mụn đầy dung. da tôi cũng đã chạy xung quanh.
Da liễu,Tôi vừa phát triển một phấn phát da với một số mụn đầy đùi và điểm đen.
Da liễu,"Gần đây, tôi bị phát ban da với nhiều mụn và mụn đống nấm và bị rối loạn, và da tôi cũng bị nôn rất nhiều."
Da liễu,Tôi thức dậy sáng nay và phát hiện ra rằng tôi bị phát ban kinh khủng trên toàn cơ thể. Tôi bị mụn và mụn đầy đậu khắp nơi.
Da liễu,"Khi thức dậy sáng nay, tôi nhận ra rằng tôi bị phát ban nghiêm trọng trên toàn cơ thể. Có rất nhiều mụn và mực đen khắp nơi. Da tôi cũng bị nôn rất nhiều."
Da liễu,Gần đây tôi bị phát triển một vết phơi máu khủng khiếp trên da. Nó tràn ngập các điểm đen và mụn đầy dung. Da tôi cũng đang vội vã.
Da liễu,Tôi thức dậy sáng nay để thấy một vết phơi máu kinh khủng trên da tôi có nhiều điểm đen và mụn đầy dung. da tôi cũng đang vội vã.
Da liễu,"Sáng nay khi thức dậy, tôi phát hiện ra một phấn phát cực kỳ tồi trên da tôi. Có một số mụn đầy dung và điểm đen xung quanh. da tôi cũng đã di chuyển xung quanh rất nhiều."
Da liễu,Gần đây tôi đã phải đối phó với một cơn xuất phát ngứa trên da tôi có mụn đầy dung và điểm đen trên khắp nó da tôi cũng bị nôn rất nhiều
Da liễu,"Sáng nay, tôi nhận ra rằng tôi bị phát ban lớn trên toàn cơ thể. Có rất nhiều mụn đầy dung và điểm đen ở khắp mọi nơi, và da tôi đã bị rỉ rỉ rất nhiều."
Da liễu,"Hôm nay tôi thức dậy và thấy tôi bị phát ban lớn trên toàn cơ thể, có rất nhiều mụn đầy dung và điểm đen khắp nơi, và da tôi đã bị rỉ rỉ rất nhiều."
Da liễu,"Tôi thức dậy sáng nay để phát hiện ra rằng tôi có một phát ban lớn trên toàn bộ cơ thể tôi được bao phủ bởi mụn đầy dung và điểm đen, và da tôi đã chạy ra rất nhiều"
Da liễu,"Sáng nay, tôi thấy một vết phơi lớn trên toàn cơ thể, có nhiều mụn đầy dung và mờ đen trên mặt, và da tôi đã bị rỉ rỉ rất nhiều."
Da liễu,"Tôi phát hiện ra rằng tôi có một phát ban đáng kể trên toàn cơ thể sáng nay, các điểm đen và mụn đầy dung đang lan rộng, và da tôi đã bị rỉ rỉ rất nhiều."
Da liễu,"Hôm qua, tôi nhận thấy một sự phát ban lớn trên toàn da, có rất nhiều mụn và mờ đen trên mặt, và da tôi đã bị rỉ rỉ rất nhiều."
Da liễu,"Hôm qua tôi phát hiện ra một vết phơi rash lớn trên da tôi. khuôn mặt tôi bị phủ đầy nấm và mụn bột, và da tôi đã crawling rất nhiều."
Da liễu,"Da tôi bị phát ban kinh khủng, hoàn toàn không thể thừa hưởng, có nhiều điểm đen và mụn đầy đậu, ngoài ra da tôi khá nhạy cảm."
Da liễu,"Da tôi chỉ phát triển một phình phát ban không thừa kế, có nhiều mụn và mực đen đầy đùi, và da tôi khá nhạy cảm."
Da liễu,"Khi thức dậy sáng nay, tôi thấy một vết phơi lột nghiêm trọng trên da tôi có nhiều mụn đầy dung và điểm đen khắp nơi da tôi cũng đang chuyển động rất nhiều"
Da liễu,"Khi thức dậy sáng nay, tôi thấy làn da của tôi bị phát ban khủng khiếp, có những điểm đen và mụn đầy đậu khắp nơi, và làn da của tôi đã thay đổi rất nhiều."
Da liễu,"Gần đây tôi đã phải vật lộn với một cơn phơi trùng da rất kích thích, có những điểm đen và mụn đầy dung, và da tôi bị nôn rất nhiều."
Da liễu,"Gần đây tôi bị phát ban ngứa trên da, nó bị phủ đầy mụn và mờ đen, da tôi cũng khá nhạy cảm."
Hô hấp,"Tôi cảm thấy cực kỳ mệt mỏi và yếu đuối, và tôi cũng ho nhiều và khó thở. Bệnh sốt rất cao, và tôi sản xuất nhiều chất nhầy khi ho."
Hô hấp,"Tôi bị ho không thể biến mất, và tôi mệt mỏi, tôi đã ho và bột mạc dày và cơn sốt của tôi cũng khá cao."
Hô hấp,"Tôi bị ho liên tục và cảm thấy khá mệt mỏi, sốt của tôi đã vượt qua mái nhà, và tôi gặp khó khăn trong việc thở. Khi ho, tôi cũng ho nhiều chất rác."
Hô hấp,"Tôi bị kiệt sức, ho khô và thở, bị sốt cao và bị ho nhiều."
Hô hấp,"Tôi cảm thấy mệt mỏi và yếu đuối, và ho nặng, sốt cao, hơi thở nông, và khi ho, cũng có nhiều nước bọt xuất hiện."
Hô hấp,"Tôi bị buồn ngủ, ho không đi được, khó thở, ho nhiều nước bọt nhầy và bị sốt cao."
Hô hấp,"Bác sĩ, tôi bị sốt cao từ vài ngày qua, nước bọt cũng trở nên dày, ho khô, cũng có sự yếu kém."
Hô hấp,"Tôi bị ho kéo dài nhiều ngày, tôi cảm thấy rất yếu và mệt mỏi. Bệnh sốt cao, hơi thở căng thẳng. Khi ho, tôi cũng tạo ra nhiều chất rỉ."
Hô hấp,"Mẹ, bố, tôi cảm thấy rất mệt mỏi và yếu đuối gần đây, và tôi bị ho này không thể biến mất, tôi khó thở, và sốt của tôi rất cao. Khi ho, tôi đã sản xuất nhiều chất nhầy."
Hô hấp,"Mẹ, bố, mẹ cảm thấy rất mệt mỏi gần đây và bị ho kéo dài. Khí thở của tôi trở nên nông, và sốt của tôi rất cao. Tôi cũng bị ho nhiều, vùi mạc dày."
Hô hấp,"Gần đây, tôi cảm thấy khá yếu và mệt mỏi, và tôi cũng bị ho mà không thể biến mất. Bệnh sốt của tôi rất cao, và khó thở. Tôi đã làm rất nhiều chất rỉ khi ho."
Hô hấp,"Tôi cảm thấy rất yếu và mệt mỏi, và tôi cũng bị ho mà không thể biến mất. Bệnh sốt của tôi rất cao, và thật khó để bắt hơi thở. Tôi đã tạo ra rất nhiều chất rỉ khi ho."
Hô hấp,"Tôi cảm thấy rất mệt mỏi và yếu đuối gần đây, và tôi bị ho này không thể biến mất. Tôi thở rất nông, và sốt của tôi rất cao. Khi ho, tôi đã tạo ra rất nhiều chất khô dày, rác rỉ"
Hô hấp,"cảm thấy cực kỳ mệt mỏi và bị ho kéo dài. Tôi khó thở, và sốt rất cao. Tôi cũng sản xuất nhiều chất nhầy khi ho"
Hô hấp,"Tôi đã phải vật lộn với mệt mỏi và ho liên tục khiến tôi khó thở, sốt cao và ho nhiều mờ."
Hô hấp,"Tôi bị ho khó chịu không thể biến mất, và hơi thở của tôi trở nên khó khăn. Nhiệt độ của tôi cũng rất cao, và tôi cảm thấy rất yếu và mệt mỏi. Tôi đã sản xuất nhiều chất nhầy khi ho"
Hô hấp,"Tôi bị sốt cao, ho kéo dài, khó thở, cũng có nhiều chất vữa dày, vùi, và cảm thấy rất mệt mỏi và yếu đuối."
Hô hấp,"Tôi bị khó thở, ho liên tục, và mệt mỏi, tôi bị ho nhiều, vùi vùi vùi và sốt rất cao, tôi cảm thấy quá mệt mỏi và mệt mỏi vì phải đối phó với tất cả những điều này."
Hô hấp,"Tôi bị ho kéo dài nhiều ngày và khó thở. Bệnh sốt cao, tôi cảm thấy yếu và mệt mỏi. Tôi cũng sản xuất nhiều chất nhầy khi ho, và nó chỉ là quá áp đảo để đối phó với tất cả các triệu chứng này. Tôi đang trở nên rất thất vọng với tất cả điều này."
Hô hấp,"Tôi đã ho kéo dài trong nhiều ngày, và tôi cũng có vấn đề về hô hấp. Tôi rất yếu và mệt mỏi, và cơn sốt của tôi đã vượt qua mái nhà. Tôi rất khó kiểm soát tất cả các triệu chứng này, và tôi cũng ho nhiều chất nhầy. Tôi đang trở nên rất tức giận về mọi thứ."
Hô hấp,"Tôi đã phải vật lộn với khó thở, ho liên tục, và mệt mỏi. Tôi có sốt cực kỳ cao, và tôi đã ho nhiều, dày, rác rác. Nó đã rất khó khăn để đối phó với tất cả điều này, và tôi chỉ cảm thấy quá kiệt sức và kiệt sức"
Hô hấp,"Tôi bị khó thở, ho liên tục, và mệt mỏi, tôi bị ho nhiều, vùi vùi và sốt rất cao, tôi cảm thấy quá mệt mỏi và mệt mỏi vì phải đối phó với tất cả điều này."
Hô hấp,"Tôi cảm thấy rất đau gần đây. Tôi bị ho và khó thở liên tục, và sốt của tôi đã giảm dần. Tôi cũng cảm thấy cực kỳ mệt mỏi, và tôi đã tạo ra rất nhiều chất nhầy khi ho."
Hô hấp,"Gần đây, tôi cảm thấy rất tệ. Bệnh sốt của tôi đã vượt qua mái nhà, và tôi bị ho và khó thở liên tục. Tôi bị ho nhiều và cũng cảm thấy khá mệt mỏi."
Hô hấp,"Tôi bị sốt, ho không thể biến mất, khó thở, và tôi bị ho nhiều nước bọt nhầy và cảm thấy mệt mỏi và yếu đuối."
Hô hấp,"Tôi bị ho khô, khó thở, cũng như sốt cao. Có rất nhiều chất nhầy, và tôi cảm thấy rất yếu và mệt mỏi""."
Hô hấp,"Gần đây, tôi bị một số triệu chứng đáng lo ngại, bao gồm ho khô, khó thở, sốt cao và nhiều chất nhầy."
Hô hấp,"Hiện nay tôi đang đối phó với một số vấn đề sức khỏe, bao gồm ho khô, khó thở, sốt cao và tăng sản lượng chất nhầy."
Hô hấp,"Đã một tuần rồi, tôi bị bệnh liên tục như ho khô, khó thở, yếu cả ngày."
Hô hấp,"Bác sĩ, trong vài ngày nay tôi không thể mang động cơ, nằm trên giường vì sốt cao, nhiều chất nhầy xuất hiện."
Hô hấp,"Tôi đã trải qua khó thở, ho kéo dài, và sốt cao. Tôi cũng đã tạo ra rất nhiều chất vữa dày, rác rác, và tôi cảm thấy quá mệt mỏi và kiệt sức. Tôi rất khó khăn để đối phó với tất cả điều này."
Hô hấp,"Tôi rất yếu và mệt mỏi, và cơn sốt của tôi đã vượt qua mái nhà. Tôi rất khó để quản lý tất cả các triệu chứng này, và tôi cũng đã ho nhiều chất nhầy. Tôi đang trở nên rất tức giận về mọi thứ."
Hô hấp,"Tôi phải thú nhận rằng tôi đã trải qua khó thở, ho kéo dài, và sốt cao. Tôi cũng đã sản xuất rất nhiều chất phế quản dày, rác rưởi, và tôi cảm thấy khá kiệt sức và mệt mỏi."
Hô hấp,"Tôi phải thừa nhận rằng tôi bị sốt cao, ho thường xuyên, khó thở, và ho nhiều nước bọt nhầy và cảm thấy mệt mỏi và mệt mỏi."
Hô hấp,"Tôi đã phải chịu đựng rất khó khăn với ho liên tục, khó thở và mệt mỏi. Tôi bị sốt cao, và tôi bị ho nhiều, vùi mạc dày. Tất cả đều khá mệt mỏi và mệt mỏi, và tôi cảm thấy khá ốm trong thời điểm này."
Hô hấp,"Tôi đã phải vật lộn với ho liên tục, khó thở, và mệt mỏi. Tôi đã ho nhiều mỏi dày, rác rỉ và bị sốt cao. Tất cả điều này đã thực sự mệt mỏi và mệt mỏi, và ngay bây giờ tôi cảm thấy khá bệnh."
Hô hấp,"Tôi đã phải đối phó với ho nặng, khó thở, buồn ngủ, ho nhiều, vùi vùi và bị sốt cao, tất cả những điều này đã thực sự mệt mỏi và mệt mỏi, và ngay bây giờ tôi cảm thấy khá bệnh."
Hô hấp,"Hoan chút, khó thở và mệt mỏi liên tục khiến tôi khó khăn hơn. Tôi có nhiều chất khô dày và vỏ bắp, đồng thời bị sốt cao. Hiện tại tôi cảm thấy khá đau vì mọi thứ đều quá mệt mỏi và mệt mỏi."
Hô hấp,"Với ho liên tục, vấn đề hô hấp và mệt mỏi, tôi đã phải vật lộn. Tôi có sốt cao và đã tạo ra rất nhiều chất vữa dày và rác rác trong khi ho. Tôi hiện đang cảm thấy khá đau vì mọi thứ đã quá mệt mỏi và mệt mỏi."
Hô hấp,"Bệnh sốt của tôi đã vượt qua mái nhà, tôi rất yếu và mệt mỏi, tôi đã ho nhiều chất nhầy, và quản lý tất cả các triệu chứng này thật khó khăn. Mọi thứ đang khiến tôi rất buồn."
Hô hấp,"Bác sĩ, vì sốt cao, tôi đã không thể thở qua mũi hay miệng trong vài ngày và cảm thấy quá mệt mỏi. Xin hãy đề nghị một số loại thuốc cho tôi."
Hô hấp,"Tôi bị ho khô, khó thở, và sốt cao, tôi sản xuất nhiều chất nhầy và cảm thấy khá yếu và mệt mỏi."
Hô hấp,"Tôi đã ho liên tục trong nhiều ngày, và tôi cũng có vấn đề về hô hấp. Bệnh sốt của tôi đã vượt qua mái nhà, và tôi rất yếu và mệt mỏi. Tất cả các triệu chứng này đã thực sự khó khăn cho tôi để kiểm soát,"
Hô hấp,"Ngoài sự buồn ngủ, tôi cũng gặp khó khăn trong việc thở do ho kéo dài, tôi bị ho nhiều, và bị sốt cao."
Hô hấp,"Tôi đang khó thở, ho liên tục, và cảm thấy mệt mỏi. Tôi có sốt rất cao và bị ho nhiều nước bọt nhầy. Tôi cảm thấy mệt mỏi và mệt mỏi vì cố gắng đối phó với mọi thứ."
Hô hấp,"Tôi đã trải qua khó thở, ho mãn tính, và mệt mỏi. Tôi đã tạo ra rất nhiều chất vữa dày, vú trong khi cũng có nhiệt độ rất cao. Do phải đối phó với tất cả điều này, tôi chỉ đơn giản cảm thấy cực kỳ mệt mỏi và mệt mỏi."
Hô hấp,"Chào mẹ mẹ mẹ gần đây, tôi cảm thấy quá mệt mỏi và bị ho không thể biến mất. Bệnh sốt của tôi rất cao, và hơi thở của tôi trở nên nông. Ngoài ra, tôi bị ho nhiều chất rác dày."
Hô hấp,"Tôi đã phải vật lộn với mệt mỏi và ho liên tục khiến tôi khó thở, sốt cao và ho nhiều mờ."
Hô hấp,"Bác sĩ Do sốt cao, tôi đã không thể thở qua mũi hoặc miệng trong vài ngày và cảm thấy quá mệt mỏi. Đôi khi cũng có mùi. Xin hãy đề nghị một số loại thuốc cho tôi."
Hô hấp,"Tôi đã có những vấn đề sức khỏe liên tục trong một tuần, bao gồm ho khô, khó thở và yếu đuối chung."
Tim mạch,"Tôi đã trải qua đau đầu, đau ngực, chóng mặt và khó giữ cân bằng."
Tim mạch,"Cùng với đau đầu, đau ngực, bất ổn và cân bằng, tôi cũng bị chóng mặt. Tôi cũng nghĩ rằng tôi đang gặp vấn đề tập trung."
Tim mạch,"Cùng với đau đầu, đau ngực, bất ổn và cân bằng, tôi cũng cảm thấy không khỏe. Tôi cũng nghĩ rằng tôi đang gặp vấn đề tập trung."
Tim mạch,"Ngoài đau đầu, đau ngực, bất ổn và cân bằng, tôi cũng cảm thấy không khỏe. Tôi cũng nghĩ tôi có vấn đề tập trung."
Tim mạch,"Tôi bị mất cân bằng, đau đầu, đau ngực và chóng mặt."
Tim mạch,"Tôi bị đau đầu, đau ngực, chóng mặt và không cân bằng, cũng khó tập trung và tập trung."
Tim mạch,"Tôi gặp khó khăn khi đi bộ, đau đầu, đau ngực và chóng mặt."
Tim mạch,"Tôi bị cân bằng kém, đau đầu, đau ngực và chóng mặt."
Tim mạch,"Tôi không có sự phối hợp, tôi bị đau đầu, đau ngực, chóng mặt, và cũng không tập trung."
Tim mạch,"Các triệu chứng của tôi bao gồm đau đầu, đau ngực, chóng mặt, không cân bằng và khó tập trung."
Tim mạch,"Tôi đã trải qua những triệu chứng như đau đầu, đau ngực, chóng mặt, mất cân bằng và khó tập trung."
Tim mạch,"Tôi bị các triệu chứng như đau đầu, đau ngực, chóng mặt, mất cân bằng và khó tập trung."
Tim mạch,"Máu đau, ngực khó chịu, chóng mặt, mất cân bằng và khó tập trung là một số triệu chứng mà tôi đã có."
Tim mạch,"Ngoài đau đầu và đau ngực, tôi cũng bị mất trí và mất cân bằng."
Tim mạch,"Tôi đã trải qua những vấn đề về cân bằng, đau đầu, đau ngực, chóng mặt. Tôi cũng nhận ra rằng tôi đang gặp khó khăn trong việc tập trung."
Tim mạch,"Tôi bị mất cân bằng, đau đầu, ngực, chóng mặt, và cũng thấy khó tập trung."
Tim mạch,"Tôi đã gặp vấn đề cân bằng, đau ngực, đau đầu và đau đầu."
Tim mạch,"Tôi đã trải qua đau ngực, chóng mặt và đau đầu như là một áp lực liên tục ở trán."
Tim mạch,"Tôi cảm thấy hơi ngốc và bất ổn, và cũng nhận thấy khả năng tập trung và tập trung của tôi giảm."
Tim mạch,"Tôi bị chóng mặt và run rẩy, cũng như mất tập trung và mất khả năng tập trung."
Tim mạch,"Tôi đã trải qua chóng mặt và lo lắng, cũng như mất tập trung và khả năng tập trung."
Tim mạch,"Tôi đã bị đau ngực nặng, đau đầu không thể biến mất, và tôi bị chóng mặt và bất ổn."
Tim mạch,"Tôi đã bị đau ngực nặng, đau đầu không thể biến mất, và tôi bị chóng mặt và bất ổn."
Tim mạch,"Cùng với đau ngực, chóng mặt và đau đầu như một vùng hẹp quanh đầu, tôi cũng gặp nhiều vấn đề."
Tim mạch,"Tôi đã phải vật lộn với một cơn đau đầu như một dây đeo chặt chẽ quanh đầu, cùng với đau ngực và chóng mặt."
Tim mạch,"Tôi cũng bị mất cân bằng, bị rối loạn tâm trí và chóng mặt, và đau đầu liên tục."
Tim mạch,"Tôi cảm thấy mất phương hướng và chóng mặt, cũng như khó giữ cân bằng."
Tim mạch,"Tôi cũng bị suy cân, chóng mặt và sốc, và sự tập trung và tập trung của tôi giảm."
Tim mạch,"Ngoài việc bị chóng mặt và sốc, tôi cũng gặp khó khăn trong việc giữ cân bằng, và khả năng tập trung và tập trung của tôi cũng bị giảm dần."
Tim mạch,"Tôi đã trải qua một cơn đau đầu như một cơn đau sắc bén trong các ngôi đền của tôi, cùng với đau ngực và chóng mặt."
Tim mạch,"Cùng với đau ngực và chóng mặt, tôi cũng bị đau đầu như đau ngực ở trán."
Tim mạch,"Tôi đã cảm thấy ổn cả ngày, nhưng đột nhiên phát triển đau đầu, đau ngực và chóng mặt khi đi dạo."
Tim mạch,"Khi đi bộ, tôi đột nhiên bắt đầu bị đau đầu, đau ngực và chóng mặt sau khi cảm thấy ổn cả ngày."
Tim mạch,"Tôi thức dậy sáng nay với đau đầu và đau ngực, và ngày càng đi, tôi cũng cảm thấy chóng mặt và bất ổn trên chân"
Tim mạch,"Sáng nay tôi bị đau đầu và đau ngực, và ngày càng trôi qua, tôi cũng bắt đầu cảm thấy bất ổn và bất ổn trên chân."
Tim mạch,"Tôi đã phải đối phó với đau đầu và đau ngực trong vài ngày nay, nhưng ngày nay chóng mặt và mất cân bằng đã trở nên tồi tệ hơn nhiều."
Tim mạch,"Trong vài ngày nay, tôi đã bị đau đầu và đau ngực, nhưng hôm nay chóng mặt và mất cân bằng đã trở nên tồi tệ hơn đáng kể."
Tim mạch,"Tôi đang làm việc khi tôi bắt đầu cảm thấy đau đầu, đau ngực và chóng mặt."
Tim mạch,"Khi đầu tôi đau, ngực đau và đầu bị sưng, tôi đang làm việc, và từ đó đến nay, tôi không thể tập trung và tập trung vào công việc."
Tim mạch,"Tôi đang tập luyện khi đột nhiên bị đau đầu, đau ngực và chóng mặt."
Tim mạch,"Tôi ngay lập tức bị đau đầu, đau ngực và chóng mặt khi tập thể dục."
Tim mạch,"Tôi đã cảm thấy ổn cả ngày, nhưng đột nhiên phát triển đau đầu, đau ngực và chóng mặt khi lái xe về nhà từ nơi làm việc."
Tim mạch,"Tôi cảm thấy ổn cả ngày, nhưng khi lái xe về nhà từ công việc, đột nhiên tôi bắt đầu bị đau đầu, ngực khó chịu và chóng mặt."
Tim mạch,"Tôi đi mua sắm khi tôi bắt đầu cảm thấy đau đầu, đau ngực và chóng mặt."
Tim mạch,"Khi đầu tôi đau, ngực đau và đầu óc bị ngập, tôi đi mua sắm, và từ đó đến nay, tôi không tập trung vào công việc."
Tim mạch,"Tôi thức dậy sáng nay cảm thấy khỏe mạnh, nhưng ngày hôm nay tôi bắt đầu bị đau đầu, đau ngực và chóng mặt."
Tim mạch,"Tôi tỉnh dậy sáng nay cảm thấy khỏe mạnh, nhưng ngày càng trôi qua, tôi bắt đầu bị đau đầu, đau bụng và chóng mặt."
Tim mạch,"Tôi đang ở giữa một buổi họp, đột nhiên tôi bị đau đầu, đau ngực và chóng mặt."
Tim mạch,"Tôi đột nhiên bị đau đầu, đau ngực và chóng mặt khi đang ngồi trong một hội nghị."
Tim mạch,"Tôi đã cảm thấy ổn cả ngày, nhưng đột nhiên phát triển đau đầu, đau ngực và chóng mặt khi đi chạy."
Thần kinh,"Tôi bị bệnh axit và khó tiêu hóa sau khi ăn, cũng như thường xuyên bị đau đầu và thị lực mờ."
Thần kinh,"Tôi thường xuyên bị đau đầu và thị giác mờ, cũng như trào ngược axit và khó tiêu hóa sau bữa ăn."
Thần kinh,"Tôi đã gặp vấn đề về thị lực, nhìn thấy mọi thứ như bị biến dạng và trải qua rối loạn thị lực."
Thần kinh,"Tôi bị rối loạn thị giác, nhìn thấy mọi thứ như bị biến dạng, và vấn đề thị giác."
Thần kinh,"Tôi đã phải đối mặt với sự rối loạn thị giác, nhìn thấy mọi thứ như bị biến dạng, và khó khăn thị giác."
Thần kinh,"Tôi cảm thấy đói quá mức, ngay cả sau khi ăn, và tôi có cái cổ cứng."
Thần kinh,"Tôi đã phải đối mặt với sự rối loạn thị giác, nhìn thấy mọi thứ như bị biến dạng, và khó khăn thị giác."
Thần kinh,"Tôi gần đây đã buồn bã và buồn tẻ, và tôi cũng nhận thấy sự thay đổi trong tầm nhìn của tôi."
Thần kinh,"Tôi cảm thấy trầm cảm và bực bội, và nhận thấy sự thay đổi trong tầm nhìn của tôi."
Thần kinh,"Tôi đã bị kích thích và trầm cảm gần đây, và tôi cũng nhận thấy sự thay đổi trong tầm nhìn của tôi."
Thần kinh,"Cùng với những cơn đau đầu và thị lực mờ mờ, tôi bị trào ngược axit và khó tiêu hóa thức ăn."
Thần kinh,"Tôi bị trào ngược axit và khó tiêu hóa thức ăn, cũng như thường xuyên bị đau đầu và mất thị lực"
Thần kinh,"Tôi luôn cảm thấy đói và bị đau cổ, cũng như gặp vấn đề về thị lực."
Thần kinh,"Ngoài việc bị khó khăn về cổ và mắt, tôi luôn đói."
Thần kinh,"Tôi bị bệnh axit, khó tiêu hóa, đau đầu, thị giác mờ và bị biến dạng, cũng như đói quá mức, cổ cứng, trầm cảm, kích thích và rối loạn thị giác."
Thần kinh,"Cùng với sự thèm ăn quá mức, cứng cổ, trầm cảm, thiếu kiên nhẫn và rối loạn thị giác, tôi cũng bị tiêu hóa, đau đầu, thị giác mờ và trào ngược axit."
Thần kinh,"Ngoài sự thèm ăn quá mức, cổ cứng, trầm cảm, thiếu kiên nhẫn và rối loạn thị giác, tôi cũng bị tiêu hóa, đau đầu, thị giác mờ và các vấn đề về dạ dày."
Thần kinh,"Tôi bị bệnh trào ngược axit, khó tiêu hóa, đau đầu thường xuyên, suy giảm thị lực, cũng như đói quá mức, đau cổ, trầm cảm, khó chịu và rối loạn thị lực."
Thần kinh,"Cùng với sự gia tăng đói, đau cổ, buồn chán, thiếu kiên nhẫn và rối loạn thị giác, tôi cũng bị suy giảm axit, khó tiêu hóa, đau đầu thường xuyên và thị giác mờ mờ."
Thần kinh,"Cùng với sự gia tăng đói, đau cổ, lo lắng, kích thích và rối loạn thị giác, tôi cũng bị suy giảm axit, khó tiêu hóa, đau đầu thường xuyên và suy giảm thị lực."
Thần kinh,"Tôi đã gặp vấn đề tiêu hóa, bao gồm tính axit và khó tiêu hóa, cũng như đau đầu thường xuyên và thị lực bị biến dạng, đói quá mức, cổ cứng, trầm cảm, kích thích và rối loạn thị lực."
Thần kinh,"Ngoài những cơn đau đầu và thị lực mờ mờ, sự tăng khẩu vị, cổ cứng, buồn bã, khó chịu và rối loạn thị lực, tôi cũng bị đau dạ dày, bao gồm khó tiêu hóa và bị acid."
Thần kinh,"Ngoài những cơn đau đầu thường xuyên và thị lực mờ, sự tăng khẩu vị, cổ cứng, lo lắng, kích thích và rối loạn thị lực, tôi cũng bị đau dạ dày, bao gồm khó tiêu hóa và bị acid."
Thần kinh,"Tôi đã phải vật lộn với bệnh trào ngược axit, khó tiêu hóa và đau đầu, cũng như thị giác mờ và bị biến dạng, đói quá mức, đau cổ, trầm cảm, khó chịu và rối loạn thị giác."
Thần kinh,"Ngoài đau đầu, khó tiêu hóa, trào ngược axit, sự thèm ăn quá mức, đau cổ, buồn bã, thiếu kiên nhẫn và rối loạn thị giác, tôi cũng bị mờ và bị suy giảm thị lực."
Thần kinh,"Ngoài đau đầu, khó tiêu hóa, trào ngược axit, sự thèm ăn quá mức, đau cổ, buồn bã, thiếu kiên nhẫn và rối loạn thị giác, tôi cũng cảm thấy mờ và bị suy giảm thị lực."
Thần kinh,"Tôi đã gặp vấn đề tiêu hóa, bao gồm tính axit và khó tiêu hóa, cũng như đau đầu thường xuyên và suy giảm thị lực, đói quá mức, cổ cứng, trầm cảm, kích thích và rối loạn thị lực"
Thần kinh,"Ác và khó tiêu hóa là một trong những vấn đề tiêu hóa mà tôi đã có, cùng với đau đầu thường xuyên, thị giác mờ, tăng đói, cổ cứng, buồn bã, thiếu kiên nhẫn và rối loạn thị giác."
Thần kinh,"Tôi bị bệnh trào ngược axit, khó tiêu hóa, và đau đầu thường xuyên, cũng như thị giác bị biến dạng, đói quá mức, đau cổ, trầm cảm, khó chịu và rối loạn thị giác."
Thần kinh,"Ngoài sự rối loạn thị lực, sự thèm ăn quá mức, đau cổ, buồn bã, khó chịu và đau đầu thường xuyên, tôi cũng bị suy giảm axit, khó tiêu hóa và đau đầu thường xuyên."
Thần kinh,"Ngoài sự rối loạn thị lực, sự thèm ăn quá mức, đau cổ, lo lắng, kích thích và đau đầu thường xuyên, tôi cũng phải đối mặt với bệnh trào ngược axit, khó tiêu hóa và đau đầu thường xuyên."
Thần kinh,"Tôi bị bệnh axit, khó tiêu hóa, và thường xuyên bị đau đầu, cũng như bị mờ và bị suy giảm thị lực, đói quá mức, cứng cổ, trầm cảm, khó chịu và rối loạn thị lực."
Thần kinh,"Ác dạ dày, khó tiêu hóa, đau đầu thường xuyên, thị giác mờ nhạt và bị biến dạng, sự tăng khẩu vị, cứng cổ, trầm cảm, kích thích và rối loạn thị giác đều làm tôi khó chịu."
Thần kinh,"Tôi đã phải vật lộn với các vấn đề tiêu hóa, bao gồm trào ngược axit và khó tiêu hóa, cũng như đau đầu thường xuyên và suy giảm thị lực, đói quá mức, đau cổ, trầm cảm, kích thích và rối loạn thị lực"
Thần kinh,"Tôi thường xuyên bị đau đầu, mắt không rõ ràng, ăn uống quá nhiều, đau cổ, buồn bã, khó chịu và bị tiêu hóa, bao gồm khó tiêu hóa và trào ngược axit."
Thần kinh,"Tôi thường xuyên bị đau đầu, mắt không rõ ràng, ăn uống quá nhiều, đau cổ, lo lắng, khó chịu và khó tiêu hóa, bao gồm khó tiêu hóa và trào ngược axit."
Thần kinh,"Tôi bị axit, khó tiêu hóa, đau đầu, cũng như thị giác mờ và bị biến dạng, đói quá mức, cổ cứng, trầm cảm, khó chịu và rối loạn thị giác"
Thần kinh,"Cùng với sự thèm ăn quá mức, khó chịu, đau đầu, khó tiêu hóa và suy giảm axit, tôi cũng bị buồn bã, thiếu kiên nhẫn và bị suy giảm thị lực."
Thần kinh,"Cùng với sự thèm ăn quá mức, khó chịu, đau đầu, khó tiêu hóa và suy giảm axit, tôi cũng bị buồn bã, thiếu kiên nhẫn và bị suy giảm thị lực."
Thần kinh,"Tôi bị bệnh trào ngược axit, khó tiêu hóa, và đau đầu thường xuyên, cũng như thị giác bị biến dạng, đói quá mức, đau cổ, trầm cảm, khó chịu và rối loạn thị giác."
Thần kinh,"Cùng với chứng bị suy giảm thị lực, tăng khẩu vị, đau cổ, buồn chán, thiếu kiên nhẫn và đau đầu thường xuyên, tôi cũng bị đau dạ dày, trào ngược axit và khó tiêu hóa."
Thần kinh,"Ngoài việc nhìn thấy suy giảm, ăn quá nhiều, đau cổ, buồn chán, không kiên nhẫn và đau đầu liên tục, tôi cũng đang chiến đấu với cơn đau dạ dày, trào ngược axit và khó tiêu hóa."
Thần kinh,"Tôi bị bệnh axit, khó tiêu hóa, đau đầu, thị giác mờ và bị biến dạng, cũng như đói quá mức, cổ cứng, trầm cảm, kích thích và rối loạn thị giác."
Thần kinh,"Ngoài sự thèm ăn quá mức, cứng cổ, trầm cảm, thiếu kiên nhẫn và rối loạn thị giác, tôi cũng bị tiêu hóa, đau đầu, thị giác mờ và trào ngược axit."
Thần kinh,"Ngoài sự thèm ăn quá mức, căng thẳng cổ, trầm cảm, kích thích và rối loạn thị giác, tôi cũng bị tiêu hóa khó chịu, đau đầu, thị giác mờ và trào ngược axit."
Thần kinh,"Tôi bị bệnh trào ngược axit, khó tiêu hóa, đau đầu thường xuyên, suy giảm thị lực, đói quá mức, đau cổ, trầm cảm, kích thích và rối loạn thị lực."
Thần kinh,"Ngoài những vấn đề về thị lực, sự tăng sự thèm ăn, đau cổ, buồn chán, kích thích và đau đầu thường xuyên, tôi cũng bị suy giảm axit, khó tiêu hóa và đau nửa đầu thường xuyên."
Thần kinh,"Ngoài những vấn đề về thị lực, sự tăng sự thèm ăn, đau cổ, buồn chán, kích thích và đau đầu thường xuyên, tôi cũng bị suy giảm axit, khó tiêu hóa và chóng mặt thường xuyên."
Thần kinh,"Tôi bị bệnh axit, khó tiêu hóa, đau đầu, thị giác mờ và bị biến dạng, cũng như đói quá mức, cổ cứng, trầm cảm, kích thích và rối loạn thị giác."
Thần kinh,"Tôi đã phải vật lộn với bệnh trào ngược axit, khó tiêu hóa, đau đầu, thị giác mờ và bị biến dạng, đói quá mức, đau cổ, trầm cảm, kích thích, và rối loạn thị giác."
Cơ xương khớp,"Tôi bị đau lưng nặng, ho thường xuyên, và các chi nhánh yếu, cổ cũng đau, chóng mặt và mất cân bằng."
Cơ xương khớp,"Cùng với ho mãn tính và yếu đuối chân, tôi cũng phải đối mặt với những khó chịu đau lưng, đau cổ, chóng mặt và bất ổn."
Cơ xương khớp,"Tôi bị đau lưng, ho sưng, và bị yếu đuối trong tay và chân, cũng như đau cổ và bị chóng mặt và cân bằng."
Cơ xương khớp,"Vết lưng đau, ho sưng và ngực trong tay và chân làm tôi khó chịu, cổ cũng đau, và tôi gặp khó khăn trong việc giữ cân bằng và không bị sốc."
Cơ xương khớp,"Vết đau lưng, ho sương, ngực trong tay và chân, cổ cũng đau, và tôi không thể cân bằng và không bị ngốc."
Cơ xương khớp,"Thường như tôi bị đau đớn, ho và ngứa trong tay và chân, cũng như đau cổ, và tôi gặp khó khăn trong việc giữ cân bằng và không bị ngập ngập."
Cơ xương khớp,"Tôi đã phải vật lộn với đau lưng, ho không thể biến mất, và yếu đuối chân, cổ đau, chóng mặt và mất cân bằng."
Cơ xương khớp,"Vũ vẹn lưng, ho thường xuyên và yếu đuối của chân đã làm tôi khó chịu."
Cơ xương khớp,"Lưng khó chịu, khó thở và các chiên yếu đã làm tôi đau đớn."
Cơ xương khớp,"Tôi bị đau lưng nặng, ho khô và không có sức mạnh trong các chi nhánh, cổ đau và tôi bị chóng mặt và bất ổn trên chân."
Cơ xương khớp,"Tôi đã phải vật lộn với đau lưng nặng, ho khô và yếu đuối chi, tôi cảm thấy bị sốc và lắc lắc trên chân, và cổ tôi đau."
Cơ xương khớp,"Tôi đã phải vật lộn với đau lưng, ho khô và yếu đuối chi, tôi bị chóng mặt và bất ổn ở chân, và cổ tôi đau."
Cơ xương khớp,"Tôi đã phải vật lộn với đau lưng, ho mãn tính, và yếu đuối chi, tôi cảm thấy mất phương hướng và yếu đuối trên chân, và cổ tôi đau."
Cơ xương khớp,"Tôi bị đau lưng, ho rụng, và các chi nhánh yếu, cổ đau, chóng mặt và cân bằng."
Cơ xương khớp,"Vấn đề về sự cân bằng và chóng mặt, và cổ đau."
Cơ xương khớp,"Tôi bị đau lưng, khó thở và nhịp xương bị yếu, tôi bị cân bằng, chóng mặt và cổ bị đau."
Cơ xương khớp,"Tôi đã phải vật lộn với đau lưng, ho liên tục, và cơ bắp yếu, cổ đau và bị chóng mặt và mất cân bằng."
Cơ xương khớp,"Vấn đề về lưng, ho kéo dài và cơ bắp yếu đã làm tôi khó chịu."
Cơ xương khớp,"Vấn đề về lưng, ho mãn tính và cơ bắp yếu đã làm tôi khó chịu."
Cơ xương khớp,"Tôi bị đau lưng nặng, ho thường xuyên và yếu đuối, cổ cũng đau, chóng mặt và mất cân bằng."
Cơ xương khớp,"Tôi bị ho ngột ngột, đau lưng và xương chân yếu, đau cổ cũng như chóng mặt và cảm giác bất ổn."
Cơ xương khớp,"Tôi bị ho thường xuyên, đau lưng và xương chân yếu, đau cổ cũng như chóng mặt và cảm giác không ổn định."
Cơ xương khớp,"Tôi đã phải đối phó với đau lưng, ho không thể biến mất, và yếu đuối trong tay và chân, cổ đau và tôi gặp vấn đề về chóng mặt và giữ cân bằng."
Cơ xương khớp,"Vấn đề về lưng, ho liên tục, ngực ngực trong tay và chân đã làm tôi khó chịu, tôi có vấn đề về sự cân bằng và chứng kinh chóng mặt, và cổ tôi đau."
Cơ xương khớp,"Vấn đề về lưng, ho khô và cứng tay và chân đã làm tôi khó chịu, tôi có vấn đề về sự cân bằng, chóng mặt và đau cổ."
Cơ xương khớp,"Tôi bị đau lưng, ho liên tục, ngứa ngực trong cánh tay và chân, khó giữ cân bằng và điều khiển chóng mặt, và cổ tôi đau."
Cơ xương khớp,"Tay và chân tôi yếu, đau lưng và ho thường xuyên. Ngoài đau cổ và cân bằng, tôi cũng bị chóng mặt."
Cơ xương khớp,"Vấn đề này liên tục là đau lưng, ho và yếu đuối cánh tay và chân, đau cổ, cân bằng và chóng mặt."
Cơ xương khớp,"Vấn đề về lưng, ho liên tục, ngực ngực trong tay và chân đã làm tôi khó chịu, tôi có vấn đề về sự cân bằng và chứng kinh chóng mặt, và cổ tôi đau."
Cơ xương khớp,"Tôi bị đau lưng, ho khô và cơ bắp không mạnh mẽ, cổ đau, chân chóng mặt và không ổn định"
Cơ xương khớp,"Vết lưng đau, ho khô và thiếu cơ bắp làm tôi khó chịu, cổ tôi đau, tôi cảm thấy chán và rúng động."
Cơ xương khớp,"Các cơ bắp của tôi thiếu sức mạnh, và tôi bị đau lưng và ho khô, đau cổ, và cảm thấy bị sốc và bất ổn trên chân."
Cơ xương khớp,"Các cơ bắp của tôi không mạnh lắm, và tôi bị đau lưng, tôi cảm thấy bị sốc và rắc rối trên chân, và cổ tôi đau."
Cơ xương khớp,"Tôi bị đau lưng, ho khô và cơ bắp yếu, đau cổ, bị sốc và khó đứng."
Cơ xương khớp,"Tôi đã phải vật lộn với đau lưng nặng, ho mãn tính, và yếu đuối trong tay và chân, cổ đau và bị chóng mặt và mất cân bằng."
Cơ xương khớp,"Tôi bị đau lưng khủng khiếp, ho liên tục, và bị yếu đuối trong cánh tay và chân, tôi bị chóng mặt và mất cân bằng, và cổ tôi đau."
Cơ xương khớp,"Tôi bị đau lưng nặng, ho liên tục, ngực ngực trong cánh tay và chân, chóng mặt và cân bằng, và cổ đau."
Cơ xương khớp,"Cùng với ho kéo dài, yếu đuối trong cánh tay và chân, và đau lưng nặng, tôi đã gặp nhiều vấn đề. Tôi đã gặp vấn đề về chóng mặt và mất cân bằng, và cổ tôi đau."
Cơ xương khớp,"Tôi bị đau lưng nặng, ho gây ra nhăn nhăn, cơ bắp yếu, cổ cũng đau và chân bị chóng mặt và không ổn định."
Cơ xương khớp,"Ngoài đau lưng đau đớn, tôi cũng ho và cảm thấy yếu đuối, đầu óc và chân không ổn định, và cổ cũng đau."
Cơ xương khớp,"Các cơ bắp của tôi khá yếu, và tôi bị ho và vú cùng với sự khó chịu đáng kể của lưng."
Cơ xương khớp,"Ngoài hoạn và cơ bắp yếu, tôi cũng bị đau lưng nặng, và tôi cũng bị đau cổ."
Cơ xương khớp,"Tôi đã phải đối phó với đau lưng, ho liên tục, và yếu đuối của các chi nhánh, cổ đau và bị chóng mặt và mất cân bằng."
Cơ xương khớp,"Vết lưng đau, ho mãn tính và xương chân yếu, tôi bị mất phương hướng và mất cân bằng, và cổ đau."
Cơ xương khớp,"Tôi bị đau lưng, ho không thể biến mất, và xương chân yếu, đau cổ, mất ổn định và lo lắng về cân bằng."
Cơ xương khớp,"Tôi bị đau lưng, ho mãn tính, và bị yếu đuối trong tay và chân, cổ đau, chóng mặt và mất cân bằng"
Cơ xương khớp,"Vết lưng đau, ho thường xuyên, và ngực trong tay và chân đã làm tôi khó chịu, cổ tôi đau, và tôi cảm thấy bị sốc và bất ổn."
Cơ xương khớp,"Tôi bị đau lưng, ho liên tục, và bị yếu đuối trong tay và chân, cổ đau, và tôi cảm thấy mất cân bằng và ngập ngập."
Cơ xương khớp,"Tôi đã phải vật lộn với đau lưng, ho rụi và cơ bắp yếu, cổ đau và bị chóng mặt và cân bằng không ổn định."
Cơ xương khớp,"Vấn đề về lưng, ho và cơ bắp yếu đã làm tôi khó chịu, tôi bị chóng mặt, cân bằng không bình đẳng và cổ đau."
Tiêu hóa,"Tôi bị ngứa, nôn và mệt mỏi, giảm cân và bị sốt cao, da đỏ và nước tiểu đen, đau bụng."
Tiêu hóa,"Tôi cảm thấy rất xước, bệnh tật và mệt mỏi. Ngoài ra, tôi giảm cân và bị nhiệt độ."
Tiêu hóa,"Tôi cảm thấy rất xước, buồn nôn, mệt mỏi, cũng bị sốt cao, giảm cân, da và nước tiểu của tôi trở nên vàng, bột đau."
Tiêu hóa,"Tôi bị ngứa, bệnh tật và mệt mỏi nặng, và tôi bị sốt và giảm cân, nước tiểu đen, phát triển phơi nhiễm vàng, đau dạ dày."
Tiêu hóa,"Tôi bị ngứa và nôn nặng, cũng rất mệt mỏi và giảm cân, sốt cao, da vàng, nước tiểu tối và đau bụng."
Tiêu hóa,"Tôi bị ngứa và buồn nôn nặng, giảm cân và cũng rất mệt mỏi, da tôi trở nên vàng, tôi bị sốt nặng, nước tiểu tối, và đau dạ dày."
Tiêu hóa,"Tôi đã nôn và bị ngứa dữ dội. Cùng với việc giảm cân, tôi cũng thực sự mệt mỏi. làn da của tôi đã trở nên vàng, và sốt của tôi rất cao. Tôi đã bị đau dạ dày và nước tiểu của tôi đen."
Tiêu hóa,"Tôi bị ngứa và buồn nôn nặng, tôi cũng giảm cân và rất mệt mỏi, bị sốt cao, da đỏ, đau bụng, nước tiểu đen."
Tiêu hóa,"Tôi bị ngứa và buồn nôn rất tệ, tôi giảm cân và cũng rất mệt mỏi, da tôi đã trở nên vàng và tôi bị nhiệt độ nặng, nước tiểu tối và đau dạ dày."
Tiêu hóa,"Tôi bị ngứa và nôn, cũng rất mệt mỏi và giảm cân, sốt cao và da vàng, nước tiểu tối và đau bụng."
Tiêu hóa,"Tôi bị nếp nhăn và nôn. Tôi giảm cân và cũng rất mệt mỏi. Da tôi đã trở nên vàng, tôi bị sốt nặng. Tôi bị đau dạ dày và nước tiểu đen."
Tiêu hóa,"Tôi bị ngứa và ngửa. Tôi giảm cân, tôi cũng rất mệt mỏi. Da tôi đã trở nên vàng, sốt cao."
Tiêu hóa,"Tôi bị nếp nhăn và ngửa. Tôi giảm cân, tôi cũng rất mệt mỏi. Tôi bị sốt cao và da vàng. Ngoài đau dạ dày, nước tiểu của tôi còn đen."
Tiêu hóa,"Tôi bị ngứa và ngửa, ngoài ra tôi giảm cân và cảm thấy rất mệt mỏi, da tôi trở nên vàng và tôi bị nhiệt độ nặng, đau bụng và nước tiểu đen."
Tiêu hóa,"Tôi đã mệt mỏi, bị buồn nôn và ngứa, giảm cân và bị nhiệt độ, nước tiểu đen, da vàng, đau dạ dày."
Tiêu hóa,"Tôi bị ngứa, nôn và mệt mỏi. Tôi cũng giảm cân và bị sốt cao. Da tôi đã trở nên vàng và nước tiểu của tôi tối. Tôi cũng bị đau bụng"
Tiêu hóa,"Tôi cảm thấy bị nứt, bệnh tật, mệt mỏi, cũng bị sốt cao và giảm cân, cả da và nước tiểu của tôi đều trở nên vàng, đau dạ dày bổ sung mà tôi đã có"
Tiêu hóa,"Chứa, buồn nôn và mệt mỏi đã làm tôi khó chịu. Ngoài ra, tôi bị sốt và giảm cân."
Tiêu hóa,"Tôi bị buồn nôn, nôn nôn và mệt mỏi, tôi giảm cân và bị nhiệt độ, nước tiểu đen, da vàng, đau dạ dày."
Tiêu hóa,"Tôi bị ngứa, nôn và mệt mỏi, giảm cân và bị sốt cao, da đỏ và nước tiểu đen, đau bụng."
Tiêu hóa,"Tôi cảm thấy rất xước, bệnh tật và mệt mỏi. Ngoài ra, tôi giảm cân và bị nhiệt độ."
Tiêu hóa,"Tôi cảm thấy rất xước, bệnh tật và mệt mỏi. Ngoài ra, tôi giảm cân và bị nhiệt độ."
Tiêu hóa,"Tôi cảm thấy rất xước, bệnh tật và mệt mỏi. Ngoài ra, tôi giảm cân và bị nhiệt độ."
Tiêu hóa,"Tôi luôn cảm thấy bị nếp nhăn, bệnh tật và mệt mỏi. Ngoài ra, tôi giảm cân và bị nhiệt độ."
Tiêu hóa,"Tôi cảm thấy rất xước, buồn nôn, mệt mỏi, cũng bị sốt cao, giảm cân, da và nước tiểu của tôi trở nên vàng, tôi cũng bị đau dạ dày."
Tiêu hóa,"Tôi bị ngứa, nôn và mệt mỏi nặng, tôi cũng giảm cân và bị sốt cao, da đỏ, nước tiểu đen, đau bụng."
Tiêu hóa,"Tôi cảm thấy rất xước, chóng mặt và mệt mỏi. Ngoài ra, tôi giảm cân và bị nhiệt độ."
Tiêu hóa,"Tôi bị ngứa, buồn nôn, kiệt sức, sốt cao, giảm cân, da và nước tiểu vàng, đau dạ dày."
Tiêu hóa,"Tôi bị ngứa, buồn nôn và mệt mỏi nặng, và tôi bị sốt và giảm cân, nước tiểu đen, phát triển phơi nhiễm vàng, đau bụng."
Tiêu hóa,"Tôi bị ngứa, buồn nôn và mệt mỏi, và tôi bị sốt và giảm cân, nước tiểu đen, phát triển phơi nhiễm vàng, đau bụng."
Tiêu hóa,"Tôi bị ngứa và nôn, cũng rất mệt mỏi và giảm cân, sốt cao, da vàng, đau bụng."
Tiêu hóa,"Tôi bị ngứa và ngửa. Tôi giảm cân, tôi cũng rất mệt mỏi. Da tôi đã trở nên vàng, sốt cao."
Tiêu hóa,"Tôi bị nếp nhăn và nôn, tôi cũng giảm cân và rất mệt mỏi, tôi bị sốt cao, da vàng, cũng như bạn, tôi cũng bị đau dạ dày."
Tiêu hóa,Tôi bị ngứa và ngửa. Tôi giảm cân và cũng rất mệt mỏi. Da tôi trở nên vàng và tôi bị nhiệt độ nặng. Cục dạ dày cũng đau.
Tiêu hóa,"Tôi đã mệt mỏi, bị buồn nôn và ngứa, giảm cân và bị nhiệt độ, nước tiểu đen, da vàng, đau dạ dày."
Tiêu hóa,"Tôi bị ngứa, nôn và mệt mỏi. Tôi cũng giảm cân và bị sốt cao. Da tôi đã trở nên vàng và nước tiểu của tôi tối. Tôi cũng bị đau bụng"
Tiêu hóa,"Tôi cảm thấy bị nứt, bệnh tật, mệt mỏi, cũng bị sốt cao và giảm cân, cả da và nước tiểu của tôi đều trở nên vàng, đau dạ dày bổ sung mà tôi đã có"
Tiêu hóa,"Chứa, buồn nôn và mệt mỏi đã làm tôi khó chịu. Ngoài ra, tôi bị sốt và giảm cân."
Tiêu hóa,"Tôi bị ngứa, nôn và mệt mỏi, giảm cân và bị sốt cao, da đỏ và nước tiểu đen, đau bụng."
Tiêu hóa,"Tôi cảm thấy rất xước, bệnh tật và mệt mỏi. Ngoài ra, tôi giảm cân và bị nhiệt độ."
Tiêu hóa,"Tôi cảm thấy rất xước, buồn nôn, mệt mỏi, cũng bị sốt cao, giảm cân, da và nước tiểu của tôi trở nên vàng, tôi cũng bị đau dạ dày."
Tiêu hóa,"Tôi bị ngứa, nôn và mệt mỏi nặng, tôi cũng giảm cân và bị sốt cao, da đỏ, nước tiểu đen, đau bụng."
Tiêu hóa,"Tôi cảm thấy rất xước, chóng mặt và mệt mỏi. Ngoài ra, tôi giảm cân và bị nhiệt độ."
Tiêu hóa,"Tôi bị ngứa, buồn nôn, kiệt sức, sốt cao, giảm cân, da và nước tiểu vàng, đau dạ dày."
Tiêu hóa,"Tôi bị ngứa, nôn, mệt mỏi và giảm cân. Bệnh sốt cao, da vàng, nước tiểu tối và đau bụng."
Tiêu hóa,"Tôi giảm cân và bị buồn nôn, ngứa và mệt mỏi, da tôi đã trở nên vàng, và tôi bị sốt nặng, nước tiểu đen và đau dạ dày."
Tiêu hóa,"Tôi bị ngứa, nôn, mệt mỏi và giảm cân nặng nặng. Bệnh sốt cao, da vàng, nước tiểu tối và đau bụng."
Tiêu hóa,"Tôi giảm cân và bị ngứa, buồn nôn và mệt mỏi nặng, da tôi trở nên vàng, tôi bị sốt nặng, nước tiểu đen và đau dạ dày."
Tiêu hóa,"Tôi bị ngứa, nôn, mệt mỏi và giảm cân nặng nặng. Bệnh sốt cao, da vàng, nước tiểu tối và đau bụng."
Tiêu hóa,"Tôi đã giảm cân, cảm thấy rất mệt mỏi, và nôn quá nhiều. Da tôi đã trở nên vàng, và tôi bị sốt nặng. Tôi có nước tiểu tối, và tôi bị đau dạ dày."
Truyền nhiễm,"Tôi bị ngứa, chớp lạnh, nôn và sốt cao, tôi đổ mồ hôi rất nhiều và đau đầu, tôi buồn nôn và cơ bắp tôi rất đau."
Truyền nhiễm,"Tôi bị nồng nhiệt cao, nôn, chớp lạnh, ngứa dữ dội, cũng bị đau đầu, đổ mồ hôi nhiều, buồn nôn và cơ bắp đau rất nhiều."
Truyền nhiễm,"Tôi bị nồng nhiệt cao, nôn, chớp lạnh, ngứa dữ dội, cũng bị đau đầu, đổ mồ hôi nhiều, buồn nôn và cơ bắp đau rất nhiều."
Truyền nhiễm,"Tôi bị ngứa, chớp lạnh, buồn nôn và nhiệt độ cao, ngoài đau đầu, tôi cũng đổ mồ hôi rất nhiều, cơ bắp tôi rất đau và tôi cảm thấy đau."
Truyền nhiễm,"Cùng với sự gào xước, chớp lạnh, buồn nôn và sốt cao, tôi cũng cảm thấy rất không khỏe. Cùng với đau đầu và đổ mồ hôi quá mức, cơ bắp tôi rất đau, và tôi cảm thấy buồn nôn."
Truyền nhiễm,"Tôi bị sốt cao, chớp lạnh, ngứa dữ dội, đau đầu, đổ mồ hôi nhiều, cơ bắp đau nhiều và cảm thấy đau."
Truyền nhiễm,"Tôi bị ngứa dữ dội trên toàn thân, đi kèm với chớp lạnh và nôn. Tôi có sốt rất cao và đổ mồ hôi quá mức. Tôi cũng bị đau đầu và buồn nôn. Hàm cơ tôi rất đau."
Truyền nhiễm,"Tôi bị ngứa, chớp lạnh và nôn nặng, có sốt cao, đổ mồ hôi nhiều, cũng buồn nôn và đau đầu, cơ bắp của tôi rất khó chịu."
Truyền nhiễm,"Cùng với sự ngứa gắt, chớp lạnh và buồn nôn, tôi đã trải qua. Tôi đã đổ mồ hôi nặng và bị sốt rất cao. Tôi cảm thấy buồn nôn và cũng bị đau đầu. Tôi thực sự đau cơ."
Truyền nhiễm,"Tôi bị ngứa, chớp lạnh và nôn nặng, có sốt cao, đổ mồ hôi nhiều, cũng buồn nôn và đau đầu, cơ bắp của tôi rất khó chịu."
Truyền nhiễm,"Tôi bị ngứa cơ thể nặng, cùng với cảm lạnh và buồn nôn. Tôi đổ mồ hôi nhiều và bị sốt cực cao. Tôi bị đau bụng và đau đầu. Hàm cơ tôi đau rất nhiều."
Truyền nhiễm,"Tôi bị ngứa, chớp lạnh, nôn và sốt cao, tôi cũng đổ mồ hôi nhiều và đau đầu, buồn nôn và đau cơ cũng làm tôi khó chịu."
Truyền nhiễm,"Tôi bị sốt cao, ngứa, chớp lạnh và nôn, cũng bị đau đầu và đổ mồ hôi nhiều, cũng bị buồn nôn và đau cơ bắp."
Truyền nhiễm,"Tôi bị nồng độ cao, nôn, chớp lạnh, ngứa dữ dội, ngơ ngơ, đau đầu, buồn nôn và đau cơ bắp."
Truyền nhiễm,"Chứng ngứa, chớp lạnh, buồn nôn và sốt cao đều là một phần của tình trạng hiện tại của tôi."
Truyền nhiễm,"Tôi bị sốt cao, chớp lạnh, ngứa nặng, đau đầu, đổ mồ hôi nhiều, buồn nôn và đau cơ bắp."
Truyền nhiễm,"Tôi bị sốt cao, ngứa, chớp lạnh và nôn, cũng bị đau đầu và đổ mồ hôi nhiều, cũng bị buồn nôn và đau cơ bắp."
Truyền nhiễm,"Tôi bị nồng độ cao, nôn, chớp lạnh, ngứa dữ dội, ngơ ngơ, đau đầu, buồn nôn và đau cơ bắp."
Truyền nhiễm,"Tôi bị ngứa, chớp lạnh, nôn và sốt cao, ngơ quá mức, đau đầu, buồn nôn và đau cơ bắp cũng gây khó chịu."
Truyền nhiễm,"Tôi bị nồng độ cao, nôn, chớp lạnh, ngứa dữ dội, cũng bị đau đầu và đổ mồ hôi nhiều, cũng bị buồn nôn và đau cơ."
Truyền nhiễm,"Tôi bị ngứa, chớp lạnh, buồn nôn và nhiệt độ cao, ngoài đau đầu, tôi cũng đổ mồ hôi rất nhiều, cũng bị buồn nôn và đau cơ bắp."
Truyền nhiễm,"Ngoài sự gào xước, chớp lạnh, buồn nôn và sốt cao, tôi cũng cảm thấy rất không khỏe. Tôi bị đau đầu và đổ mồ hôi rất nhiều. Tôi cũng cảm thấy khó chịu vì buồn nôn và đau cơ."
Truyền nhiễm,"Tôi bị sốt cao, chớp lạnh, ngứa dữ dội, đau đầu, đổ mồ hôi nhiều, buồn nôn và đau cơ bắp."
Truyền nhiễm,"Tôi bị nồng độ cao, nôn, chớp lạnh, ngứa dữ dội, cũng bị đau đầu và đổ mồ hôi nhiều, cũng bị buồn nôn và đau cơ."
Truyền nhiễm,"Tôi bị ngứa, chớp lạnh, nôn và sốt cao, tôi đổ mồ hôi nhiều và đau đầu, buồn nôn và đau cơ khiến tôi cảm thấy đau khổ."
Truyền nhiễm,"Tôi đã trải qua rất nhiều vết rác, ch chém, nôn nôn, và sốt. Tôi cũng bị đau đầu và đổ mồ hôi rất nhiều. Tôi đã kinh hoàng với buồn nôn và đau cơ bắp."
Truyền nhiễm,"Tôi bị ngứa, chớp lạnh, buồn nôn, và sốt cao, ngoài đau đầu, tôi cũng đổ mồ hôi rất nhiều, tôi bị buồn nôn và đau cơ."
Truyền nhiễm,"Tôi bị sốt cao, chớp lạnh, ngứa nặng, đau đầu và đổ mồ hôi quá mức, tôi bị buồn nôn và đau cơ."
Truyền nhiễm,"Tôi bị sốt cao, chớp lạnh, ngứa nặng, ngoài ra, tôi bị đau đầu và đổ mồ hôi nhiều."
Truyền nhiễm,"Tôi bị ngứa, chớp lạnh, nôn và sốt cao, ngơ và đau đầu, buồn nôn và đau cơ gây ra nhiều khó chịu."
Truyền nhiễm,"Tôi bị nồng độ cao, nôn, chớp lạnh, ngứa dữ dội, cũng bị đau đầu và đổ mồ hôi nhiều."
Truyền nhiễm,"Tôi bị ngứa, chớp lạnh, buồn nôn và nhiệt độ cao, ngoài đau đầu, tôi cũng đổ mồ hôi rất nhiều, đau cơ nặng và buồn nôn."
Truyền nhiễm,"Ngoài sự gào xước, chớp lạnh, buồn nôn và sốt cao, tôi cũng cảm thấy rất không khỏe, đau đầu và đổ mồ hôi quá mức, tôi cũng bị đau cơ nặng và buồn nôn."
Truyền nhiễm,"Tôi bị sốt cao, chớp lạnh, ngứa dữ dội, ngoài ra, tôi bị đau đầu và đổ mồ hôi nhiều, tôi bị đau đớn bởi đau cơ bắp và buồn nôn."
Truyền nhiễm,"Tôi bị ngứa, chớp lạnh, nôn và sốt cao, ngơ quá mức, đau đầu, buồn nôn và đau cơ cũng làm tôi khó chịu."
Truyền nhiễm,"Tôi bị nứt gàng, chớp lạnh, nôn và sốt, cũng đau đầu và đổ mồ hôi nhiều, cũng bị buồn nôn và đau cơ bắp."
Truyền nhiễm,"Tôi bị ngứa, chớp lạnh, buồn nôn và sốt cao, ngoài đau đầu, tôi cũng đổ mồ hôi rất nhiều, cũng bị buồn nôn và đau cơ bắp."
Truyền nhiễm,"Tôi bị sốt cao, chớp lạnh, ngứa nặng, đau đầu và đổ mồ hôi nhiều, bị buồn nôn cũng như đau cơ bắp."
Truyền nhiễm,"Tôi bị ngứa, chớp lạnh, nôn và sốt cao, ngoài ra tôi bị đau đầu và đổ mồ hôi nhiều, cũng bị buồn nôn và đau cơ bắp."
Truyền nhiễm,"Tôi bị ngứa, chớp lạnh, nôn và sốt cao, tôi cũng đổ mồ hôi nhiều và đau đầu, buồn nôn và đau cơ cũng gây khó chịu."
Truyền nhiễm,"Tôi bị sốt cao, ngứa, chớp lạnh và nôn, cũng bị đau đầu và đổ mồ hôi nhiều, cũng bị buồn nôn và đau cơ."
Truyền nhiễm,"Tôi bị sốt cao, ngứa, chớp lạnh và nôn, ngoài ra, tôi đổ mồ hôi nhiều và đau đầu, cũng bị buồn nôn và đau cơ bắp."
Truyền nhiễm,"Chứa ngứa mạnh, chớp lạnh, buồn nôn và sốt cao đều là một phần của tình trạng hiện tại của tôi. Ngoài đau đầu, tôi cũng đổ mồ hôi rất nhiều."
Truyền nhiễm,"Chứng ngứa, chớp lạnh, buồn nôn và sốt cao là một phần của tình trạng hiện tại của tôi."
Truyền nhiễm,"Tôi bị sốt cao, ngứa, chớp lạnh và nôn, cũng bị đau đầu và đổ mồ hôi nhiều, cũng bị buồn nôn và đau cơ."
Truyền nhiễm,"Tôi bị ngứa, chớp lạnh, nôn và sốt cao, ngơ và đau đầu, buồn nôn và đau cơ khiến tôi cảm thấy đau khổ."
Truyền nhiễm,"Tôi bị nếp nhăn, chớp lạnh, buồn nôn và nhiệt độ cao, cũng đau đầu và đổ mồ hôi rất nhiều, tôi bị buồn nôn và đau cơ."
Truyền nhiễm,"Ngoài sốt cao, tôi cũng bị cảm lạnh, nôn nôn và ngứa nặng, ngoài đau đầu, tôi cũng đổ mồ hôi rất nhiều, buồn nôn và đau cơ."
Truyền nhiễm,"Cùng với sốt cao, tôi bị chớp lạnh, nôn nôn và ngứa nặng, cùng với đau đầu và đổ mồ hôi quá mức, tôi cảm thấy buồn nôn và đau cơ."
Truyền nhiễm,"Tôi bị ngứa, chớp lạnh, nôn và sốt cao, ngơ quá mức và đau đầu, buồn nôn và đau cơ cũng gây ra nhiều khó chịu."
Tiết niệu,"Tăng lực thường xuyên để đi tiểu với lượng ít, đau khi đi tiểu, nước tiểu có mây hoặc máu, nước tiểu mạnh hoặc có mùi xấu, đau vùng xương chậu, sốt thấp, buồn nôn và nôn"
Tiết niệu,Tôi thường xuyên muốn đi tiểu vào ban đêm với ít sản lượng và rất nhiều đau khi đi tiểu.
Tiết niệu,"Tôi có cảm giác cháy khi đi tiểu, đôi khi rất đau và mùi nước tiểu xấu."
Tiết niệu,"Tôi đã bị máu trong nước tiểu, đôi khi tôi buồn nôn khi đi tiểu."
Tiết niệu,"Bị nước tiểu của tôi trông có mây và có mùi bão và mùi xấu. Tôi thường có sự thôi thúc để đi tiểu vào ban đêm, và đã có nhiệt độ cao kể từ khi các triệu chứng này tăng lên cho thấy"
Tiết niệu,"Tôi bị đau bụng, thường bị sốt, có những cơn khát và muốn đi tiểu đột ngột."
Tiết niệu,"Tôi thường bị thôi thúc nước tiểu đột ngột, đôi khi nước tiểu của tôi có máu và mùi rất khó chịu. Tôi nghĩ tôi bị nhiễm trùng, tôi phải làm gì?"
Tiết niệu,Tôi có máu trong nước tiểu đôi khi và đôi khi tôi bị buồn nôn vì đi tiểu.
Tiết niệu,"Tôi bị đau bụng dưới, và cảm giác chém trong nước tiểu. Tôi cũng bị nhiệt độ thấp kể từ khi bắt đầu bị các triệu chứng khác. Tôi đã yếu vì điều này."
Tiết niệu,"Tôi có máu trong nước tiểu và tôi bị sốt thấp, đầu tôi đau gần như mọi lúc và tôi có những mong muốn không thể kiểm soát được rất mạnh để đi tiểu. Tôi cũng bị đau lưng dưới."
Tiết niệu,"Tôi đã có nhiệt độ thấp và nước tiểu máu từ vài ngày nay, đầu tôi đau như điên và nước tiểu cũng mùi rất xấu, tôi gần như không kiểm soát được nước tiểu của tôi và có những mong muốn rất đột ngột"
Tiết niệu,Tôi bị đau gần vùng xương chậu và nôn rất nhiều. Đôi khi có máu trong nước tiểu và có mùi rất xấu trong nước tiểu. Đôi khi tôi bị ngứa và gặp khó khăn trong giấc ngủ do điều này.
Tiết niệu,"Tôi phải đi vệ sinh liên tục để tự cứu mình, nhưng dường như không thể làm trống bàng quang của tôi. Tôi có những mong muốn rất mạnh mẽ và không thể kiểm soát được để đi tiểu và đôi khi có thể bị đen tối hoặc máu đi tiểu"
Tiết niệu,Tôi có một số cơn sốt rất thấp và mùi nước tiểu rất xấu. Khu vực gần thận tôi đau rất nhiều và tôi dường như không thể giữ nước tiểu của tôi. Tôi thường có những mong muốn không kiểm soát được
Tiết niệu,"Tôi phải đi vệ sinh mọi lúc, nhưng lượng nước tiểu rất thấp, thường chỉ vài giọt."
Tiết niệu,Bôi của tôi là tối và thường máu và thường có mùi rất khó hiểu. Tôi đã có biến động nhiệt độ khá thường xuyên và thường không thể ngủ vào ban đêm vì điều này
Tiết niệu,Tôi đã bị đau ở bàng quang và đã bị 
Tiết niệu,"Tôi đã đi tiểu với máu trong đó, đôi khi tôi cảm thấy buồn nôn khi đi tiểu, thường gần như cũng bị sốt cùng lúc."
Tiết niệu,"Khi những triệu chứng này bắt đầu xuất hiện, tôi thường xuyên cảm thấy muốn đi tiểu vào ban đêm và cảm thấy nhiệt độ cao"
Tiết niệu,"Tôi bị đau bụng, thường bị nhiệt độ, cảm thấy muốn đi tiểu đột ngột, rất nóng bỏng, khó chịu gần như luôn luôn ở đó và thường trở nên tồi tệ hơn vào ban đêm, nước tiểu của tôi hầu như luôn mùi xấu."
Tiết niệu,"Tôi đã trải qua những cơn thèm muốn đi tiểu thường xuyên, mạnh mẽ, đột ngột đôi khi tôi có máu trong nước tiểu và nó mùi khủng khiếp. Tôi nên làm gì nếu tôi nghĩ mình bị nhiễm trùng?"
Tiết niệu,Tôi thỉnh thoảng đi tiểu với máu trong đó và thỉnh thoảng cảm thấy buồn nôn khi làm như vậy.
Tiết niệu,"Tôi bị đau bụng dưới và cảm giác bùng nổ khi đi tiểu. Kể từ khi bắt đầu trải nghiệm những triệu chứng bổ sung này, tôi cũng đã trải qua nhiệt độ cơ thể thấp."
Tiết niệu,"Tôi bị nhiệt độ nhẹ và nước tiểu máu. Đầu tôi đau gần như liên tục, và tôi thường gặp những ham muốn đi tiểu."
Tiết niệu,"Từ vài ngày trước, tôi bị nhiệt độ thấp và nước tiểu máu. Đầu tôi đau nặng, nước tiểu tôi mùi khủng khiếp. Tôi khó kiểm soát khi nước tiểu, và xung đột xuất hiện đột ngột."
Tiết niệu,"Tôi thường nôn và bị khó chịu ở vùng xương chậu, đôi khi nước tiểu của tôi có mùi khó chịu, đôi khi có máu, đôi khi tôi có vấn đề ngủ vì đau đầu."
Tiết niệu,"Tôi thường đi vệ sinh để tự giải tỏa, nhưng dường như không thể làm trống bàng quang, đôi khi tôi bị ham muốn đi tiểu, cũng như nước tiểu màu đen hoặc đỏ."
Tiết niệu,"Tôi đã trải qua một tâm trạng rất thấp và mùi nước tiểu rất tồi tệ. Tôi dường như không thể giữ nước tiểu của mình lại, và khu vực gần thận của tôi đau rất nhiều. Tôi thường gặp những ham muốn vô lý này."
Tiết niệu,"Tôi thường đi vệ sinh, nhưng thường chỉ có vài giọt nước tiểu, dạ dày đau rất nhiều và tôi dường như không thể kiểm soát được ham muốn đi tiểu."
Tiết niệu,"Phổi nước tiểu thường đen, đỏ và có mùi lạ. Tôi thường xuyên bị biến đổi nhiệt độ, thường khiến tôi không ngủ được vào ban đêm."
Tiết niệu,"Tôi thường thấy máu trong khi đi tiểu, đôi khi tôi buồn nôn khi đi tiểu, thường cảm thấy như tôi gần như bị sốt."
Tiết niệu,"Tôi có mùi nước tiểu mạnh mẽ và có vẻ mây, và tôi có nhiệt độ cao và muốn đi tiểu thường xuyên vào ban đêm kể từ khi những triệu chứng này xuất hiện."
Tiết niệu,"Tôi thường xuyên, mạnh mẽ, đột ngột muốn đi tiểu, đôi khi tôi đi tiểu với máu trong đó, và mùi hương là khủng khiếp. Tôi nên làm gì nếu tôi nghĩ mình bị nhiễm trùng?"
Tiết niệu,Đôi khi tôi đi tiểu trong máu và buồn nôn nhẹ. Tôi cũng thỉnh thoảng cảm thấy nhiệt độ cao ban đêm và mùi nước tiểu khủng khiếp.
Tiết niệu,"Tôi bị đau bụng dưới, và khi đi tiểu, cảm giác như nó đang nổ ra. Tôi đã có nhiệt độ cơ thể thấp kể từ khi bắt đầu có những triệu chứng mới này. Do đó, tôi đã yếu."
Tiết niệu,"Tôi có máu trong nước tiểu, và nhiệt độ cơ thể thấp, tôi có đau đầu gần như liên tục và thường cần đi tiểu mạnh mẽ, không thể kiểm soát được."
Tiết niệu,"Tôi đã có nồng độ thấp và nước tiểu đẫm máu trong bốn ngày qua, nước tiểu của tôi mùi khủng khiếp, và đầu tôi đau như một cái chết, tôi hầu như không kiểm soát được khi tôi đi tiểu, và sự thúc giục tấn công mà không cần cảnh báo."
Tiết niệu,"Tôi thường nôn và bị đau xương chậu. Đôi khi nước tiểu của tôi có máu, đôi khi nó có mùi vô cùng khó chịu. Đôi khi tôi gặp khó khăn trong việc ngủ vì đau nửa đầu."
Tiết niệu,"Tôi cần phải tự giải tỏa mình thường xuyên, nhưng dường như không thể làm cho bàng quang của tôi trống rỗng. Đôi khi, tôi có những cảm giác khó kiểm soát, mạnh mẽ để đi tiểu, cùng với nước tiểu đen hoặc đỏ."
Tiết niệu,"Tôi cảm thấy rất yếu, nước tiểu của tôi mùi khốc liệt, vùng thận của tôi đau rất nhiều, và tôi không thể giữ nước tiểu. Tôi luôn có những cảm giác khó hiểu."
Tiết niệu,Tôi thường đi vệ sinh nhưng thường chỉ có vài giọt nước tiểu ra. Tôi bị đau dạ dày nặng và muốn đi tiểu quá nhiều.
Tiết niệu,"Phổi nước tiểu của tôi thường có mùi kỳ lạ, màu đỏ hoặc đen, và cả hai. Nhiệt độ cơ thể của tôi thường dao động, điều này thường khiến tôi tỉnh táo vào ban đêm."
Tiết niệu,"Tôi nhận thấy máu trong khi đi tiểu, đôi khi tôi cảm thấy ốm khi đi tiểu, thường cảm thấy như thể tôi bị sốt."
Tiết niệu,"Khi những triệu chứng này bắt đầu, tôi bị nhiệt độ cao và thường xuyên muốn đi tiểu vào ban đêm."
Tiết niệu,Tôi thỉnh thoảng đi tiểu với máu trong đó và cảm thấy hơi buồn bã.
Tiết niệu,"Tôi bị đau bụng dưới và cảm giác như nó có thể nổ ra khi tôi đi tiểu. Kể từ khi tôi bắt đầu trải nghiệm những triệu chứng mới này, nhiệt độ cơ thể tôi đã liên tục thấp. Đó là lý do tại sao tôi yếu."
Tiết niệu,"Trong bốn ngày qua, tôi đã trải qua nhiệt độ thấp và máu trong nước tiểu, đầu tôi đau quá nhiều và nước tiểu tôi mùi khủng khiếp, những ham muốn đi tiểu hiếm khi xuất hiện, và tôi hầu như không bao giờ có bất kỳ kiểm soát nào về khi nào chúng xảy ra."
Tiết niệu,Thường thì nước tiểu của tôi có mùi kỳ lạ và có màu đỏ hoặc đen hoặc cả hai.
Tiết niệu,Tôi có sốt và thường xuyên đi tiểu qua đêm kể từ khi những triệu chứng này bắt đầu.
Tiết niệu,"Tôi đã có nhiệt độ thấp và máu trong nước tiểu trong ba ngày qua. nước tiểu của tôi mùi khủng khiếp, và đầu tôi đau quá nhiều."
Dị ứng - Miễn dịch,"Tôi có mũi chảy và tôi luôn kháy, mắt tôi ngứa và thường chảy nước, và tôi luôn ho."
Dị ứng - Miễn dịch,Tôi bị đau cổ họng và kháy liên tục. Đôi khi tôi bị sưng trên khuôn mặt như môi và gần mắt. Tôi chỉ không thể ngừng kháy một khi tôi bắt đầu kháy
Dị ứng - Miễn dịch,"Tôi bị khó thở và khó thở, ho không kiểm soát được, mắt ngứa, mặt và các bộ phận khác của cơ thể bị sưng"
Dị ứng - Miễn dịch,Tôi bị tắc nghẽn mũi và bị mũi bị tắc nghẽn. Đôi khi vào ban đêm tôi bị đau ngực và bị ngắt ngực. Tôi cũng mất đi giác quan ngửi và nếm mùi
Dị ứng - Miễn dịch,"Tôi bị hen suyễn, khó thở, thường bị sốt, đau đầu, cảm thấy mệt mỏi."
Dị ứng - Miễn dịch,"Tôi luôn mệt mỏi, cảm thấy mất hương vị và đau cổ họng, cũng bị sốt và thường bị đau cơ bắp, đôi khi toàn bộ cơ thể tôi chỉ bị núng."
Dị ứng - Miễn dịch,"Tôi bị mất thèm ăn, khó nuốt thức ăn, đau cổ họng và chảy mũi."
Dị ứng - Miễn dịch,"Tôi luôn mệt mỏi, có cảm giác ngứa trong cổ họng, da cũng bị vùi, đôi khi mắt bị phồng và đôi khi cũng bị phồng."
Dị ứng - Miễn dịch,"Tôi bị nấm dạ dày, buồn nôn và tiêu chảy, cổ họng bị sưng và khó thở, đôi khi vào ban đêm tôi bị đau ngực và buồn nôn."
Dị ứng - Miễn dịch,Tôi có ngứa và da đỏ. Đôi khi chúng làm cho tôi bị nhăn nhăn. khuôn mặt và môi của tôi thổi phồng và gây ra rất nhiều khó chịu. đôi khi tôi có mắt nước mắt và đầu khi thổi phồng trở nên nặng
Dị ứng - Miễn dịch,"Tôi thường kháy và chảy mũi, mắt bị nếp nhăn và chảy thường xuyên, ho thường xuyên, đầu tôi liên tục đau."
Dị ứng - Miễn dịch,"Tôi thường kháy và bị đau cổ họng, đôi khi môi và vùng xung quanh mắt của tôi bị sưng, một khi kháy, tôi không thể dừng lại."
Dị ứng - Miễn dịch,"Tôi khó thở và thở khó, ho khô, ngứa mắt và sưng trên cả mặt và cơ thể."
Dị ứng - Miễn dịch,"Tôi bị ngắt mũi và bị tắc nghẽn mũi, đôi khi bị cứng và ngực khó chịu vào ban đêm, tôi cũng mất khả năng nếm và ngửi."
Dị ứng - Miễn dịch,"Tôi bị chứng suyễn, chẳng hạn như khó thở và thở, thường bị đau đầu và sốt, tôi luôn cảm thấy mệt mỏi."
Dị ứng - Miễn dịch,"Tôi luôn cảm thấy mệt mỏi, có mùi vị xấu, cổ họng rất xước, đau cơ bắp và nóng."
Dị ứng - Miễn dịch,"Tôi đang mất thèm ăn, cũng bị khó nuốt, mũi chảy và cổ họng đau."
Dị ứng - Miễn dịch,"Tôi luôn mệt mỏi và bị nháy cổ, da tôi cũng khô, đôi khi mắt tôi bị sưng."
Dị ứng - Miễn dịch,"Tôi cảm thấy buồn nôn, buồn nôn, chóng mặt, cổ họng bị sưng và khó thở, đôi khi ngực khó chịu và buồn nôn vào ban đêm."
Dị ứng - Miễn dịch,"Da tôi đỏ và xước, đôi khi chúng có thể mờ, đôi mặt và môi của tôi bùng phát, điều này thật sự khó chịu, đôi khi tôi bị đau đầu và mắt chảy vì hơi thổi phồng."
Dị ứng - Miễn dịch,"Tôi thường kháy, mũi chảy, ho liên tục, mắt đau và nước chảy, đầu tôi luôn đau."
Dị ứng - Miễn dịch,"Tôi bị đau cổ họng và thường kháy, đôi khi da quanh mắt và môi của tôi bốc lên, tôi chỉ không thể ngừng kháy một khi tôi bắt đầu."
Dị ứng - Miễn dịch,"Tôi bị khó thở, ngực và mặt bị sưng, mắt ngứa, và ho khô."
Dị ứng - Miễn dịch,"Tôi bị tắc nghẽn mũi và bị tắc nghẽn mũi, đôi khi trong đêm, tôi bị cứng, đau ngực, và tôi cũng mất cảm giác hương vị và mùi."
Dị ứng - Miễn dịch,"Tôi bị khó thở và thở khô, đây là triệu chứng của bệnh hen suyễn. Tôi thường bị sốt và đau đầu. Tôi liên tục cảm thấy mệt mỏi."
Dị ứng - Miễn dịch,"Tôi luôn cảm thấy mệt mỏi, có hương vị khó chịu trong miệng, và có ngứa cổ họng."
Dị ứng - Miễn dịch,"Ngoài việc mất thèm ăn, tôi cũng bị ngâm, đau cổ họng và mũi chảy."
Dị ứng - Miễn dịch,"Tôi luôn cảm thấy mệt mỏi, cổ họng tôi bị gầm gầm, da tôi cũng bắt đầu khô và đôi khi mắt tôi bị sưng."
Dị ứng - Miễn dịch,"Tôi chóng mặt, buồn nôn, rúng động, khó thở vì cổ họng bị sưng, đôi khi cả đêm ngực đau và tôi cảm thấy đau."
Dị ứng - Miễn dịch,"Da tôi bị kích thích và viêm, đôi khi chúng có thể mờ, môi và má tôi mở rộng, và thật khó chịu."
Dị ứng - Miễn dịch,"Tôi có mũi chạy, kháy nhiều, mắt ướt và đau, ho thường xuyên, đầu tôi đau liên tục."
Dị ứng - Miễn dịch,"Tôi kháy nhiều và bị đau cổ họng, đôi khi môi và da xung quanh mắt của tôi sẽ bốc lên."
Dị ứng - Miễn dịch,"Tôi bị khó thở và dễ bị mất hơi thở, mắt đau, ho khô và bị nở lên mặt và cơ thể."
Dị ứng - Miễn dịch,"Tôi bị ngắt mũi và bị tắc nghẽn mũi, đôi khi bị cứng và ngực khó chịu vào ban đêm, tôi cũng mất khả năng ngửi và nếm."
Dị ứng - Miễn dịch,"Tôi bị thở khó khăn và thở khó, đó là triệu chứng bệnh hen suyễn, tôi thường bị đau đầu và sốt, tôi liên tục mệt mỏi."
Dị ứng - Miễn dịch,"Tôi luôn cảm thấy mệt mỏi, miệng tôi bị mùi vị xấu, cổ họng tôi ngứa rất nhiều, cơ bắp tôi cũng nóng và đau."
Dị ứng - Miễn dịch,"Tôi đang mất thèm ăn và khó nuốt, mũi tôi đang chảy, và tôi bị đau cổ họng."
Dị ứng - Miễn dịch,"Tôi luôn bị ngứa cổ và cảm thấy mệt mỏi, da tôi cũng bắt đầu khô và đôi khi bị viêm mắt."
Dị ứng - Miễn dịch,"Tôi cảm thấy buồn nôn, bệnh tật, và rắc rối. cổ họng tôi lớn và khiến tôi khó thở. Đôi khi ngực tôi đau suốt đêm, và đôi khi tôi cảm thấy đau."
Dị ứng - Miễn dịch,"Da tôi bị sưng và ngứa, đôi khi chúng có thể bị mờ, rất đau khi da và mái của tôi bị sưng, đôi khi tôi bị đau đầu và mắt nước chảy vì hơi sưng."
Dị ứng - Miễn dịch,"Tôi ngáy nhiều, mũi chảy, mắt đau, ướt, thường xuyên nháy, đầu tôi luôn đau."
Dị ứng - Miễn dịch,"Tôi bị đau cổ họng và kháy nhiều, đôi khi da quanh mắt và môi của tôi bùng phát, tôi thấy rằng một khi tôi bắt đầu, tôi không thể dừng lại."
Dị ứng - Miễn dịch,"Tôi khó thở và dễ bị mất hơi thở, mặt và thân bị sưng, mắt đau, và ho khô và ngắt."
Dị ứng - Miễn dịch,"Tôi bị tắc nghẽn mũi và bị tắc nghẽn mũi, đôi khi, trong đêm, tôi bị cứng và đau ngực, tôi cũng mất đi giác quan hương vị và mùi vị."
Dị ứng - Miễn dịch,"Tôi bị khó thở và thở khô, đó là triệu chứng bệnh hen suyễn. Tôi thường xuyên bị sốt và đau đầu. Tôi luôn mệt mỏi."
Dị ứng - Miễn dịch,"Tôi thường bị mệt mỏi, miệng tôi có mùi vị tồi tệ, cổ họng tôi ngứa, cơ bắp tôi cũng bị cháy và không thoải mái."
Dị ứng - Miễn dịch,"Thức thèm ăn của tôi đã giảm, và tôi đang có vấn đề nuốt, tôi bị đau cổ họng, và mũi tôi đang chảy."
Dị ứng - Miễn dịch,"Thân tôi luôn nếp nhăn, tôi mệt mỏi, da tôi cũng bắt đầu khô và đôi khi bị viêm mắt."
Dị ứng - Miễn dịch,"Tôi buồn nôn, bị bệnh, rúng động, có cổ họng rất lớn khiến tôi khó thở, đôi khi ngực đau vào ban đêm và đôi khi bị bệnh."
Dị ứng - Miễn dịch,"Da tôi ngứa và sưng, đôi khi chúng có thể bị mờ, môi và má bị sưng rất đau, hơi bốc đôi khi làm tôi đau đầu và mắt chảy."
Tiêu hóa,Tôi thường có cảm giác khó chịu trong cổ họng trong khi và đặc biệt là sau khi ăn.
Tiêu hóa,"Tôi bị đau dạ dày và khó tiêu hóa. Tôi thường nôn bất cứ thứ gì tôi ăn và khó nuốt thức ăn, vì thức ăn bị kẹt trong cổ họng tôi. Tôi bị đau bụng nặng."
Tiêu hóa,"Tôi thường nháy nháy và thổi nháy, đau ngực thường xuyên phát ra ở lưng cổ, hàm và cánh tay, tôi cảm thấy bị căng thẳng và áp lực trên ngực."
Tiêu hóa,"Tôi có một hương vị chua mặn trong miệng, ngay cả khi tôi không ăn bất cứ thứ gì axit. Tôi thường bị ngứa và cảm giác nứt trong cổ họng."
Tiêu hóa,"Tôi có hơi thở xấu và mùi vị chua trong miệng, đôi khi khó nuốt thức ăn vì cảm giác nháy nháy trong cổ họng."
Tiêu hóa,"Tôi thường bị đau dạ dày và khó tiêu hóa, đặc biệt là ăn những thực phẩm cay hoặc chất béo. Tôi bị đau ngực nặng hơn khi nằm xuống hoặc cúi xuống."
Tiêu hóa,"Tôi thường bị mất thèm ăn và khó nuốt. Tôi thường thường cảm thấy ốm, ngay cả sau khi ăn những bữa ăn nhỏ."
Tiêu hóa,"Tôi bị đau cổ họng hoặc bị nháy, đặc biệt là vào buổi sáng. Tôi bị đau cổ họng và hơi thở khó chịu. Tôi cũng thường nháy"
Tiêu hóa,Tôi có cảm giác thức ăn hoặc axit quay lại cổ họng tôi có đau ngực trở nên tồi tệ hơn nếu tôi nằm xuống tôi có đau dạ dày thường xuyên hoặc khó tiêu hóa sau khi ăn thức ăn và nôn nó ra
Tiêu hóa,Tôi cảm thấy khó chịu sau khi ăn và thường nôn bất cứ thứ gì tôi đã ăn. Tôi luôn có cơn đau ở bụng và bị trào ngược axit rất tồi
Tiêu hóa,"Thường thì cổ họng tôi bị cháy, đặc biệt là sau khi ăn."
Tiêu hóa,"Tôi bị tiêu hóa và đau dạ dày, thường nôn hết mọi thứ tôi ăn, và tôi gặp khó khăn trong việc nuốt thức ăn vì nó bị mắc kẹt trong cổ họng."
Tiêu hóa,"Tôi thường xuyên nháy và nháy nháy, thường bị khó chịu ngực, kéo dài đến cổ, hàm và cánh tay, và bị áp lực và căng thẳng trong ngực."
Tiêu hóa,"Ngay cả khi tôi không có gì axit trong dạ dày, tôi luôn có một hương vị chua trong miệng."
Tiêu hóa,"Tôi luôn có hơi thở xấu và mùi vị chua trong miệng, và đôi khi, nháy nháy trong cổ họng khiến tôi khó nuốt thức ăn."
Tiêu hóa,"Tôi thường bị đau dạ dày và khó tiêu hóa, đặc biệt là sau khi ăn những loại thực phẩm cay hoặc béo."
Tiêu hóa,"Tôi không muốn ăn, và nuốt là một thách thức. Ngay cả sau khi ăn ít bữa ăn, tôi thường cảm thấy đầy đủ."
Tiêu hóa,"Tôi thường thức dậy đau cổ họng hoặc có giọng cào, cổ họng tôi liên tục đau, hơi thở khó chịu, và thổi phồng thường xuyên."
Tiêu hóa,"Tôi cảm thấy như thể axit hay thức ăn đang đập vào cổ họng tôi. ngực tôi đau, và nằm xuống làm cho nó tồi tệ hơn."
Tiêu hóa,"Sau khi ăn, tôi bị buồn nôn và thường nôn hết mọi thứ tôi đã ăn, tôi luôn bị đau bụng nặng và bị trào ngược axit khủng khiếp."
Tiêu hóa,"Đặc biệt sau khi ăn, cổ họng tôi thường bị cháy, đôi khi tôi cũng bị ngứa hoặc chua, khiến tôi cảm thấy buồn bã."
Tiêu hóa,"Tôi bị đau dạ dày và khó tiêu hóa. Tôi thường nôn mọi thứ tôi ăn, và thức ăn bị kẹt trong cổ họng, khiến tôi khó nuốt."
Tiêu hóa,"Tôi thường bị đau ngực, đau đớn đến cổ, hàm và cánh tay, và ở ngực tôi có áp lực và căng thẳng."
Tiêu hóa,"Tôi luôn có một vị chua trong miệng, ngay cả khi không có gì axit trong dạ dày. Tôi thường bị ngứa và có một khối ở cổ họng."
Tiêu hóa,"Tôi thường xuyên thấy khó nuốt thức ăn do nháy cổ họng, hơi thở khó chịu và mùi vị khó chịu trong miệng."
Tiêu hóa,"Tôi thường bị khó tiêu hóa và bị đau dạ dày, đặc biệt là sau khi ăn những món ngon hoặc chất béo."
Tiêu hóa,"Tôi không có tâm trạng ăn, và nuốt khó. Tôi thường có cảm giác ấp đầy kéo dài ngay cả sau khi ăn ít."
Tiêu hóa,"Tôi thường bị nếp nhăn hoặc đau cổ họng khi thức dậy, hơi thở khó chịu và đau cổ họng liên tục, tôi cũng nôn rất nhiều."
Tiêu hóa,"Tôi cảm thấy như thức ăn hay axit đang lùi lại, nằm xuống chỉ làm cho đau ngực của tôi thêm, tôi thường bị đau dạ dày hoặc khó tiêu hóa sau khi ăn và nôn."
Tiêu hóa,"Tôi thường cảm thấy ốm khi ăn và nôn hết bữa ăn, tôi liên tục bị trào ngược axit và đau dạ dày nặng."
Tiêu hóa,"Thường thì cổ họng tôi bị cháy, đặc biệt là sau khi ăn."
Tiêu hóa,"Tôi bị tiêu hóa và đau dạ dày, thường nôn hết mọi thứ tôi ăn, và tôi khó nuốt vì thức ăn bị mắc kẹt trong cổ họng."
Tiêu hóa,"Tôi thường nháy và nháy nháy, thường bị đau ngực, kéo dài đến cánh tay, hàm và cổ."
Tiêu hóa,"Ngay cả khi tôi không có bất cứ chất axit nào trong dạ dày, tôi luôn có một hương vị chua trong miệng."
Tiêu hóa,"Đôi khi, nháy cổ họng, hơi thở khó chịu và mùi vị khó chịu khiến tôi khó nuốt thức ăn."
Tiêu hóa,"Tôi thường bị đau dạ dày và khó tiêu hóa, đặc biệt là sau khi ăn những loại thực phẩm cay hoặc béo. Khi tôi ngửa về phía trước hoặc nằm xuống, tình trạng khó chịu ngực của tôi trở nên tồi tệ hơn."
Tiêu hóa,"Tôi không muốn ăn, và nuốt là một thách thức. Ngay cả sau khi ăn ít, tôi thường cảm thấy đầy đủ."
Tiêu hóa,"Tôi thường thức dậy với giọng nói nhăn nhăn hoặc đau cổ họng, cổ họng tôi liên tục bị kích thích, hơi thở khủng khiếp, thường nôn."
Tiêu hóa,"Tôi cảm thấy như thức ăn hoặc axit đang trở lại cổ họng tôi. Khác cảm ngực của tôi chỉ trở nên tồi tệ hơn khi tôi nằm xuống. Sau khi ăn, tôi thường bị đau dạ dày hoặc khó tiêu hóa và nôn."
Tiêu hóa,"Sau khi ăn, tôi thường cảm thấy không khỏe và ngửa hết bữa ăn."
Tiêu hóa,"Đặc biệt sau khi ăn, cổ họng tôi thường bị cháy, đôi khi tôi có một vị đắng hoặc chua khiến tôi cảm thấy buồn bã."
Tiêu hóa,"Tôi bị đau dạ dày và khó tiêu hóa. Tôi thường nôn hết mọi thứ tôi ăn, và tôi khó nuốt vì thức ăn bị kẹt trong cổ họng. Tôi bị đau bụng."
Tiêu hóa,"Tôi thường xuyên nháy nháy và nháy nháy, thường bị khó chịu ngực, phát ra đến cánh tay, hàm và cổ, ngực bị căng thẳng và căng thẳng."
Tiêu hóa,"Tôi luôn có một hương vị chua trong miệng, ngay cả khi tôi không có bất cứ thứ gì axit trong dạ dày. Tôi thường xuyên có hiccups và một nút thắt trong cổ họng."
Tiêu hóa,"Đôi khi tôi gặp khó khăn trong việc nuốt thức ăn vì bị nháy cổ họng, hơi thở khó chịu và mùi vị xấu trong miệng."
Tiêu hóa,"Tôi thường bị khó tiêu hóa và bị cháy dạ dày, đặc biệt là sau khi ăn những loại thực phẩm cay hoặc béo. Vú đau khi ngửa về phía trước hoặc nằm xuống."
Tiêu hóa,"Tôi thường bị bệnh sau khi ăn và nôn hết bữa ăn, tôi liên tục bị đau đớn về trào ngược axit và khó chịu dạ dày."
Tiêu hóa,"Thân tôi thường cảm thấy như là bị cháy, đặc biệt là sau khi ăn."
Tiêu hóa,"Ngay cả khi tôi không có bất cứ chất axit nào trong dạ dày, tôi luôn có một hương vị chua trong miệng."
Tiêu hóa,"Tôi không có tâm trạng ăn, và nuốt khó. Tôi thường có cảm giác ấp đầy kéo dài ngay cả sau khi ăn ít."
Dị ứng - Miễn dịch,"Tôi có một hương vị kim loại trong miệng, và cũng có một cảm giác thay đổi hương vị và mùi vị. Đôi khi có đau khớp và đau cơ rất khó chịu"
Dị ứng - Miễn dịch,"Tôi bị đau đầu và đau nửa đầu, khó ngủ, nhịp cơ và rung động, đôi khi tôi bị sốc."
Dị ứng - Miễn dịch,Tôi bị sốt và cảm thấy chóng mặt và chóng mặt. Tim tôi đập rất nhanh và tôi cảm thấy rất bối rối. Tôi không thể suy nghĩ rõ ràng và mọi thứ cảm thấy rất sương mù.
Dị ứng - Miễn dịch,"Tôi bị phát ban trên da và đôi khi bị lột mờ, khiến tôi dễ bị nhiễm trùng, ngón tay bắt đầu rúng động và đôi khi tôi bị rung động."
Dị ứng - Miễn dịch,Tôi cảm thấy buồn nôn và đau ngực. Gần đây tôi đã trải qua đau ngực. Tôi cảm thấy rất khó chịu và thường đổ mồ hôi rất nhiều
Dị ứng - Miễn dịch,"Tôi bị ngứa trên khắp cơ thể, phát ban ở ngực và lưng, đôi khi da mỏng và thường để lại dấu vết trên cơ thể."
Dị ứng - Miễn dịch,Tôi bị rụng tóc và có sự thay đổi đáng kể về kết cấu tóc. Tôi bị khô và ngứa và bị nôn hơn. Da của tôi cũng đang trở nên khô rất nhiều
Dị ứng - Miễn dịch,Tôi đang trải qua sự giảm bớt trong ham muốn tình dục của tôi và khó khăn để hoạt động tình dục. Tôi cảm thấy rất nhẹ nhàng và bối rối và thường trải nghiệm sương mù não
Dị ứng - Miễn dịch,Tôi có những thay đổi trong chu kỳ kinh nguyệt và sự xuất phát âm đạo bất ngờ.
Dị ứng - Miễn dịch,Tôi đã có kinh nghiệm tăng cân đáng kể và trở nên béo phì rất nhiều.
Dị ứng - Miễn dịch,Tôi gặp khó khăn trong việc duy trì sự tập trung và sự rõ ràng tinh thần rất thấp. Tôi thường quên đi những thứ và nói chung có khó khăn trong việc nhớ những thứ
Dị ứng - Miễn dịch,"Ngoài việc thay đổi hương vị và mùi thơm, tôi cũng có một mùi vị kim loại trong lưỡi."
Dị ứng - Miễn dịch,"Tôi bị đau nửa đầu, đau đầu, khó ngủ, cơ bắp rung, ngập, đôi khi chóng mặt."
Dị ứng - Miễn dịch,"Tôi cảm thấy rất chóng mặt và chóng mặt khi có nhiệt độ, tâm trí tôi hoàn toàn lộn xộn, và tim tôi đang đập vào. Tôi thấy khó nghĩ rõ ràng, và mọi thứ dường như khá mờ nhạt."
Dị ứng - Miễn dịch,"Đôi khi da tôi bị trổ ra khỏi vết phát ban, khiến tôi dễ bị nhiễm trùng hơn, tay tôi bắt đầu run rẩy và đôi khi tôi bị rung."
Dị ứng - Miễn dịch,"Tôi bị buồn nôn và khó chịu ngực nặng, gần đây tôi cũng bị khó chịu ngực, thường rùng mình và cảm thấy rất lo lắng."
Dị ứng - Miễn dịch,"Tôi bị phát ban ở ngực và lưng, ngứa trên toàn cơ thể, đôi khi da mỏng, thường tạo ra dấu vết trên cơ thể."
Dị ứng - Miễn dịch,"Dòng tóc của tôi đã thay đổi đáng kể, và tôi đang bị rụng tóc. da đầu tôi khô và ngứa, và da tràng của tôi đang trở nên tồi tệ hơn. Da của tôi cũng đang trở nên rất khô."
Dị ứng - Miễn dịch,"Tham muốn tình dục của tôi đã giảm, và tôi thấy khó hoạt động tình dục, tôi thường bị sương mù não và cảm thấy chóng mặt và mất phương hướng."
Dị ứng - Miễn dịch,"Chu kỳ kinh nguyệt của tôi đã thay đổi, và tôi bị chảy ra âm đạo bất ngờ."
Dị ứng - Miễn dịch,"Tôi đã tăng cân rất nhiều và bây giờ khá béo, sự thèm ăn của tôi thay đổi, và tôi có những ham muốn cho nhiều thứ khác nhau."
Dị ứng - Miễn dịch,"Tôi gặp khó khăn trong việc tập trung, và trí tuệ của tôi rất yếu, tôi gặp khó khăn trong việc nhớ và thường quên đi."
Dị ứng - Miễn dịch,Ngôn ngữ của tôi cũng có một hương vị kim loại ngoài việc thay đổi hương vị và mùi vị. Đôi khi bị đau cơ và khớp cấp tính
Dị ứng - Miễn dịch,"Tôi bị đau đầu, đau nửa đầu, khó ngủ, cả cơ thể tôi rung động, rung động, đôi khi tôi bị sốc."
Dị ứng - Miễn dịch,"Khi bị sốt, tôi cảm thấy hơi ngốc và ngốc nghếch, tim đập và đầu bị sương mù, khả năng suy nghĩ của tôi bị suy yếu, mọi thứ dường như hơi mờ nhạt."
Dị ứng - Miễn dịch,"Đôi khi, mụn trứng cá làm da của tôi bị trục trặc, do đó, tôi dễ bị bệnh hơn, đôi khi tôi bắt đầu run rẩy và tay tôi bắt đầu run rẩy."
Dị ứng - Miễn dịch,"Gần đây, ngực tôi đau, tôi thường rùng rợn và rất lo lắng."
Dị ứng - Miễn dịch,"Cơ thể tôi ngứa khắp nơi, và tôi bị phát ban ở lưng và ngực. da của tôi đôi khi có thể bị vùi, thường dẫn đến dấu vết trên cơ thể."
Dị ứng - Miễn dịch,"Tôi đang bị rụng tóc, và kết cấu tóc của tôi đã thay đổi đáng kể, nón tóc của tôi đang trở nên tồi tệ hơn, da đầu khô và ngứa, da tôi cũng đang trở nên khá khô."
Dị ứng - Miễn dịch,"Thói quen tình dục của tôi đã giảm dần, và tôi gặp khó khăn khi quan hệ tình dục."
Dị ứng - Miễn dịch,"Tôi nhận thấy sự khác biệt trong chu kỳ kinh nguyệt và một sự ra ngoài âm đạo bất ngờ, tôi trở nên bực bội và tâm trạng của tôi thay đổi rất nhiều."
Dị ứng - Miễn dịch,Tôi đã tăng cân nhiều và bây giờ tôi rất béo phì. Tôi có những ham muốn và sự thèm ăn khác nhau.
Dị ứng - Miễn dịch,"Tôi có tinh thần rất rõ ràng và khó tập trung, thường quên đi và khó nhớ."
Dị ứng - Miễn dịch,"Cùng với sự thay đổi trong hương vị và mùi vị, lưỡi tôi cũng có một hương vị kim loại. Đôi khi bị đau khớp và cơ nặng"
Dị ứng - Miễn dịch,"Tôi bị đau nửa đầu, đau đầu, khó ngủ, cả cơ thể đều run rẩy, rung rẩy, đôi khi bị chóng mặt."
Dị ứng - Miễn dịch,"Tôi khá buồn nôn và chóng mặt khi có nhiệt độ, não tôi hoàn toàn mây, tim tôi đang đập, tôi gặp khó khăn trong việc suy nghĩ thẳng thắn, và mọi thứ dường như hơi mờ nhạt."
Dị ứng - Miễn dịch,"Đôi khi da tôi bắt đầu mờ dần vì phát ban, tôi dễ bị bệnh hơn, đôi khi tay tôi bắt đầu rúng rúng và tôi bắt đầu run rẩy."
Dị ứng - Miễn dịch,"Tôi bị buồn nôn và đau ngực nặng, ngực tôi đau gần đây, tôi rất lo lắng và rùng rợn nhiều lúc."
Dị ứng - Miễn dịch,"Tôi bị phát ban ở lưng và ngực, và toàn bộ cơ thể ngứa, đôi khi da tôi có thể khô và vùi, thường để lại dấu vết trên cơ thể."
Dị ứng - Miễn dịch,"Tôi đang rụng tóc, và kết cấu tóc của tôi đã thay đổi đáng kể da đầu khô, ngứa và nôn của tôi đang trở nên tồi tệ hơn. Da của tôi cũng đang trở nên khá khô."
Dị ứng - Miễn dịch,"Tôi không muốn quan hệ tình dục nữa, và điều đó rất khó khăn đối với tôi."
Dị ứng - Miễn dịch,"Chu kỳ kinh nguyệt của tôi đã thay đổi, và tôi đã có một sự ra ngoài âm đạo bất ngờ."
Dị ứng - Miễn dịch,Tôi đã tăng cân rất nhiều và hiện nay tôi khá béo phì. Tôi có nhiều khuynh hướng và ham muốn.
Dị ứng - Miễn dịch,"Tôi có tinh thần rất rõ ràng và không tập trung, thường quên đi và khó nhớ."
Dị ứng - Miễn dịch,"Ngôn ngữ của tôi cũng thay đổi hương vị và mùi vị, để lại một hương vị kim loại."
Dị ứng - Miễn dịch,"Tôi bị đau đầu, đau nửa đầu, khó ngủ, rung lắc và run rẩy khắp nơi, đôi khi tôi bị sốc đầu."
Dị ứng - Miễn dịch,"Khi tôi có nhiệt độ, tôi cảm thấy buồn nôn và bị sốc. Tim tôi đập, và tâm trí tôi hoàn toàn mờ nhạt. Mọi thứ cảm thấy hơi mờ nhạt cho tôi, và tôi gặp khó khăn trong việc suy nghĩ rõ ràng."
Dị ứng - Miễn dịch,"Đôi khi, mụn trứng cá làm da của tôi rơi ra, có nhiều khả năng bị bệnh, đôi khi tay tôi run và tôi bắt đầu run."
Dị ứng - Miễn dịch,"Gặp đau ngực và buồn nôn nặng, gần đây ngực tôi đau, tôi run rẩy rất nhiều và rất lo lắng."
Dị ứng - Miễn dịch,"Cả cơ thể tôi ngứa, và tôi bị phát ban ở lưng và ngực."
Tiêu hóa,"Tôi có cảm giác cháy ở bụng trên, thường xuyên giữa hoặc vào ban đêm."
Tiêu hóa,Tôi bị phồng và cảm giác khó chịu. Tôi đã giảm cân và mất thèm ăn. Đôi khi tôi có phân đen và vôi và máu trong nôn
Tiêu hóa,Tôi gặp khó khăn trong việc nuốt thức ăn và thường cảm thấy thức ăn bị kẹt trong cổ họng. Tôi liên tục bốc lên và bốc lên.
Tiêu hóa,"Tôi đã bị máu xuất phát trong phân, dẫn đến mất nước và mất sắt."
Tiêu hóa,"Tôi bị đói và đói khát liên tục, đôi khi tôi bị đau bụng và đau nhức, bốc hơi và khí sau khi ăn khiến tôi cảm thấy khó chịu."
Tiêu hóa,"Tôi có những thay đổi trong quá trình ruột, chẳng hạn như bị ngập bụng và tiêu chảy."
Tiêu hóa,Tôi bị đau bụng và nó chỉ tồi tệ hơn nếu tôi cúi hoặc nằm xuống. Tôi cảm thấy khó chịu khi ăn một số loại thực phẩm nhất định như thức ăn cay hoặc axit. Đôi khi tôi bị phân lỏng do điều này.
Tiêu hóa,Tôi gặp khó khăn trong giấc ngủ do đau bụng hoặc khó chịu. Tôi mất thèm ăn và cảm thấy mệt mỏi sau khi đi vệ sinh. Tôi cảm thấy rất chán suốt thời gian
Tiêu hóa,Tôi có một hương vị axit chua trong miệng tôi có thường xuyên nháy và thổi phồng tôi có cảm giác bị áp lực hoặc đầy đủ trong bụng tôi kéo dài trong vài giờ
Tiêu hóa,Tôi giảm cân không mong muốn và khó tăng cân. Tôi có đau và khó chịu được giảm bằng cách dùng thuốc kháng axit. miệng tôi rất khó chịu.
Tiêu hóa,"Đôi khi trong suốt cả ngày hay đêm, tôi bị đốt cháy ở bụng, bị tiêu hóa, bị cháy dạ dày và thường xuyên bị buồn nôn nặng."
Tiêu hóa,"Tôi bị nôn nôn và khó chịu, tôi giảm cân và mất hứng thú với thức ăn, đôi khi bị nôn, phân đen và nôn có chứa máu."
Tiêu hóa,"Tôi có vấn đề nuốt, thường cảm thấy thức ăn bị kẹt trong cổ họng, tôi luôn bị phồng và bồn chồn, miệng tôi luôn có mùi vị chua."
Tiêu hóa,"Trong số những thứ khác, phân máu của tôi khiến tôi mất sắt và nồng độ chảy máu."
Tiêu hóa,"Tôi luôn đói và thèm ăn, thường xuyên có thể bị núng dập và kinh nguyệt, sau khi ăn, tôi bị bốc hơi và bị xăng, khiến tôi cảm thấy khá khó chịu."
Tiêu hóa,"Tôi bị nghẹt và tiêu chảy, thiếu năng lượng, thiếu thèm ăn, và thường cảm thấy rất mệt mỏi."
Tiêu hóa,"Tôi bị đau bụng, và khi ngửa hoặc nằm xuống, nó chỉ làm cho nó tồi tệ hơn. Khi ăn một số món ăn, chẳng hạn như món ăn cay hoặc axit, tôi cảm thấy khó chịu."
Tiêu hóa,"Tôi gặp khó khăn khi ngã hoặc ngủ vì đau bụng. Sau khi đi vệ sinh, tôi cảm thấy mệt mỏi và mất thèm ăn."
Tiêu hóa,"Mồm tôi đầy hương vị chua, axit, ngáy và sưng thường xuyên, trong vài giờ, tôi bị áp lực hoặc đầy bụng."
Tiêu hóa,Tôi giảm cân không cố ý và thấy khó khăn khi tăng cân. Tôi dùng thuốc chống axit để giảm đau và khó chịu.
Tiêu hóa,"Đôi khi tôi bị đốt cháy ở bụng trong suốt cả ngày hoặc đêm. Tôi bị cháy dạ dày, khó tiêu hóa và thường xuyên bị buồn nôn nặng."
Tiêu hóa,"Tôi cảm thấy bốc hơi và khó chịu cùng lúc, tôi đã giảm cân, và tôi không thích ăn nữa, đôi khi tôi bị nôn máu và phân đen."
Tiêu hóa,"Tôi thường cảm thấy như thức ăn bị mắc kẹt trong cổ họng và bị khó nuốt, tôi bị phồng và thường xuyên nháy nháy, tôi liên tục có một vị đắng sau."
Tiêu hóa,"Tôi đã mất rất nhiều thứ vì phân máu của mình, bao gồm cả sắt và bơm."
Tiêu hóa,"Thức thèm ăn và đói khát của tôi đều rất dữ dội, đôi khi bụng tôi có thể đau và đau nhức, sau khi ăn tôi bị xăng và bốc hơi, điều này thật đau đớn."
Tiêu hóa,Tôi thường cảm thấy khá mệt mỏi và thiếu năng lượng và thèm ăn.
Tiêu hóa,"Khi ngửa xuống hoặc nằm xuống, bụng tôi chỉ cảm thấy đau hơn. Tôi bị đau sau khi ăn một số loại thực phẩm, chẳng hạn như thức ăn nóng hoặc axit."
Tiêu hóa,"Do khó chịu dạ dày, tôi có vấn đề ngủ hoặc không ngủ, tôi mệt mỏi sau khi đi vệ sinh và mất thèm ăn, tôi khá lo lắng mọi lúc."
Tiêu hóa,"Tôi có một hương vị chua, axit khắp miệng, ngứa và thổi phồng thường xảy ra, tôi bị áp lực hoặc đầy bụng trong vài giờ."
Tiêu hóa,"Tôi không biết mình đang giảm cân và khó tăng cân, để giảm đau và khó chịu, tôi dùng thuốc chống axit."
Tiêu hóa,"Đôi khi, cả ngày hay đêm, tôi bị đốt cháy ở bụng, thường bị buồn nôn, đau dạ dày và khó tiêu hóa."
Tiêu hóa,"Tôi bị nôn và không thoải mái, không thích ăn vì tôi đã giảm cân, đôi khi tôi nôn máu và có phân đen."
Tiêu hóa,"Tôi thường bị ngâm và cảm giác thức ăn bị kẹt trong cổ họng, thường xuyên nháy và bị phổi lên, mùi vị sau của tôi không dễ chịu."
Tiêu hóa,"Tôi bị thiếu máu vì phân máu đã khiến tôi mất nhiều thứ, bao gồm cả sắt và bơm."
Tiêu hóa,"Tôi có cơn thèm ăn và đói không ngừng, đôi khi dạ dày đau và bị núng, sau bữa ăn tôi bị bị xăng và bốc hơi rất đau."
Tiêu hóa,"Tôi bị nghẹt và tiêu chảy, thường thiếu năng lượng và thèm ăn."
Tiêu hóa,"Khi ngã hoặc ngã xuống, tôi chỉ cảm thấy đau bụng hơn. Sau khi ăn một số bữa ăn đặc biệt, chẳng hạn như món ăn cay hoặc axit, tôi cảm thấy khó chịu."
Tiêu hóa,"Tôi bị đau bụng khiến tôi không rơi hoặc ngủ. Sau khi đi vệ sinh, tôi cảm thấy mệt mỏi và mất hứng thú với thức ăn. Tôi liên tục rất lo lắng."
Tiêu hóa,"Mồm tôi đầy hương vị chua chua, ngáy và sưng phẽ thường xuyên, trong vài giờ, bụng tôi bị áp lực hoặc đầy."
Tiêu hóa,"Tôi vô tình giảm cân và khó có thể lấy lại, dùng thuốc chống axit để giảm đau và khó chịu."
Tiêu hóa,Đôi khi tôi bị đốt cháy ở bụng trong suốt cả ngày hoặc đêm.
Tiêu hóa,"Tôi cảm thấy hơi bùng nổ và khó chịu vì tôi đã giảm cân, tôi không thích ăn nữa, đôi khi tôi bị nôn, phân đen và máu trong nôn."
Tiêu hóa,"Tôi thường gặp khó khăn trong việc nuốt và đôi khi cảm thấy thức ăn bị mắc kẹt trong cổ họng, thường bị phồng và bồn chồn."
Tiêu hóa,"Tôi đã mất rất nhiều thứ vì phân máu của mình, bao gồm cả sắt và bơm, do đó, bây giờ tôi bị thiếu máu và thường cảm thấy khá yếu."
Tiêu hóa,"Tôi có một sự thèm ăn mạnh mẽ và liên tục đói, bụng tôi đôi khi đau và bị núng, tôi bị xăng và bốc hơi rất đau sau khi ăn."
Tiêu hóa,"Tôi đã trải qua những cơn nghẹt và tiêu chảy, tôi thường thiếu ý muốn ăn và năng lượng."
Tiêu hóa,"Chỉ khi ngã xuống hoặc nằm xuống mà bụng đau hơn. Tôi đau sau khi ăn một số loại thực phẩm, chẳng hạn như thức ăn nóng hoặc axit."
Tiêu hóa,"Tôi không thể ngủ được hoặc ngủ được vì tôi bị đau bụng, tôi mệt mỏi sau khi đi vệ sinh và không còn đói nữa. Tôi lo lắng nhiều lúc."
Tiêu hóa,"Mồm tôi đầy hương vị chua, axit, thường xuyên nháy và thổi phồng, và phần trên bụng tôi đã bị cồn hoặc đầy trong vài giờ qua."
Tiêu hóa,"Tôi vô tình giảm cân và thấy khó để lấy lại nó. Để giảm đau và khó chịu, tôi uống thuốc chống axit. miệng tôi đau quá nặng ngay bây giờ."
Nội tiết,Tôi đã tăng khát và thường xuyên đi tiểu. Tôi thường bị khô miệng và cổ họng.
Nội tiết,Tôi có thị giác mờ và dường như chỉ trở nên tồi tệ hơn. Tôi cảm thấy mệt mỏi và mệt mỏi mọi lúc. Tôi cũng cảm thấy rất chóng mặt và nhẹ nhàng đôi khi
Nội tiết,Tôi có miệng khô và cổ họng. Tôi cũng có sự gia tăng sự thèm ăn và đói.
Nội tiết,"Tôi bị thương và vết thương lành lại chậm, cảm giác ngứa ran trong tay và ngứa ran trong cả hai bàn tay và chân."
Nội tiết,Tôi có những thay đổi tâm trạng và khó tập trung.Thức óc tôi đôi khi bị mờ mờ và khó làm việc nhà thường xuyên
Nội tiết,"Tôi có cảm giác rung động và nhịp cơ, cảm giác ngửi hoặc nếm bị giảm, cảm thấy mệt mỏi, đôi khi tôi có cảm giác nhịp tai nhanh hoặc bị nhịp nhàng"
Nội tiết,Tôi bị phát ban và kích thích da đặc biệt là ở các lớp gấp của da.
Nội tiết,Tôi thường xuyên cần đi tiểu và thường có những cơn thôi thúc không thể kiểm soát được. Tôi bị chóng mặt và thường bị bối rối.
Nội tiết,"Tôi khó thở, đặc biệt là khi tập thể dục, ngơ và đỏ mặt bất thường, thường bị nhiễm trùng nấm men"
Nội tiết,"Tôi bị ho khô kéo dài, nhiễm trùng của tôi dường như không lành và tôi nhịp nhịp. Tôi cũng bị đau cổ họng mà dường như biến mất."
Nội tiết,"Tôi uống nhiều nước và đi tiểu thường xuyên hơn, cổ họng và miệng thường khô, gần đây, sự thèm ăn và đói của tôi đều tăng lên."
Nội tiết,"Tôi có thị giác mờ, và dường như đang trở nên tồi tệ hơn, tôi liên tục cảm thấy mệt mỏi và mệt mỏi, đôi khi tôi bị sốc sưng và chóng mặt."
Nội tiết,"Tôi bị khô và miệng khô, tôi cũng cảm thấy đói hơn, nhưng đôi khi tôi cảm thấy khá mệt mỏi."
Nội tiết,"Tôi bị thương chậm và giảm tốc độ chữa lành, cả bàn tay và chân đều bị tê liệt và có cảm giác ngứa."
Nội tiết,"Đôi khi tôi có vẻ mờ nhạt và mờ nhạt, khiến tôi khó làm những việc đơn giản."
Nội tiết,"Tôi cảm thấy cơ bắp của tôi run rẩy, rung rẩy, tôi cảm thấy mệt mỏi, và cảm giác nếm mùi và hương vị của tôi đã giảm đi."
Nội tiết,"Tôi bị kích ứng và phát ban da, đặc biệt là ở các vết nếp nhăn của da."
Nội tiết,"Tôi thường cảm thấy muốn đi tiểu và thường có những cơn thèm nắng mạnh mẽ, thường cảm thấy bực bội và bối rối."
Nội tiết,"Tôi có vấn đề về hơi thở, đặc biệt là khi tập thể dục, tôi đỏ mặt và đổ mồ hôi một cách bất ngờ, tôi bị nhiễm trùng nấm rất nhiều."
Nội tiết,"Tôi bị ho khô mãn tính, nhịp nhịp và nhiễm trùng dường như không được tốt hơn, tôi cũng bị đau cổ họng, mặc dù dường như nó biến mất."
Nội tiết,"Tôi uống nhiều nước và thường xuyên đi tiểu, miệng và cổ họng thường xuyên khô, nướng ăn và đói vừa tăng gần đây."
Nội tiết,"Tôi có thị giác mờ, và dường như nó đang trở nên tồi tệ hơn, tôi liên tục mệt mỏi và mệt mỏi, đôi khi tôi cũng bị sốc sáp và chóng mặt."
Nội tiết,"Thậm chí, tôi cũng cảm thấy đói hơn, nhưng đôi khi tôi cảm thấy khá mệt mỏi."
Nội tiết,"Bàn thương của tôi đang lành dần và chậm hơn, tay và chân tôi bị ngứa và ngứa cùng một lúc."
Nội tiết,"Tôi có vấn đề tập trung và cảm xúc thay đổi, đôi khi não tôi có vẻ mờ nhạt và vờ nhạt, khiến tôi khó hoàn thành những công việc ngay cả khi đơn giản."
Nội tiết,"Cơ thể tôi rung động, rung động, giác quan hương vị và mùi đã suy yếu, tôi cảm thấy mệt mỏi, đôi khi nhịp tim nhịp hoặc nhịp tim nhanh."
Nội tiết,"Tôi bị phát ban và kích thích da, đặc biệt là ở các vết nứt da."
Nội tiết,Tôi thường cảm thấy muốn đi tiểu và cảm thấy những ham muốn dữ dội này.
Nội tiết,"Tôi có vấn đề về hô hấp, đặc biệt là khi tập thể dục, bất ngờ, tôi đổ mồ hôi và đỏ mặt, thường bị viêm nấm và viêm đường tiểu"
Nội tiết,"Tôi thường bị ho khô, nhiễm trùng không lành, nhịp tim nhúng, cổ họng bị đau đôi khi nhưng dường như đã trở nên tốt hơn."
Nội tiết,"Tôi uống nhiều nước và đi tiểu thường xuyên hơn, cổ họng và miệng thường khô và gần đây, cả cơn đói và sự thèm ăn của tôi đã tăng lên."
Nội tiết,"Tôi có thị giác mờ, và dường như đang trở nên tồi tệ hơn, tôi luôn cảm thấy mệt mỏi và mệt mỏi, đôi khi cũng bị chóng mặt và chóng mặt nặng."
Nội tiết,"Tôi bị khô và miệng khô, tôi cũng càng ngày càng đói, nhưng đôi khi tôi cảm thấy khá mệt mỏi."
Nội tiết,Bàn thương của tôi đang hồi phục chậm hơn bây giờ cả hai bàn tay và chân của tôi đều bị rít và trở nên tê liệt. Tôi cảm thấy rất yếu
Nội tiết,"Đôi khi tâm trí tôi có thể bị mờ mờ và khó khăn, khiến tôi khó thực hiện những công việc đơn giản."
Nội tiết,"Cả cơ thể tôi đều run rẩy và rung rẩy, tôi mất khả năng nếm mùi và mệt mỏi, đôi khi tôi bị tim đập hoặc nhịp tim."
Nội tiết,"Tôi bị kích ứng da và phát ban, đặc biệt là ở các vết nứt da."
Nội tiết,Tôi thường cảm thấy muốn đi tiểu và có những ham muốn mạnh mẽ này. Tôi bị điên rồ và mất phương hướng rất nhiều.
Nội tiết,"Tôi có vấn đề về hô hấp, đặc biệt là khi tôi ở ngoài trời. Tôi đột nhiên đỏ và đổ mồ hôi. Tôi có nhiễm trùng nấm men và nhiễm trùng đường tiết niệu khá thường xuyên."
Nội tiết,"Tôi bị ho khô không ngừng, nhịp tim và nhiễm trùng của tôi dường như không được tốt hơn, đôi khi cổ họng tôi đau nhưng dường như nó được tốt hơn."
Nội tiết,"Cả lượng nước uống và tẩy nước tăng lên, miệng và cổ họng tôi cảm thấy khô rất nhiều, đói và thèm ăn của tôi cũng tăng lên gần đây."
Nội tiết,"Tôi có thị giác mờ, và cảm giác như nó đang trở nên tồi tệ hơn. Tôi luôn cảm thấy mệt mỏi và mệt mỏi. Đôi khi tôi cũng bị sốc và chóng mặt."
Nội tiết,"Ngoài ra, tôi đang ngày càng đói, nhưng tôi cũng thường xuyên bị kiệt sức."
Nội tiết,"Những ngày nay vết thương của tôi đang lành chậm hơn, bàn chân và bàn tay tôi bị nháy nháy và trở nên ngứa, tôi cảm thấy rất yếu đuối."
Nội tiết,"Cảm xúc của tôi thay đổi, và tôi khó tập trung, tâm trí của tôi đôi khi bị sương mù, khiến tôi khó thực hiện những công việc đơn giản."
Nội tiết,"Tôi đang run rẩy và run rẩy khắp nơi, tôi đã mất đi giác quan hương vị và mùi và tôi mệt mỏi, đôi khi tôi bị nhịp tim hoặc tim tăng tốc."
Nội tiết,"Đặc biệt là ở những vết nứt trên da, tôi bị phát ban và kích thích, và vết bầm tím và vết cắt cũng mất một thời gian để lành."
Nội tiết,"Tôi thường xuyên cảm thấy những cảm giác này, và tôi muốn đi tiểu, thường thấy buồn ngủ, mất thị lực, và mất thị lực đáng kể."
Nội tiết,"Tôi có vấn đề về hô hấp, đặc biệt là bên ngoài, cảm thấy nóng và đổ mồ hôi, thường bị nhiễm trùng đường tiết niệu và nhiễm trùng nấm."
Nội tiết,"Tôi thường kháy và ho khô, nhiễm trùng không lành, nhịp tim nhúng, cổ họng đôi khi đau nhưng thường sẽ tốt hơn."
