label,text
Tâm thần,"Mỗi khi nhớ về cô ấy, tôi lại cảm thấy buồn."
Da liễu,"Mỗi khi mang vác đồ nặng, tôi cảm thấy như lưng mình sắp gãy."
Tim mạch,Tôi bị đau nhiều mỗi khi cử động tay.
Ngoại khoa,"Con trai tôi vừa xỏ khuyên môi và giờ môi bị sưng, phần da bên trong môi có màu xám và trông như bị nhiễm trùng."
Ngoại khoa,Các cơ ở vùng lưng dưới của tôi đang bị đau nhức.
Cơ xương khớp,"Tôi bị đau cơ ở lưng.
Tôi bị đau cơ ở chân sau."
Cơ xương khớp,Tôi bị đau cơ ở chân trái.
Cơ xương khớp,Tôi bị đứt tay khi chơi bóng đá và phải bôi kem giảm đau nhưng không hiệu quả.
Da liễu,Tôi bị mụn trứng cá trên mặt và các vấn đề khác về da liễu như ngứa.
Cơ xương khớp,Tôi bị phát ban lạ trên cánh tay.
Tiêu hóa,Tôi bị đau nhói ở vùng bụng dưới.
Chấn thương chỉnh hình,Tôi bị đau đầu gối khi đi bộ nhiều.
Tim mạch,"Bác sĩ ơi, tôi cảm thấy một cơn đau dữ dội và lạ lẫm bên trong lồng ngực."
Chấn thương chỉnh hình,Đừng khóc
Tim mạch,Tôi có thuốc trị ho
Hô hấp,"Trước đây, tôi thường thở hổn hển sau khi leo cả chục bậc cầu thang, nhưng giờ đây, ngay cả khi ngồi xuống, tôi cũng khó thở."
Hô hấp,"Tôi cảm thấy khó thở, đặc biệt là sau khi chạy hoặc vận động mạnh."
Thần kinh/Tiêu hóa,Tôi đọc sách rất lâu và khi đọc xong thì tôi bị đau đầu.
Cơ xương khớp,Tôi không ngủ được vì bị cảm lạnh.
Da liễu,Vết thương bị nhiễm trùng của tôi gây ra sốt.
Đa khoa,Tôi bị rụng tóc rất nhiều.
Đa khoa,Tôi cảm thấy chóng mặt sau khi bị tiêu chảy nặng.
Chấn thương chỉnh hình,Tôi cảm thấy đau lưng.
Ngoại khoa,"Vết rách, vết thủng hoặc vết hở trên da"
Chấn thương chỉnh hình,Tôi bị đau lưng và không thể cúi gập người hay đi lại được.
Thần kinh/Tiêu hóa,Tôi bị đau đầu mỗi khi cố gắng làm bất cứ việc gì.
Da liễu,Tôi có những đốm đen trên da.
Tiêu hóa,Tôi cảm thấy đau nhói ở bụng.
Đa khoa,"Tôi không thể làm gì cả, toàn thân tôi đều yếu ớt."
Nhãn khoa,Tôi có đôi mắt mờ đục.
Chấn thương chỉnh hình,Tôi bị đau lưng từ khi bước sang tuổi 70.
Nhãn khoa,Tôi đã thử đeo kính để nhìn rõ hơn nhưng vẫn không thấy có gì thay đổi.
Da liễu,"Tôi cảm thấy tê buốt sâu khi chạm vào mụn, sau đó là cảm giác khó chịu."
Da liễu,Tình trạng mụn của tôi trở nên tồi tệ hơn khi trời nóng.
Hô hấp,"Đôi khi tôi cảm thấy như có một cái móng vuốt đang cào cấu ngực mình, khiến tôi khó thở."
Cơ xương khớp,Tôi bị đau cơ bụng dữ dội từ khi đi tập gym.
Cơ xương khớp,Tôi bị đau lưng khi đang tập tạ ở phòng gym.
Chấn thương chỉnh hình,Mắt cá chân của tôi đang bị đau.
Ngoại khoa,Tôi nghĩ vết thương của tôi bị nhiễm trùng rồi.
Chấn thương chỉnh hình,Tôi cảm thấy đau ở đầu gối.
Da liễu,Da tôi rất khô và bong tróc.
Cơ xương khớp,Tôi không thể cử động vai vì đau.
Đa khoa,"Khi thức dậy vào buổi sáng, tôi cảm thấy chóng mặt."
Da liễu,Tóc tôi rụng rất nhiều.
Thấp khớp/Chỉnh hình,Tôi bị đau nhói ở cổ.
Cơ xương khớp,Tôi bị đau cơ không rõ nguyên nhân.
Hô hấp,Tôi gặp vấn đề về khả năng thở ra vì tôi bị hen phế quản.
Đa khoa,"Mỗi lần cố gắng làm việc gì, tôi đều cảm thấy chóng mặt."
Thấp khớp/Chỉnh hình,Tôi bị đau dữ dội ở cổ.
Tiêu hóa,Tôi bị đau nội tạng.
Da liễu,Bệnh mãn tính của nang tóc và tuyến bã nhờn.
Tâm thần,Tôi cảm thấy vô cùng đau khổ về mặt tinh thần sau khi chia tay bạn gái.
Đa khoa,"Khi đứng dậy quá nhanh, tôi bắt đầu cảm thấy chóng mặt và choáng váng."
Tim mạch,Tôi thường xuyên bị đau nhói ở ngực và không biết mình đang làm gì mà lại gây ra triệu chứng đó.
Chấn thương chỉnh hình,Tôi có cảm giác như toàn thân mình đang kêu ca.
Chấn thương chỉnh hình,Tôi bị đau đầu gối khi chơi squash.
Nhãn khoa,Tôi không nhìn rõ.
Da liễu,Tôi đã thử rất nhiều loại kem nhưng tình trạng da của tôi vẫn vậy.
Cơ xương khớp,Tôi cảm thấy như có ai đó đâm dao vào vai mình.
Cơ xương khớp,Tôi cảm thấy nóng rát ở cơ vai.
Ngoại khoa,Tôi bị đứt chân ở bể bơi và vết thương cứ hở ra mỗi khi tôi đi lại.
Chấn thương chỉnh hình,Đầu gối tôi bị vướng và đau khi mới đứng dậy sau khi ngồi.
Ngoại khoa,Tôi bị đứt tay cách đây vài tuần và dù đã bôi kem kháng sinh nhưng vết thương vẫn không đỡ.
Cơ xương khớp,Tôi cảm thấy đau vai khi gõ bàn phím.
Nhãn khoa,"Tôi gặp vấn đề trong việc nhìn thấy các vật thể, nó quá khó nhìn."
Ngoại khoa,"Mảnh kính vỡ và làm tôi bị thương nặng ở chân, vết thương rất rộng."
Nhãn khoa,"Tôi bị nhìn mờ trong lúc tập bơi ở bể bơi, tại sao vậy?"
Cơ xương khớp,Tôi thích đi bộ và hoạt động ngoài trời nhưng lòng bàn chân của tôi rất nhanh bị đau.
Chấn thương chỉnh hình,Tôi cảm thấy đau đầu gối khi leo cầu thang.
Đa khoa,"Tôi nhanh mệt quá, sáng sớm hầu như không mặc nổi quần áo."
Chấn thương chỉnh hình,Tôi bị đau đầu gối khi đi bộ.
Thấp khớp/Chỉnh hình,Tôi không thể xoay cổ.
Ngoại khoa,"Con trai tôi vô tình dùng dao cạo cũ cứa vào cổ và chỗ đó bị sưng tấy, trông có vẻ bị nhiễm trùng."
Chấn thương chỉnh hình,"Tôi bị đau lưng, không thể duỗi thẳng được."
Cơ xương khớp,Tôi không thể đi lại được vì chân tôi đau quá.
Tim mạch,Tim tôi đập nhanh và điều đó khiến tôi sợ hãi.
Da liễu,Tôi từng bị mụn trứng cá khi 15 tuổi.
Cơ xương khớp,Tôi bị đau nhức cơ vùng lưng dưới.
Cơ xương khớp,Tôi bị đau cơ vai mỗi khi cố gắng với tay lên.
Tim mạch,Tôi cảm thấy đau tim mỗi khi đi bộ nhiều.
Da liễu,Tóc tôi rụng rất nhiều.
Chấn thương chỉnh hình,Tôi cảm thấy đau lưng.
Da liễu,Da tôi bị ngứa và viêm.
Nhãn khoa,Tôi không nhìn rõ.
Tai Mũi Họng,Tôi bị cảm lạnh và ho rất nhiều.
Tai Mũi Họng,Tôi bị khô họng.
Tai Mũi Họng,"Tôi nghe không rõ, tôi có vấn đề về tai."
Cơ xương khớp,Chân tôi đau quá.
Da liễu,Ống thoát nước trong phòng tắm của tôi lúc nào cũng đầy tóc.
Thần kinh/Tiêu hóa,"Tôi bị đau đầu vùng trán và mỗi khi bị đau, ánh sáng lại làm tôi khó chịu."
Da liễu,Mặc dù đã trưởng thành nhưng mặt tôi vẫn cứ nổi mụn.
Đa khoa,"Khi thức dậy vào buổi sáng, tôi cảm thấy cơ thể rất yếu."
Chấn thương chỉnh hình,Đầu gối tôi bị vướng và đau khi mới đứng dậy sau khi ngồi.
Ngoại khoa,"Vết thương phẫu thuật đỏ, có mủ chảy ra, đau và nóng khi chạm vào."
Chấn thương chỉnh hình,Tôi cảm thấy như có thứ gì đó đang đâm vào các khớp của mình.
Cơ xương khớp,Tôi bị đau lòng bàn chân khi mang giày cao gót.
Chấn thương chỉnh hình,Tôi cảm thấy đau ở vùng lưng dưới.
Thần kinh/Tiêu hóa,Tôi bị đau âm ỉ ở đầu.
Cơ xương khớp,Tôi bị đau lòng bàn chân khi mang giày cao gót.
Thấp khớp/Chỉnh hình,Tôi cảm thấy đau ở cổ.
Thấp khớp/Chỉnh hình,Tôi bị đau nhói ở cổ.
Tiêu hóa,Tôi bị đau nhưng không thể xác định được vị trí cụ thể.
Tai Mũi Họng,"Tôi bị đau tai mãi không khỏi. Tôi không bị cảm lạnh, đau đầu hay bất kỳ triệu chứng nào khác. Chỉ là đau tai thôi."
Nhãn khoa,Tôi có đôi mắt mờ đục.
Chấn thương chỉnh hình,Tôi cảm thấy đau khớp mỗi khi cử động.
Tiêu hóa,Tôi bị đau bụng dữ dội.
Tai Mũi Họng,"Tai trái của tôi không sao, nhưng tai phải thì có cảm giác như bị đâm bằng đinh."
Cơ xương khớp,Tôi cần một loại kem giúp thư giãn cơ bắp.
Chấn thương chỉnh hình,Tôi bị đau lưng từ khi ngã xuống sàn.
Đa khoa,Tôi cảm thấy choáng váng
Tiêu hóa,"Tôi cảm thấy đau nhức ở bên trong, giữa hông và vai."
Cơ xương khớp,Tôi bị đau chân sau khi chạy 500m với giày chạy bộ.
Tai Mũi Họng,"Tôi được chẩn đoán mắc chứng thiếu máu do thiếu vitamin B12, điều này giải thích tại sao tôi luôn cảm thấy lạnh."
Tâm thần,"Tôi cảm thấy tổn thương, trái tim tôi đau nhói."
Thần kinh/Tiêu hóa,Tôi đọc sách rất lâu và khi đọc xong thì tôi bị đau đầu.
Da liễu,Tôi thường xuyên bị nổi mụn trên mặt.
Đa khoa,Tôi đã cố gắng làm giảm bớt nó nhưng không được.
Cơ xương khớp,Tôi ngừng chơi thể thao vì bị chấn thương khi chơi thể thao.
Tai Mũi Họng,Mỗi lần hít thở sâu là tôi lại ho.
Chấn thương chỉnh hình,"Khi tôi duỗi chân, khớp gối bị đau."
Thần kinh/Tiêu hóa,Đầu tôi đau quá.
Da liễu,"Khi tôi gội đầu, tóc tôi rụng rất nhiều."
Da liễu,Tôi ghét mụn trứng cá của mình.
Ngoại khoa,"Con trai tôi vô tình dùng dao cạo cũ cứa vào cổ và chỗ đó bị sưng tấy, trông có vẻ bị nhiễm trùng."
Chấn thương chỉnh hình,Tôi bị đau nhức như kim châm ở các khớp.
Tim mạch,Tôi bị đau dữ dội ở ngực do tổn thương tim.
Tâm thần,Tôi không hiểu sao mình cứ buồn mãi.
Thấp khớp/Chỉnh hình,Tôi cảm thấy đau ở cổ.
Đa khoa,Tôi cảm thấy cơ bắp mệt mỏi.
Nhãn khoa,Tôi đã thử đeo kính để nhìn rõ hơn nhưng vẫn không thấy có gì thay đổi.
Tiêu hóa,Tôi cảm thấy đau bụng.
Cơ xương khớp,Tôi bị đau lòng bàn chân khi mang giày cao gót.
Cơ xương khớp,"Tôi bị đau chân vào mùa đông, hoặc khi trời lạnh, tại sao vậy?"
Chấn thương chỉnh hình,Lưng tôi đau quá.
Cơ xương khớp,Cảm giác đau như thể ở ngay dưới da.
Chấn thương chỉnh hình,"Tôi gặp khó khăn khi chịu trọng lượng lên đầu gối, khi đứng thẳng tôi cảm thấy và nghe thấy một tiếng kêu lách tách lớn."
Cơ xương khớp,Tôi bị đau nhói ở bắp tay. Tôi đã thử bôi kem giảm đau nhưng không hiệu quả.
Tiêu hóa,Tôi bị đau nội tạng.
Tai Mũi Họng,"Con tôi bị ho cả đêm, không ngủ được."
Đa khoa,"Tôi cảm thấy chóng mặt khi ngồi trước máy tính xách tay khoảng một đến hai tiếng, nguyên nhân có thể là gì vậy?"
Chấn thương chỉnh hình,"Khi chơi thể thao, tôi cảm thấy nóng rát ở cột sống."
Cơ xương khớp,Tôi bị đau cơ dữ dội từ khi đi tập gym.
Da liễu,tóc tôi rụng
Chấn thương chỉnh hình,Tôi cảm thấy đau khớp mỗi khi cử động.
Tiêu hóa,Tôi cảm thấy đau nhức bên trong cơ thể.
Da liễu,Tôi bị phát ban lạ trên cánh tay.
Da liễu,"Mỗi tháng, vào khoảng thời gian hành kinh, da mặt tôi lại nổi mụn rất nhiều."
Tai Mũi Họng,Tôi có rất nhiều đờm khi ho.
Tâm thần,Tôi thất vọng
Tiêu hóa,Tôi thường bị đau bụng sau khi ăn. Tôi vẫn chưa xác định được loại thực phẩm nào là nguyên nhân gây ra tình trạng này.
Đa khoa,"Tôi cảm thấy chóng mặt khi ngồi trước máy tính xách tay khoảng một đến hai tiếng, nguyên nhân có thể là gì vậy?"
Cơ xương khớp,Tôi đang chơi bóng đá và bị trẹo mắt cá chân.
Ngoại khoa,"Con trai tôi nặn mụn và nó vỡ ra, sau đó đóng vảy và giờ trông có vẻ bị nhiễm trùng."
Tiêu hóa,Tôi cảm thấy rất đau ở vùng bụng.
Cơ xương khớp,Tôi bị đau vai sau khi làm bất cứ việc gì liên quan đến nhà.
Ngoại khoa,"vết rách, vết thủng hoặc lỗ hở trên da"
Cơ xương khớp,"Tôi không thể mang vác bất cứ thứ gì, tôi bị đau vai."
Chấn thương chỉnh hình,Làm sao để biết bạn có bị rách sụn chêm ở đầu gối hay không?
Đa khoa,Tôi bị chóng mặt mỗi khi cố gắng đứng dậy.
Tâm thần,Tôi cảm thấy đau lòng khi phải chia xa những người thân yêu.
Ngoại khoa,Tôi nghĩ vết thương của tôi bị nhiễm trùng rồi.
Đa khoa,Tôi cảm thấy chóng mặt sau khi bị tiêu chảy nặng.
Da liễu,Trên da tôi có một vết đỏ.
Chấn thương chỉnh hình,"Tôi không thể đi được, đầu gối tôi đau quá."
Chấn thương chỉnh hình,Tôi cảm thấy đau lưng.
Đa khoa,Tôi cảm thấy toàn thân yếu ớt và đã cố gắng thư giãn nhưng vẫn thấy đau.
Tim mạch,Tôi cảm thấy nhịp tim tăng nhanh khi bị chích.
Ngoại khoa,"Cháu trai tôi bị xước chân do va phải vỏ sò ở biển, giờ chân cháu đang chuyển sang màu xám và sưng tấy."
Tim mạch,Tôi cảm thấy nhịp tim tăng nhanh khi bị chích.
Thần kinh/Tiêu hóa,Cơn đau đầu tồi tệ nhất là khi tôi bị say rượu hồi hai mươi tuổi: Tôi thực sự nghĩ mình sắp chết vì viêm não.
Tai Mũi Họng,Tôi bị vấn đề ở tai giữa do nhiễm trùng.
Nhãn khoa,Màn hình tivi và máy tính của tôi trông có vẻ mờ dù tôi đã đeo kính mới.
Ngoại khoa,Tôi bị rách da giữa ngón tay cái và ngón trỏ và vết thương không lành lại được.
Da liễu,"Khi chải tóc, tôi nhận thấy có những mảng tóc lớn rụng ra trên lược."
Chấn thương chỉnh hình,Tôi cảm thấy đau ở đầu gối khi đi bộ.
Hô hấp,"Tôi cảm thấy không khỏe, tôi không thể thở được."
Cơ xương khớp,Tôi không thể cử động vai vì đau.
Tiêu hóa,Tôi cảm thấy đau đớn bên trong nhưng không thể xác định được nguyên nhân.
Tiêu hóa,Tôi bị khó tiêu
Tai Mũi Họng,Tôi cảm thấy lạnh dù nhiệt độ cao.
Đa khoa,Tôi cảm thấy cơ thể yếu ớt mặc dù tôi vẫn uống vitamin đều đặn.
Tiêu hóa,Tôi cảm thấy đau nhức toàn thân.
Chấn thương chỉnh hình,"Cơn đau dữ dội, đặc biệt là khi tôi xuống cầu thang, cảm giác như có thứ gì đó bị gãy bên trong đầu gối."
Đa khoa,"Tôi cảm thấy chóng mặt khi ngồi trước máy tính xách tay khoảng một đến hai tiếng, nguyên nhân có thể là gì vậy?"
Tai Mũi Họng,Tôi bị đau tai khi trời lạnh.
Chấn thương chỉnh hình,Các khớp của tôi cảm thấy sưng tấy.
Đa khoa,"Khi đứng lên tôi cảm thấy chóng mặt, tôi không biết tại sao."
Đa khoa,Tôi cảm thấy choáng váng
Cơ xương khớp,Tôi bị đau lưng dưới nhưng nếu duỗi người thì đỡ hơn.
Da liễu,Tôi bị nổi mụn khi ăn ớt.
Chấn thương chỉnh hình,Tôi không thể tập thể dục vì bị đau đầu gối.
Tai Mũi Họng,"Tôi nghe không rõ, tôi có vấn đề về tai."
Da liễu,Một cơn rụng tóc khủng khiếp
Tai Mũi Họng,Tai tôi đau quá.
Ngoại khoa,"Con trai tôi vừa trải qua điều trị tủy răng và nha sĩ vô tình cắt vào bên trong má của cháu, giờ vết thương không lành được."
Tim mạch,Trái tim đau nhói vô cùng
Thấp khớp/Chỉnh hình,Đầu tôi đau quá.
Tai Mũi Họng,Cơn đau tai của tôi không thể chịu nổi.
Ngoại khoa,"Con gái tôi đi tỉa lông mày và việc đó đã làm rách da ở một bên lông mày, giờ chỗ đó bị sưng và chảy dịch."
Chấn thương chỉnh hình,Bệnh xương mãn tính ở mức độ gấp đôi của Estremidades dưới
Chấn thương chỉnh hình,Đầu gối tôi đau đến nỗi mỗi khi đi lại tôi lại ngồi nhiều hơn mức cần thiết.
Tâm thần,Tôi ly hôn năm ngoái và tôi cứ mãi nghĩ đến việc trả thù chồng cũ.
Chấn thương chỉnh hình,Tôi có cảm giác như xương bánh chè đang cọ xát vào nhau mỗi khi đi bộ.
Tâm thần,Tôi cảm thấy muốn tự tử.
Chấn thương chỉnh hình,Tôi bị đau khớp sau chấn thương trong trận bóng đá gần đây nhất.
Đa khoa,Tôi cảm thấy chóng mặt mỗi khi đứng dậy.
Chấn thương chỉnh hình,"Cảm giác khó chịu xuất hiện đột ngột, thường là sau chấn thương hoặc tập luyện."
Nhãn khoa,"Tôi cảm thấy đau nhức mắt, tôi nhìn thấy như có sương mù."
Thần kinh/Tiêu hóa,Không thể tập trung
Tai Mũi Họng,Tôi cảm thấy có chất lỏng muốn trào ra khi ho.
Da liễu,"Da ở lưng tôi có màu đỏ, tôi không biết tại sao."
Tai Mũi Họng,"Tai trái của tôi không sao, nhưng tai phải thì có cảm giác như bị đâm bằng đinh."
Tai Mũi Họng,Tôi bị ho dữ dội kèm theo đờm.
Cơ xương khớp,"Mỗi khi tôi cử động vai, cảm giác như có luồng điện chạy qua vai vậy."
Hô hấp,Tôi cảm thấy tức ngực.
Tiêu hóa,Tôi bị đau ngực khi hút thuốc.
Cơ xương khớp,Tôi bị đau chân dù không đi bộ nhiều.
Cơ xương khớp,Tôi cảm thấy đau ở chân.
Chấn thương chỉnh hình,Tôi có cảm giác như toàn thân mình đang kêu ca.
Cơ xương khớp,Tôi bị va chạm khi đang chơi bóng đá. Đầu gối của tôi bị trẹo và giờ không còn vững nữa.
Da liễu,Tình trạng mụn của tôi trở nên tồi tệ hơn khi trời nóng.
Tai Mũi Họng,Tôi thường bị ho nặng khi bị cúm.
Cơ xương khớp,"Hôm qua tôi chơi bóng rổ, và bị bong gân mắt cá chân."
Da liễu,Ngực tôi nổi mụn đỏ và mụn đầu trắng.
Da liễu,ngứa ở phía trước và chính giữa da đầu
Chấn thương chỉnh hình,Tôi cảm thấy đau ở vùng lưng dưới.
Thần kinh/Tiêu hóa,Tôi bị đau âm ỉ ở đầu.
Tai Mũi Họng,Tôi bị đau tai khi trời lạnh.
Da liễu,"Tôi bị nổi mụn ở ngực với những mảng đỏ, tình trạng này càng trầm trọng hơn khi trời nóng."
Nhãn khoa,Tôi không thể lái xe vào ban đêm vì mắt tôi bị mờ.
Chấn thương chỉnh hình,Tôi cảm thấy đau ở đầu gối.
Tiêu hóa,Tôi không thể chịu nổi cảm giác khó chịu này trong bụng.
Đa khoa,"Tôi nhanh mệt quá, sáng sớm hầu như không mặc nổi quần áo."
Tai Mũi Họng,"Khi tôi cố gắng giữ ấm và mặc thêm quần áo, tôi thấy mình vẫn lạnh."
Chấn thương chỉnh hình,Mắt cá chân của tôi đang bị đau.
Chấn thương chỉnh hình,Đầu gối tôi đau quá.
Thần kinh/Tiêu hóa,Sọ bị vỡ như quả hạch
Tim mạch,Tôi cảm thấy như có một cây kim đang đâm xuyên tim mình.
Da liễu,Mụn ở ngực tôi cứ nổi lên và không bao giờ hết.
Da liễu,Tóc tôi không được đẹp lắm.
Cơ xương khớp,Tôi cảm thấy như có ai đó đâm dao vào vai mình.
Thần kinh/Tiêu hóa,Tôi cảm thấy đầu mình bị đè nặng rất nhiều.
Ngoại khoa,Vết thương hở ở tay tôi bị nhiễm trùng.
Hô hấp,Tôi cảm thấy áp lực rất lớn ở ngực.
Hô hấp,"Tôi cảm thấy không khỏe, tôi không thể thở được."
Hô hấp,"Tôi cảm thấy khó thở, đặc biệt là sau khi chạy hoặc vận động mạnh."
Ngoại khoa,Tôi có một vết thương hở ở cánh tay.
Tai Mũi Họng,Tôi không ngủ được vì ho
Hô hấp,"Tôi khó thở khi ở trong ga tàu điện ngầm, tại sao vậy?"
Da liễu,Tôi thường xuyên bị nổi mụn trên mặt.
Đa khoa,"Tôi không thể tập thể dục được, tôi cảm thấy yếu."
Chấn thương chỉnh hình,Đầu gối tôi đau đến nỗi mỗi khi đi lại tôi lại ngồi nhiều hơn mức cần thiết.
Cơ xương khớp,Tôi bị đau cơ vai mỗi khi cố gắng với tay lên.
Da liễu,Tôi rất lo lắng mình sẽ bị hói đầu sớm. Tôi có bị bệnh nặng không?
Cơ xương khớp,Tôi cảm thấy đau dữ dội ở vai trái.
Tiêu hóa,Tôi cảm thấy đau đớn bên trong nhưng không thể xác định được nguyên nhân.
Chấn thương chỉnh hình,Tôi cảm thấy đau lưng.
Da liễu,Có cách nào chữa khỏi mụn trứng cá không?
Cơ xương khớp,Tôi bị đau cơ.
Cơ xương khớp,Tôi bị đau nhói ở bắp tay. Tôi đã thử bôi kem giảm đau nhưng không hiệu quả.
Tâm thần,"Tôi cảm thấy buồn, như thể bị tổn thương hoặc đau đớn."
Đa khoa,Tôi cảm thấy cơ thể yếu ớt mặc dù tôi vẫn uống vitamin đều đặn.
Thần kinh/Tiêu hóa,Cơn đau đầu tồi tệ nhất là khi tôi bị say rượu hồi hai mươi tuổi: Tôi thực sự nghĩ mình sắp chết vì viêm não.
Da liễu,Tôi nhận thấy một số vấn đề về da và đã thử dùng kem nhưng tình trạng không được cải thiện.
Da liễu,Tôi bị nổi mẩn đỏ và ngứa trên da.
Ngoại khoa,"Con trai tôi vừa trải qua điều trị tủy răng và nha sĩ vô tình cắt vào bên trong má của cháu, giờ vết thương không lành được."
Thấp khớp/Chỉnh hình,Tôi cảm thấy đau cổ sau khi thức dậy.
Thấp khớp/Chỉnh hình,Cổ tôi bị đau từ sau vụ tai nạn.
Tâm thần,"Tôi cảm thấy tổn thương, trái tim tôi đau nhói."
Tâm thần,Tôi ly hôn năm ngoái và tôi cứ mãi nghĩ đến việc trả thù chồng cũ.
Hô hấp,"Tôi khó thở khi ở trong ga tàu điện ngầm, tại sao vậy?"
Thần kinh/Tiêu hóa,Tôi bị đau âm ỉ ở đầu.
Tim mạch,"Tôi cảm thấy đau ở bên trái ngực, ngay chỗ tim."
Tai Mũi Họng,"Khi thức dậy, tôi cảm thấy lạnh."
Da liễu,Trên mặt tôi có mụn.
Tai Mũi Họng,"Tôi không khỏe, tôi cảm thấy rất lạnh."
Ngoại khoa,Tôi vô tình cắt đứt đầu ngón tay khi đang cắt bìa cứng và hiện tại máu không chảy được.
Đa khoa,Tôi khó có thể đứng dậy và di chuyển rất chậm.
Cơ xương khớp,Tôi rất đau khi cử động tay.
Thần kinh/Tiêu hóa,Tôi đọc sách rất lâu và khi đọc xong thì tôi bị đau đầu.
Da liễu,Tôi bị rụng tóc rất nhiều.
Cơ xương khớp,Tôi bị thương trong trận đấu bóng đá.
Nhãn khoa,Màn hình tivi và máy tính của tôi trông có vẻ mờ dù tôi đã đeo kính mới.
Cơ xương khớp,"Khi thức dậy vào buổi sáng, tôi cảm thấy toàn thân đau nhức."
Thần kinh/Tiêu hóa,Tôi cảm thấy đầu mình bị đè nặng rất nhiều.
Tim mạch,Tôi cảm thấy đau nhói trong tim mỗi khi thức dậy.
Da liễu,Tôi thường xuyên bị nổi mụn trên mặt.
Chấn thương chỉnh hình,Tôi bị đau lưng từ khi bước sang tuổi 70.
Hô hấp,Tôi cảm thấy như có thứ gì đó đang bóp nghẹt phổi mình.
Cơ xương khớp,Chân tôi bị đau từ thứ Ba tuần trước.
Chấn thương chỉnh hình,Tôi rất đau lưng mỗi khi cúi người.
Chấn thương chỉnh hình,Tôi cảm thấy đau ở đầu gối.
Nhãn khoa,Mọi thứ trông như thể đang ở trong một khu vực đầy khói.
Đa khoa,"Mỗi lần cố gắng làm việc gì, tôi đều cảm thấy chóng mặt."
Tai Mũi Họng,Bị cảm lạnh và ho nặng
Hô hấp,Tôi cảm thấy như có thứ gì đó đang bóp nghẹt phổi mình.
Chấn thương chỉnh hình,Tôi cảm thấy đau ở đầu gối khi đi bộ.
Tiêu hóa,Đau ruột mãn tính
Cơ xương khớp,"Khi chơi bóng đá, tôi bị trật khớp vai."
Tim mạch,Tôi thường xuyên bị đau nhói ở ngực và không biết mình đang làm gì mà lại gây ra triệu chứng đó.
Cơ xương khớp,Tôi cảm thấy đau ở vai phải sau trận đấu quần vợt.
Tim mạch,Tôi cảm thấy đau nhói từ ngực lan lên đến cánh tay trái.
Da liễu,Tôi bị nổi mụn thành từng mảng và da mặt bị đỏ nhiều.
Chấn thương chỉnh hình,"Tôi không thể cử động chân, khớp bị đau."
Hô hấp,Tôi cảm thấy tức ngực.
Tâm thần,Tôi bị bệnh tâm thần
Chấn thương chỉnh hình,Tôi cảm thấy đau nhói ở khớp mắt cá chân khi đứng.
Thần kinh/Tiêu hóa,Tôi bị đau đầu ở phía sau và cơn đau kéo dài cả ngày.
Ngoại khoa,Điều gì giúp vết thương mau lành hơn?
Chấn thương chỉnh hình,Đầu gối của tôi không gập được tốt.
Chấn thương chỉnh hình,"Mỗi khi lên xuống cầu thang, đầu gối tôi lại phát ra tiếng kêu ken két."
Đa khoa,"Khi thức dậy vào buổi sáng, tôi cảm thấy kỳ lạ và chóng mặt."
Ngoại khoa,Vết thương của tôi không lành tốt và tình trạng này đã kéo dài hai tuần rồi.
Cơ xương khớp,"Sau khi đi bộ, tôi cảm thấy đau ở lòng bàn chân."
Ngoại khoa,Tôi tự đánh mình và vết thương không muốn lành.
Chấn thương chỉnh hình,Tôi bị đau đầu gối khi đi lại.
Nhãn khoa,"Khi tôi đứng dậy quá nhanh, tầm nhìn của tôi bị mờ."
Hô hấp,"Đôi khi tôi cảm thấy như có một cái móng vuốt đang cào cấu ngực mình, khiến tôi khó thở."
Ngoại khoa,Tôi bị một vết thương sâu ở tay và không thể cầm máu được.
Tiêu hóa,Tôi cảm thấy đau bụng dữ dội.
Tai Mũi Họng,"Chắc chắn là tuần hoàn máu của tôi có vấn đề rồi, ngay cả những ngày nóng nhất tôi cũng phải mang tất, ngón chân tôi lạnh cóng!"
Tai Mũi Họng,Tôi không thể ngừng ho.
Ngoại khoa,Có một người bị thương.
Cơ xương khớp,Tôi bị đau khi giơ tay lên.
Ngoại khoa,"Tôi bị đứt tay khi mở lon đồ hộp, máu cứ chảy không ngừng và vết thương đang hở miệng."
Đa khoa,"Khi ăn quá nhiều đường, cơ thể tôi trở nên yếu và chóng mặt."
Nhãn khoa,"Khi tôi đứng dậy quá nhanh, tầm nhìn của tôi bị mờ."
Cơ xương khớp,"Mỗi khi cử động tay, vai phải của tôi lại kêu lách tách."
Da liễu,Tôi bị phát ban và ngứa rất dữ dội.
Tiêu hóa,Tôi bị đau bụng và đầy hơi liên tục.
Cơ xương khớp,Chân tôi bị đau và không thể xoay được. Có lẽ nó bị gãy rồi.
Cơ xương khớp,Tôi bị va đập vào chân và nó đau lắm.
Da liễu,Con trai tôi bị mụn trứng cá rất nhiều.
Tiêu hóa,Tôi bị đau lan từ hông phải lên đến lồng ngực. Cơn đau dữ dội nhất khi tôi đi tiểu.
Hô hấp,Tôi cảm thấy tức ngực.
Tiêu hóa,Bụng tôi bắt đầu đau nhưng sau khi ăn thứ gì đó nhẹ nhàng thì lại thấy dễ chịu hơn.
Chấn thương chỉnh hình,Bệnh xương mãn tính ở mức độ gấp đôi của Estremidades dưới
Thấp khớp/Chỉnh hình,Cổ tôi cảm thấy cứng đờ.
Đa khoa,Tôi cảm thấy chóng mặt sau khi vận động cơ bắp.
Da liễu,Tôi bị nổi mụn thành từng mảng và da mặt bị đỏ nhiều.
Đa khoa,Tôi cảm thấy choáng váng khi đứng dậy.
Cơ xương khớp,Tôi cảm thấy nóng rát ở cơ vai.
Chấn thương chỉnh hình,Tôi cảm thấy rất đau nhức ở các khớp.
Da liễu,Mụn trứng cá khiến tôi cảm thấy xấu hổ.
Tâm thần,Tôi bị bệnh tâm thần
Tâm thần,Tôi ly hôn năm ngoái và tôi cứ mãi nghĩ đến việc trả thù chồng cũ.
Đa khoa,Mỗi khi đứng dậy tôi đều cảm thấy chóng mặt.
Ngoại khoa,Tôi bị rách da ở ngón tay cái và vết thương không lành.
Chấn thương chỉnh hình,Tôi đang chơi bóng đá và bị chấn thương đau khớp.
Nhãn khoa,"Tôi không nhìn thấy biển báo, tầm nhìn của tôi bị mờ."
Tai Mũi Họng,Cơn đau tai của tôi không thể chịu nổi.
Đa khoa,"Khi đứng lên tôi cảm thấy chóng mặt, tôi không biết tại sao."
Da liễu,Tôi bị nổi mẩn đỏ và ngứa trên da.
Tim mạch,"Mỗi khi buồn, tim tôi lại đau nhói, tại sao vậy?"
Thần kinh/Tiêu hóa,Tôi bị đau đầu gần như mỗi ngày.
Tai Mũi Họng,Tôi luôn cảm thấy ngứa rát ở cổ họng.
Tiêu hóa,"Tôi cảm thấy đau nhức ở bên trong, giữa hông và vai."
Thấp khớp/Chỉnh hình,Đầu tôi đau quá.
Da liễu,Sáng nào gối tôi cũng có rất nhiều tóc.
Da liễu,Tôi có một vết thương đóng vảy ở mu bàn tay mà mãi không lành.
Da liễu,Tôi cảm thấy rất ngứa rát ở vùng gần cánh tay.
Cơ xương khớp,"Khi chơi thể thao, tôi bị đau dưới da."
Cơ xương khớp,Tôi bị va đập đầu trong trận bóng rổ. Liệu tôi có bị chấn động não không?
Tim mạch,"Chồng tôi bỏ tôi để đến với người phụ nữ khác, trái tim tôi đau đớn đến mức tôi không thể ăn không thể ngủ được."
Da liễu,Tóc tôi không được đẹp lắm.
Hô hấp,"Tôi được chẩn đoán mắc bệnh viêm phổi, tôi khó thở."
Thấp khớp/Chỉnh hình,Tôi bị đau cổ và không thể nhìn xuống hay nhìn lên.
Đa khoa,Tôi chẳng làm gì ở nhà cả mà vẫn cảm thấy kiệt sức.
Chấn thương chỉnh hình,Tôi bị đau nhói và nghe thấy tiếng lách cách ở khớp mắt cá chân mỗi khi cố gắng đứng lên và đi lại.
Đa khoa,Tôi cảm thấy choáng váng
Tai Mũi Họng,Tôi thức giấc vào ban đêm vì cảm thấy lạnh.
Tai Mũi Họng,Khi đi ngủ tôi cảm thấy lạnh.
Cơ xương khớp,Tôi không thể cử động vai vì đau.
Chấn thương chỉnh hình,Tôi bị đau lưng rất nhiều.
Chấn thương chỉnh hình,Tôi cảm thấy như có kim châm vào các khớp của mình.
Tiêu hóa,Tôi bị đau bụng mỗi khi bị cảm lạnh.
Da liễu,"Tôi bị nổi mụn ở ngực với những mảng đỏ, tình trạng này càng trầm trọng hơn khi trời nóng."
Tai Mũi Họng,"Tôi ho rất nhiều khi ngửi mùi nước hoa, phổi tôi có vấn đề gì vậy?"
Nhãn khoa,Tôi không thể lái xe vào ban đêm vì mắt tôi bị mờ.
Da liễu,"Tôi bị nổi mụn trên mặt, lúc có lúc không."
Tiêu hóa,Tôi bị đau bụng dữ dội.
Tai Mũi Họng,Tôi luôn cảm thấy ngứa rát ở cổ họng.
Thấp khớp/Chỉnh hình,Đầu tôi đau quá.
Đa khoa,"Mỗi lần cố gắng làm việc gì, tôi đều cảm thấy chóng mặt."
Tai Mũi Họng,Tôi bị ho rất nặng
Tâm thần,"Tôi đã thử đọc sách, nhưng chẳng có gì làm tôi vui lên được cả."
Chấn thương chỉnh hình,Tôi cảm thấy đau nhức dữ dội ở khớp vai và cơn đau không thuyên giảm.
Da liễu,Tôi bị phát ban trên da.
Chấn thương chỉnh hình,"Khi chơi bóng đá, tôi bị đau khớp."
Tai Mũi Họng,Đau tai dữ dội
Ngoại khoa,Điều gì giúp vết thương mau lành hơn?
Da liễu,Bệnh mãn tính của nang tóc và tuyến bã nhờn
Da liễu,"Khi chải tóc, tôi nhận thấy có những mảng tóc lớn rụng ra trên lược."
Hô hấp,"Tôi cảm thấy khó thở, đặc biệt là sau khi chạy hoặc vận động mạnh."
Cơ xương khớp,Tôi bị đau cơ vai mỗi khi cố gắng với tay lên.
Chấn thương chỉnh hình,"Mỗi khi mang vác đồ nặng, tôi cảm thấy như lưng mình sắp gãy."
Da liễu,Tôi có những đốm đen trên da.
Tiêu hóa,Tôi cảm thấy đau bụng.
Cơ xương khớp,"Tôi đã đi bộ 3 km, và cảm thấy đau nhức ở chân, giống như đau bàn chân vậy."
Tai Mũi Họng,Tôi cảm thấy có chất lỏng muốn trào ra khi ho.
Hô hấp,"Có những lúc tôi cảm thấy như bị đè bẹp dưới một sức nặng khổng lồ và không khí không thể vào phổi, điều đó thực sự khiến tôi sợ chết khiếp mỗi khi chuyện đó xảy ra."
Da liễu,Tôi cần gãi da mỗi phút
Ngoại khoa,"Con gái tôi bị mèo cắn và giờ tay cháu bị đau, đỏ và sưng tấy, vết thương còn chảy dịch."
Chấn thương chỉnh hình,Tôi bị đau khi gập tay.
Tiêu hóa,Tôi bị đau bụng.
Tiêu hóa,Đau bụng sau khi uống sữa
Chấn thương chỉnh hình,Tôi cảm thấy đau ở đầu gối.
Ngoại khoa,Vết thương vẫn còn hở
Ngoại khoa,Có một người bị thương.
Nhãn khoa,"Mỗi khi ăn đường, tôi nhận thấy thị lực của mình bị mờ."
Tiêu hóa,"Tôi bị đau ở đại tràng và dạ dày, cảm giác như có vật gì đó đang cắt vào."
Đa khoa,Tôi cảm thấy chóng mặt mỗi khi đứng dậy.
Cơ xương khớp,Chân tôi bị đau và không thể xoay được. Có lẽ nó bị gãy rồi.
Tai Mũi Họng,Tai tôi bị đau và càng đau hơn khi nuốt. Tôi bị đau tai dữ dội và thuốc Tylenol cũng không giúp được gì.
Da liễu,Mặc dù đã trưởng thành nhưng mặt tôi vẫn cứ nổi mụn.
Đa khoa,"Tôi cảm thấy cơ thể yếu ớt sau ngày đầu tiên đến phòng tập, tại sao vậy?"
Chấn thương chỉnh hình,"Khi chơi bóng đá, tôi bị đau khớp."
Nhãn khoa,Thật khó để nhìn thấy mọi thứ
Nhãn khoa,"Tôi gặp vấn đề trong việc nhìn thấy các vật thể, nó quá khó nhìn."
Chấn thương chỉnh hình,Các khớp của tôi cảm thấy sưng tấy.
Tiêu hóa,Tôi cảm thấy đau bụng.
Tai Mũi Họng,Tôi bị ho rất nặng và có đờm.
Cơ xương khớp,Tôi cảm thấy đau dữ dội ở đầu gối sau khi bị va chạm trong trận bóng đá.
Đa khoa,"Khi đứng dậy quá nhanh, tôi bắt đầu cảm thấy chóng mặt và choáng váng."
Da liễu,Tôi bị phát ban trên da.
Tim mạch,"Ôi tim tôi đau nhói, tôi đã cố gắng bình tĩnh nhưng không thể."
Chấn thương chỉnh hình,Đứng chưa đến năm phút mà lưng tôi bắt đầu đau.
Cơ xương khớp,Tôi bị đau khi giơ tay lên.
Ngoại khoa,Con gái tôi vừa xỏ khuyên tai và một bên dái tai của cháu đỏ rực và nóng rát.
Da liễu,Mụn có phải là bệnh ngoài da không?
Chấn thương chỉnh hình,Tôi bị ngã xe đạp và từ đó tôi bị đau đầu gối dữ dội.
Tai Mũi Họng,"Khi thức dậy, tôi cảm thấy lạnh."
Nhãn khoa,Tôi gặp khó khăn khi đọc vì các chữ cái đều bị mờ.
Cơ xương khớp,"Trong cuộc phẫu thuật ở mắt cá chân, các dây thần kinh của tôi bị tổn thương nghiêm trọng đến mức tôi không thể chịu được khi ai đó chạm vào vết sẹo."
Ngoại khoa,"Con trai tôi vô tình dùng dao cạo cũ cứa vào cổ và chỗ đó bị sưng tấy, trông có vẻ bị nhiễm trùng."
Da liễu,Con trai tôi bị mụn trứng cá rất nhiều.
Da liễu,"Tôi chưa từng gặp vấn đề về mụn trứng cá cho đến lần mang thai cuối cùng, khi đột nhiên lưng tôi nổi đầy mụn."
Tai Mũi Họng,Tôi bị ho rất nặng và có đờm.
Tiêu hóa,Tôi cảm thấy đau bụng.
Thần kinh/Tiêu hóa,"Đầu tôi nặng trĩu, không thể suy nghĩ bình thường được."
Tim mạch,Tôi cảm thấy đau nhói trong tim.
Chấn thương chỉnh hình,"Tôi không thể đi được, đầu gối tôi đau quá."
Tai Mũi Họng,"Tôi ho rất nhiều khi ngửi mùi nước hoa, phổi tôi có vấn đề gì vậy?"
Tiêu hóa,Tôi cảm thấy đau nhói ở bụng sau khi ăn.
Tai Mũi Họng,Từ khi vào rừng tôi bị đau tai.
Chấn thương chỉnh hình,Đầu gối của tôi không gập được tốt.
Nhãn khoa,"Tôi lo lắng về khả năng lái xe của mình, vì tôi hầu như không thể tập trung khi ngồi sau tay lái, mắt tôi cứ chảy nước mắt."
Tai Mũi Họng,Mỗi lần hít thở sâu là tôi lại ho.
Chấn thương chỉnh hình,Tôi cảm thấy đau lưng.
Đa khoa,"Mỗi lần cố gắng làm việc gì, tôi đều cảm thấy chóng mặt."
Hô hấp,Tôi cảm thấy tức ngực.
Chấn thương chỉnh hình,Tôi cảm thấy đau nhói ở khớp mắt cá chân khi đứng.
Tiêu hóa,Bụng tôi bắt đầu đau nhưng sau khi ăn thứ gì đó nhẹ nhàng thì lại thấy dễ chịu hơn.
Cơ xương khớp,Tôi bị đau cơ thang.
Tai Mũi Họng,Cơn đau tai của tôi không thể chịu nổi.
Chấn thương chỉnh hình,Tôi cảm thấy cứng khớp ở khuỷu tay và vai.
Chấn thương chỉnh hình,"Khi chơi thể thao, tôi cảm thấy nóng rát ở cột sống."
Da liễu,"Tóc tôi rụng từng mảng lớn, đặc biệt là khi gội đầu."
Nhãn khoa,"Khi tôi đứng dậy quá nhanh, tầm nhìn của tôi bị mờ."
Da liễu,Tôi cảm thấy rất ngứa rát ở vùng gần cánh tay.
Cơ xương khớp,Tôi bị đau khi giơ tay lên.
Tai Mũi Họng,Tai tôi bị ù.
Tiêu hóa,Tôi bị đau lan từ hông phải lên đến lồng ngực. Cơn đau dữ dội nhất khi tôi đi tiểu.
Chấn thương chỉnh hình,"Khi chơi bóng đá, tôi bị đau khớp."
Cơ xương khớp,Chân tôi bị đau và không thể xoay được. Có lẽ nó bị gãy rồi.
Đa khoa,"Khi ăn quá nhiều đường, cơ thể tôi trở nên yếu và chóng mặt."
Thấp khớp/Chỉnh hình,Tôi không thể xoay cổ sang trái mà không cảm thấy đau nhói.
Tim mạch,Tim tôi đập nhanh và điều đó khiến tôi sợ hãi.
Ngoại khoa,Vết thương của tôi lại bị hở ra.
Cơ xương khớp,Tôi ngã xuống đất khi cố gắng ném bóng rổ.
Da liễu,Con trai tôi bị mụn trứng cá rất nhiều.
Cơ xương khớp,Tôi bị đau chân sau khi chạy 500m với giày chạy bộ.
Cơ xương khớp,Vai tôi bị đau.
Cơ xương khớp,"Mỗi sáng thức dậy, cổ tôi đều có cảm giác như ngủ sai tư thế."
Đa khoa,Tôi khó có thể đứng dậy và di chuyển rất chậm.
Chấn thương chỉnh hình,Tôi cảm thấy đau đầu gối khi leo cầu thang.
Tâm thần,"Tôi cảm thấy tổn thương, trái tim tôi đau nhói."
Đa khoa,Tôi cảm thấy khó chịu khắp cơ thể nói chung.
Tai Mũi Họng,"Tôi không ngủ được, tôi bị ho dữ dội."
Tâm thần,"Sau khi chia tay, tôi cảm thấy có điều gì đó lạ lẫm trong mình."
Cơ xương khớp,Tôi bị đau vai dữ dội.
Cơ xương khớp,Tôi không thể chịu đựng được cảm giác khó chịu này ở vai.
Ngoại khoa,"Con trai tôi vô tình dùng dao cạo cũ cứa vào cổ và chỗ đó bị sưng tấy, trông có vẻ bị nhiễm trùng."
Da liễu,Tôi cần tìm phương pháp điều trị rụng tóc.
Tai Mũi Họng,Tôi có rất nhiều đờm khi ho.
Tai Mũi Họng,Tôi bị đau tai và ù tai.
Chấn thương chỉnh hình,Tôi bị đau lưng rất nhiều.
Chấn thương chỉnh hình,Tôi cảm thấy như có thứ gì đó sưng và viêm ở phía sau đầu gối.
Cơ xương khớp,Tôi cảm thấy đau dữ dội ở đầu gối sau khi bị va chạm trong trận bóng đá.
Thấp khớp/Chỉnh hình,Tôi bị sưng ở cổ và rất đau.
Thần kinh/Tiêu hóa,Tôi cảm thấy như có ai đó đang dùng búa đập vào đầu mình. Tôi thấy đau nhức ở đỉnh đầu và nó cứ giật giật.
Tai Mũi Họng,Tôi nghĩ có dịch trong tai tôi.
Chấn thương chỉnh hình,Tôi cảm thấy như có kim châm vào các khớp của mình.
Ngoại khoa,Vết thương vẫn còn hở
Nhãn khoa,"Khi tôi cố gắng nhìn, tầm nhìn của tôi bị mờ."
Hô hấp,Tim tôi đập nhanh và tôi khó thở.
Tim mạch,"Chồng tôi bỏ tôi để đến với người phụ nữ khác, trái tim tôi đau đớn đến mức tôi không thể ăn không thể ngủ được."
Cơ xương khớp,"Khi chơi thể thao, tôi bị đau dưới da."
Tiêu hóa,Tôi bị đau lan từ hông phải lên đến lồng ngực. Cơn đau dữ dội nhất khi tôi đi tiểu.
Da liễu,Mụn của tôi bị ngứa và chảy dịch.
Ngoại khoa,Tôi bị một vết cắt đã được khâu lại nhưng nó không lành. Nó đang chảy mủ màu xanh và bị bỏng rát.
Nhãn khoa,"Khi tôi đứng dậy quá nhanh, tầm nhìn của tôi bị mờ."
Cơ xương khớp,"Hồi còn nhỏ, tôi từng bị chấn thương đầu gối do chơi thể thao."
Tai Mũi Họng,Tôi cảm thấy lạnh dù nhiệt độ cao.
Chấn thương chỉnh hình,Tôi cảm thấy đau đầu gối khi leo cầu thang.
Cơ xương khớp,Cơ bắp tay của tôi bắt đầu đau nhức sau khi tôi đến phòng tập thể dục.
Tai Mũi Họng,Tôi cảm thấy lạnh mặc dù đang là mùa hè.
Da liễu,Bệnh mãn tính của nang tóc và tuyến bã nhờn
Ngoại khoa,Tôi bị rách da ở ngón tay cái và vết thương không lành.
Đa khoa,Tôi cảm thấy choáng váng khi đứng dậy.
Nhãn khoa,"Tôi bị nhìn mờ từ sáng nay, không biết nguyên nhân là gì?"
Da liễu,Tôi đã thử rất nhiều loại kem nhưng tình trạng da của tôi vẫn vậy.
Nhãn khoa,"Tôi bị nhìn mờ trong lúc tập bơi ở bể bơi, tại sao vậy?"
Chấn thương chỉnh hình,"Cảm giác khó chịu xuất hiện đột ngột, thường là sau chấn thương hoặc tập luyện."
Ngoại khoa,Tôi bị đứt tay cách đây vài ngày và mặc dù tôi không nghĩ mình cần khâu nhưng vết thương vẫn chưa lành.
Cơ xương khớp,"Tôi bị đau chân vào mùa đông, hoặc khi trời lạnh, tại sao vậy?"
Ngoại khoa,"Mảnh kính vỡ và làm tôi bị thương nặng ở chân, vết thương rất rộng."
Ngoại khoa,"Con trai tôi vừa trải qua điều trị tủy răng và nha sĩ vô tình cắt vào bên trong má của cháu, giờ vết thương không lành được."
Chấn thương chỉnh hình,Đầu gối tôi bị vướng và đau khi mới đứng dậy sau khi ngồi.
Tiêu hóa,Tôi bị đau bụng dữ dội.
Tai Mũi Họng,Tôi bị ho khan nặng
Thần kinh/Tiêu hóa,Cơn đau đầu tồi tệ nhất là khi tôi bị say rượu hồi hai mươi tuổi: Tôi thực sự nghĩ mình sắp chết vì viêm não.
Đa khoa,Tôi gần như không còn đủ sức để đứng dậy.
Nhãn khoa,Máy khử trùng mắt
Cơ xương khớp,Vai tôi bị đau khi cố gắng nâng vật nặng năm pound.
Tiêu hóa,Tôi bị đau bụng dữ dội.
Chấn thương chỉnh hình,Tôi bị đau nhói ở xương bánh chè sau khi tập thể dục.
Ngoại khoa,"Con gái tôi đi tỉa lông mày và việc đó đã làm rách da ở một bên lông mày, giờ chỗ đó bị sưng và chảy dịch."
Cơ xương khớp,Tôi bị đau vai mỗi khi cố gắng mang vác đồ tạp hóa.
Đa khoa,Tôi cảm thấy toàn thân yếu ớt.
Tim mạch,Cảm giác nghẹn ngào trong tim khiến tôi khó thở.
Tai Mũi Họng,"Tôi không khỏe, tôi cảm thấy rất lạnh."
Thần kinh/Tiêu hóa,Tôi bị đau đầu khi làm việc này.
Nhãn khoa,"Khi tôi cố gắng nhìn, tầm nhìn của tôi bị mờ."
Tim mạch,Tôi cảm thấy như có một cây kim đang đâm xuyên tim mình.
Chấn thương chỉnh hình,"Mỗi khi cúi xuống, tôi lại cảm thấy đau nhói ở lưng."
Chấn thương chỉnh hình,"Khi chơi bóng đá, tôi bị đau khớp."
Tai Mũi Họng,Tôi không thở được vì ho
Chấn thương chỉnh hình,Tôi bị đau khớp. Tôi không thể chịu đựng được cơn đau.
Cơ xương khớp,"Mỗi khi cử động tay, vai phải của tôi lại kêu lách tách."
Cơ xương khớp,Tôi bị đau vai dữ dội.
Cơ xương khớp,Tôi bị gãy mắt cá chân khi leo núi đá ở dãy Carpathians.
Tâm thần,Dạo này tôi cảm thấy rất buồn.
Chấn thương chỉnh hình,Tôi cảm thấy như có kim châm vào các khớp của mình.
Tai Mũi Họng,Tôi bị đau tai và ù tai.
Chấn thương chỉnh hình,Tôi cảm thấy đau ở đầu gối.
Da liễu,Con trai tôi bị mụn trứng cá rất nhiều.
Tai Mũi Họng,Khi đi ngủ tôi cảm thấy lạnh.
Da liễu,Tôi không thể có bạn gái vì mụn trứng cá.
Cơ xương khớp,"Khi chơi bóng đá, tôi bị đau cơ."
Chấn thương chỉnh hình,Tôi nghĩ mình đã làm quá sức khi khiêng đống gỗ đó từ ngoài sân về. Lưng dưới của tôi đau nhức kinh khủng.
Tâm thần,Tôi cảm thấy muốn tự tử.
Da liễu,Tôi bị thiếu tóc
Da liễu,Tôi bị nổi mụn thành từng mảng và da mặt bị đỏ nhiều.
Nhãn khoa,Màn hình tivi và máy tính của tôi trông có vẻ mờ dù tôi đã đeo kính mới.
Da liễu,Mụn trứng cá khiến tôi cảm thấy xấu hổ.
Nhãn khoa,"Tôi đang gặp vấn đề về thị lực, cảm giác như có một đám mây che mắt, mọi thứ đều mờ."
Ngoại khoa,"Tôi bị một vết thương hở trên da bên trong một bên lỗ mũi, vết thương đã bị nhiễm trùng và hiện giờ chứa đầy mủ."
Thần kinh/Tiêu hóa,"Tôi bị đau đầu dữ dội vài tháng một lần, và mỗi khi bị đau đầu thì thị lực của tôi lại bị ảnh hưởng."
Tâm thần,Tôi bị bệnh tâm thần
Da liễu,Tôi có làn da khô
Tim mạch,Lòng tôi đau nhói.
Cơ xương khớp,Tôi bị đứt tay khi chơi bóng đá và đã bôi kem giảm đau nhưng không hiệu quả.
Chấn thương chỉnh hình,Tôi cảm thấy cứng khớp ở khuỷu tay và vai.
Tai Mũi Họng,Tôi bị sổ mũi.
Tâm thần,Tôi thất vọng
Cơ xương khớp,Tôi bị thương khi tập thể dục
Tai Mũi Họng,"Tôi bị đau tai mãi không khỏi. Tôi không bị cảm lạnh, đau đầu hay bất kỳ triệu chứng nào khác. Chỉ là đau tai thôi."
Tai Mũi Họng,Tôi bị ho dữ dội kèm theo đờm.
Tai Mũi Họng,"Tôi vừa đi máy bay cách đây vài ngày và lần này, trong lúc hạ cánh, tai tôi vẫn bị ù và đau."
Tai Mũi Họng,Tôi bị ho suốt hai tuần nay rồi.
Tim mạch,Tôi cảm thấy nhịp tim tăng nhanh khi bị chích.
Chấn thương chỉnh hình,Tôi có cảm giác như xương bánh chè đang cọ xát vào nhau mỗi khi đi bộ.
Tai Mũi Họng,Tôi bị cảm lạnh và ho rất nhiều.
Tim mạch,Tôi cảm thấy đau nhói trong tim mỗi khi thức dậy.
Chấn thương chỉnh hình,Tôi cảm thấy đau nhức ở đầu gối khi đi bộ.
Ngoại khoa,Vết thương của tôi bị nhiễm trùng khi tôi đang trồng hoa trong vườn.
Chấn thương chỉnh hình,Tôi cảm thấy như có thứ gì đó đang đâm vào các khớp của mình.
Cơ xương khớp,"Tôi bị đau chân vào mùa đông, hoặc khi trời lạnh, tại sao vậy?"
Thấp khớp/Chỉnh hình,Tôi không thể ngẩng đầu lên cúi xuống được.
Đa khoa,Tôi cảm thấy chóng mặt sau khi bị tiêu chảy nặng.
Tiêu hóa,Tôi cảm thấy đau nhói ở bụng.
Cơ xương khớp,"Nếu tôi giẫm phải kim thì chắc cũng không đau đến thế, như cái gai chết tiệt ở gót chân này."
Tiêu hóa,Tôi bị đau nhưng không thể xác định được vị trí cụ thể.
Thấp khớp/Chỉnh hình,Tôi cảm thấy đau cổ khi đang làm việc.
Chấn thương chỉnh hình,Tôi không thể tập thể dục vì bị đau đầu gối.
Hô hấp,"Tôi cảm thấy khó thở, đặc biệt là sau khi chạy hoặc vận động mạnh."
Tai Mũi Họng,Tôi bị sổ mũi.
Thần kinh/Tiêu hóa,Tôi bị đau đầu mỗi khi ăn kem.
Tiêu hóa,Đau nhói và khó thở
Cơ xương khớp,Tôi bị đau nhói ở bắp chân.
Đa khoa,Tôi cảm thấy chóng mặt khi thực hiện các chuyển động đột ngột.
Cơ xương khớp,"Khi thức dậy vào buổi sáng, tôi cảm thấy toàn thân đau nhức."
Cơ xương khớp,Tôi bị chấn thương trong một trận bóng đá và được chẩn đoán là tổn thương dây chằng chéo.
Tai Mũi Họng,Tôi bị đau nhói ở tai.
Chấn thương chỉnh hình,Đứng chưa đến năm phút mà lưng tôi bắt đầu đau.
Da liễu,Tôi cần gãi da mỗi phút
Tai Mũi Họng,Tôi không thở được vì ho
Tai Mũi Họng,Tôi thức giấc vào ban đêm vì cảm thấy lạnh.
Chấn thương chỉnh hình,Tôi đã dùng rất nhiều thuốc giảm đau để đỡ hơn nhưng tôi vẫn cảm thấy đau lưng.
Tai Mũi Họng,Tôi cảm thấy lạnh và ớn lạnh dù đã mặc quần áo dày.
Đa khoa,"Khi tôi đứng dậy, tôi có cảm giác như mình sắp ngã ngay lập tức."
Thần kinh/Tiêu hóa,Tôi bị đau đầu từ khi thức dậy sáng nay.
Thần kinh/Tiêu hóa,Tôi cảm thấy đau nhói ở đầu mỗi khi suy nghĩ quá nhiều.
Chấn thương chỉnh hình,Tôi bị đau đầu gối khi đi bộ.
Ngoại khoa,Tôi bị một vết cắt ở chân và nó đã bị nhiễm trùng do sử dụng vòi sen ở phòng tập thể dục.
Chấn thương chỉnh hình,Tôi bị đau đầu gối khi đang bơi.
Thấp khớp/Chỉnh hình,Tôi thức dậy mỗi sáng với chứng cứng cổ. Mát-xa giúp giảm đau nhưng vài ngày sau lại bị lại.
Cơ xương khớp,Tôi bị chấn thương nên không thể chơi thể thao.
Tai Mũi Họng,Phổi tôi cảm thấy nặng trĩu như thể chứa đầy chất nhầy.
Tai Mũi Họng,Tôi không thể ngừng ho
Chấn thương chỉnh hình,Đầu gối tôi có cảm giác như bị rỉ sét và đột nhiên tôi không thể gập nó lại được nữa.
Ngoại khoa,Người ta phát hiện anh ta có một vết thương hở.
Chấn thương chỉnh hình,Tôi bị đau đầu gối khi chơi squash.
Đa khoa,"Tôi không thể làm gì cả, toàn thân tôi đều yếu ớt."
Cơ xương khớp,Vai tôi đau quá.
Tiêu hóa,"Tôi cảm thấy đau đớn bên trong, tôi không biết đó là gì."
Thấp khớp/Chỉnh hình,"Mỗi lần nhìn sang trái, tôi đều cảm thấy đau nhói ở cổ."
Ngoại khoa,Tôi bị một vết thương sâu ở tay và không thể cầm máu được.
Đa khoa,Tôi chẳng làm gì ở nhà cả mà vẫn cảm thấy kiệt sức.
Cơ xương khớp,"Khi giơ tay lên, tôi cảm thấy đau ở vai."
Chấn thương chỉnh hình,Tôi bị đau nhói ở xương bánh chè sau khi tập thể dục.
Chấn thương chỉnh hình,Tôi cảm thấy đau nhức ở đầu gối khi đi bộ.
Cơ xương khớp,Tôi không thể nhảy bằng chân trái vì chấn thương gãy ba xương ở mắt cá chân khiến tôi đau nhức không dứt.
Tim mạch,Tôi cảm thấy tim mình đau nhói khi chạy một quãng đường dài.
Thần kinh/Tiêu hóa,"Tôi đau đầu và mất cảm giác ở mặt, sau đó mất thị lực ở mắt."
Chấn thương chỉnh hình,Tôi bị đau khớp khi cố gắng gập chân hoặc tay.
Cơ xương khớp,Tôi cảm thấy rất đau ở chân sau khi chơi một trong những trò chơi thể thao.
Cơ xương khớp,Cơ bắp tay của tôi bắt đầu đau nhức sau khi tôi đến phòng tập thể dục.
Da liễu,Ngực tôi nổi mụn đỏ và mụn đầu trắng.
Tai Mũi Họng,Tôi bị cảm lạnh và ho rất nhiều.
Nhãn khoa,Tôi bị nhìn mờ.
Cơ xương khớp,Tại sao vai tôi lại đau khi tôi cố gắng nhặt quần áo giặt?
Tim mạch,Tôi cảm thấy đau nhói trong tim mỗi khi thức dậy.
Da liễu,Trên da tôi có một vết đỏ.
Thần kinh/Tiêu hóa,Tôi đọc sách rất lâu và khi đọc xong thì tôi bị đau đầu.
Tâm thần,Tôi cảm thấy vô cùng đau khổ về mặt tinh thần sau khi chia tay bạn gái.
Cơ xương khớp,Tôi bị đau tay khi duỗi người.
Ngoại khoa,Vết thương nhiễm trùng của anh ta bắt đầu bị hoại tử.
Tai Mũi Họng,Tôi bị khô họng.
Chấn thương chỉnh hình,Tôi cảm thấy đau ở đầu gối.
Chấn thương chỉnh hình,Lưng tôi đau quá.
Tai Mũi Họng,"Con tôi bị ho cả đêm, không ngủ được."
Tim mạch,"Mỗi khi buồn, tim tôi lại đau nhói, tại sao vậy?"
Chấn thương chỉnh hình,Tôi rất đau lưng mỗi khi cúi người.
Da liễu,"Tôi bị nổi những mảng mụn lớn, ngứa rát trên lưng và rất đau."
Chấn thương chỉnh hình,Đường nóng rát dọc theo lưng kèm theo khó thở.
Ngoại khoa,"Con trai tôi vừa trải qua điều trị tủy răng và nha sĩ vô tình cắt vào bên trong má của cháu, giờ vết thương không lành được."
Hô hấp,Ngực tôi đau khi hít thở.
Tâm thần,Tôi cảm thấy buồn
Tai Mũi Họng,"Tôi cứ mãi không thấy ấm. Ngay cả khi mọi người xung quanh đều ấm áp, tôi vẫn luôn cảm thấy lạnh."
Ngoại khoa,"Tôi cảm thấy không khỏe, vết thương của tôi bị nhiễm trùng."
Chấn thương chỉnh hình,Tôi gặp khó khăn khi cử động đầu gối.
Da liễu,Tóc tôi luôn bị rụng và dạo này tôi bị rụng rất nhiều tóc.
Tâm thần,Tôi ước cảm giác mất mát đau đớn này có thể biến mất.
Chấn thương chỉnh hình,Tôi cảm thấy đau ở đầu gối khi đi bộ.
Tim mạch,Tôi cảm thấy đau nhói trong tim.
Cơ xương khớp,"Tôi đã đi bộ 3 km, và cảm thấy đau nhức ở chân, giống như đau bàn chân vậy."
Đa khoa,Tôi cảm thấy như thế giới cứ xoay vòng vòng.
Tai Mũi Họng,Tôi cảm thấy như mình khó thở nếu không tống hết những thứ trong phổi ra ngoài.
Đa khoa,"Tôi cảm thấy cơ thể yếu ớt dù ăn rất nhiều, tại sao vậy?"
Da liễu,Tôi bị phát ban trên da.
Tai Mũi Họng,"Chắc chắn là tuần hoàn máu của tôi có vấn đề rồi, ngay cả những ngày nóng nhất tôi cũng phải mang tất, ngón chân tôi lạnh cóng!"
Da liễu,Trên mặt tôi có vài nốt mụn khiến tôi rất khó chịu.
Tai Mũi Họng,"Tôi không thể ngừng run rẩy hay nới lỏng hàm, tôi lạnh đến mức đó."
Tiêu hóa,Tôi không thể chịu nổi cảm giác khó chịu này trong bụng.
Chấn thương chỉnh hình,Tôi cảm thấy đau lưng.
Đa khoa,Tôi không còn đủ sức lực để làm những việc mà trước đây tôi vẫn làm.
Đa khoa,"Tôi cảm thấy toàn thân yếu ớt, mặt mũi tái nhợt và không ngủ ngon được."
Hô hấp,Tôi cảm thấy như có thứ gì đó đang bóp nghẹt phổi mình.
Chấn thương chỉnh hình,Khớp mắt cá chân của tôi bị nhức nhối mỗi khi tôi đặt trọng lực lên bàn chân.
Thần kinh/Tiêu hóa,Cơn đau đầu tồi tệ nhất là khi tôi bị say rượu hồi hai mươi tuổi: Tôi thực sự nghĩ mình sắp chết vì viêm não.
Cơ xương khớp,Chân tôi đau quá.
Tai Mũi Họng,Tôi cảm thấy lúc nào cũng có thứ gì đó vướng trong cổ họng.
Đa khoa,Tôi cảm thấy cơ thể yếu ớt mặc dù tôi vẫn uống vitamin đều đặn.
Tiêu hóa,Tôi luôn có cảm giác như bị đau bụng kinh ngay cả khi không đến kỳ kinh nguyệt.
Tiêu hóa,"Tôi cảm thấy đau nhức ở bên trong, giữa hông và vai."
Tai Mũi Họng,Tôi luôn cảm thấy ngứa rát ở cổ họng.
Đa khoa,"Khi đứng lên tôi cảm thấy chóng mặt, tôi không biết tại sao."
Da liễu,Tôi cảm thấy chán nản khi thấy tóc mình rụng.
Chấn thương chỉnh hình,Đầu gối tôi đau đến nỗi mỗi khi đi lại tôi lại ngồi nhiều hơn mức cần thiết.
Thấp khớp/Chỉnh hình,Tôi bị đau cổ và không thể nhìn xuống hay nhìn lên.
Cơ xương khớp,Tôi bị nhức nhối ở vai.
Nhãn khoa,"Tôi bị nhìn mờ trong lúc tập bơi ở bể bơi, tại sao vậy?"
Đa khoa,Tôi cảm thấy như căn phòng đang quay cuồng.
Tai Mũi Họng,Tôi không ngủ được vì ho
Cơ xương khớp,Tôi bị đau lưng khi đang tập tạ ở phòng gym.
Cơ xương khớp,"Tôi bị đau chân vào mùa đông, hoặc khi trời lạnh, tại sao vậy?"
Tai Mũi Họng,Tôi bị ho suốt hai tuần nay rồi.
Tiêu hóa,"Tôi cảm thấy áp lực rất lớn ở vùng bụng dưới bên phải, mỗi khi ra ngoài chạy bộ."
Tai Mũi Họng,"Tôi luôn cảm thấy lạnh, ngay cả khi mặc nhiều lớp áo."
Tâm thần,"Khi ông nội tôi qua đời, tôi đã trải qua một nỗi đau tinh thần sâu sắc."
Cơ xương khớp,Tôi bị đau cơ bụng dữ dội từ khi đi tập gym.
Thần kinh/Tiêu hóa,Tôi bị đau đầu kèm theo chóng mặt.
Nhãn khoa,Tôi bị nhìn mờ sau khi dùng nhầm thuốc.
Cơ xương khớp,Bắp chân tôi có cảm giác như bị căng cứng và nhức nhối.
Chấn thương chỉnh hình,Tôi thường bị đau đầu gối mỗi khi chạy bộ.
Cơ xương khớp,Tôi bị đau cơ ở chân trái.
Hô hấp,Tôi cảm thấy áp lực rất lớn ở ngực.
Hô hấp,"Trước đây, tôi thường thở hổn hển sau khi leo cả chục bậc cầu thang, nhưng giờ đây, ngay cả khi ngồi xuống, tôi cũng khó thở."
Cơ xương khớp,Tôi cảm thấy rất đau ở chân sau khi chơi một trong những trò chơi thể thao.
Tiêu hóa,Tôi cảm thấy đau nhói ở bụng.
Thấp khớp/Chỉnh hình,Tôi bị đau cổ khi ngồi trước máy tính xách tay.
Cơ xương khớp,Tôi bị đau nhức cơ vùng lưng dưới.
Chấn thương chỉnh hình,Tôi bị đau ở khớp khuỷu tay.
Cơ xương khớp,Tôi cần một loại kem giúp thư giãn cơ bắp.
Thần kinh/Tiêu hóa,Tôi bị đau đầu.
Cơ xương khớp,Tôi bị đau lưng dưới nhưng nếu duỗi người thì đỡ hơn.
Chấn thương chỉnh hình,"Khi tôi duỗi chân, khớp gối bị đau."
Tiêu hóa,Tôi bị đau bụng từ hôm qua.
Chấn thương chỉnh hình,"Mỗi khi lên xuống cầu thang, đầu gối tôi lại phát ra tiếng kêu ken két."
Da liễu,Mụn của tôi thật sự khiến tôi xấu hổ. Nó đỏ quá.
Da liễu,Có thứ gì đó tối màu trên cánh tay tôi.
Nhãn khoa,"Khi lái xe, mắt tôi nhìn thấy hình ảnh kép."
Chấn thương chỉnh hình,Lưng trên của tôi bị đau suốt một tuần nay.
Cơ xương khớp,Tôi bị đau vai dữ dội.
Tai Mũi Họng,"Tôi lo lắng vì khả năng chịu lạnh của mình kém, tôi luôn run rẩy, ngay cả khi ở ngoài trời nắng."
Thần kinh/Tiêu hóa,"Tôi bị đau đầu vùng trán và mỗi khi bị đau, ánh sáng lại làm tôi khó chịu."
Ngoại khoa,Tôi bị đứt tay cách đây vài tuần và dù đã bôi kem kháng sinh nhưng vết thương vẫn không đỡ.
Tai Mũi Họng,Tôi không thể ngừng ho.
Chấn thương chỉnh hình,Tôi bị đau khớp. Tôi không thể chịu đựng được cơn đau.
Cơ xương khớp,Tôi bị gãy mắt cá chân khi leo núi đá ở dãy Carpathians.
Tai Mũi Họng,Tôi đang gặp khó khăn trong việc nghe.
Cơ xương khớp,"Tôi không thể mang vác bất cứ thứ gì, tôi bị đau vai."
Cơ xương khớp,Tôi cảm thấy nóng rát ở cơ vai.
Da liễu,Tôi từng bị mụn trứng cá khi 15 tuổi.
Da liễu,"Mỗi tháng, vào khoảng thời gian hành kinh, da mặt tôi lại nổi mụn rất nhiều."
Chấn thương chỉnh hình,Đầu gối tôi đau đến nỗi mỗi khi đi lại tôi lại ngồi nhiều hơn mức cần thiết.
Cơ xương khớp,"Có lẽ tôi đã tập tạ quá sức, vì tôi sợ mình đã bị rách cơ lưng."
Tiêu hóa,Hôm qua ăn đồ ăn cay Ấn Độ thì tôi bị đau bụng và đầy hơi.
Da liễu,Tôi nhận thấy một số vấn đề về da và đã thử dùng kem nhưng tình trạng không được cải thiện.
Tai Mũi Họng,"Con tôi bị ho cả đêm, không ngủ được."
Da liễu,Hồi trung học tôi bị mụn rất nhiều.
Đa khoa,"Tôi cảm thấy cơ thể yếu ớt dù ăn rất nhiều, tại sao vậy?"
Da liễu,Tôi rất lo lắng mình sẽ bị hói đầu sớm. Tôi có bị bệnh nặng không?
Cơ xương khớp,Chân tôi đau quá.
Tiêu hóa,Tôi cảm thấy đau nhói ở bụng sau khi ăn.
Cơ xương khớp,Tôi bị đau cơ.
Tiêu hóa,Tôi luôn có cảm giác như bị đau bụng kinh ngay cả khi không đến kỳ kinh nguyệt.
Đa khoa,Tôi cảm thấy cơ thể yếu ớt mặc dù tôi vẫn uống vitamin đều đặn.
Tiêu hóa,Tôi cảm thấy đau nhức bên trong cơ thể.
Cơ xương khớp,Vai tôi bị đau khi cố gắng nâng vật nặng năm pound.
Tiêu hóa,"Tôi cảm thấy đau nhức ở bên trong, giữa hông và vai."
Đa khoa,"Khi phê quá, tôi bắt đầu cảm thấy chóng mặt."
Đa khoa,"Khi thức dậy vào buổi sáng, tôi cảm thấy chóng mặt."
Tai Mũi Họng,"Tôi nghe không rõ, tôi có vấn đề về tai."
Tim mạch,Tôi cảm thấy đau nhói trong tim.
Tai Mũi Họng,"Con tôi bị ho cả đêm, không ngủ được."
Tiêu hóa,Tôi cảm thấy đau đớn bên trong nhưng không thể xác định được nguyên nhân.
Chấn thương chỉnh hình,Tôi gặp khó khăn khi cử động đầu gối.
Thần kinh/Tiêu hóa,"Mỗi khi uống nhiều rượu, tôi lại bị đau đầu."
Tiêu hóa,Tôi cảm thấy đau nhói ở bụng sau khi ăn.
Tai Mũi Họng,Tôi cảm thấy lúc nào cũng có thứ gì đó vướng trong cổ họng.
Tâm thần,Tôi cảm thấy buồn
Ngoại khoa,"Lần trước khi cắt móng chân, tôi đã cắt quá ngắn và giờ móng chân của tôi bị nhiễm trùng."
Chấn thương chỉnh hình,Đầu gối tôi có cảm giác như bị rỉ sét và đột nhiên tôi không thể gập nó lại được nữa.
Tiêu hóa,Tôi không thể chịu nổi cảm giác khó chịu này trong bụng.
Cơ xương khớp,Tôi bị đau cơ không rõ nguyên nhân.
Ngoại khoa,Tôi bị một vết thương sâu ở tay và không thể cầm máu được.
Cơ xương khớp,"Sau khi chơi bóng đá, tôi bị đau cơ ở cả hai chân."
Thần kinh/Tiêu hóa,Tôi bị đau đầu từ khi thức dậy sáng nay.
Chấn thương chỉnh hình,Tôi bị đau nhói và nghe thấy tiếng lách cách ở khớp mắt cá chân mỗi khi cố gắng đứng lên và đi lại.
Tiêu hóa,Tôi cảm thấy đau nhức toàn thân.
Cơ xương khớp,Vai tôi đau quá.
Tiêu hóa,Khi ăn tôi cảm thấy đau bụng.
Chấn thương chỉnh hình,Toàn thân tôi đang trong tình trạng tồi tệ và tôi cần được điều trị tốt.
Tiêu hóa,"Tôi bị đau ở đại tràng và dạ dày, cảm giác như có vật gì đó đang cắt vào."
Da liễu,Tôi đã đi khám nhiều bác sĩ nhưng họ vẫn không tìm ra phương pháp điều trị phù hợp để giúp tôi lấy lại mái tóc.
Ngoại khoa,Tôi có một vết thương hở đã chuyển sang màu đỏ và chảy mủ.
Hô hấp,"Năm ngoái, bà tôi phải nhập viện vì khó thở."
Tai Mũi Họng,"Tôi được chẩn đoán mắc chứng thiếu máu do thiếu vitamin B12, điều này giải thích tại sao tôi luôn cảm thấy lạnh."
Chấn thương chỉnh hình,Tôi bị đau ở khớp khuỷu tay.
Thần kinh/Tiêu hóa,Sọ bị vỡ như quả hạch
Tiêu hóa,Tôi cảm thấy đau bụng dữ dội.
Da liễu,Tôi có vấn đề về da.
Tiêu hóa,Bụng tôi bắt đầu đau nhưng sau khi ăn thứ gì đó nhẹ nhàng thì lại thấy dễ chịu hơn.
Da liễu,Tôi có làn da khô
Tai Mũi Họng,Thỉnh thoảng tôi ho vì tôi hút thuốc.
Tai Mũi Họng,"Tôi bị đau tai mãi không khỏi. Tôi không bị cảm lạnh, đau đầu hay bất kỳ triệu chứng nào khác. Chỉ là đau tai thôi."
Đa khoa,"Tôi không khỏe, tôi cảm thấy chóng mặt."
Chấn thương chỉnh hình,Tôi cảm thấy đau lưng.
Ngoại khoa,Tôi vô tình bị dao cứa vào tay khi đang nấu ăn.
Da liễu,Tóc tôi bị rụng khi tôi chải tóc.
Cơ xương khớp,Tôi bị va chạm khi đang chơi bóng đá. Đầu gối của tôi bị trẹo và giờ không còn vững nữa.
Tiêu hóa,"Cảm giác khó chịu hoặc đau nhức ở một điểm nào đó dọc theo phía trước cơ thể, giữa cổ và vùng bụng trên."
Cơ xương khớp,Tôi đã thử xoa bóp chân nhưng chúng vẫn đau.
Tim mạch,Lòng tôi đau nhói.
Cơ xương khớp,Tôi bị đau chân rất nhiều khi chơi bóng đá.
Tim mạch,Tôi bị đau dữ dội ở ngực do tổn thương tim.
Chấn thương chỉnh hình,"Tôi gặp khó khăn khi chịu trọng lượng lên đầu gối, khi đứng thẳng tôi cảm thấy và nghe thấy một tiếng kêu lách tách lớn."
Tiêu hóa,Tôi bị đau bụng và đầy hơi liên tục.
Tai Mũi Họng,Tôi bị ớn lạnh và đau nhức khắp người.
Da liễu,Tóc của anh ấy rụng chỉ vì chải tóc thôi.
Tai Mũi Họng,Tôi gặp một số vấn đề nghiêm trọng về hô hấp vào ban đêm.
Tiêu hóa,"Tôi cảm thấy bụng đầy và khó chịu, chướng bụng sau những bữa ăn no."
Cơ xương khớp,Tôi bị va đập đầu trong trận bóng rổ. Liệu tôi có bị chấn động não không?
Tâm thần,"Tâm trí tôi cảm thấy rất buồn, như thể đang đau đớn. Cảm giác trong đầu tôi thật tồi tệ và mỗi khi nghĩ về chuyện chia tay, tôi lại khóc vì buồn bã."
Da liễu,Sáng nào gối tôi cũng có rất nhiều tóc.
Da liễu,Tôi bị phát ban và ngứa rất dữ dội.
Tiêu hóa,Tôi bị đau đầu mỗi ngày.
Tim mạch,Tim tôi như muốn nổ tung.
Cơ xương khớp,Vai tôi bị đau mỗi khi cố với lấy thứ gì đó ở trên cao.
Cơ xương khớp,Trước đây tôi rất tích cực tham gia thể thao nhưng giờ cơ thể tôi đang bị đau nhức.
Chấn thương chỉnh hình,"Khi chơi thể thao, tôi cảm thấy nóng rát ở cột sống."
Cơ xương khớp,"Mỗi sáng thức dậy, cổ tôi đều có cảm giác như ngủ sai tư thế."
Tai Mũi Họng,Tôi đã khỏi cảm lạnh được vài tuần rồi nhưng vẫn ho mỗi ngày.
Tai Mũi Họng,"Tôi không nghe rõ bằng tai, cảm giác như có vật gì đó gây khó chịu trong tai."
Tim mạch,Tôi bị đau ngực và cảm thấy rất buồn.
Cơ xương khớp,Chân tôi bị đau và không thể xoay được. Có lẽ nó bị gãy rồi.
Tai Mũi Họng,Tai tôi bị đau khi nghe nhạc.
Thần kinh/Tiêu hóa,"Tôi bị đau đầu dữ dội vài tháng một lần, và mỗi khi bị đau đầu thì thị lực của tôi lại bị ảnh hưởng."
Cơ xương khớp,Tôi bị đau cơ vai mỗi khi cố gắng với tay lên.
Da liễu,Ống thoát nước trong phòng tắm của tôi lúc nào cũng đầy tóc.
Nhãn khoa,"Tôi đang gặp vấn đề về thị lực, cảm giác như có một đám mây che mắt, mọi thứ đều mờ."
Tiêu hóa,Tôi cảm thấy buồn nôn.
Tiêu hóa,"Tôi bị đau bụng khi ăn đồ ăn nóng, tại sao vậy?"
Tai Mũi Họng,Tôi cảm thấy lạnh dù nhiệt độ cao.
Chấn thương chỉnh hình,"Cơn đau dữ dội, đặc biệt là khi tôi xuống cầu thang, cảm giác như có thứ gì đó bị gãy bên trong đầu gối."
Tâm thần,Tôi không hiểu sao mình cứ buồn mãi.
Đa khoa,Tôi cảm thấy như căn phòng đang quay cuồng.
Tai Mũi Họng,"Tôi được chẩn đoán mắc chứng thiếu máu do thiếu vitamin B12, điều này giải thích tại sao tôi luôn cảm thấy lạnh."
Ngoại khoa,Chồng tôi có một vết trên môi mà anh ấy tưởng là mụn rộp nhưng giờ nó đã bị vỡ ra và chảy dịch cả ngày.
Da liễu,Tôi bị nổi mụn thành từng mảng và da mặt bị đỏ nhiều.
Đa khoa,Tôi cảm thấy chóng mặt sau khi bị tiêu chảy nặng.
Thấp khớp/Chỉnh hình,Tôi cảm thấy đau ở cổ.
Hô hấp,Tôi không gặp vấn đề gì khi hít vào nhưng thở ra thì rất nặng nhọc.
Hô hấp,"Tôi cảm thấy khó thở, đặc biệt là sau khi chạy hoặc vận động mạnh."
Cơ xương khớp,Tôi bị va chạm khi đang chơi bóng đá. Đầu gối của tôi bị trẹo và giờ không còn vững nữa.
Đa khoa,"Tôi cảm thấy toàn thân yếu ớt, mặt mũi tái nhợt và không ngủ ngon được."
Tiêu hóa,Tôi cảm thấy đau đớn bên trong nhưng không thể xác định được nguyên nhân.
Chấn thương chỉnh hình,"Tôi không thể đi được, đầu gối tôi đau quá."
Da liễu,Có cách nào chữa khỏi mụn trứng cá không?
Tai Mũi Họng,"Khi tôi cố gắng giữ ấm và mặc thêm quần áo, tôi thấy mình vẫn lạnh."
Cơ xương khớp,Tôi cảm thấy đau vai khi gõ bàn phím.
Da liễu,Bệnh mãn tính của nang tóc và tuyến bã nhờn.
Chấn thương chỉnh hình,Đầu gối tôi đau quá.
Tai Mũi Họng,"Khi tôi cố gắng giữ ấm và mặc thêm quần áo, tôi thấy mình vẫn lạnh."
Đa khoa,"Khi đứng dậy quá nhanh, tôi bắt đầu cảm thấy chóng mặt và choáng váng."
Tiêu hóa,Đau nhói và khó thở
Chấn thương chỉnh hình,Tôi thường bị đau nhức khớp mỗi khi trời lạnh.
Da liễu,đỏ mặt kèm theo ngứa
Tim mạch,Tim tôi như muốn nổ tung.
Thần kinh/Tiêu hóa,"Tôi đau đầu và mất cảm giác ở mặt, sau đó mất thị lực ở mắt."
Tai Mũi Họng,Tôi đang gặp khó khăn trong việc nghe.
Thấp khớp/Chỉnh hình,Tôi bị đau dữ dội ở cổ.
Đa khoa,Tôi thấy đầu óc quay cuồng mỗi khi thức dậy.
Da liễu,"Tôi chưa từng gặp vấn đề về mụn trứng cá cho đến lần mang thai cuối cùng, khi đột nhiên lưng tôi nổi đầy mụn."
Tai Mũi Họng,"Khi tôi cố gắng nghe điện thoại, tôi phát hiện ra mình không nghe thấy giọng người ở đầu dây bên kia."
Ngoại khoa,Tôi bị một vết cắt đã được khâu lại nhưng nó không lành. Nó đang chảy mủ màu xanh và bị bỏng rát.
Da liễu,Tóc tôi rụng rất nhiều.
Chấn thương chỉnh hình,Tôi cảm thấy như có kim châm vào các khớp của mình.
Tai Mũi Họng,Tôi gặp một số vấn đề nghiêm trọng về hô hấp vào ban đêm.
Da liễu,"Tóc tôi rụng từng mảng lớn, đặc biệt là khi gội đầu."
Hô hấp,Tôi gần như không thở được
Nhãn khoa,"Mỗi khi ăn đường, tôi nhận thấy thị lực của mình bị mờ."
Tai Mũi Họng,Tôi cảm thấy có chất lỏng muốn trào ra khi ho.
Da liễu,Tôi cảm thấy ngứa dữ dội trên da và da bị đỏ.
Thấp khớp/Chỉnh hình,Đau ở vùng cổ lớn
Tim mạch,Vùng xung quanh tim tôi cảm thấy không ổn.
Cơ xương khớp,Hôm qua tôi bị đau vai.
Cơ xương khớp,Vai tôi đau dữ dội.
Ngoại khoa,"Con gái tôi đi tỉa lông mày và việc đó đã làm rách da ở một bên lông mày, giờ chỗ đó bị sưng và chảy dịch."
Tai Mũi Họng,Tôi bị sổ mũi.
Tiêu hóa,Tôi bị đau bụng.
Chấn thương chỉnh hình,Tôi cảm thấy đau nhức ở đầu gối khi đi bộ.
Cơ xương khớp,"Khi giơ tay lên, tôi cảm thấy đau ở vai."
Chấn thương chỉnh hình,Tôi cảm thấy đau lưng khi ngồi trên ghế lâu.
Da liễu,tóc tôi rụng
Cơ xương khớp,"Tôi không thể mang vác bất cứ thứ gì, tôi bị đau vai."
Cơ xương khớp,Tôi bị đau chân.
Da liễu,Tôi có làn da khô
Tâm thần,Tôi cảm thấy muốn tự tử.
Nhãn khoa,Màn hình tivi và máy tính của tôi trông có vẻ mờ dù tôi đã đeo kính mới.
Ngoại khoa,"Tôi bị một vết thương hở trên da bên trong một bên lỗ mũi, vết thương đã bị nhiễm trùng và hiện giờ chứa đầy mủ."
Thấp khớp/Chỉnh hình,Tôi hay than phiền về chứng đau cổ và tôi thực sự cần phải khỏe hơn.
Tai Mũi Họng,Tôi cảm thấy lạnh
Da liễu,Tôi bị nổi mụn thành từng cụm trên mặt và chúng không bao giờ biến mất.
Hô hấp,Tôi cảm thấy như mình không thể hít thở sâu được.
Da liễu,Tóc tôi bị rụng khi tôi chải tóc.
Cơ xương khớp,Tôi bị chuột rút đau ở chân.
Đa khoa,Tôi bị chóng mặt mỗi khi cố gắng đứng dậy.
Tai Mũi Họng,Tôi không thể thở được
Cơ xương khớp,Tôi cảm thấy đau ở chân.
Nhãn khoa,Tôi gặp khó khăn khi đọc vì các chữ cái đều bị mờ.
Cơ xương khớp,"Mỗi khi tập luyện cường độ cao, tôi đều cảm thấy đau nhức dữ dội ở các cơ."
Chấn thương chỉnh hình,Tôi cảm thấy đau nhói ở khớp mắt cá chân khi đứng.
Tai Mũi Họng,Tôi bị ho dữ dội kèm theo đờm.
Da liễu,Bệnh mãn tính của nang tóc và tuyến bã nhờn
Đa khoa,Tôi cảm thấy khó chịu khắp cơ thể nói chung.
Đa khoa,Tôi đã cố gắng làm giảm bớt nó nhưng không được.
Tiêu hóa,Đau ruột mãn tính
Ngoại khoa,Tôi vô tình bị dao cứa vào tay khi đang nấu ăn.
Đa khoa,Tôi cảm thấy chóng mặt và mất phương hướng.
Cơ xương khớp,Tôi đã thử xoa bóp chân nhưng chúng vẫn đau.
Ngoại khoa,Tôi có một vết thương hở đã chuyển sang màu đỏ và chảy mủ.
Da liễu,Tôi hay phàn nàn về dị ứng da.
Da liễu,Tôi cảm thấy như mình vừa rơi vào vũng nước nóng vậy.
Tâm thần,"Tôi đã thử đọc sách, nhưng chẳng có gì làm tôi vui lên được cả."
Chấn thương chỉnh hình,Tôi bị đau nhức như kim châm ở các khớp.
Đa khoa,"Khi thức dậy vào buổi sáng, tôi cảm thấy chóng mặt."
Da liễu,Tôi nhận thấy có nhiều tóc rụng hơn bình thường khi chải tóc.
Cơ xương khớp,Chân tôi đau quá.
Da liễu,Dạo này tôi thấy tóc mình rụng nhiều quá.
Cơ xương khớp,Vai tôi bị đau khi cố gắng nâng vật nặng năm pound.
Da liễu,Tóc tôi luôn bị rụng và dạo này tôi bị rụng rất nhiều tóc.
Tiêu hóa,Hôm qua ăn đồ ăn cay Ấn Độ thì tôi bị đau bụng và đầy hơi.
Đa khoa,"Mỗi lần cố gắng làm việc gì, tôi đều cảm thấy chóng mặt."
Tai Mũi Họng,Tôi cảm thấy như mình khó thở nếu không tống hết những thứ trong phổi ra ngoài.
Tai Mũi Họng,Tôi cảm thấy toàn thân như đang ở trong tủ lạnh.
Ngoại khoa,Tôi bị đứt chân ở bể bơi và vết thương cứ hở ra mỗi khi tôi đi lại.
Tâm thần,Tôi ước cảm giác mất mát đau đớn này có thể biến mất.
Đa khoa,"Khi phê quá, tôi bắt đầu cảm thấy chóng mặt."
Cơ xương khớp,Tôi bị đau nhói ở bắp tay. Tôi đã thử bôi kem giảm đau nhưng không hiệu quả.
Chấn thương chỉnh hình,Các khớp của tôi cảm thấy sưng tấy.
Da liễu,Tôi bị phát ban trên da.
Tiêu hóa,Tôi cảm thấy đau nhói ở bụng sau khi ăn.
Đa khoa,"Tôi cảm thấy cơ thể yếu ớt dù ăn rất nhiều, tại sao vậy?"
Đa khoa,Tôi cảm thấy cơ bắp mệt mỏi.
Cơ xương khớp,Tôi bị đau cơ.
Cơ xương khớp,"Tôi đi lại khó khăn, chân tôi bị đau."
Đa khoa,Tôi cảm thấy cơ thể yếu ớt mặc dù tôi vẫn uống vitamin đều đặn.
Tai Mũi Họng,Tôi bị vấn đề ở tai giữa do nhiễm trùng.
Hô hấp,"Có những lúc tôi cảm thấy như bị đè bẹp dưới một sức nặng khổng lồ và không khí không thể vào phổi, điều đó thực sự khiến tôi sợ chết khiếp mỗi khi chuyện đó xảy ra."
Đa khoa,Tôi có cảm giác toàn thân không còn chút sức lực nào.
Ngoại khoa,Điều gì giúp vết thương mau lành hơn?
Da liễu,Tôi bị phát ban và ngứa rất dữ dội.
Da liễu,Có thứ gì đó tối màu trên cánh tay tôi.
Ngoại khoa,Vết thương của tôi không lành tốt và tình trạng này đã kéo dài hai tuần rồi.
Đa khoa,"Khi thức dậy vào buổi sáng, tôi cảm thấy kỳ lạ và chóng mặt."
Hô hấp,Tim tôi đập nhanh và tôi khó thở.
Tim mạch,Tôi cảm thấy như tim mình sắp nhảy ra khỏi lồng ngực. Đau quá.
Tiêu hóa,Các triệu chứng của viêm ruột thừa là gì?
Tai Mũi Họng,Tai tôi bị ù.
Tiêu hóa,Tôi bị đau bụng và đầy hơi liên tục.
Tim mạch,Tim tôi như muốn nổ tung.
Tâm thần,"Sau khi chia tay, tôi cảm thấy có điều gì đó lạ lẫm trong mình."
Tai Mũi Họng,Tôi gặp một số vấn đề nghiêm trọng về hô hấp vào ban đêm.
Tâm thần,"Tâm trí tôi cảm thấy rất buồn, như thể đang đau đớn. Cảm giác trong đầu tôi thật tồi tệ và mỗi khi nghĩ về chuyện chia tay, tôi lại khóc vì buồn bã."
Da liễu,Tóc của anh ấy rụng chỉ vì chải tóc thôi.
Da liễu,Mụn của tôi thật sự khiến tôi xấu hổ. Nó đỏ quá.
Tiêu hóa,"Sau khi ăn, tôi cảm thấy nóng rát bên trong cơ thể."
Tai Mũi Họng,Tôi không thể cảm thấy ấm áp dù có mặc nhiều lớp áo hay bật máy sưởi ở mức cao nhất.
Cơ xương khớp,"Sau khi chơi tennis, tôi cảm thấy một cảm giác mạnh ở gần cổ."
Tiêu hóa,"Tôi cảm thấy bụng đầy và khó chịu, chướng bụng sau những bữa ăn no."
Da liễu,Mụn của tôi bị ngứa và chảy dịch.
Tai Mũi Họng,Tôi bị đau tai khi tắm.
Cơ xương khớp,Tôi bị đau vai mỗi khi cố gắng mang vác đồ tạp hóa.
Tim mạch,Tôi bị đau tim dữ dội.
Tai Mũi Họng,Hệ thống sưởi trong nhà tôi bị hỏng nên tôi cảm thấy rất lạnh.
Tai Mũi Họng,"Tôi không ngủ được, tôi bị ho dữ dội."
Cơ xương khớp,Vai tôi đau dữ dội.
Chấn thương chỉnh hình,Tôi không thể tập thể dục vì bị đau đầu gối.
Chấn thương chỉnh hình,Tôi cảm thấy đau khớp mỗi khi cử động.
Da liễu,Tóc tôi bị rụng nhiều sau khi tắm.
Cơ xương khớp,"Hồi còn nhỏ, tôi từng bị chấn thương đầu gối do chơi thể thao."
Chấn thương chỉnh hình,"Cảm giác khó chịu xuất hiện đột ngột, thường là sau chấn thương hoặc tập luyện."
Tai Mũi Họng,Tôi bị khô họng.
Chấn thương chỉnh hình,Tôi bị đau nhói ở xương bánh chè sau khi tập thể dục.
Tim mạch,Cảm giác nghẹn ngào trong tim khiến tôi khó thở.
Đa khoa,"Khi tôi đứng dậy, tôi có cảm giác như mình sắp ngã ngay lập tức."
Ngoại khoa,"Tôi bị ngã xuyên qua cửa sổ khi đang lau chùi và có một mảnh kính găm vào mắt trái, tôi nghĩ tình trạng khá nghiêm trọng, xin hãy giúp tôi!"
Cơ xương khớp,Tôi cảm thấy đau vai khi gõ bàn phím.
Chấn thương chỉnh hình,Tôi bị đau đầu gối khi chơi squash.
Chấn thương chỉnh hình,Đầu gối tôi đau quá.
Da liễu,Bệnh mãn tính của nang tóc và tuyến bã nhờn.
Thấp khớp/Chỉnh hình,Tôi thức dậy mỗi sáng với chứng cứng cổ. Mát-xa giúp giảm đau nhưng vài ngày sau lại bị lại.
Tai Mũi Họng,Tôi cảm thấy lạnh và ớn lạnh dù đã mặc quần áo dày.
Tiêu hóa,Tôi cảm thấy đau nhức toàn thân.
Ngoại khoa,"Lần trước khi cắt móng chân, tôi đã cắt quá ngắn và giờ móng chân của tôi bị nhiễm trùng."
Tim mạch,Tôi bị đau dữ dội ở ngực do tổn thương tim.
Tai Mũi Họng,"Khi tôi cố gắng giữ ấm và mặc thêm quần áo, tôi thấy mình vẫn lạnh."
Cơ xương khớp,Tôi bị đau chân dù không đi bộ nhiều.
Tiêu hóa,"Tôi bị đau bụng khi ăn đồ ăn nóng, tại sao vậy?"
Chấn thương chỉnh hình,Tôi bị đau đầu gối khi đi bộ.
Da liễu,"Tôi chưa từng gặp vấn đề về mụn trứng cá cho đến lần mang thai cuối cùng, khi đột nhiên lưng tôi nổi đầy mụn."
Tai Mũi Họng,"Tôi lo lắng vì khả năng chịu lạnh của mình kém, tôi luôn run rẩy, ngay cả khi ở ngoài trời nắng."
Ngoại khoa,"Con trai tôi vô tình dùng dao cạo cũ cứa vào cổ và chỗ đó bị sưng tấy, trông có vẻ bị nhiễm trùng."
Tai Mũi Họng,Tôi bị đau tai và ù tai.
Tai Mũi Họng,Tôi cảm thấy đau họng.
Ngoại khoa,Tôi bị một vết thương sâu ở tay và không thể cầm máu được.
Thấp khớp/Chỉnh hình,"Mỗi lần nhìn sang trái, tôi đều cảm thấy đau nhói ở cổ."
Thần kinh/Tiêu hóa,"Tôi không thể đứng dậy, tôi cảm thấy não mình như đang di chuyển bên trong hộp sọ."
Tai Mũi Họng,Tôi không thể ngừng ho
Tai Mũi Họng,Tôi cảm thấy lạnh và ớn lạnh dù đã mặc quần áo dày.
Da liễu,Tôi bị mụn ở lưng.
Ngoại khoa,"Lần trước khi cắt móng chân, tôi đã cắt quá ngắn và giờ móng chân của tôi bị nhiễm trùng."
Thần kinh/Tiêu hóa,Tôi bị đau đầu từ khi thức dậy sáng nay.
Hô hấp,Tôi cảm thấy khó thở - liệu tôi có bị đau tim không?
Tim mạch,Trái tim đau nhói vô cùng
Hô hấp,Tôi cảm thấy như có thứ gì đó đang bóp nghẹt phổi mình.
Đa khoa,Tôi cảm thấy cơ thể yếu ớt mặc dù tôi vẫn uống vitamin đều đặn.
Ngoại khoa,"vết rách, vết thủng hoặc lỗ hở trên da"
Đa khoa,"Khi đứng dậy quá nhanh, tôi bắt đầu cảm thấy chóng mặt và choáng váng."
Tai Mũi Họng,Tôi bị ho rất nặng và có đờm.
Chấn thương chỉnh hình,Tôi không thể làm việc tốt vì bị đau đầu gối.
Da liễu,"Mỗi khi trời mưa, tôi lại bị nổi mẩn ngứa ở bụng và hai bên sườn."
Tai Mũi Họng,Tôi bị vấn đề ở tai giữa do nhiễm trùng.
Cơ xương khớp,Vai tôi bị đau.
Chấn thương chỉnh hình,Khớp mắt cá chân của tôi bị nhức nhối mỗi khi tôi đặt trọng lực lên bàn chân.
Ngoại khoa,Vết thương của tôi có mủ màu vàng hoặc xanh lục.
Thấp khớp/Chỉnh hình,Cổ tôi bị đau từ sau vụ tai nạn.
Tai Mũi Họng,"Tôi bị ho gà kèm theo nhiều đờm, cần thuốc long đờm."
Cơ xương khớp,Tôi bị đau lòng bàn chân khi mang giày cao gót.
Nhãn khoa,Tôi không thể lái xe vào ban đêm vì mắt tôi bị mờ.
Đa khoa,"Khi tôi đứng dậy, tôi có cảm giác như mình sắp ngã ngay lập tức."
Tai Mũi Họng,Tôi cảm thấy toàn thân như đang ở trong tủ lạnh.
Cơ xương khớp,Tôi không thể đi lại được vì chân tôi đau quá.
Chấn thương chỉnh hình,Tôi bị đau lưng và không thể cúi gập người hay đi lại được.
Tai Mũi Họng,Tôi cảm thấy lạnh và ớn lạnh dù đã mặc quần áo dày.
Đa khoa,Tôi gần như không còn đủ sức để đứng dậy.
Chấn thương chỉnh hình,Tôi bị đau lưng từ khi bước sang tuổi 70.
Ngoại khoa,Tôi bị đứt tay cách đây vài tuần và dù đã bôi kem kháng sinh nhưng vết thương vẫn không đỡ.
Cơ xương khớp,Chân tôi bị đau và không thể xoay được. Có lẽ nó bị gãy rồi.
Chấn thương chỉnh hình,Tôi thường bị đau nhức khớp mỗi khi trời lạnh.
Tai Mũi Họng,Từ khi vào rừng tôi bị đau tai.
Thấp khớp/Chỉnh hình,Tôi bị đau dữ dội ở cổ.
Chấn thương chỉnh hình,Tôi bị đau khớp. Tôi không thể chịu đựng được cơn đau.
Ngoại khoa,"Tôi nghĩ vết thương của tôi có vấn đề, nó dường như không lành lại như bình thường."
Chấn thương chỉnh hình,Đầu gối của tôi không gập được tốt.
Tâm thần,"Sau khi chia tay, tôi cảm thấy có điều gì đó lạ lẫm trong mình."
Tiêu hóa,Tôi bị đau nhói ở vùng bụng dưới.
Đa khoa,"Tôi cảm thấy cơ thể yếu ớt sau ngày đầu tiên đến phòng tập, tại sao vậy?"
Da liễu,Da tôi bị ngứa và viêm.
Cơ xương khớp,Tôi bị đau khi giơ tay lên.
Ngoại khoa,"Vết thương phẫu thuật đỏ, có mủ chảy ra, đau và nóng khi chạm vào."
Tai Mũi Họng,Tôi không thể ngừng ho.
Cơ xương khớp,"Tối qua khi chơi bóng đá, tôi bị đá vào đầu."
Đa khoa,Mỗi khi đứng dậy tôi đều cảm thấy chóng mặt.
Đa khoa,Tôi đã cố gắng làm giảm bớt nó nhưng không được.
Tai Mũi Họng,Tôi cảm thấy lạnh
Đa khoa,Tôi cảm thấy chóng mặt sau khi vận động cơ bắp.
Thần kinh/Tiêu hóa,Tôi bị đau đầu kèm theo chóng mặt.
Tai Mũi Họng,Tôi không ngủ được vì ho
Cơ xương khớp,Tôi cảm thấy rất đau ở chân sau khi chơi một trong những trò chơi thể thao.
Tiêu hóa,Tôi cảm thấy đau nhói ở bụng.
Da liễu,Trên mặt tôi có mụn.
Tai Mũi Họng,Tôi bị khô họng.
Cơ xương khớp,"Mỗi khi đi bộ, tôi đều cảm thấy đau nhói ở mu bàn chân."
Tai Mũi Họng,Tôi cảm thấy đau họng.
Da liễu,"Tôi chưa từng gặp vấn đề về mụn trứng cá cho đến lần mang thai cuối cùng, khi đột nhiên lưng tôi nổi đầy mụn."
Nhãn khoa,"Tôi gặp vấn đề trong việc nhìn thấy các vật thể, nó quá khó nhìn."
Tai Mũi Họng,"Khi tôi cố gắng nghe điện thoại, tôi phát hiện ra mình không nghe thấy giọng người ở đầu dây bên kia."
Ngoại khoa,"Tôi có một vết thương giữa các ngón chân, vết thương lành lại qua đêm nhưng lại tái phát mỗi ngày khi tôi mang giày tây đi làm."
Chấn thương chỉnh hình,Tôi cảm thấy đau lưng.
Ngoại khoa,Vết thương của tôi có mủ màu vàng hoặc xanh lục.
Da liễu,Dạo này tôi thấy tóc mình rụng nhiều quá.
Cơ xương khớp,"Lúc đầu tôi cảm thấy tê cứng, nhưng sau đó hàng nghìn mũi kim bắt đầu châm chích khắp bàn chân."
Tiêu hóa,Tôi bị đau bụng dữ dội.
Thần kinh/Tiêu hóa,"Mỗi khi uống nhiều rượu, tôi lại bị đau đầu."
Tiêu hóa,"Tôi bị đau ở đại tràng và dạ dày, cảm giác như có vật gì đó đang cắt vào."
Da liễu,Tôi cảm thấy rất ngứa rát ở vùng gần cánh tay.
Tai Mũi Họng,Tôi gặp một số vấn đề nghiêm trọng về hô hấp vào ban đêm.
Ngoại khoa,Tôi tự đánh mình và vết thương không muốn lành.
Đa khoa,"Kết quả xét nghiệm CBC của tôi cho thấy 10 Hb, tôi cảm thấy mệt mỏi vì công việc ít ỏi."
Đa khoa,"Mỗi khi đứng dậy quá nhanh, tôi đều cảm thấy như mình sắp ngất xỉu."
Cơ xương khớp,Tôi không thể chịu đựng được cảm giác khó chịu này ở vai.
Cơ xương khớp,Tôi bị đau vai dữ dội.
Tiêu hóa,Tôi cảm thấy rất đau ở vùng bụng.
Tai Mũi Họng,Tôi không thở được vì ho
Ngoại khoa,Tôi phải đi khám bác sĩ vì tôi có một vết thương hở.
Chấn thương chỉnh hình,Cơn đau lưng của tôi nhói lên như dao đâm.
Thấp khớp/Chỉnh hình,Tôi bị đau dữ dội ở cổ.
Cơ xương khớp,Tôi bị đau khi giơ tay lên.
Cơ xương khớp,Tôi bị đau nhói ở bắp chân.
Da liễu,Tôi cần gãi da mỗi phút
Tim mạch,Tim tôi đập nhanh và điều đó khiến tôi sợ hãi.
Cơ xương khớp,Tôi bị chấn thương trong một trận bóng đá và được chẩn đoán là tổn thương dây chằng chéo.
Ngoại khoa,Con gái tôi vừa xỏ khuyên tai và một bên dái tai của cháu đỏ rực và nóng rát.
Ngoại khoa,"Vết thương phẫu thuật đỏ, có mủ chảy ra, đau và nóng khi chạm vào."
Thấp khớp/Chỉnh hình,Tôi hầu như không thể cử động cổ được. Nó đau quá.
Da liễu,"Tóc tôi rụng từng mảng lớn, đặc biệt là khi gội đầu."
Chấn thương chỉnh hình,Tôi bị đau khớp sau chấn thương trong trận bóng đá gần đây nhất.
Đa khoa,Tôi cảm thấy chóng mặt khi thực hiện các chuyển động đột ngột.
Cơ xương khớp,"Khi thức dậy vào buổi sáng, tôi cảm thấy toàn thân đau nhức."
Tiêu hóa,Tôi bị khó tiêu
Chấn thương chỉnh hình,Tôi bị đau khớp. Tôi không thể chịu đựng được cơn đau.
Chấn thương chỉnh hình,Tôi thường bị đau nhức khớp mỗi khi trời lạnh.
Tai Mũi Họng,Tôi không thể ngừng ho.
Ngoại khoa,Tôi bị một vết cắt đã được khâu lại nhưng nó không lành. Nó đang chảy mủ màu xanh và bị bỏng rát.
Chấn thương chỉnh hình,Tôi cảm thấy đau nhức như xương cọ xát vào nhau ở đầu gối khi leo cầu thang.
Thần kinh/Tiêu hóa,Không thể tập trung
Da liễu,Một cơn rụng tóc khủng khiếp
Hô hấp,"Khi đi bộ, tôi khó thở."
Da liễu,"Tóc tôi rụng từng mảng lớn, đặc biệt là khi gội đầu."
Thấp khớp/Chỉnh hình,Tôi hầu như không thể cử động cổ được. Nó đau quá.
Chấn thương chỉnh hình,"Tôi bị đau âm ỉ ở vùng lưng dưới, khiến việc di chuyển trở nên khó khăn."
Đa khoa,"Khi ăn quá nhiều đường, cơ thể tôi trở nên yếu và chóng mặt."
Cơ xương khớp,"Tôi bị đau dữ dội ở chân, đau như bị giật, và việc thư giãn bằng thuốc giảm đau không hiệu quả."
Ngoại khoa,Tôi bị một vết cắt đã được khâu lại nhưng nó không lành. Nó đang chảy mủ màu xanh và bị bỏng rát.
Tâm thần,Dạo này tôi cảm thấy rất buồn.
Đa khoa,"Mỗi khi đứng dậy quá nhanh, tôi đều cảm thấy như mình sắp ngất xỉu."
Da liễu,Một cơn rụng tóc khủng khiếp
Chấn thương chỉnh hình,Tôi cảm thấy đau nhức như xương cọ xát vào nhau ở đầu gối khi leo cầu thang.
Tai Mũi Họng,Tôi bị đau tai khi trời lạnh.
Nhãn khoa,"Mỗi khi ăn đường, tôi nhận thấy thị lực của mình bị mờ."
Chấn thương chỉnh hình,Tôi thường bị đau nhức khớp mỗi khi trời lạnh.
Chấn thương chỉnh hình,Tôi cảm thấy như có thứ gì đó sưng và viêm ở phía sau đầu gối.
Ngoại khoa,"Con gái tôi bị mèo cắn và giờ tay cháu bị đau, đỏ và sưng tấy, vết thương còn chảy dịch."
Tai Mũi Họng,Tôi cảm thấy lúc nào cũng có thứ gì đó vướng trong cổ họng.
Ngoại khoa,Vết thương của tôi lại bị hở ra.
Tai Mũi Họng,"Ban đầu chỉ là chứng ù tai, nhưng giờ cơn đau nhức nhối và không thể chịu đựng được."
Cơ xương khớp,Vai tôi bị đau.
Tai Mũi Họng,Tôi cảm thấy có chất lỏng muốn trào ra khi ho.
Da liễu,Tôi cảm thấy ngứa dữ dội trên da và da bị đỏ.
Tai Mũi Họng,Cảm giác ho càng tăng lên khi mùa đông đến.
Đa khoa,Tôi đột nhiên cảm thấy chóng mặt khi đứng dậy.
Ngoại khoa,"Con trai tôi xăm hình cách đây vài tuần và vùng da xung quanh hình xăm bị sưng tấy, nóng rát và có vẻ như bị nhiễm trùng."
Ngoại khoa,"Tôi có một vết thương giữa các ngón chân, vết thương lành lại qua đêm nhưng lại tái phát mỗi ngày khi tôi mang giày tây đi làm."
Tâm thần,"Tôi cảm thấy buồn, như thể bị tổn thương hoặc đau đớn."
Tai Mũi Họng,Tôi luôn cảm thấy ngứa rát ở cổ họng.
Da liễu,Tóc tôi rụng rất nhiều.
Chấn thương chỉnh hình,"Tôi bị đau lưng, không thể duỗi thẳng được."
Ngoại khoa,"Con trai tôi vô tình dùng dao cạo cũ cứa vào cổ và chỗ đó bị sưng tấy, trông có vẻ bị nhiễm trùng."
Da liễu,"Tôi cảm thấy tê buốt sâu khi chạm vào mụn, sau đó là cảm giác khó chịu."
Tai Mũi Họng,"Tôi được chẩn đoán mắc chứng thiếu máu do thiếu vitamin B12, điều này giải thích tại sao tôi luôn cảm thấy lạnh."
Chấn thương chỉnh hình,Tôi bị đau khi gập tay.
Đa khoa,Tôi cảm thấy chóng mặt khi thực hiện các chuyển động đột ngột.
Tiêu hóa,Đau bụng sau khi uống sữa
Ngoại khoa,"Tôi nghĩ vết thương của tôi có vấn đề, nó dường như không lành lại như bình thường."
Tai Mũi Họng,Tôi bị đau nhói ở tai.
Chấn thương chỉnh hình,Tôi cảm thấy như có thứ gì đó sưng và viêm ở phía sau đầu gối.
Hô hấp,"Khi đi bộ, tôi khó thở."
Nhãn khoa,"Khi tôi đứng dậy quá nhanh, tầm nhìn của tôi bị mờ."
Chấn thương chỉnh hình,Tôi cảm thấy đau nhức như xương cọ xát vào nhau ở đầu gối khi leo cầu thang.
Tai Mũi Họng,Từ khi vào rừng tôi bị đau tai.
Đa khoa,"Mỗi khi đứng dậy quá nhanh, tôi đều cảm thấy như mình sắp ngất xỉu."
Chấn thương chỉnh hình,"Mỗi khi mang vác đồ nặng, tôi cảm thấy như lưng mình sắp gãy."
Da liễu,Tóc tôi bị rụng nhiều sau khi tắm.
Ngoại khoa,Vết thương bị nhiễm trùng của tôi gây ra sốt.
Hô hấp,Tôi đi bộ mỗi ngày nhưng giờ đây chỉ đi được một đoạn ngắn là tôi đã bị khó thở.
Tai Mũi Họng,"Tôi luôn cảm thấy lạnh, ngay cả khi mặc nhiều lớp áo."
Chấn thương chỉnh hình,Bệnh xương mãn tính ở mức độ gấp đôi của Estremidades dưới
Da liễu,Tôi đã thử rất nhiều loại kem nhưng tình trạng da của tôi vẫn vậy.
Thấp khớp/Chỉnh hình,Tôi không thể xoay cổ.
Da liễu,Tôi bị phát ban lạ trên cánh tay.
Tâm thần,"Khi ông nội tôi qua đời, tôi đã trải qua một nỗi đau tinh thần sâu sắc."
Thần kinh/Tiêu hóa,Tôi bị đau đầu mỗi khi ăn kem.
Tim mạch,Tôi thường xuyên bị đau nhói ở ngực và không biết mình đang làm gì mà lại gây ra triệu chứng đó.
Cơ xương khớp,"Tôi cảm thấy như có một cục u sưng tấy ở xương bả vai, kèm theo cơn đau nhói từ đó."
Nhãn khoa,"Tôi bị nhìn mờ từ sáng nay, không biết nguyên nhân là gì?"
Cơ xương khớp,Tôi bị đau nhói ở bắp tay.
Hô hấp,Tôi gần như không thở được
Cơ xương khớp,Tôi bị đau lòng bàn chân khi mang giày cao gót.
Chấn thương chỉnh hình,Tôi bị đau khi gập tay.
Da liễu,Tóc tôi rụng rất nhiều.
Tim mạch,"Tôi không thể chịu đựng được cảm giác khó chịu, nghẹn ngào trong ngực này."
Tai Mũi Họng,"Khi tôi cố gắng nghe điện thoại, tôi phát hiện ra mình không nghe thấy giọng người ở đầu dây bên kia."
Da liễu,Tôi có những đốm đen trên da.
Chấn thương chỉnh hình,Tôi bị đau khớp sau chấn thương trong trận bóng đá gần đây nhất.
Chấn thương chỉnh hình,Tôi bị đau lưng khi mang vác đồ nặng.
Da liễu,"Mỗi khi trời mưa, tôi lại bị nổi mẩn ngứa ở bụng và hai bên sườn."
Cơ xương khớp,Tôi bị đau vai dữ dội.
Cơ xương khớp,Tôi bị đau chân sau khi chạy 500m với giày chạy bộ.
Chấn thương chỉnh hình,Tôi bị đau khớp ở các ngón tay vào buổi sáng.
Tai Mũi Họng,Tôi bị ho khan nặng
Chấn thương chỉnh hình,Tôi bị đau nhức như kim châm ở các khớp.
Tâm thần,Tôi cảm thấy buồn
Cơ xương khớp,"Tôi đi lại khó khăn, chân tôi bị đau."
Chấn thương chỉnh hình,Tôi bị đau đầu gối khi đi bộ.
Ngoại khoa,"Lần trước khi cắt móng chân, tôi đã cắt quá ngắn và giờ móng chân của tôi bị nhiễm trùng."
Chấn thương chỉnh hình,Tôi đã dùng rất nhiều thuốc giảm đau để đỡ hơn nhưng tôi vẫn cảm thấy đau lưng.
Chấn thương chỉnh hình,Lưng tôi đau quá.
Đa khoa,Đôi khi tôi cảm thấy cơ thể yếu ớt mà không rõ lý do.
Cơ xương khớp,"Tôi đi lại khó khăn, chân tôi bị đau."
Chấn thương chỉnh hình,Tôi gặp khó khăn khi cử động đầu gối.
Da liễu,Tóc tôi luôn bị rụng và dạo này tôi bị rụng rất nhiều tóc.
Cơ xương khớp,Tôi bị đau nhói ở bắp tay. Tôi đã thử bôi kem giảm đau nhưng không hiệu quả.
Thần kinh/Tiêu hóa,Tôi bị đau đầu gần như mỗi ngày.
Tai Mũi Họng,Bị cảm lạnh và ho nặng
Tai Mũi Họng,Tôi bị ho khan nặng
Tiêu hóa,Tôi cảm thấy đau đớn bên trong nhưng không thể xác định được nguyên nhân.
Cơ xương khớp,Chân tôi đau quá.
Chấn thương chỉnh hình,Khớp mắt cá chân của tôi bị nhức nhối mỗi khi tôi đặt trọng lực lên bàn chân.
Tai Mũi Họng,"Dù nhiệt độ trong nhà có cao, người tôi vẫn luôn cảm thấy lạnh."
Cơ xương khớp,Tôi bị va đập đầu trong trận bóng rổ. Liệu tôi có bị chấn động não không?
Đa khoa,"Khi thức dậy vào buổi sáng, tôi cảm thấy cơ thể rất yếu."
Ngoại khoa,Tôi bị đứt tay và đang chảy máu.
Da liễu,Mặt tôi nổi đầy mụn.
Tiêu hóa,Các triệu chứng của viêm ruột thừa là gì?
Tai Mũi Họng,Tôi đã khỏi cảm lạnh được vài tuần rồi nhưng vẫn ho mỗi ngày.
Cơ xương khớp,"Mỗi sáng thức dậy, cổ tôi đều có cảm giác như ngủ sai tư thế."
Ngoại khoa,Vết thương của tôi có mủ màu vàng hoặc xanh lục.
Chấn thương chỉnh hình,Tôi bị đau khớp khi cố gắng gập chân hoặc tay.
Da liễu,Tóc tôi bị rụng khi tôi chải tóc.
Da liễu,"Khi chải tóc, tôi nhận thấy có những mảng tóc lớn rụng ra trên lược."
Da liễu,Tôi có làn da khô
Tai Mũi Họng,"Tôi bị đau tai mãi không khỏi. Tôi không bị cảm lạnh, đau đầu hay bất kỳ triệu chứng nào khác. Chỉ là đau tai thôi."
Đa khoa,"Khi tôi thức dậy, tôi cảm thấy chóng mặt và ngã xuống."
Chấn thương chỉnh hình,Tôi cảm thấy rất đau nhức ở các khớp.
Tiêu hóa,Tôi thường bị đau bụng sau khi ăn. Tôi vẫn chưa xác định được loại thực phẩm nào là nguyên nhân gây ra tình trạng này.
Da liễu,Tóc tôi luôn bị rụng và dạo này tôi bị rụng rất nhiều tóc.
Thấp khớp/Chỉnh hình,Đầu tôi đau quá.
Tai Mũi Họng,Tôi bị ho khan nặng
Chấn thương chỉnh hình,Tôi cảm thấy đau ở đầu gối.
Chấn thương chỉnh hình,Tôi bị đau khớp ở các ngón tay vào buổi sáng.
Chấn thương chỉnh hình,Đầu gối tôi bị vướng và đau khi mới đứng dậy sau khi ngồi.
Đa khoa,"Khi đứng dậy quá nhanh, tôi bắt đầu cảm thấy chóng mặt và choáng váng."
Tai Mũi Họng,"Khi tôi cố gắng giữ ấm và mặc thêm quần áo, tôi thấy mình vẫn lạnh."
Tiêu hóa,Tôi không thể chịu nổi cảm giác khó chịu này trong bụng.
Đa khoa,"Tôi không khỏe, tôi cảm thấy chóng mặt."
Đa khoa,"Khi tôi đứng dậy, tôi có cảm giác như mình sắp ngã ngay lập tức."
Cơ xương khớp,"Mỗi khi tập luyện cường độ cao, tôi đều cảm thấy đau nhức dữ dội ở các cơ."
Cơ xương khớp,Tôi bị đau chân rất nhiều khi chơi bóng đá.
Đa khoa,Tôi đã cố gắng làm giảm bớt nó nhưng không được.
Tai Mũi Họng,Tôi cảm thấy lạnh
Hô hấp,Tôi cảm thấy tức ngực.
Chấn thương chỉnh hình,Tôi đang chơi bóng đá và bị chấn thương đau khớp.
Cơ xương khớp,"Khi chơi bóng đá, tôi bị đau cơ."
Ngoại khoa,Tôi bị rách da giữa ngón tay cái và ngón trỏ và vết thương không lành lại được.
Tai Mũi Họng,Tôi không thể thở được
Cơ xương khớp,"Tôi bị đau cơ chân sau khi chạy bộ hôm qua, tôi đã uống thuốc giảm đau nhưng không hiệu quả."
Tâm thần,Tôi cảm thấy muốn tự tử.
Tim mạch,Tôi cảm thấy đau tim mỗi khi đi bộ nhiều.
Tai Mũi Họng,Tai tôi bị đau khi nghe nhạc.
Da liễu,"Tôi bị nổi mụn ở ngực với những mảng đỏ, tình trạng này càng trầm trọng hơn khi trời nóng."
Chấn thương chỉnh hình,Đầu gối tôi thường đau nhức vào những ngày trời lạnh và mưa.
Da liễu,tóc tôi rụng
Tim mạch,Lòng tôi đau nhói.
Ngoại khoa,Tôi bị rách da ở ngón tay cái và vết thương không lành.
Chấn thương chỉnh hình,"Tôi không thể cử động chân, khớp bị đau."
Tai Mũi Họng,Tôi cảm thấy tức ngực.
Chấn thương chỉnh hình,Tôi cảm thấy đau lưng.
Tai Mũi Họng,Tôi nghĩ nhiệt độ cơ thể của tôi rất thấp.
Tiêu hóa,"Tôi bị đau bụng sau khi uống bất kỳ loại nước ngọt nào, tại sao vậy?"
Nhãn khoa,Tôi bị mờ mắt sau khi bị va đập vào đầu hôm qua.
Tiêu hóa,Tôi bị đau bụng dữ dội.
Da liễu,Tôi bị phát ban và ngứa rất dữ dội.
Ngoại khoa,"Tôi bị đứt tay khi mở lon đồ hộp, máu cứ chảy không ngừng và vết thương đang hở miệng."
Chấn thương chỉnh hình,"Tôi bị đau âm ỉ ở vùng lưng dưới, khiến việc di chuyển trở nên khó khăn."
Tiêu hóa,"Sau khi ăn, tôi cảm thấy nóng rát bên trong cơ thể."
Chấn thương chỉnh hình,Đầu gối tôi cảm thấy yếu và hôm trước nó bị khuỵt xuống ở đầu cầu thang. May mắn là có lan can để vịn vào.
Cơ xương khớp,Tôi bị va đập vào chân và nó đau lắm.
Tai Mũi Họng,Tôi nghĩ có dịch trong tai tôi.
Chấn thương chỉnh hình,Tôi thường bị đau nhức khớp mỗi khi trời lạnh.
Tiêu hóa,Đau nhói và khó thở
Thấp khớp/Chỉnh hình,Tôi bị đau dữ dội ở cổ.
Thấp khớp/Chỉnh hình,Tôi hầu như không thể cử động cổ được. Nó đau quá.
Tai Mũi Họng,Tai tôi bị đau và càng đau hơn khi nuốt. Tôi bị đau tai dữ dội và thuốc Tylenol cũng không giúp được gì.
Chấn thương chỉnh hình,"Mỗi khi lên xuống cầu thang, đầu gối tôi lại phát ra tiếng kêu ken két."
Tai Mũi Họng,Tôi bị đau tai khi trời lạnh.
Ngoại khoa,Có một người bị thương.
Cơ xương khớp,Trước đây tôi rất tích cực tham gia thể thao nhưng giờ cơ thể tôi đang bị đau nhức.
Ngoại khoa,Tôi bị đứt tay và đang chảy máu.
Thần kinh/Tiêu hóa,"Tôi đau đầu và mất cảm giác ở mặt, sau đó mất thị lực ở mắt."
Tiêu hóa,Tôi bị đau nhói ở vùng bụng dưới.
Tim mạch,Tôi cảm thấy như tim mình sắp nhảy ra khỏi lồng ngực. Đau quá.
Tai Mũi Họng,Tôi đang gặp khó khăn trong việc nghe.
Nhãn khoa,"Mỗi khi ăn đường, tôi nhận thấy thị lực của mình bị mờ."
Thấp khớp/Chỉnh hình,Tôi cảm thấy tê rần ở cổ.
Ngoại khoa,Vết thương của tôi không lành tốt và tình trạng này đã kéo dài hai tuần rồi.
Chấn thương chỉnh hình,Tôi bị đau khớp. Tôi không thể chịu đựng được cơn đau.
Ngoại khoa,Tôi bị một vết cắt đã được khâu lại nhưng nó không lành. Nó đang chảy mủ màu xanh và bị bỏng rát.
Cơ xương khớp,"Mỗi khi cử động tay, vai phải của tôi lại kêu lách tách."
Thần kinh/Tiêu hóa,Tôi cảm thấy đau đầu dữ dội.
Tai Mũi Họng,"Tôi lo lắng vì khả năng chịu lạnh của mình kém, tôi luôn run rẩy, ngay cả khi ở ngoài trời nắng."
Tai Mũi Họng,Tôi luôn cảm thấy ngứa rát ở cổ họng.
Da liễu,"Da ở lưng tôi có màu đỏ, tôi không biết tại sao."
Đa khoa,Tôi cảm thấy cơ bắp mệt mỏi.
Thần kinh/Tiêu hóa,Đầu tôi đau quá.
Da liễu,Tôi bị phát ban trên da.
Đa khoa,Tôi cảm thấy như thế giới cứ xoay vòng vòng.
Tâm thần,"Tôi đã thử đọc sách, nhưng chẳng có gì làm tôi vui lên được cả."
Tiêu hóa,Tôi cảm thấy khó chịu toàn thân.
Da liễu,Dạo này tôi thấy tóc mình rụng nhiều quá.
Tai Mũi Họng,Tôi bị ho rất nặng
Cơ xương khớp,Tôi bị ngã khi nhảy lên để bắt bóng.
Chấn thương chỉnh hình,Tôi bị đau lưng khi mang vác đồ nặng.
Ngoại khoa,"Con trai tôi xăm hình cách đây vài tuần và vùng da xung quanh hình xăm bị sưng tấy, nóng rát và có vẻ như bị nhiễm trùng."
Tâm thần,"Tôi cảm thấy buồn, như thể bị tổn thương hoặc đau đớn."
Tai Mũi Họng,Tôi bị đau tai và ù tai.
Cơ xương khớp,"Sau một ngày làm việc vất vả, tôi bị đau chân."
Tai Mũi Họng,Tôi cảm thấy đau họng.
Ngoại khoa,Vết thương của tôi lại bị hở ra.
Chấn thương chỉnh hình,Tôi bị đau khớp khi cố gắng gập chân hoặc tay.
Da liễu,Mặt tôi nổi đầy mụn.
Tiêu hóa,"Tôi cảm thấy áp lực rất lớn ở vùng bụng dưới bên phải, mỗi khi ra ngoài chạy bộ."
Ngoại khoa,"Con trai tôi vừa xỏ khuyên môi và giờ môi bị sưng, phần da bên trong môi có màu xám và trông như bị nhiễm trùng."
Da liễu,Trên da tôi có một vết đỏ.
Chấn thương chỉnh hình,Tôi thường bị đau đầu gối mỗi khi chạy bộ.
Chấn thương chỉnh hình,Tôi bị đau lưng từ khi ngã xuống sàn.
Ngoại khoa,Tôi bị đứt tay cách đây vài ngày và mặc dù tôi không nghĩ mình cần khâu nhưng vết thương vẫn chưa lành.
Cơ xương khớp,"Tôi bị đau chân vào mùa đông, hoặc khi trời lạnh, tại sao vậy?"
Chấn thương chỉnh hình,"Cảm giác khó chịu xuất hiện đột ngột, thường là sau chấn thương hoặc tập luyện."
Đa khoa,"Tôi cảm thấy rất chóng mặt, cơ thể rất yếu."
Da liễu,Ngực tôi nổi mụn đỏ và mụn đầu trắng.
Cơ xương khớp,Trước đây tôi rất tích cực tham gia thể thao nhưng giờ cơ thể tôi đang bị đau nhức.
Đa khoa,"Khi thức dậy vào buổi sáng, tôi cảm thấy kỳ lạ và chóng mặt."
Tai Mũi Họng,Tôi đã khỏi cảm lạnh được vài tuần rồi nhưng vẫn ho mỗi ngày.
Tiêu hóa,"Sau khi ăn, tôi cảm thấy nóng rát bên trong cơ thể."
Thần kinh/Tiêu hóa,Không thể tập trung
Chấn thương chỉnh hình,Đứng chưa đến năm phút mà lưng tôi bắt đầu đau.
Da liễu,Một cơn rụng tóc khủng khiếp
Tâm thần,"Mỗi khi nhớ về cô ấy, tôi lại cảm thấy buồn."
Ngoại khoa,"Con trai tôi xăm hình cách đây vài tuần và vùng da xung quanh hình xăm bị sưng tấy, nóng rát và có vẻ như bị nhiễm trùng."
Da liễu,Tôi đã đi khám nhiều bác sĩ nhưng họ vẫn không tìm ra phương pháp điều trị phù hợp để giúp tôi lấy lại mái tóc.
Tai Mũi Họng,Khi đi ngủ tôi cảm thấy lạnh.
Cơ xương khớp,"Mỗi khi cử động tay, vai phải của tôi lại kêu lách tách."
Cơ xương khớp,Tôi bị đau vai dữ dội.
Ngoại khoa,"Con gái tôi bị mèo cắn và giờ tay cháu bị đau, đỏ và sưng tấy, vết thương còn chảy dịch."
Tai Mũi Họng,"Khi tôi cố gắng nghe điện thoại, tôi phát hiện ra mình không nghe thấy giọng người ở đầu dây bên kia."
Ngoại khoa,Tôi phải đi khám bác sĩ vì tôi có một vết thương hở.
Da liễu,Tôi cần gãi da mỗi phút
Đa khoa,"Kết quả xét nghiệm CBC của tôi cho thấy 10 Hb, tôi cảm thấy mệt mỏi vì công việc ít ỏi."
Tai Mũi Họng,Mỗi lần hít thở sâu là tôi lại ho.
Chấn thương chỉnh hình,Tôi bị đau khớp sau chấn thương trong trận bóng đá gần đây nhất.
Tiêu hóa,Đau bụng sau khi uống sữa
Nhãn khoa,Thật khó để nhìn thấy mọi thứ
Thần kinh/Tiêu hóa,Tôi cảm thấy đau đầu dữ dội.
Tiêu hóa,Tôi bị đau bụng dữ dội.
Tai Mũi Họng,"Mỗi khi làm vậy, tôi đều cảm thấy đau nhói ở tai."
Tim mạch,"Tôi không thể chịu đựng được cảm giác khó chịu, nghẹn ngào trong ngực này."
Ngoại khoa,Vết thương của tôi lại bị hở ra.
Tiêu hóa,"Tôi bị đau ở đại tràng và dạ dày, cảm giác như có vật gì đó đang cắt vào."
Da liễu,"Tôi cảm thấy tê buốt sâu khi chạm vào mụn, sau đó là cảm giác khó chịu."
Tiêu hóa,Tôi bị khó tiêu
Tai Mũi Họng,Tôi không thở được vì ho
Da liễu,Tôi có những đốm đen trên da.
Da liễu,"Tôi chưa từng gặp vấn đề về mụn trứng cá cho đến lần mang thai cuối cùng, khi đột nhiên lưng tôi nổi đầy mụn."
Đa khoa,Tôi cảm thấy chóng mặt khi thực hiện các chuyển động đột ngột.
Ngoại khoa,Con gái tôi vừa xỏ khuyên tai và một bên dái tai của cháu đỏ rực và nóng rát.
Cơ xương khớp,"Sau khi đi bộ, tôi cảm thấy đau ở lòng bàn chân."
Tai Mũi Họng,Tai tôi bị ù.
Tai Mũi Họng,"Tôi ho rất nhiều khi ngửi mùi nước hoa, phổi tôi có vấn đề gì vậy?"
Chấn thương chỉnh hình,Tôi bị đau đầu gối khi chơi squash.
Tai Mũi Họng,Tôi gặp một số vấn đề nghiêm trọng về hô hấp vào ban đêm.
Tâm thần,"Sau khi chia tay, tôi cảm thấy có điều gì đó lạ lẫm trong mình."
Cơ xương khớp,Vai tôi bị đau mỗi khi cố với lấy thứ gì đó ở trên cao.
Da liễu,Tôi bị phát ban và ngứa rất dữ dội.
Cơ xương khớp,"Khi chơi thể thao, tôi bị đau dưới da."
Tâm thần,"Tâm trí tôi cảm thấy rất buồn, như thể đang đau đớn. Cảm giác trong đầu tôi thật tồi tệ và mỗi khi nghĩ về chuyện chia tay, tôi lại khóc vì buồn bã."
Chấn thương chỉnh hình,"Mỗi khi leo cầu thang, đầu gối phải của tôi đều bị đau."
Tiêu hóa,Tôi cảm thấy khó chịu toàn thân.
Tai Mũi Họng,Tôi bị ho rất nặng và có đờm.
Tai Mũi Họng,Tôi cảm thấy đau họng.
Chấn thương chỉnh hình,Tôi cảm thấy đau ở đầu gối.
Chấn thương chỉnh hình,Tôi cảm thấy đau lưng.
Cơ xương khớp,Vai tôi bị đau.
Cơ xương khớp,Tôi bị đau vai dữ dội.
Thần kinh/Tiêu hóa,Sọ bị vỡ như quả hạch
Đa khoa,Tôi đang đi du thuyền và cảm thấy chóng mặt.
Da liễu,Tôi bị nổi mụn khi ăn ớt.
Ngoại khoa,"Con gái tôi đi tỉa lông mày và việc đó đã làm rách da ở một bên lông mày, giờ chỗ đó bị sưng và chảy dịch."
Cơ xương khớp,Tôi cảm thấy rất đau ở vai mỗi khi cố gắng nâng vật nặng.
Nhãn khoa,"Khi tôi cố gắng nhìn, tầm nhìn của tôi bị mờ."
Tai Mũi Họng,Tôi không biết tại sao mình lại cảm thấy lạnh.
Tai Mũi Họng,Hệ thống sưởi trong nhà tôi bị hỏng nên tôi cảm thấy rất lạnh.
Cơ xương khớp,Vai tôi đau dữ dội.
Thấp khớp/Chỉnh hình,"Cứng đờ, không thể nhìn sang phải hoặc trái trừ khi di chuyển toàn bộ cơ thể."
Chấn thương chỉnh hình,Tôi cảm thấy đau nhức ở đầu gối khi đi bộ.
Da liễu,"Mỗi lần chải tóc, tôi đều thấy rất nhiều tóc mắc trong lược."
Da liễu,Mụn ở ngực tôi cứ nổi lên và không bao giờ hết.
Cơ xương khớp,"Khi chơi bóng đá, tôi bị đau cơ."
Da liễu,Tóc tôi bị rụng nhiều sau khi tắm.
Cơ xương khớp,"Khi chơi bóng đá, tôi bị trật khớp vai."
Tai Mũi Họng,"Tôi luôn cảm thấy lạnh, ngay cả khi mặc nhiều lớp áo."
Cơ xương khớp,Tôi bị đau cơ dữ dội từ khi đi tập gym.
Chấn thương chỉnh hình,"Khi tôi duỗi chân, khớp gối bị đau."
Tiêu hóa,Tôi bị đau bụng dữ dội và không thể ăn bất cứ thứ gì.
Tim mạch,Tôi khó thở vì cơn đau âm ỉ dưới vai trái.
Chấn thương chỉnh hình,Tôi cảm thấy đau lưng khi ngồi trên ghế lâu.
Ngoại khoa,"Con gái tôi đi tỉa lông mày và việc đó đã làm rách da ở một bên lông mày, giờ chỗ đó bị sưng và chảy dịch."
Chấn thương chỉnh hình,Tôi bị đau đầu gối khi đi lại.
Da liễu,Sáng nào gối tôi cũng có rất nhiều tóc.
Chấn thương chỉnh hình,"Khi chơi thể thao, tôi cảm thấy nóng rát ở cột sống."
Tiêu hóa,Tôi bị đau âm ỉ ở bụng. Cơn đau càng nặng hơn sau khi ăn.
Tai Mũi Họng,"Tôi không nghe rõ bằng tai, cảm giác như có vật gì đó gây khó chịu trong tai."
Thấp khớp/Chỉnh hình,Tôi hầu như không thể cử động cổ được. Nó đau quá.
Tim mạch,Tôi cảm thấy như tim mình sắp nhảy ra khỏi lồng ngực. Đau quá.
Tai Mũi Họng,Tôi đang gặp khó khăn trong việc nghe.
Chấn thương chỉnh hình,Tôi bị đau nhói dọc sống lưng.
Tai Mũi Họng,Tôi nghĩ có dịch trong tai tôi.
Tai Mũi Họng,"Dù nhiệt độ trong nhà có cao, người tôi vẫn luôn cảm thấy lạnh."
Da liễu,Mụn của tôi thật sự khiến tôi xấu hổ. Nó đỏ quá.
Ngoại khoa,Vết thương của tôi không lành tốt và tình trạng này đã kéo dài hai tuần rồi.
Thần kinh/Tiêu hóa,Tôi bị đau đầu ở phía sau và cơn đau kéo dài cả ngày.
Da liễu,Tôi bị phát ban và ngứa rất dữ dội.
Tim mạch,Tim tôi như muốn nổ tung.
Da liễu,Mụn có phải là bệnh ngoài da không?
Cơ xương khớp,"Sau khi chơi tennis, tôi cảm thấy một cảm giác mạnh ở gần cổ."
Da liễu,Tóc tôi rụng từng mảng lớn.
Cơ xương khớp,Vai tôi bị đau mỗi khi cố với lấy thứ gì đó ở trên cao.
Cơ xương khớp,Tôi bị va đập vào chân và nó đau lắm.
Da liễu,Tôi có một vết thương đóng vảy ở mu bàn tay mà mãi không lành.
Ngoại khoa,"Tôi có một vết thương hở, đỏ và sưng lên."
Da liễu,Da tôi rất khô và bong tróc.
Chấn thương chỉnh hình,"Tôi bị đau âm ỉ ở vùng lưng dưới, khiến việc di chuyển trở nên khó khăn."
Tiêu hóa,Tôi bị đau nhói ở vùng bụng dưới.
Da liễu,Mặc dù đã trưởng thành nhưng mặt tôi vẫn cứ nổi mụn.
Thần kinh/Tiêu hóa,"Tôi bị đau đầu vùng trán và mỗi khi bị đau, ánh sáng lại làm tôi khó chịu."
Tiêu hóa,Tôi bị đau lan từ hông phải lên đến lồng ngực. Cơn đau dữ dội nhất khi tôi đi tiểu.
Tai Mũi Họng,Tôi đang gặp khó khăn trong việc nghe.
Ngoại khoa,"Tôi nghĩ vết thương của tôi có vấn đề, nó dường như không lành lại như bình thường."
Đa khoa,"Mỗi khi đứng dậy quá nhanh, tôi đều cảm thấy như mình sắp ngất xỉu."
Tim mạch,Tim tôi đập nhanh và điều đó khiến tôi sợ hãi.
Thần kinh/Tiêu hóa,Tôi bị đau âm ỉ ở đầu.
Cơ xương khớp,"Tôi không thể mang vác bất cứ thứ gì, tôi bị đau vai."
Hô hấp,Tôi đi bộ mỗi ngày nhưng giờ đây chỉ đi được một đoạn ngắn là tôi đã bị khó thở.
Thần kinh/Tiêu hóa,Tôi cảm thấy đau đầu
Tai Mũi Họng,"Tôi vừa đi máy bay cách đây vài ngày và lần này, trong lúc hạ cánh, tai tôi vẫn bị ù và đau."
Ngoại khoa,Vết thương nhiễm trùng của anh ta bắt đầu bị hoại tử.
Ngoại khoa,Tôi có một vết thương hở ở cánh tay.
Đa khoa,Tôi cảm thấy toàn thân yếu ớt và đã cố gắng thư giãn nhưng vẫn thấy đau.
Đa khoa,Tôi cảm thấy toàn thân rất yếu.
Cơ xương khớp,Tôi bị nhức nhối ở vai.
Da liễu,Tôi cảm thấy chán nản khi thấy tóc mình rụng.
Hô hấp,"Tôi khó thở khi ở trong ga tàu điện ngầm, tại sao vậy?"
Nhãn khoa,Tôi gặp khó khăn khi đọc vì các chữ cái đều bị mờ.
Tâm thần,Tôi cảm thấy vô cùng đau khổ về mặt tinh thần sau khi chia tay bạn gái.
Đa khoa,Tôi bị chóng mặt mỗi khi cố gắng đứng dậy.
Ngoại khoa,"Con trai tôi vừa xỏ khuyên môi và giờ môi bị sưng, phần da bên trong môi có màu xám và trông như bị nhiễm trùng."
Chấn thương chỉnh hình,Tôi không thể tập thể dục vì bị đau đầu gối.
Hô hấp,Tôi gặp khó khăn khi thở ở những nơi đông người.
Tai Mũi Họng,"Con tôi bị ho cả đêm, không ngủ được."
Chấn thương chỉnh hình,Tôi bị đau lưng từ khi bước sang tuổi 70.
Hô hấp,Tôi cảm thấy như có thứ gì đó đang bóp nghẹt phổi mình.
Chấn thương chỉnh hình,Tôi cảm thấy đau ở đầu gối.
Chấn thương chỉnh hình,Khớp mắt cá chân của tôi bị nhức nhối mỗi khi tôi đặt trọng lực lên bàn chân.
Tiêu hóa,Tôi luôn có cảm giác như bị đau bụng kinh ngay cả khi không đến kỳ kinh nguyệt.
Da liễu,Hồi trung học tôi bị mụn rất nhiều.
Da liễu,Tôi bị nổi mẩn đỏ và ngứa trên da.
Chấn thương chỉnh hình,Tôi bị đau nhức như kim châm ở các khớp.
Cơ xương khớp,Chân tôi bị đau từ thứ Ba tuần trước.
Tai Mũi Họng,"Tôi không thể ngừng run rẩy hay nới lỏng hàm, tôi lạnh đến mức đó."
Chấn thương chỉnh hình,Đường nóng rát dọc theo lưng kèm theo khó thở.
Tiêu hóa,Tôi cảm thấy đau nhức bên trong cơ thể.
Da liễu,Tóc tôi luôn bị rụng và dạo này tôi bị rụng rất nhiều tóc.
Thấp khớp/Chỉnh hình,Cổ tôi bị đau từ sau vụ tai nạn.
Thần kinh/Tiêu hóa,Tôi bị đau đầu gần như mỗi ngày.
Thần kinh/Tiêu hóa,Tôi bị đau nửa đầu và đã uống Panadol nhưng không có tác dụng.
Chấn thương chỉnh hình,Tôi rất đau lưng mỗi khi cúi người.
Hô hấp,Ngực tôi đau khi hít thở.
Tai Mũi Họng,Bị cảm lạnh và ho nặng
Ngoại khoa,"Chân tôi đang nuốt nước bọt, điều này cho thấy vết thương của tôi bị nhiễm trùng."
Tâm thần,Tôi cảm thấy buồn
Da liễu,Tôi rất lo lắng mình sẽ bị hói đầu sớm. Tôi có bị bệnh nặng không?
Tai Mũi Họng,Tôi cảm thấy như mình khó thở nếu không tống hết những thứ trong phổi ra ngoài.
Thấp khớp/Chỉnh hình,Đầu tôi đau quá.
Đa khoa,"Tôi cảm thấy cơ thể yếu ớt dù ăn rất nhiều, tại sao vậy?"
Chấn thương chỉnh hình,Mắt cá chân của tôi đang bị đau.
Ngoại khoa,Tôi bị đứt chân ở bể bơi và vết thương cứ hở ra mỗi khi tôi đi lại.
Tim mạch,"Mỗi khi buồn, tim tôi lại đau nhói, tại sao vậy?"
Nhãn khoa,Mọi thứ trông như thể đang ở trong một khu vực đầy khói.
Tai Mũi Họng,Tôi cảm thấy toàn thân như đang ở trong tủ lạnh.
Tâm thần,"Tôi đã thử đọc sách, nhưng chẳng có gì làm tôi vui lên được cả."
Nhãn khoa,Máy khử trùng mắt
Hô hấp,Ngực tôi đau khi hít thở.
Tim mạch,"Mỗi khi buồn, tim tôi lại đau nhói, tại sao vậy?"
Nhãn khoa,Mọi thứ trông như thể đang ở trong một khu vực đầy khói.
Chấn thương chỉnh hình,Tôi cảm thấy đau ở đầu gối khi đi bộ.
Da liễu,Tôi bị nổi mẩn đỏ và ngứa trên da.
Da liễu,Tôi cảm thấy như mình vừa rơi vào vũng nước nóng vậy.
Đa khoa,"Tôi cảm thấy cơ thể yếu ớt dù ăn rất nhiều, tại sao vậy?"
Tiêu hóa,"Tôi cảm thấy đau nhức ở bên trong, giữa hông và vai."
Chấn thương chỉnh hình,Khớp mắt cá chân của tôi bị nhức nhối mỗi khi tôi đặt trọng lực lên bàn chân.
Tai Mũi Họng,"Tôi nghe không rõ, tôi có vấn đề về tai."
Tâm thần,Tôi cảm thấy suy sụp tinh thần.
Cơ xương khớp,Tôi bị đau nhói ở bắp tay. Tôi đã thử bôi kem giảm đau nhưng không hiệu quả.
Thần kinh/Tiêu hóa,Tôi bị đau đầu.
Chấn thương chỉnh hình,Tôi bị đau nhức ở các khớp.
Cơ xương khớp,Tôi bị đau cơ dữ dội từ khi đi tập gym.
Cơ xương khớp,Tôi không thể cử động tay một cách bình thường.
Hô hấp,"Tôi được chẩn đoán mắc bệnh viêm phổi, tôi khó thở."
Tim mạch,Vùng xung quanh tim tôi cảm thấy không ổn.
Chấn thương chỉnh hình,Tôi bị đau đầu gối mỗi khi đi bộ nhiều.
Đa khoa,"Khi đứng dậy quá nhanh, tôi bắt đầu cảm thấy chóng mặt và choáng váng."
Da liễu,Tôi bị nổi mụn khi ăn ớt.
Tai Mũi Họng,Tôi thường bị ho nặng khi bị cúm.
Thấp khớp/Chỉnh hình,Tôi bị đau cổ khi ngồi trước máy tính xách tay.
Tim mạch,Đau dữ dội ở phía trên bên trái ngực và có thể lan ra lưng.
Chấn thương chỉnh hình,"Tôi rất thích làm vườn nhưng mỗi khi cúi người xuống, tôi lại bị đau nhói ở lưng dưới."
Chấn thương chỉnh hình,Tôi bị đau ở khớp khuỷu tay.
Ngoại khoa,Tôi bị tai nạn và vết thương vẫn còn hở khi tôi đến bệnh viện.
Đa khoa,Tôi chẳng làm gì ở nhà cả mà vẫn cảm thấy kiệt sức.
Hô hấp,Tôi cảm thấy rất khó thở.
Cơ xương khớp,Tôi bị đau lưng dưới nhưng nếu duỗi người thì đỡ hơn.
Tiêu hóa,Tôi cảm thấy nóng rát ở bụng khoảng 2 tiếng sau mỗi bữa ăn.
Da liễu,"Đôi khi trời lạnh, mặt tôi bị đau, đặc biệt là vùng quanh những nốt mụn sắp vỡ."
Chấn thương chỉnh hình,"Tôi không thể đứng lên hay ngồi xuống được, tôi bị đau lưng rất khó chịu."
Cơ xương khớp,"Mỗi khi tôi cử động vai, cơn đau lại lan xuống cánh tay."
Cơ xương khớp,Tôi cảm thấy rất đau ở vai mỗi khi cố gắng nâng vật nặng.
Đa khoa,Tôi đang đi du thuyền và cảm thấy chóng mặt.
Da liễu,Tóc tôi không được đẹp lắm.
Tiêu hóa,Tôi bị đau bụng.
Tiêu hóa,Tôi bị đau bụng dữ dội và không thể ăn bất cứ thứ gì.
Tai Mũi Họng,Toàn thân tôi lạnh cóng.
Đa khoa,"Khi đứng dậy quá nhanh, tôi bắt đầu cảm thấy chóng mặt và choáng váng."
Chấn thương chỉnh hình,Tôi cảm thấy đau nhức ở đầu gối khi đi bộ.
Cơ xương khớp,Tôi bị đau nhói ở bắp tay.
Hô hấp,Tôi gần như không thở được
Cơ xương khớp,Tôi bị ngã khi nhảy lên để bắt bóng.
Cơ xương khớp,"Khi thức dậy vào buổi sáng, tôi cảm thấy toàn thân đau nhức."
Tai Mũi Họng,Tôi bị đau tai khi trời lạnh.
Cơ xương khớp,"Tôi bị đau dữ dội ở chân, đau như bị giật, và việc thư giãn bằng thuốc giảm đau không hiệu quả."
Thần kinh/Tiêu hóa,Tôi cảm thấy đau đầu dữ dội.
Tai Mũi Họng,Tôi cảm thấy đau họng.
Tiêu hóa,Tôi đã phân tích rất nhiều để tìm ra nguyên nhân chính gây ra chứng đau bụng của mình.
Da liễu,Tôi bị thiếu tóc
Chấn thương chỉnh hình,Tôi cảm thấy cứng khớp ở khuỷu tay và vai.
Tai Mũi Họng,Tôi bị ho dữ dội kèm theo đờm.
Da liễu,Tôi có vấn đề về da.
Ngoại khoa,Người ta phát hiện anh ta có một vết thương hở.
Tâm thần,"Mỗi khi nghĩ về cha mẹ, tôi lại cảm thấy đau lòng."
Tai Mũi Họng,"Chắc chắn là tuần hoàn máu của tôi có vấn đề rồi, ngay cả những ngày nóng nhất tôi cũng phải mang tất, ngón chân tôi lạnh cóng!"
Chấn thương chỉnh hình,Tôi cảm thấy đau nhói ở khớp mắt cá chân khi đứng.
Tai Mũi Họng,Thỉnh thoảng tôi ho vì tôi hút thuốc.
Cơ xương khớp,Tôi bị đau chân rất nhiều khi chơi bóng đá.
Da liễu,Tóc tôi bị rụng khi tôi chải tóc.
Tai Mũi Họng,Cơn đau tai của tôi không thể chịu nổi.
Tiêu hóa,Đau ruột mãn tính
Tiêu hóa,"Tôi bị đau bụng sau khi uống bất kỳ loại nước ngọt nào, tại sao vậy?"
Chấn thương chỉnh hình,Đầu gối tôi thường đau nhức vào những ngày trời lạnh và mưa.
Tai Mũi Họng,Lần trước đi máy bay tôi bị cảm lạnh và đến giờ vẫn còn cảm giác khó chịu ở tai.
Da liễu,Da tôi bị ngứa.
Cơ xương khớp,Tôi cảm thấy đau ở vai phải sau trận đấu quần vợt.
Da liễu,Ống thoát nước trong phòng tắm của tôi lúc nào cũng đầy tóc.
Tiêu hóa,Tôi bị đau bụng.
Đa khoa,"Khi đứng dậy quá nhanh, tôi bắt đầu cảm thấy chóng mặt và choáng váng."
Cơ xương khớp,Tôi cảm thấy rất đau ở vai mỗi khi cố gắng nâng vật nặng.
Da liễu,"Đôi khi trời lạnh, mặt tôi bị đau, đặc biệt là vùng quanh những nốt mụn sắp vỡ."
Tim mạch,Tôi cảm thấy tim mình đau nhói khi chạy một quãng đường dài.
Cơ xương khớp,Tôi không thể cử động tay một cách bình thường.
Thấp khớp/Chỉnh hình,Tôi bị đau cổ nên không ngủ được.
Tiêu hóa,"Tôi bị đau bụng sau khi uống bất kỳ loại nước ngọt nào, tại sao vậy?"
Cơ xương khớp,"Mỗi khi tôi cử động vai, cảm giác như có luồng điện chạy qua vai vậy."
Da liễu,Tôi bị thiếu tóc
Thấp khớp/Chỉnh hình,Tôi cảm thấy đau ở cổ.
Chấn thương chỉnh hình,Tôi cảm thấy đau lưng.
Tai Mũi Họng,Tôi nghĩ nhiệt độ cơ thể của tôi rất thấp.
Chấn thương chỉnh hình,Tôi bị đau khớp.
Da liễu,Tôi không thể có bạn gái vì mụn trứng cá.
Đa khoa,"Mỗi khi tôi đứng dậy, đầu tôi lại bắt đầu quay cuồng."
Cơ xương khớp,"Tối qua khi chơi bóng đá, tôi bị đá vào đầu."
Chấn thương chỉnh hình,Bệnh xương mãn tính ở mức độ gấp đôi của Estremidades dưới
Da liễu,Tôi bị nổi mụn thành từng mảng và da mặt bị đỏ nhiều.
Da liễu,Tôi bị mụn trên mặt và các vấn đề khác về da liễu như ngứa.
Da liễu,"Đôi khi trời lạnh, mặt tôi bị đau, đặc biệt là vùng quanh những nốt mụn sắp vỡ."
Nhãn khoa,Tôi bị nhìn mờ sau khi dùng nhầm thuốc.
Tim mạch,Tôi bị đau tim dữ dội.
Chấn thương chỉnh hình,Tôi bị đau đầu gối mỗi khi đi bộ nhiều.
Cơ xương khớp,Tôi bị thương trong trận đấu bóng đá.
Thấp khớp/Chỉnh hình,Tôi bị đau cổ nên không ngủ được.
Cơ xương khớp,Tôi bị đau cơ vai mỗi khi cố gắng với tay lên.
Nhãn khoa,"Tôi bị nhìn mờ trong lúc tập bơi ở bể bơi, tại sao vậy?"
Tiêu hóa,Tôi bị đau bụng.
Chấn thương chỉnh hình,Đầu gối tôi đau đến nỗi mỗi khi đi lại tôi lại ngồi nhiều hơn mức cần thiết.
Cơ xương khớp,Tôi vẫn không cảm thấy cơ bắp của mình đỡ hơn.
Ngoại khoa,Vết thương nhiễm trùng của anh ta bắt đầu bị hoại tử.
Da liễu,Tôi từng bị mụn trứng cá khi 15 tuổi.
Tâm thần,thở nặng nhọc kèm theo mệt mỏi
Ngoại khoa,"Mảnh kính vỡ và làm tôi bị thương nặng ở chân, vết thương rất rộng."
Nhãn khoa,Tôi không nhìn rõ.
Chấn thương chỉnh hình,Tôi bị đau nhức ở các khớp.
Da liễu,Tôi ghét mụn trứng cá của mình.
Cơ xương khớp,Tôi bị đau lưng khi đang tập tạ ở phòng gym.
Cơ xương khớp,Tôi cảm thấy rất đau ở vai mỗi khi cố gắng nâng vật nặng.
Hô hấp,"Tôi cảm thấy không khỏe, tôi không thể thở được."
Cơ xương khớp,Hôm qua tôi tập thể dục rất nhiều nên giờ tôi bị đau nhức cơ bắp dữ dội.
Tim mạch,Tôi khó thở vì cơn đau âm ỉ dưới vai trái.
Chấn thương chỉnh hình,Đầu gối tôi bị sưng ngay dưới xương bánh chè và đau khi tôi tì trọng lượng lên đó.
Da liễu,"Khi tôi gội đầu, tóc tôi rụng rất nhiều."
Cơ xương khớp,Tôi bị đau nhức cơ vùng lưng dưới.
Tâm thần,Tôi cảm thấy đau lòng khi phải chia xa những người thân yêu.
Ngoại khoa,Tôi bị đứt tay cách đây vài ngày và mặc dù tôi không nghĩ mình cần khâu nhưng vết thương vẫn chưa lành.
Cơ xương khớp,Tôi bị nhức nhối ở vai.
Ngoại khoa,"Con trai tôi vừa xỏ khuyên môi và giờ môi bị sưng, phần da bên trong môi có màu xám và trông như bị nhiễm trùng."
Thần kinh/Tiêu hóa,Sọ bị vỡ như quả hạch
Hô hấp,"Tôi được chẩn đoán mắc bệnh viêm phổi, tôi khó thở."
Chấn thương chỉnh hình,Tôi bị đau ở khớp khuỷu tay.
Tai Mũi Họng,Hệ thống sưởi trong nhà tôi bị hỏng nên tôi cảm thấy rất lạnh.
Tai Mũi Họng,Tôi không thể ngừng ho.
Cơ xương khớp,Tôi bị đau vai sau khi làm bất cứ việc gì liên quan đến nhà.
Tai Mũi Họng,Tôi có rất nhiều đờm khi ho.
Đa khoa,"Mỗi khi đứng dậy quá nhanh, tôi đều cảm thấy như mình sắp ngất xỉu."
Tiêu hóa,"Tôi bị đau ở đại tràng và dạ dày, cảm giác như có vật gì đó đang cắt vào."
Ngoại khoa,"Con gái tôi bị mèo cắn và giờ tay cháu bị đau, đỏ và sưng tấy, vết thương còn chảy dịch."
Tiêu hóa,Đau bụng sau khi uống sữa
Hô hấp,"Khi đi bộ, tôi khó thở."
Chấn thương chỉnh hình,"Khi chơi bóng đá, tôi bị đau khớp."
Tai Mũi Họng,Nhiệt độ cơ thể tôi giảm xuống và toàn thân bị co giật.
Tiêu hóa,Tôi cảm thấy rất đau ở vùng bụng.
Da liễu,"Khi tôi thức dậy, tôi thấy da mình mờ ảo."
Tai Mũi Họng,"Tôi ho rất nhiều khi ngửi mùi nước hoa, phổi tôi có vấn đề gì vậy?"
Tai Mũi Họng,"Chắc chắn là tuần hoàn máu của tôi có vấn đề rồi, ngay cả những ngày nóng nhất tôi cũng phải mang tất, ngón chân tôi lạnh cóng!"
Da liễu,Tôi bị mụn ở lưng.
Da liễu,Khi tôi cố gắng chăm sóc tóc thì phát hiện ra tóc mình bị rụng nhiều.
Ngoại khoa,"Tôi bị ngã xuyên qua cửa sổ khi đang lau chùi và có một mảnh kính găm vào mắt trái, tôi nghĩ tình trạng khá nghiêm trọng, xin hãy giúp tôi!"
Đa khoa,Tôi cảm thấy choáng váng
Tai Mũi Họng,"Tôi cứ mãi không thấy ấm. Ngay cả khi mọi người xung quanh đều ấm áp, tôi vẫn luôn cảm thấy lạnh."
Nhãn khoa,Tôi nhận thấy thị lực của mình giảm sút đáng kể khi cố gắng nhìn những vật ở cự ly gần.
Ngoại khoa,"Tôi cảm thấy không khỏe, vết thương của tôi bị nhiễm trùng."
Cơ xương khớp,"Tôi bị đau cơ chân sau khi chạy bộ hôm qua, tôi đã uống thuốc giảm đau nhưng không hiệu quả."
Ngoại khoa,"Lần trước khi cắt móng chân, tôi đã cắt quá ngắn và giờ móng chân của tôi bị nhiễm trùng."
Chấn thương chỉnh hình,Tôi bị đau lưng và không thể cúi gập người hay đi lại được.
Tim mạch,Tôi cảm thấy đau tim mỗi khi đi bộ nhiều.
Ngoại khoa,Chồng tôi có một vết trên môi mà anh ấy tưởng là mụn rộp nhưng giờ nó đã bị vỡ ra và chảy dịch cả ngày.
Ngoại khoa,Tôi bị tai nạn và vết thương vẫn còn hở khi tôi đến bệnh viện.
Nhãn khoa,Tôi đang xem tivi thì đột nhiên bị nhìn mờ.
Cơ xương khớp,Tôi cảm thấy đau cơ mỗi khi gắng sức quá mức.
Chấn thương chỉnh hình,"Tôi rất thích làm vườn nhưng mỗi khi cúi người xuống, tôi lại bị đau nhói ở lưng dưới."
Thần kinh/Tiêu hóa,Tôi bị đau đầu mỗi khi ăn kem.
Da liễu,ngứa ở phía trước và chính giữa da đầu
Da liễu,"Mỗi lần chải tóc, tôi đều thấy rất nhiều tóc mắc trong lược."
Cơ xương khớp,"Tôi bắt đầu học bơi và hình như tôi đã nuốt quá nhiều nước qua mũi, vì vậy giờ tôi bị viêm xoang hành hạ."
Nhãn khoa,Tôi đang xem tivi thì đột nhiên bị nhìn mờ.
Ngoại khoa,Tôi có một vết thương hở ở cánh tay.
Chấn thương chỉnh hình,Tôi bị đau lưng rất nhiều.
Đa khoa,"Tôi cảm thấy cơ thể yếu ớt sau ngày đầu tiên đến phòng tập, tại sao vậy?"
Chấn thương chỉnh hình,"Khi chơi bóng đá, tôi bị đau khớp."
Ngoại khoa,Tôi bị đứt tay cách đây vài tuần và dù đã bôi kem kháng sinh nhưng vết thương vẫn không đỡ.
Chấn thương chỉnh hình,Tôi có cảm giác như xương bánh chè đang cọ xát vào nhau mỗi khi đi bộ.
Chấn thương chỉnh hình,Tôi cảm thấy đau đầu gối khi leo cầu thang.
Tâm thần,Tôi cảm thấy đau lòng mỗi khi nghĩ về cô ấy.
Da liễu,Trên mặt tôi có mụn.
Cơ xương khớp,"Tôi bị đau chân vào mùa đông, hoặc khi trời lạnh, tại sao vậy?"
Tiêu hóa,"Tôi cảm thấy áp lực rất lớn ở vùng bụng dưới bên phải, mỗi khi ra ngoài chạy bộ."
Chấn thương chỉnh hình,Tôi bị đau lưng từ khi ngã xuống sàn.
Đa khoa,Tôi khó có thể đứng dậy và di chuyển rất chậm.
Thấp khớp/Chỉnh hình,Tôi bị đau cổ và không thể nhìn xuống hay nhìn lên.
Ngoại khoa,"Cháu trai tôi bị xước chân do va phải vỏ sò ở biển, giờ chân cháu đang chuyển sang màu xám và sưng tấy."
Đa khoa,Tôi cảm thấy như căn phòng đang quay cuồng.
Da liễu,Tôi bị rụng tóc rất nhiều.
Chấn thương chỉnh hình,"Cảm giác khó chịu xuất hiện đột ngột, thường là sau chấn thương hoặc tập luyện."
Tâm thần,"Tôi cảm thấy tổn thương, trái tim tôi đau nhói."
Tim mạch,Tôi cảm thấy nhịp tim tăng nhanh khi bị chích.
Ngoại khoa,"Con trai tôi nặn mụn và nó vỡ ra, sau đó đóng vảy và giờ trông có vẻ bị nhiễm trùng."
Đa khoa,"Khi thức dậy vào buổi sáng, tôi cảm thấy chóng mặt."
Cơ xương khớp,Chân tôi bị đau từ thứ Ba tuần trước.
Tai Mũi Họng,"Tôi không thể ngừng run rẩy hay nới lỏng hàm, tôi lạnh đến mức đó."
Ngoại khoa,"Chân tôi đang nuốt nước bọt, điều này cho thấy vết thương của tôi bị nhiễm trùng."
Tai Mũi Họng,Phổi tôi cảm thấy nặng trĩu như thể chứa đầy chất nhầy.
Da liễu,Tôi bị mụn ở lưng.
Thần kinh/Tiêu hóa,Tôi bị đau nửa đầu và đã uống Panadol nhưng không có tác dụng.
Đa khoa,Tôi vốn luôn rất năng động nhưng giờ tôi không còn đủ sức lực hay năng lượng để đi bộ dù chỉ một quãng ngắn.
Tiêu hóa,"Tôi cảm thấy đau nhức ở bên trong, giữa hông và vai."
Da liễu,Tôi cảm thấy như mình vừa rơi vào vũng nước nóng vậy.
Chấn thương chỉnh hình,Tôi cảm thấy đau nhức dữ dội ở khớp vai và cơn đau không thuyên giảm.
Tai Mũi Họng,Bị cảm lạnh và ho nặng
Tai Mũi Họng,Tôi bị vấn đề ở tai giữa do nhiễm trùng.
Đa khoa,"Khi đứng lên tôi cảm thấy chóng mặt, tôi không biết tại sao."
Chấn thương chỉnh hình,Các khớp của tôi cảm thấy sưng tấy.
Thấp khớp/Chỉnh hình,Cổ tôi bị đau từ sau vụ tai nạn.
Chấn thương chỉnh hình,Tôi bị đau nhói và nghe thấy tiếng lách cách ở khớp mắt cá chân mỗi khi cố gắng đứng lên và đi lại.
Ngoại khoa,"Tôi cảm thấy không khỏe, vết thương của tôi bị nhiễm trùng."
Cơ xương khớp,Tôi bị chấn thương nên không thể chơi thể thao.
Chấn thương chỉnh hình,Tôi bị đau đầu gối khi đang bơi.
Da liễu,Tôi nhận thấy một số vấn đề về da và đã thử dùng kem nhưng tình trạng không được cải thiện.
Cơ xương khớp,"Sau một ngày làm việc vất vả, tôi bị đau chân."
Tai Mũi Họng,Tôi cảm thấy như mình khó thở nếu không tống hết những thứ trong phổi ra ngoài.
Đa khoa,"Mỗi lần cố gắng làm việc gì, tôi đều cảm thấy chóng mặt."
Tiêu hóa,Tôi cảm thấy đau nhức bên trong cơ thể.
Thần kinh/Tiêu hóa,Đầu tôi đau quá.
Da liễu,"Mỗi khi trời mưa, tôi lại bị nổi mẩn ngứa ở bụng và hai bên sườn."
Cơ xương khớp,Chân tôi bị đau từ thứ Ba tuần trước.
Thần kinh/Tiêu hóa,Tôi bị đau nửa đầu và đã uống Panadol nhưng không có tác dụng.
Thần kinh/Tiêu hóa,Tôi bị đau đầu gần như mỗi ngày.
Cơ xương khớp,"Hồi còn nhỏ, tôi từng bị chấn thương đầu gối do chơi thể thao."
Đa khoa,Tôi cảm thấy chóng mặt sau khi bị tiêu chảy nặng.
Tim mạch,"Ôi tim tôi đau nhói, tôi đã cố gắng bình tĩnh nhưng không thể."
Chấn thương chỉnh hình,"Cảm giác khó chịu xuất hiện đột ngột, thường là sau chấn thương hoặc tập luyện."
Cơ xương khớp,Tôi bị đau tay khi duỗi người.
Da liễu,Tôi từng bị mụn trứng cá khi 15 tuổi.
Tiêu hóa,Tôi có một nỗi đau nội tâm không thể diễn tả được.
Cơ xương khớp,Tôi thích đi bộ và hoạt động ngoài trời nhưng lòng bàn chân của tôi rất nhanh bị đau.
Cơ xương khớp,"Nếu tôi giẫm phải kim thì chắc cũng không đau đến thế, như cái gai chết tiệt ở gót chân này."
Cơ xương khớp,"Khi chơi bóng đá, tôi bị trật khớp vai."
Đa khoa,"Khi đứng dậy quá nhanh, tôi bắt đầu cảm thấy chóng mặt và choáng váng."
Chấn thương chỉnh hình,Tôi cảm thấy đau khớp mỗi khi cử động.
Ngoại khoa,"Con trai tôi nặn mụn và nó vỡ ra, sau đó đóng vảy và giờ trông có vẻ bị nhiễm trùng."
Tiêu hóa,Tôi bị đau nội tạng.
Cơ xương khớp,"Trong cuộc phẫu thuật ở mắt cá chân, các dây thần kinh của tôi bị tổn thương nghiêm trọng đến mức tôi không thể chịu được khi ai đó chạm vào vết sẹo."
Tim mạch,Tôi khó thở vì cơn đau âm ỉ dưới vai trái.
Thấp khớp/Chỉnh hình,"Cứng đờ, không thể nhìn sang phải hoặc trái trừ khi di chuyển toàn bộ cơ thể."
Tim mạch,Đau dữ dội ở phía trên bên trái ngực và có thể lan ra lưng.
Cơ xương khớp,Hôm qua tôi tập thể dục rất nhiều nên giờ tôi bị đau nhức cơ bắp dữ dội.
Da liễu,Trên da tôi có một vết đỏ.
Da liễu,"Khi tôi gội đầu, tóc tôi rụng rất nhiều."
Cơ xương khớp,Tôi bị đau nhói ở bắp tay. Tôi đã thử bôi kem giảm đau nhưng không hiệu quả.
Da liễu,Tôi bị phát ban lạ trên cánh tay.
Tim mạch,Tôi thường xuyên bị đau nhói ở ngực và không biết mình đang làm gì mà lại gây ra triệu chứng đó.
Ngoại khoa,Vết thương bị nhiễm trùng của tôi gây ra sốt.
Cơ xương khớp,Tôi cảm thấy như có ai đó đâm dao vào vai mình.
Chấn thương chỉnh hình,"Mỗi khi mang vác đồ nặng, tôi cảm thấy như lưng mình sắp gãy."
Chấn thương chỉnh hình,Đầu gối tôi bị sưng ngay dưới xương bánh chè và đau khi tôi tì trọng lượng lên đó.
Ngoại khoa,Vết thương hở ở tay tôi bị nhiễm trùng.
Cơ xương khớp,Tại sao vai tôi lại đau khi tôi cố gắng nhặt quần áo giặt?
Cơ xương khớp,Tôi không thể nhảy bằng chân trái vì chấn thương gãy ba xương ở mắt cá chân khiến tôi đau nhức không dứt.
Thần kinh/Tiêu hóa,Tôi bị đau đầu mỗi khi ăn kem.
Tai Mũi Họng,Tôi không thể cảm thấy ấm áp dù có mặc nhiều lớp áo hay bật máy sưởi ở mức cao nhất.
Tâm thần,"Tâm trí tôi cảm thấy rất buồn, như thể đang đau đớn. Cảm giác trong đầu tôi thật tồi tệ và mỗi khi nghĩ về chuyện chia tay, tôi lại khóc vì buồn bã."
Hô hấp,Buổi sáng tôi thở rất to.
Cơ xương khớp,Vai tôi bị đau mỗi khi cố với lấy thứ gì đó ở trên cao.
Ngoại khoa,Vết thương của tôi không lành tốt và tình trạng này đã kéo dài hai tuần rồi.
Thần kinh/Tiêu hóa,Tôi bị đau đầu ở phía sau và cơn đau kéo dài cả ngày.
Tai Mũi Họng,Tai tôi bị ù.
Da liễu,Mụn có phải là bệnh ngoài da không?
Chấn thương chỉnh hình,Đầu gối tôi cảm thấy yếu và hôm trước nó bị khuỵt xuống ở đầu cầu thang. May mắn là có lan can để vịn vào.
Hô hấp,Tôi gần như không thở được
Đa khoa,Tôi thấy đầu óc quay cuồng mỗi khi thức dậy.
Tiêu hóa,đau quặn bụng khắp vùng bụng
Cơ xương khớp,Tôi bị đau khi giơ tay lên.
Tiêu hóa,Tôi đã phân tích rất nhiều để tìm ra nguyên nhân chính gây ra chứng đau bụng của mình.
Đa khoa,"Tôi cảm thấy cơ thể yếu ớt sau ngày đầu tiên đến phòng tập, tại sao vậy?"
Ngoại khoa,Vết thương của tôi có vẻ không lành tốt.
Cơ xương khớp,Tôi bị va đập vào chân và nó đau lắm.
Đa khoa,Tôi cảm thấy chóng mặt mỗi khi đứng dậy.
Tim mạch,"Ôi tim tôi đau nhói, tôi đã cố gắng bình tĩnh nhưng không thể."
Cơ xương khớp,Cơ bắp tay của tôi bắt đầu đau nhức sau khi tôi đến phòng tập thể dục.
Nhãn khoa,"Tôi bị nhìn mờ từ sáng nay, không biết nguyên nhân là gì?"
Hô hấp,Tôi gặp khó khăn khi thở ở những nơi đông người.
Chấn thương chỉnh hình,Bệnh xương mãn tính ở mức độ gấp đôi của Estremidades dưới
Cơ xương khớp,"Hôm qua tôi chơi bóng rổ, và bị bong gân mắt cá chân."
Đa khoa,Tôi bị chóng mặt mỗi khi cố gắng đứng dậy.
Cơ xương khớp,Tôi bị đau chân.
Chấn thương chỉnh hình,Tôi cảm thấy đau nhói ở khớp mắt cá chân khi đứng.
Tai Mũi Họng,Tôi cảm thấy lạnh
Nhãn khoa,"Tôi bị nhìn mờ từ sáng nay, không biết nguyên nhân là gì?"
Chấn thương chỉnh hình,Đầu gối tôi bị vướng và đau khi mới đứng dậy sau khi ngồi.
Đa khoa,Đôi khi tôi cảm thấy cơ thể yếu ớt mà không rõ lý do.
Tim mạch,"Mỗi khi buồn, tim tôi lại đau nhói, tại sao vậy?"
Tiêu hóa,Tôi bị đau bụng dữ dội.
Thần kinh/Tiêu hóa,Tôi bị đau đầu gần như mỗi ngày.
Tai Mũi Họng,Bị cảm lạnh và ho nặng
Da liễu,"Tôi bị nổi những mảng mụn lớn, ngứa rát trên lưng và rất đau."
Tâm thần,Tôi cảm thấy buồn
Ngoại khoa,"Chân tôi đang nuốt nước bọt, điều này cho thấy vết thương của tôi bị nhiễm trùng."
Da liễu,Có cách nào chữa khỏi mụn trứng cá không?
Chấn thương chỉnh hình,Tôi gặp khó khăn khi cử động đầu gối.
Tai Mũi Họng,Tôi cảm thấy lạnh khi màn đêm buông xuống.
Hô hấp,Ngực tôi đau khi hít thở.
Ngoại khoa,"Con trai tôi vừa trải qua điều trị tủy răng và nha sĩ vô tình cắt vào bên trong má của cháu, giờ vết thương không lành được."
Thần kinh/Tiêu hóa,Tôi bị đau nửa đầu và đã uống Panadol nhưng không có tác dụng.
Cơ xương khớp,Tôi bị đau nhói ở bắp tay. Tôi đã thử bôi kem giảm đau nhưng không hiệu quả.
Đa khoa,Tôi vốn luôn rất năng động nhưng giờ tôi không còn đủ sức lực hay năng lượng để đi bộ dù chỉ một quãng ngắn.
Chấn thương chỉnh hình,"Tôi không thể đi được, đầu gối tôi đau quá."
Cơ xương khớp,Tôi cảm thấy đau dữ dội ở vai trái.
Da liễu,Tóc tôi luôn bị rụng và dạo này tôi bị rụng rất nhiều tóc.
Tai Mũi Họng,Tôi bị vấn đề ở tai giữa do nhiễm trùng.
Chấn thương chỉnh hình,Đường nóng rát dọc theo lưng kèm theo khó thở.
Hô hấp,"Có những lúc tôi cảm thấy như bị đè bẹp dưới một sức nặng khổng lồ và không khí không thể vào phổi, điều đó thực sự khiến tôi sợ chết khiếp mỗi khi chuyện đó xảy ra."
Tai Mũi Họng,Tôi bị ho khan nặng
Chấn thương chỉnh hình,Tôi bị đau nhức như kim châm ở các khớp.
Da liễu,Tôi cảm thấy như mình vừa rơi vào vũng nước nóng vậy.
Đa khoa,"Mỗi lần cố gắng làm việc gì, tôi đều cảm thấy chóng mặt."
Da liễu,Tôi nhận thấy một số vấn đề về da và đã thử dùng kem nhưng tình trạng không được cải thiện.
Tai Mũi Họng,Tôi cảm thấy toàn thân như đang ở trong tủ lạnh.
Tiêu hóa,Tôi luôn có cảm giác như bị đau bụng kinh ngay cả khi không đến kỳ kinh nguyệt.
Hô hấp,Tôi gặp khó khăn khi thở ở những nơi đông người.
Tiêu hóa,Tôi cảm thấy đau bụng dữ dội.
Thần kinh/Tiêu hóa,Tôi cảm thấy đau nhói ở đầu mỗi khi suy nghĩ quá nhiều.
Cơ xương khớp,Tôi bị đau chân dù không đi bộ nhiều.
Da liễu,Bệnh mãn tính của nang tóc và tuyến bã nhờn.
Hô hấp,Tôi không gặp vấn đề gì khi hít vào nhưng thở ra thì rất nặng nhọc.
Cơ xương khớp,Tôi không thể đi lại được vì chân tôi đau quá.
Tiêu hóa,Tôi bị đau bụng mỗi khi bị cảm lạnh.
Chấn thương chỉnh hình,Tôi bị đau đầu gối khi đi bộ.
Chấn thương chỉnh hình,Đầu gối tôi đau quá.
Nhãn khoa,Tôi không thể lái xe vào ban đêm vì mắt tôi bị mờ.
Cơ xương khớp,Tôi cảm thấy đau vai khi gõ bàn phím.
Tai Mũi Họng,Tôi không thể ngừng ho
Tai Mũi Họng,Lần trước đi máy bay tôi bị cảm lạnh và đến giờ vẫn còn cảm giác khó chịu ở tai.
Da liễu,Tóc của anh ấy rụng chỉ vì chải tóc thôi.
Đa khoa,"Khi đứng dậy quá nhanh, tôi bắt đầu cảm thấy chóng mặt và choáng váng."
Đa khoa,Tôi cảm thấy chóng mặt mỗi khi đứng dậy.
Tai Mũi Họng,Tôi không thể ngừng ho.
Tiêu hóa,Tôi cảm thấy buồn nôn.
Đa khoa,"Khi tôi thức dậy, tôi cảm thấy chóng mặt và ngã xuống."
Tiêu hóa,Tôi cảm thấy đau nhức toàn thân.
Da liễu,Mụn trứng cá khiến tôi cảm thấy xấu hổ.
Tai Mũi Họng,"Tôi luôn cảm thấy lạnh, ngay cả khi mặc nhiều lớp áo."
Thần kinh/Tiêu hóa,Tôi bị đau đầu kèm theo chóng mặt.
Da liễu,"Khi tôi gội đầu, tóc tôi rụng rất nhiều."
Ngoại khoa,Vết thương bị nhiễm trùng của tôi gây ra sốt.
Thần kinh/Tiêu hóa,Tôi bị đau đầu khi làm việc này.
Cơ xương khớp,"Tôi cảm thấy như có một cục u sưng tấy ở xương bả vai, kèm theo cơn đau nhói từ đó."
Cơ xương khớp,Tôi thích đi bộ và hoạt động ngoài trời nhưng lòng bàn chân của tôi rất nhanh bị đau.
Tai Mũi Họng,Tai tôi bị đau khi nghe nhạc.
Cơ xương khớp,Tôi bị chấn thương nên không thể chơi thể thao.
Cơ xương khớp,Tôi bị đau chân dù không đi bộ nhiều.
Cơ xương khớp,Tôi cảm thấy đau vai từng đợt.
Đa khoa,"Tôi nhanh mệt quá, sáng sớm hầu như không mặc nổi quần áo."
Tiêu hóa,Tôi cảm thấy đau nhức toàn thân.
Tai Mũi Họng,"Tôi cứ mãi không thấy ấm. Ngay cả khi mọi người xung quanh đều ấm áp, tôi vẫn luôn cảm thấy lạnh."
Tiêu hóa,Khi ăn tôi cảm thấy đau bụng.
Hô hấp,"Năm ngoái, bà tôi phải nhập viện vì khó thở."
Nhãn khoa,"Tôi không nhìn thấy biển báo, tầm nhìn của tôi bị mờ."
Cơ xương khớp,Tôi bị đau nhức cơ vai mỗi khi cử động tay.
Chấn thương chỉnh hình,Tôi có cảm giác như toàn thân mình đang kêu ca.
Tai Mũi Họng,Tôi nghĩ nhiệt độ cơ thể của tôi rất thấp.
Cơ xương khớp,Tôi bị đau cơ thang.
Chấn thương chỉnh hình,Lưng trên của tôi bị đau suốt một tuần nay.
Chấn thương chỉnh hình,Đầu gối tôi thường đau nhức vào những ngày trời lạnh và mưa.
Chấn thương chỉnh hình,Đầu gối tôi cảm thấy yếu và hôm trước nó bị khuỵt xuống ở đầu cầu thang. May mắn là có lan can để vịn vào.
Tiêu hóa,Các triệu chứng của viêm ruột thừa là gì?
Tai Mũi Họng,Tôi bị ngứa tai.
Thấp khớp/Chỉnh hình,Tôi cảm thấy tê rần ở cổ.
Tai Mũi Họng,Tôi nghĩ có dịch trong tai tôi.
Thấp khớp/Chỉnh hình,Tôi không thể xoay cổ sang trái mà không cảm thấy đau nhói.
Da liễu,"Mặt tôi nổi những nốt mụn đỏ và cục u đau rát, dù tôi có rửa mặt bao nhiêu lần cũng không hết."
Cơ xương khớp,"Khi chơi thể thao, tôi bị đau dưới da."
Chấn thương chỉnh hình,"Mỗi khi leo cầu thang, đầu gối phải của tôi đều bị đau."
Nhãn khoa,"Khi lái xe, mắt tôi nhìn thấy hình ảnh kép."
Chấn thương chỉnh hình,Tôi bị đau nhói dọc sống lưng.
Đa khoa,Tôi có cảm giác toàn thân không còn chút sức lực nào.
Chấn thương chỉnh hình,Làm sao để biết bạn có bị rách sụn chêm ở đầu gối hay không?
Thần kinh/Tiêu hóa,Tôi cảm thấy như có ai đó đang dùng búa đập vào đầu mình. Tôi thấy đau nhức ở đỉnh đầu và nó cứ giật giật.
Tim mạch,Tôi bị đau ngực và cảm thấy rất buồn.
Hô hấp,Buổi sáng tôi thở rất to.
Ngoại khoa,"Tôi có một vết thương hở, đỏ và sưng lên."
Hô hấp,Tôi cảm thấy khó thở - liệu tôi có bị đau tim không?
Tai Mũi Họng,"Dù nhiệt độ trong nhà có cao, người tôi vẫn luôn cảm thấy lạnh."
Cơ xương khớp,Vai tôi bị đau mỗi khi cố với lấy thứ gì đó ở trên cao.
Chấn thương chỉnh hình,Tôi bị đau nhói dọc sống lưng.
Thần kinh/Tiêu hóa,Tôi bị đau đầu mỗi khi cố gắng làm bất cứ việc gì.
Cơ xương khớp,Cảm giác đau như thể ở ngay dưới da.
Chấn thương chỉnh hình,Tôi bị đau đầu gối khi đi bộ.
Tim mạch,Tôi cảm thấy đau nhói từ ngực lan lên đến cánh tay trái.
Da liễu,Tôi bị nổi mụn đầu trắng và mụn đầu đen thành từng cụm trên lưng.
Tiêu hóa,"Cảm giác khó chịu hoặc đau nhức ở một điểm nào đó dọc theo phía trước cơ thể, giữa cổ và vùng bụng trên."
Cơ xương khớp,Tôi đã thử xoa bóp chân nhưng chúng vẫn đau.
Cơ xương khớp,Tôi bị đau chân dù không đi bộ nhiều.
Cơ xương khớp,Tôi có cảm giác như mình vừa đến một phòng khám châm cứu và bị cắm 100 cây kim vào vai.
Tiêu hóa,Khi ăn tôi cảm thấy đau bụng.
Tai Mũi Họng,Lần trước đi máy bay tôi bị cảm lạnh và đến giờ vẫn còn cảm giác khó chịu ở tai.
Cơ xương khớp,Tôi cảm thấy đau vai từng đợt.
Da liễu,"Tóc tôi rụng không rõ lý do, tôi thấy rất nhiều tóc trên bàn làm việc."
Đa khoa,"Tôi không thể tập thể dục được, tôi cảm thấy yếu."
Cơ xương khớp,Tôi bị nhức nhối ở vai.
Tai Mũi Họng,Nghe thấy bất kỳ tiếng động lớn nào cũng khiến tai tôi đau nhức.
Chấn thương chỉnh hình,Tôi bị đau nhói và nghe thấy tiếng lách cách ở khớp mắt cá chân mỗi khi cố gắng đứng lên và đi lại.
Chấn thương chỉnh hình,Tôi bị đau đầu gối khi đang bơi.
Đa khoa,"Tôi không thể làm gì cả, toàn thân tôi đều yếu ớt."
Thấp khớp/Chỉnh hình,"Mỗi lần nhìn sang trái, tôi đều cảm thấy đau nhói ở cổ."
Da liễu,Trên mặt tôi có vài nốt mụn khiến tôi rất khó chịu.
Cơ xương khớp,"Khi thức dậy vào buổi sáng, tôi cảm thấy toàn thân đau nhức."
Tiêu hóa,Tôi bị đau bụng.
Tai Mũi Họng,"Ban đầu chỉ là chứng ù tai, nhưng giờ cơn đau nhức nhối và không thể chịu đựng được."
Ngoại khoa,Vết thương của tôi lại bị hở ra.
Cơ xương khớp,Trước đây tôi rất tích cực tham gia thể thao nhưng giờ cơ thể tôi đang bị đau nhức.
Chấn thương chỉnh hình,Tôi cảm thấy đau lưng.
Ngoại khoa,"Con trai tôi vô tình dùng dao cạo cũ cứa vào cổ và chỗ đó bị sưng tấy, trông có vẻ bị nhiễm trùng."
Cơ xương khớp,Tôi cảm thấy đau dữ dội ở đầu gối sau khi bị va chạm trong trận bóng đá.
Chấn thương chỉnh hình,"Tôi bị đau âm ỉ ở vùng lưng dưới, khiến việc di chuyển trở nên khó khăn."
Cơ xương khớp,Tôi bị đau nhói ở bắp tay.
Ngoại khoa,"Con trai tôi xăm hình cách đây vài tuần và vùng da xung quanh hình xăm bị sưng tấy, nóng rát và có vẻ như bị nhiễm trùng."
Thấp khớp/Chỉnh hình,Tôi bị sưng ở cổ và rất đau.
Đa khoa,"Mỗi khi đứng dậy quá nhanh, tôi đều cảm thấy như mình sắp ngất xỉu."
Tai Mũi Họng,Khi đi ngủ tôi cảm thấy lạnh.
Ngoại khoa,"Tôi nghĩ vết thương của tôi có vấn đề, nó dường như không lành lại như bình thường."
Tai Mũi Họng,"Tôi lo lắng vì khả năng chịu lạnh của mình kém, tôi luôn run rẩy, ngay cả khi ở ngoài trời nắng."
Cơ xương khớp,Tôi ngừng chơi thể thao vì bị chấn thương khi chơi thể thao.
Cơ xương khớp,Vai tôi bị đau mỗi khi cố với lấy thứ gì đó ở trên cao.
Hô hấp,Tim tôi đập nhanh và tôi khó thở.
Đa khoa,Tôi đột nhiên cảm thấy chóng mặt khi đứng dậy.
Chấn thương chỉnh hình,"Tôi bị đau lưng, không thể duỗi thẳng được."
Ngoại khoa,Vết thương của tôi không lành tốt và tình trạng này đã kéo dài hai tuần rồi.
Da liễu,Tôi có những đốm đen trên da.
Thần kinh/Tiêu hóa,Tôi bị đau đầu ở phía sau và cơn đau kéo dài cả ngày.
Tai Mũi Họng,Tôi bị đau tai và ù tai.
Tiêu hóa,Tôi bị đau nhói ở vùng bụng dưới.
Ngoại khoa,Vết thương của tôi có vẻ không lành tốt.
Nhãn khoa,"Tôi gặp vấn đề trong việc nhìn thấy các vật thể, nó quá khó nhìn."
Tim mạch,Cảm giác nghẹn ngào trong tim khiến tôi khó thở.
Tim mạch,Đau dữ dội ở phía trên bên trái ngực và có thể lan ra lưng.
Chấn thương chỉnh hình,Tôi cảm thấy đau khớp mỗi khi cử động.
Da liễu,"Mỗi lần chải tóc, tôi đều thấy rất nhiều tóc mắc trong lược."
Tim mạch,Tôi cảm thấy tim mình đau nhói khi chạy một quãng đường dài.
Chấn thương chỉnh hình,"Tôi rất thích làm vườn nhưng mỗi khi cúi người xuống, tôi lại bị đau nhói ở lưng dưới."
Chấn thương chỉnh hình,Tôi bị đau nhức ở các khớp.
Cơ xương khớp,Tôi cảm thấy rất đau ở vai mỗi khi cố gắng nâng vật nặng.
Cơ xương khớp,"Mỗi khi tôi cử động vai, cảm giác như có luồng điện chạy qua vai vậy."
Chấn thương chỉnh hình,"Tôi không thể cử động chân, khớp bị đau."
Tai Mũi Họng,Tôi cảm thấy tức ngực.
Tai Mũi Họng,Thỉnh thoảng tôi ho vì tôi hút thuốc.
Da liễu,Ống thoát nước trong phòng tắm của tôi lúc nào cũng đầy tóc.
Da liễu,Da tôi bị ngứa.
Ngoại khoa,"Con trai tôi vừa xỏ khuyên môi và giờ môi bị sưng, phần da bên trong môi có màu xám và trông như bị nhiễm trùng."
Đa khoa,"Tôi không khỏe, tôi cảm thấy chóng mặt."
Da liễu,Tôi cảm thấy chán nản khi thấy tóc mình rụng.
Thần kinh/Tiêu hóa,"Tôi bị đau đầu dữ dội vài tháng một lần, và mỗi khi bị đau đầu thì thị lực của tôi lại bị ảnh hưởng."
Chấn thương chỉnh hình,Tôi cảm thấy cứng khớp ở khuỷu tay và vai.
Chấn thương chỉnh hình,Tôi bị đau khớp.
Cơ xương khớp,Tôi có cảm giác như mình vừa đến một phòng khám châm cứu và bị cắm 100 cây kim vào vai.
Da liễu,Tôi bị thiếu tóc
Da liễu,Tôi bị mụn khắp mặt.
Hô hấp,"Năm ngoái, bà tôi phải nhập viện vì khó thở."
Tai Mũi Họng,Bị cảm lạnh và ho nặng
Ngoại khoa,"Chân tôi đang nuốt nước bọt, điều này cho thấy vết thương của tôi bị nhiễm trùng."
Nhãn khoa,Mọi thứ trông như thể đang ở trong một khu vực đầy khói.
Đa khoa,Tôi cảm thấy như thế giới cứ xoay vòng vòng.
Chấn thương chỉnh hình,Tôi rất đau lưng mỗi khi cúi người.
Tâm thần,"Tôi cảm thấy buồn, như thể bị tổn thương hoặc đau đớn."
Tiêu hóa,Tôi luôn có cảm giác như bị đau bụng kinh ngay cả khi không đến kỳ kinh nguyệt.
Chấn thương chỉnh hình,Tôi cảm thấy đau nhức dữ dội ở khớp vai và cơn đau không thuyên giảm.
Thần kinh/Tiêu hóa,Cơn đau đầu tồi tệ nhất là khi tôi bị say rượu hồi hai mươi tuổi: Tôi thực sự nghĩ mình sắp chết vì viêm não.
Cơ xương khớp,Tôi cảm thấy rất khó chịu ở hai bên cổ.
Tiêu hóa,Tôi cảm thấy đau nhức bên trong cơ thể.
Hô hấp,Tôi cảm thấy như có thứ gì đó đang bóp nghẹt phổi mình.
Hô hấp,Ngực tôi đau khi hít thở.
Cơ xương khớp,Tôi ngã xuống đất khi cố gắng ném bóng rổ.
Chấn thương chỉnh hình,Tôi bị đau khớp ở các ngón tay vào buổi sáng.
Tâm thần,Tôi cảm thấy buồn
Tai Mũi Họng,"Con tôi bị ho cả đêm, không ngủ được."
Tai Mũi Họng,Tôi cảm thấy lúc nào cũng có thứ gì đó vướng trong cổ họng.
Cơ xương khớp,"Có lẽ tôi đã tập tạ quá sức, vì tôi sợ mình đã bị rách cơ lưng."
Tâm thần,Tôi cảm thấy suy sụp tinh thần.
Da liễu,"Tôi bị nổi những mảng mụn lớn, ngứa rát trên lưng và rất đau."
Đa khoa,Đôi khi tôi cảm thấy cơ thể yếu ớt mà không rõ lý do.
Thấp khớp/Chỉnh hình,Cổ tôi bị đau từ sau vụ tai nạn.
Cơ xương khớp,"Tôi nghĩ mình bị bong gân mắt cá chân rồi, đau quá."
Chấn thương chỉnh hình,Tôi bị đau đầu gối khi đi lại.
Tai Mũi Họng,Tôi bị ớn lạnh và đau nhức khắp người.
Da liễu,Da tôi rất khô và bong tróc.
Hô hấp,Buổi sáng tôi thở rất to.
Cơ xương khớp,Trước đây tôi rất tích cực tham gia thể thao nhưng giờ cơ thể tôi đang bị đau nhức.
Da liễu,Tóc tôi rụng từng mảng lớn.
Thần kinh/Tiêu hóa,Tôi cảm thấy như có ai đó đang dùng búa đập vào đầu mình. Tôi thấy đau nhức ở đỉnh đầu và nó cứ giật giật.
Tai Mũi Họng,Tôi nghĩ có dịch trong tai tôi.
Đa khoa,"Khi thức dậy vào buổi sáng, tôi cảm thấy cơ thể rất yếu."
Tai Mũi Họng,Từ khi vào rừng tôi bị đau tai.
Tai Mũi Họng,Tôi bị ngứa tai.
Nhãn khoa,"Khi lái xe, mắt tôi nhìn thấy hình ảnh kép."
Chấn thương chỉnh hình,"Khi chơi thể thao, tôi cảm thấy nóng rát ở cột sống."
Chấn thương chỉnh hình,"Tôi gặp khó khăn khi chịu trọng lượng lên đầu gối, khi đứng thẳng tôi cảm thấy và nghe thấy một tiếng kêu lách tách lớn."
Ngoại khoa,Vết thương của tôi bị nhiễm trùng hay chỉ đang lành lại?
Thần kinh/Tiêu hóa,Tôi bị đau đầu ở phía sau và cơn đau kéo dài cả ngày.
Chấn thương chỉnh hình,Tôi bị đau nhói dọc sống lưng.
Tai Mũi Họng,Tôi đã khỏi cảm lạnh được vài tuần rồi nhưng vẫn ho mỗi ngày.
Cơ xương khớp,Vai tôi bị đau mỗi khi cố với lấy thứ gì đó ở trên cao.
Thấp khớp/Chỉnh hình,Tôi không thể xoay cổ sang trái mà không cảm thấy đau nhói.
Chấn thương chỉnh hình,"Mỗi khi lên xuống cầu thang, đầu gối tôi lại phát ra tiếng kêu ken két."
Tim mạch,Tôi bị đau ngực và cảm thấy rất buồn.
Tâm thần,Tôi luôn cảm thấy rất buồn.
Cơ xương khớp,Tôi bị đau tay khi duỗi người.
Tim mạch,Tôi cảm thấy đau nhói trong tim mỗi khi thức dậy.
Cơ xương khớp,Tôi không thể cử động tay một cách bình thường.
Cơ xương khớp,Tôi bị nhức nhối ở vai.
Chấn thương chỉnh hình,"Tôi không thể đứng lên hay ngồi xuống được, tôi bị đau lưng rất khó chịu."
Tai Mũi Họng,"Tôi vừa đi máy bay cách đây vài ngày và lần này, trong lúc hạ cánh, tai tôi vẫn bị ù và đau."
Cơ xương khớp,"Mỗi khi tôi cử động vai, cơn đau lại lan xuống cánh tay."
Chấn thương chỉnh hình,Tôi bị đau đầu gối mỗi khi đi bộ nhiều.
Hô hấp,Tôi cảm thấy có gì đó làm tôi khó thở và tôi không thể thở được.
Tâm thần,Tôi cảm thấy đau lòng mỗi khi nghĩ về cô ấy.
Hô hấp,Tôi bị nghẹt mũi suốt ngày và có chất dịch nhầy dính trong cổ họng khiến tôi không thể ngủ được. Tôi thường phải ngủ trưa trong tư thế ngồi.
Cơ xương khớp,Hôm qua tôi bị đau vai.
Tai Mũi Họng,"Khi thức dậy, tôi cảm thấy lạnh."
Tâm thần,Tôi cảm thấy vô cùng đau khổ về mặt tinh thần sau khi chia tay bạn gái.
Tiêu hóa,"Khi thức dậy, tôi thấy mình bị đau bụng và đã thử uống thuốc nhưng bụng vẫn đau."
Thấp khớp/Chỉnh hình,Tôi cảm thấy đau cổ sau khi thức dậy.
Tai Mũi Họng,"Tôi ho rất nhiều khi ngửi mùi nước hoa, phổi tôi có vấn đề gì vậy?"
Tiêu hóa,"Tôi cảm thấy đau đớn bên trong, tôi không biết đó là gì."
Thần kinh/Tiêu hóa,Tôi bị đau đầu mỗi khi cố gắng làm bất cứ việc gì.
Thấp khớp/Chỉnh hình,Tôi cảm thấy đau ở cổ.
Cơ xương khớp,Tôi bị va chạm khi đang chơi bóng đá. Đầu gối của tôi bị trẹo và giờ không còn vững nữa.
Tai Mũi Họng,"Tai trái của tôi không sao, nhưng tai phải thì có cảm giác như bị đâm bằng đinh."
Tim mạch,Tôi cảm thấy đau tim mỗi khi đi bộ nhiều.
Cơ xương khớp,Cảm giác đau như thể ở ngay dưới da.
Đa khoa,Tôi không còn đủ sức lực để làm những việc mà trước đây tôi vẫn làm.
Tiêu hóa,Tôi thường bị đau bụng sau khi ăn. Tôi vẫn chưa xác định được loại thực phẩm nào là nguyên nhân gây ra tình trạng này.
Cơ xương khớp,"Tôi bị đau cơ chân sau khi chạy bộ hôm qua, tôi đã uống thuốc giảm đau nhưng không hiệu quả."
Ngoại khoa,"Tôi cảm thấy không khỏe, vết thương của tôi bị nhiễm trùng."
Tiêu hóa,Tôi cảm thấy buồn nôn.
Tiêu hóa,Bên trái của tôi đau nhức nhiều.
Tai Mũi Họng,Nghe thấy bất kỳ tiếng động lớn nào cũng khiến tai tôi đau nhức.
Ngoại khoa,Người ta phát hiện anh ta có một vết thương hở.
Da liễu,"Khi tôi thức dậy, tôi thấy da mình mờ ảo."
Cơ xương khớp,Tôi đang chơi bóng đá và bị trẹo mắt cá chân.
Chấn thương chỉnh hình,Tôi có cảm giác như toàn thân mình đang kêu ca.
Chấn thương chỉnh hình,Tôi nghĩ mình đã làm quá sức khi khiêng đống gỗ đó từ ngoài sân về. Lưng dưới của tôi đau nhức kinh khủng.
Nhãn khoa,Tôi bị mờ mắt sau khi bị va đập vào đầu hôm qua.
Nhãn khoa,"Tôi đang gặp vấn đề về thị lực, cảm giác như có một đám mây che mắt, mọi thứ đều mờ."
Tai Mũi Họng,Lần trước đi máy bay tôi bị cảm lạnh và đến giờ vẫn còn cảm giác khó chịu ở tai.
Da liễu,đỏ mặt kèm theo ngứa
Tai Mũi Họng,"Ban đầu chỉ là chứng ù tai, nhưng giờ cơn đau nhức nhối và không thể chịu đựng được."
Tai Mũi Họng,"Tôi bị ho gà kèm theo nhiều đờm, cần thuốc long đờm."
Đa khoa,"Khi tôi đứng dậy, tôi có cảm giác như mình sắp ngã ngay lập tức."
Thấp khớp/Chỉnh hình,Tôi cảm thấy đau cổ sau khi thức dậy.
Cơ xương khớp,"Sau khi chơi bóng đá, tôi bị đau cơ ở cả hai chân."
Tai Mũi Họng,Phổi tôi cảm thấy nặng trĩu như thể chứa đầy chất nhầy.
Chấn thương chỉnh hình,Lưng tôi đau quá.
Thấp khớp/Chỉnh hình,Tôi thức dậy mỗi sáng với chứng cứng cổ. Mát-xa giúp giảm đau nhưng vài ngày sau lại bị lại.
Thần kinh/Tiêu hóa,Tôi bị đau đầu gần như mỗi ngày.
Da liễu,Tôi nhận thấy có nhiều tóc rụng hơn bình thường khi chải tóc.
Da liễu,Tóc tôi luôn bị rụng và dạo này tôi bị rụng rất nhiều tóc.
Tâm thần,"Tôi cảm thấy buồn, như thể bị tổn thương hoặc đau đớn."
Cơ xương khớp,Vai tôi bị đau khi cố gắng nâng vật nặng năm pound.
Đa khoa,Tôi cảm thấy cơ bắp mệt mỏi.
Cơ xương khớp,Tôi ngã xuống đất khi cố gắng ném bóng rổ.
Tai Mũi Họng,Tôi cảm thấy như mình khó thở nếu không tống hết những thứ trong phổi ra ngoài.
Cơ xương khớp,Chân tôi đau quá.
Hô hấp,"Có những lúc tôi cảm thấy như bị đè bẹp dưới một sức nặng khổng lồ và không khí không thể vào phổi, điều đó thực sự khiến tôi sợ chết khiếp mỗi khi chuyện đó xảy ra."
Đa khoa,Đôi khi tôi cảm thấy cơ thể yếu ớt mà không rõ lý do.
Da liễu,Hồi trung học tôi bị mụn rất nhiều.
Tiêu hóa,Tôi cảm thấy đau bụng.
Tai Mũi Họng,Tôi cảm thấy lạnh khi màn đêm buông xuống.
Tiêu hóa,đau quặn bụng khắp vùng bụng
Đa khoa,"Tôi cảm thấy cơ thể yếu ớt dù ăn rất nhiều, tại sao vậy?"
Nhãn khoa,Mọi thứ trông như thể đang ở trong một khu vực đầy khói.
Cơ xương khớp,"Có lẽ tôi đã tập tạ quá sức, vì tôi sợ mình đã bị rách cơ lưng."
Chấn thương chỉnh hình,Tôi cảm thấy đau ở đầu gối khi đi bộ.
Tai Mũi Họng,Bị cảm lạnh và ho nặng
Tiêu hóa,Hôm qua ăn đồ ăn cay Ấn Độ thì tôi bị đau bụng và đầy hơi.
Tai Mũi Họng,Cảm giác ho càng tăng lên khi mùa đông đến.
Cơ xương khớp,"Sau một ngày làm việc vất vả, tôi bị đau chân."
Cơ xương khớp,Tôi bị đau chân sau khi chạy 500m với giày chạy bộ.
Cơ xương khớp,Tôi cảm thấy rất khó chịu ở hai bên cổ.
Tâm thần,Tôi cảm thấy suy sụp tinh thần.
Đa khoa,"Khi đứng lên tôi cảm thấy chóng mặt, tôi không biết tại sao."
Tiêu hóa,"Tôi cảm thấy đau nhức ở bên trong, giữa hông và vai."
Tai Mũi Họng,Tôi bị đau tai mỗi khi chạm vào.
Ngoại khoa,"Bạn sẽ không tin đâu, nhưng vết thương nhiễm trùng trên tay tôi là do một vết cắt giấy mà tôi đã không coi trọng."
Đa khoa,"Tôi không thể làm gì cả, toàn thân tôi đều yếu ớt."
Chấn thương chỉnh hình,Tôi bị đau nhói và nghe thấy tiếng lách cách ở khớp mắt cá chân mỗi khi cố gắng đứng lên và đi lại.
Chấn thương chỉnh hình,"Tôi không thể đi được, đầu gối tôi đau quá."
Chấn thương chỉnh hình,Tôi cảm thấy đau ở đầu gối.
Cơ xương khớp,"Sau khi chơi bóng đá, tôi bị đau cơ ở cả hai chân."
Ngoại khoa,"Chân tôi đang nuốt nước bọt, điều này cho thấy vết thương của tôi bị nhiễm trùng."
Ngoại khoa,Tôi bị một vết thương sâu ở tay và không thể cầm máu được.
Tai Mũi Họng,Tôi bị ho khan nặng
Chấn thương chỉnh hình,Lưng tôi đau quá.
Chấn thương chỉnh hình,Tôi bị đau đầu gối khi chơi squash.
Đa khoa,Tôi cảm thấy chóng mặt mỗi khi đứng dậy.
Ngoại khoa,"Con gái tôi bị mèo cắn và giờ tay cháu bị đau, đỏ và sưng tấy, vết thương còn chảy dịch."
Tai Mũi Họng,Tôi đang gặp khó khăn trong việc nghe.
Da liễu,"Tóc tôi rụng từng mảng lớn, đặc biệt là khi gội đầu."
Nhãn khoa,"Khi tôi đứng dậy quá nhanh, tầm nhìn của tôi bị mờ."
Thần kinh/Tiêu hóa,"Tôi đau đầu và mất cảm giác ở mặt, sau đó mất thị lực ở mắt."
Tai Mũi Họng,Tôi không thở được vì ho
Thần kinh/Tiêu hóa,Tôi cảm thấy đầu mình bị đè nặng rất nhiều.
Tâm thần,"Mỗi khi nhớ về cô ấy, tôi lại cảm thấy buồn."
Đa khoa,"Khi đứng dậy quá nhanh, tôi bắt đầu cảm thấy chóng mặt và choáng váng."
Chấn thương chỉnh hình,"Tôi bị đau âm ỉ ở vùng lưng dưới, khiến việc di chuyển trở nên khó khăn."
Ngoại khoa,Tôi bị một vết cắt đã được khâu lại nhưng nó không lành. Nó đang chảy mủ màu xanh và bị bỏng rát.
Cơ xương khớp,"Khi thức dậy vào buổi sáng, tôi cảm thấy toàn thân đau nhức."
Tiêu hóa,Tôi bị đau bụng.
Da liễu,Mặc dù đã trưởng thành nhưng mặt tôi vẫn cứ nổi mụn.
Thấp khớp/Chỉnh hình,Tôi hầu như không thể cử động cổ được. Nó đau quá.
Tiêu hóa,Tôi bị đau bụng dữ dội.
Tai Mũi Họng,Tôi bị đau tai khi trời lạnh.
Cơ xương khớp,"Tôi bị đau dữ dội ở chân, đau như bị giật, và việc thư giãn bằng thuốc giảm đau không hiệu quả."
Đa khoa,"Khi thức dậy vào buổi sáng, tôi cảm thấy kỳ lạ và chóng mặt."
Cơ xương khớp,Tôi bị đau vai dữ dội.
Tai Mũi Họng,Tai tôi bị đau và càng đau hơn khi nuốt. Tôi bị đau tai dữ dội và thuốc Tylenol cũng không giúp được gì.
Chấn thương chỉnh hình,Cơn đau lưng của tôi nhói lên như dao đâm.
Tiêu hóa,Tôi đã phân tích rất nhiều để tìm ra nguyên nhân chính gây ra chứng đau bụng của mình.
Chấn thương chỉnh hình,Tôi cảm thấy như có thứ gì đó sưng và viêm ở phía sau đầu gối.
Đa khoa,"Mỗi khi đứng dậy quá nhanh, tôi đều cảm thấy như mình sắp ngất xỉu."
Cơ xương khớp,Tôi bị gãy mắt cá chân khi leo núi đá ở dãy Carpathians.
Da liễu,Tôi bị nổi mụn thành từng cụm trên mặt và chúng không bao giờ biến mất.
Chấn thương chỉnh hình,Tôi cảm thấy đau lưng khi ngồi trên ghế lâu.
Tai Mũi Họng,Tôi bị cảm lạnh và ho rất nhiều.
Thấp khớp/Chỉnh hình,Tôi không thể ngẩng đầu lên cúi xuống được.
Cơ xương khớp,Tôi bị đau nhói ở bắp tay.
Cơ xương khớp,Tôi bị đau nhói ở bắp chân.
Da liễu,"Tôi cảm thấy tê buốt sâu khi chạm vào mụn, sau đó là cảm giác khó chịu."
Hô hấp,"Khi đi bộ, tôi khó thở."
Tai Mũi Họng,Khi đi ngủ tôi cảm thấy lạnh.
Cơ xương khớp,Tôi không thể cử động vai vì đau.
Thấp khớp/Chỉnh hình,Đau ở vùng cổ lớn
Ngoại khoa,Con gái tôi vừa xỏ khuyên tai và một bên dái tai của cháu đỏ rực và nóng rát.
Da liễu,Những đốm đỏ trên má tôi mới xuất hiện. Đó là gì vậy?
Đa khoa,Tôi thấy đầu óc quay cuồng mỗi khi thức dậy.
Đa khoa,Tôi cảm thấy như thế giới cứ xoay vòng vòng.
Cơ xương khớp,Tôi bị ngã khi nhảy lên để bắt bóng.
Cơ xương khớp,Tôi bị đau lòng bàn chân khi mang giày cao gót.
Cơ xương khớp,Chân tôi bị đau từ thứ Ba tuần trước.
Chấn thương chỉnh hình,Đứng chưa đến năm phút mà lưng tôi bắt đầu đau.
Tâm thần,"Mỗi khi nhớ về cô ấy, tôi lại cảm thấy buồn."
Tai Mũi Họng,"Tôi không nghe rõ bằng tai, cảm giác như có vật gì đó gây khó chịu trong tai."
Hô hấp,Tôi cảm thấy khó thở - liệu tôi có bị đau tim không?
Chấn thương chỉnh hình,Toàn thân tôi đang trong tình trạng tồi tệ và tôi cần được điều trị tốt.
Cơ xương khớp,"Tôi bị đau dữ dội ở chân, đau như bị giật, và việc thư giãn bằng thuốc giảm đau không hiệu quả."
Ngoại khoa,"Tôi bị đứt tay khi mở lon đồ hộp, máu cứ chảy không ngừng và vết thương đang hở miệng."
Da liễu,Tôi bị phát ban da sau khi ăn kem.
Tai Mũi Họng,Nhiệt độ cơ thể tôi giảm xuống và toàn thân bị co giật.
Tai Mũi Họng,Tôi bị đau tai khi trời lạnh.
Tai Mũi Họng,Tai tôi bị đau và càng đau hơn khi nuốt. Tôi bị đau tai dữ dội và thuốc Tylenol cũng không giúp được gì.
Da liễu,Da tôi bị ngứa và viêm.
Nhãn khoa,"Khi tôi đứng dậy quá nhanh, tầm nhìn của tôi bị mờ."
Tiêu hóa,Đau nhói và khó thở
Tiêu hóa,Tôi đã phân tích rất nhiều để tìm ra nguyên nhân chính gây ra chứng đau bụng của mình.
Da liễu,Tôi đã đi khám nhiều bác sĩ nhưng họ vẫn không tìm ra phương pháp điều trị phù hợp để giúp tôi lấy lại mái tóc.
Tai Mũi Họng,Tôi bị đau nhói ở tai.
Tiêu hóa,Tôi bị đau lan từ hông phải lên đến lồng ngực. Cơn đau dữ dội nhất khi tôi đi tiểu.
Tiêu hóa,Tôi bị đau nhói ở bụng.
Da liễu,Tôi cần tìm phương pháp điều trị rụng tóc.
Đa khoa,"Tôi cảm thấy cơ thể yếu ớt sau ngày đầu tiên đến phòng tập, tại sao vậy?"
Ngoại khoa,"Con gái tôi bị mèo cắn và giờ tay cháu bị đau, đỏ và sưng tấy, vết thương còn chảy dịch."
Tiêu hóa,Tôi bị đau bụng dữ dội.
Tai Mũi Họng,"Mỗi khi làm vậy, tôi đều cảm thấy đau nhói ở tai."
Tâm thần,Dạo này tôi cảm thấy rất buồn.
Ngoại khoa,"Tôi nghĩ vết thương của tôi có vấn đề, nó dường như không lành lại như bình thường."
Cơ xương khớp,Tôi bị gãy mắt cá chân khi leo núi đá ở dãy Carpathians.
Chấn thương chỉnh hình,Tôi cảm thấy như có thứ gì đó sưng và viêm ở phía sau đầu gối.
Đa khoa,"Khi đứng dậy quá nhanh, tôi bắt đầu cảm thấy chóng mặt và choáng váng."
Thần kinh/Tiêu hóa,Tôi cảm thấy đầu mình bị đè nặng rất nhiều.
Chấn thương chỉnh hình,Đứng chưa đến năm phút mà lưng tôi bắt đầu đau.
Ngoại khoa,Tôi bị đứt tay cách đây vài tuần và dù đã bôi kem kháng sinh nhưng vết thương vẫn không đỡ.
Tiêu hóa,Tôi bị đau nhói ở bụng.
Đa khoa,Tôi cảm thấy chóng mặt khi thực hiện các chuyển động đột ngột.
Tai Mũi Họng,Tôi không thể ngừng ho.
Chấn thương chỉnh hình,Đứng chưa đến năm phút mà lưng tôi bắt đầu đau.
Chấn thương chỉnh hình,Cơn đau lưng của tôi nhói lên như dao đâm.
Cơ xương khớp,"Khi thức dậy vào buổi sáng, tôi cảm thấy toàn thân đau nhức."
Tâm thần,"Mỗi khi nhớ về cô ấy, tôi lại cảm thấy buồn."
Tai Mũi Họng,Tôi đang gặp khó khăn trong việc nghe.
Da liễu,Tôi cần gãi da mỗi phút
Ngoại khoa,"Tôi nghĩ vết thương của tôi có vấn đề, nó dường như không lành lại như bình thường."
Tim mạch,Tim tôi đập nhanh và điều đó khiến tôi sợ hãi.
Thần kinh/Tiêu hóa,"Tôi bị đau đầu vùng trán và mỗi khi bị đau, ánh sáng lại làm tôi khó chịu."
Tiêu hóa,Tôi bị khó tiêu
Ngoại khoa,"Vết thương phẫu thuật đỏ, có mủ chảy ra, đau và nóng khi chạm vào."
Cơ xương khớp,Tôi bị va đập vào chân và nó đau lắm.
Ngoại khoa,Vết thương của tôi có vẻ không lành tốt.
Thần kinh/Tiêu hóa,"Tôi đau đầu và mất cảm giác ở mặt, sau đó mất thị lực ở mắt."
Chấn thương chỉnh hình,Tôi bị đau lưng khi mang vác đồ nặng.
Chấn thương chỉnh hình,Tôi cảm thấy như có kim châm vào các khớp của mình.
Nhãn khoa,"Tôi lo lắng về khả năng lái xe của mình, vì tôi hầu như không thể tập trung khi ngồi sau tay lái, mắt tôi cứ chảy nước mắt."
Tai Mũi Họng,Tôi cảm thấy đau họng.
Da liễu,Dạo này tôi thấy tóc mình rụng nhiều quá.
Ngoại khoa,Tôi nghĩ vết thương của tôi bị nhiễm trùng rồi.
Tai Mũi Họng,Tôi cảm thấy như mình khó thở nếu không tống hết những thứ trong phổi ra ngoài.
Tâm thần,Tôi ước cảm giác mất mát đau đớn này có thể biến mất.
Thần kinh/Tiêu hóa,Đầu tôi đau quá.
Cơ xương khớp,Tôi bị đau chân sau khi chạy 500m với giày chạy bộ.
Cơ xương khớp,Tôi bị ngã khi nhảy lên để bắt bóng.
Cơ xương khớp,Tôi bị đau nhói ở bắp tay.
Thấp khớp/Chỉnh hình,Đau ở vùng cổ lớn
Cơ xương khớp,"Sau một ngày làm việc vất vả, tôi bị đau chân."
Da liễu,Con trai tôi bị mụn trứng cá rất nhiều.
Hô hấp,Tôi gần như không thở được
Chấn thương chỉnh hình,Tôi cảm thấy đau nhức dữ dội ở khớp vai và cơn đau không thuyên giảm.
Tiêu hóa,Tôi cảm thấy khó chịu toàn thân.
Thấp khớp/Chỉnh hình,Cổ tôi bị đau từ sau vụ tai nạn.
Da liễu,Tôi nhận thấy có nhiều tóc rụng hơn bình thường khi chải tóc.
Tim mạch,"Tôi không thể chịu đựng được cảm giác khó chịu, nghẹn ngào trong ngực này."
Cơ xương khớp,Tôi bị đau vai dữ dội.
Cơ xương khớp,Tôi cảm thấy rất khó chịu ở hai bên cổ.
Da liễu,"Mỗi khi trời mưa, tôi lại bị nổi mẩn ngứa ở bụng và hai bên sườn."
Tai Mũi Họng,Tôi bị đau tai và ù tai.
Cơ xương khớp,Tôi ngừng chơi thể thao vì bị chấn thương khi chơi thể thao.
Ngoại khoa,Vết thương của tôi có mủ màu vàng hoặc xanh lục.
Chấn thương chỉnh hình,Tôi không thể làm việc tốt vì bị đau đầu gối.
Tai Mũi Họng,Tôi bị ho rất nặng
Đa khoa,Tôi cảm thấy như thế giới cứ xoay vòng vòng.
Cơ xương khớp,Tôi không thể cử động vai vì đau.
Đa khoa,Tôi thấy đầu óc quay cuồng mỗi khi thức dậy.
Da liễu,Những đốm đỏ trên má tôi mới xuất hiện. Đó là gì vậy?
Chấn thương chỉnh hình,Tôi cảm thấy đau lưng.
Tiêu hóa,đau quặn bụng khắp vùng bụng
Đa khoa,Tôi cảm thấy cơ bắp mệt mỏi.
Cơ xương khớp,"Lúc đầu tôi cảm thấy tê cứng, nhưng sau đó hàng nghìn mũi kim bắt đầu châm chích khắp bàn chân."
Đa khoa,"Mỗi khi đứng dậy quá nhanh, tôi đều cảm thấy như mình sắp ngất xỉu."
Tiêu hóa,Tôi đã phân tích rất nhiều để tìm ra nguyên nhân chính gây ra chứng đau bụng của mình.
Tâm thần,Tôi không hiểu sao mình cứ buồn mãi.
Hô hấp,"Đôi khi tôi cảm thấy như có một cái móng vuốt đang cào cấu ngực mình, khiến tôi khó thở."
Da liễu,Tôi có làn da khô
Tiêu hóa,Tôi cảm thấy rất đau ở vùng bụng.
Tai Mũi Họng,"Mỗi khi làm vậy, tôi đều cảm thấy đau nhói ở tai."
Đa khoa,"Kết quả xét nghiệm CBC của tôi cho thấy 10 Hb, tôi cảm thấy mệt mỏi vì công việc ít ỏi."
Ngoại khoa,Vết thương vẫn còn hở
Cơ xương khớp,"Khi thức dậy vào buổi sáng, tôi cảm thấy toàn thân đau nhức."
Da liễu,Tôi đã đi khám nhiều bác sĩ nhưng họ vẫn không tìm ra phương pháp điều trị phù hợp để giúp tôi lấy lại mái tóc.
Đa khoa,"Khi thức dậy vào buổi sáng, tôi cảm thấy kỳ lạ và chóng mặt."
Ngoại khoa,Tôi bị một vết cắt đã được khâu lại nhưng nó không lành. Nó đang chảy mủ màu xanh và bị bỏng rát.
Ngoại khoa,"Tôi có một vết thương hở, đỏ và sưng lên."
Tiêu hóa,Các triệu chứng của viêm ruột thừa là gì?
Ngoại khoa,"Tôi nghĩ vết thương của tôi có vấn đề, nó dường như không lành lại như bình thường."
Thần kinh/Tiêu hóa,Tôi cảm thấy như có ai đó đang dùng búa đập vào đầu mình. Tôi thấy đau nhức ở đỉnh đầu và nó cứ giật giật.
Hô hấp,Tôi cảm thấy khó thở - liệu tôi có bị đau tim không?
Nhãn khoa,Tôi bị nhìn mờ sau khi dùng nhầm thuốc.
Chấn thương chỉnh hình,Tôi bị đau nhói ở xương bánh chè sau khi tập thể dục.
Cơ xương khớp,"Tôi không thể mang vác bất cứ thứ gì, tôi bị đau vai."
Cơ xương khớp,Tôi cảm thấy nóng rát ở cơ vai.
Cơ xương khớp,Tôi bị thương trong trận đấu bóng đá.
Chấn thương chỉnh hình,Tôi cảm thấy đau lưng khi ngồi trên ghế lâu.
Thấp khớp/Chỉnh hình,Tôi bị đau nhói ở cổ.
Đa khoa,Tôi cảm thấy toàn thân rất yếu.
Thần kinh/Tiêu hóa,Tôi bị đau đầu.
Tim mạch,Tôi khó thở vì cơn đau âm ỉ dưới vai trái.
Chấn thương chỉnh hình,Tôi cảm thấy đau ở vùng lưng dưới.
Chấn thương chỉnh hình,"Khi tôi duỗi chân, khớp gối bị đau."
Tim mạch,"Ôi tim tôi đau nhói, tôi đã cố gắng bình tĩnh nhưng không thể."
Ngoại khoa,"vết rách, vết thủng hoặc lỗ hở trên da"
Da liễu,Tôi cảm thấy ngứa dữ dội trên da và da bị đỏ.
Da liễu,đỏ mặt kèm theo ngứa
Nhãn khoa,"Tôi gặp vấn đề trong việc nhìn thấy các vật thể, nó quá khó nhìn."
Đa khoa,Tôi cảm thấy như thế giới cứ xoay vòng vòng.
Ngoại khoa,Con gái tôi vừa xỏ khuyên tai và một bên dái tai của cháu đỏ rực và nóng rát.
Da liễu,Dạo này tôi thấy tóc mình rụng nhiều quá.
Tai Mũi Họng,"Tôi bị ho gà kèm theo nhiều đờm, cần thuốc long đờm."
Chấn thương chỉnh hình,Tôi cảm thấy đau lưng.
Chấn thương chỉnh hình,Tôi cảm thấy như có kim châm vào các khớp của mình.
Chấn thương chỉnh hình,Tôi bị đau lưng rất nhiều.
Đa khoa,Tôi đột nhiên cảm thấy chóng mặt khi đứng dậy.
Cơ xương khớp,Tôi ngừng chơi thể thao vì bị chấn thương khi chơi thể thao.
Hô hấp,"Khi đi bộ, tôi khó thở."
Da liễu,"Tôi cảm thấy tê buốt sâu khi chạm vào mụn, sau đó là cảm giác khó chịu."
Tai Mũi Họng,Tôi bị ho rất nặng
Tai Mũi Họng,Tôi bị đau tai và ù tai.
Da liễu,"Da ở lưng tôi có màu đỏ, tôi không biết tại sao."
Cơ xương khớp,"Mỗi khi đi bộ, tôi đều cảm thấy đau nhói ở mu bàn chân."
Ngoại khoa,"Con trai tôi xăm hình cách đây vài tuần và vùng da xung quanh hình xăm bị sưng tấy, nóng rát và có vẻ như bị nhiễm trùng."
Cơ xương khớp,Tôi cảm thấy đau dữ dội ở đầu gối sau khi bị va chạm trong trận bóng đá.
Tai Mũi Họng,"Con tôi bị ho cả đêm, không ngủ được."
Tiêu hóa,"Tôi cảm thấy đau nhức ở bên trong, giữa hông và vai."
Tai Mũi Họng,Tôi cảm thấy toàn thân như đang ở trong tủ lạnh.
Cơ xương khớp,Tôi cảm thấy đau dữ dội ở vai trái.
Nhãn khoa,Máy khử trùng mắt
Da liễu,Tôi cảm thấy như mình vừa rơi vào vũng nước nóng vậy.
Tim mạch,Trái tim đau nhói vô cùng
Thấp khớp/Chỉnh hình,Tôi thức dậy mỗi sáng với chứng cứng cổ. Mát-xa giúp giảm đau nhưng vài ngày sau lại bị lại.
Tai Mũi Họng,Tôi không thể ngừng ho
Ngoại khoa,Tôi bị một vết thương sâu ở tay và không thể cầm máu được.
Chấn thương chỉnh hình,Đầu gối tôi đau quá.
Chấn thương chỉnh hình,Tôi cảm thấy đau lưng.
Đa khoa,"Mỗi lần cố gắng làm việc gì, tôi đều cảm thấy chóng mặt."
Da liễu,Tôi bị nổi mẩn đỏ và ngứa trên da.
Tiêu hóa,Tôi cảm thấy đau nhức bên trong cơ thể.
Tiêu hóa,"Tôi cảm thấy đau nhức ở bên trong, giữa hông và vai."
Da liễu,Tôi cảm thấy như mình vừa rơi vào vũng nước nóng vậy.
Đa khoa,Tôi vốn luôn rất năng động nhưng giờ tôi không còn đủ sức lực hay năng lượng để đi bộ dù chỉ một quãng ngắn.
Thấp khớp/Chỉnh hình,Đầu tôi đau quá.
Tiêu hóa,Hôm qua ăn đồ ăn cay Ấn Độ thì tôi bị đau bụng và đầy hơi.
Chấn thương chỉnh hình,Mắt cá chân của tôi đang bị đau.
Tai Mũi Họng,Tôi bị vấn đề ở tai giữa do nhiễm trùng.
Thần kinh/Tiêu hóa,"Mỗi khi uống nhiều rượu, tôi lại bị đau đầu."
Chấn thương chỉnh hình,"Tôi không thể đi được, đầu gối tôi đau quá."
Tim mạch,"Mỗi khi buồn, tim tôi lại đau nhói, tại sao vậy?"
Đa khoa,"Khi phê quá, tôi bắt đầu cảm thấy chóng mặt."
Thần kinh/Tiêu hóa,Cơn đau đầu tồi tệ nhất là khi tôi bị say rượu hồi hai mươi tuổi: Tôi thực sự nghĩ mình sắp chết vì viêm não.
Cơ xương khớp,"Sau khi đi bộ, tôi cảm thấy đau ở lòng bàn chân."
Thần kinh/Tiêu hóa,Tôi bị đau đầu ở phía sau và cơn đau kéo dài cả ngày.
Tim mạch,"Chồng tôi bỏ tôi để đến với người phụ nữ khác, trái tim tôi đau đớn đến mức tôi không thể ăn không thể ngủ được."
Ngoại khoa,"Tôi có một vết thương hở, đỏ và sưng lên."
Chấn thương chỉnh hình,"Tôi gặp khó khăn khi chịu trọng lượng lên đầu gối, khi đứng thẳng tôi cảm thấy và nghe thấy một tiếng kêu lách tách lớn."
Tiêu hóa,Tôi bị đau âm ỉ ở bụng. Cơn đau càng nặng hơn sau khi ăn.
Tim mạch,Tôi cảm thấy một cơn đau kỳ lạ và dữ dội bên trong lồng ngực.
Đa khoa,Tôi có cảm giác toàn thân không còn chút sức lực nào.
Hô hấp,"Khi đi bộ, tôi khó thở."
Cơ xương khớp,"Mỗi khi đi bộ, tôi đều cảm thấy đau nhói ở mu bàn chân."
Tai Mũi Họng,Tai tôi bị đau khi nghe nhạc.
Nhãn khoa,"Tôi không nhìn thấy biển báo, tầm nhìn của tôi bị mờ."
Tai Mũi Họng,"Tôi được chẩn đoán mắc chứng thiếu máu do thiếu vitamin B12, điều này giải thích tại sao tôi luôn cảm thấy lạnh."
Chấn thương chỉnh hình,"Tôi không thể cử động chân, khớp bị đau."
Thần kinh/Tiêu hóa,Tôi bị đau đầu mỗi khi cố gắng làm bất cứ việc gì.
Cơ xương khớp,Cảm giác đau như thể ở ngay dưới da.
Da liễu,sử dụng thuốc bổ tóc
Đa khoa,"Tôi không khỏe, tôi cảm thấy chóng mặt."
Cơ xương khớp,Vết sẹo dài trên mông trái của tôi là do ngã xe đạp leo núi.
Hô hấp,Tôi cảm thấy như có thứ gì đó đang bóp nghẹt phổi mình.
Thần kinh/Tiêu hóa,Tôi bị đau nửa đầu và đã uống Panadol nhưng không có tác dụng.
Đa khoa,Tôi cảm thấy cơ thể yếu ớt mặc dù tôi vẫn uống vitamin đều đặn.
Tiêu hóa,Tôi cảm thấy đau nhói ở bụng sau khi ăn.
Đa khoa,"Khi phê quá, tôi bắt đầu cảm thấy chóng mặt."
Cơ xương khớp,Tôi không thể cử động vai vì đau.
Da liễu,Bệnh mãn tính của nang tóc và tuyến bã nhờn
Đa khoa,Tôi cảm thấy choáng váng khi đứng dậy.
Da liễu,Tôi bị nổi mụn thành từng cụm trên mặt và chúng không bao giờ biến mất.
Cơ xương khớp,Tôi bị đau nhức cơ vai mỗi khi cử động tay.
Da liễu,Mụn trứng cá khiến tôi cảm thấy xấu hổ.
Đa khoa,Mỗi khi đứng dậy tôi đều cảm thấy chóng mặt.
Tai Mũi Họng,Tôi bị ho dữ dội kèm theo đờm.
Tai Mũi Họng,Thỉnh thoảng tôi ho vì tôi hút thuốc.
Tiêu hóa,Tôi cảm thấy đau bụng dữ dội.
Hô hấp,"Năm ngoái, bà tôi phải nhập viện vì khó thở."
Thấp khớp/Chỉnh hình,Tôi hay than phiền về chứng đau cổ và tôi thực sự cần phải khỏe hơn.
Tiêu hóa,Tôi thường bị đau bụng sau khi ăn. Tôi vẫn chưa xác định được loại thực phẩm nào là nguyên nhân gây ra tình trạng này.
Da liễu,Tóc tôi bị rụng khi tôi chải tóc.
Chấn thương chỉnh hình,Tôi bị đau khớp.
Da liễu,Tôi bị thiếu tóc
Chấn thương chỉnh hình,Lưng trên của tôi bị đau suốt một tuần nay.
Da liễu,Tôi có làn da khô
Ngoại khoa,Tôi có một vết thương hở đã chuyển sang màu đỏ và chảy mủ.
Tiêu hóa,"Cảm giác khó chịu hoặc đau nhức ở một điểm nào đó dọc theo phía trước cơ thể, giữa cổ và vùng bụng trên."
Thấp khớp/Chỉnh hình,Cổ tôi cảm thấy cứng đờ.
Nhãn khoa,"Tôi cảm thấy đau nhức mắt, tôi nhìn thấy như có sương mù."
Da liễu,Tôi không thể có bạn gái vì mụn trứng cá.
Da liễu,"Khi chải tóc, tôi nhận thấy có những mảng tóc lớn rụng ra trên lược."
Chấn thương chỉnh hình,Tôi nghĩ mình đã làm quá sức khi khiêng đống gỗ đó từ ngoài sân về. Lưng dưới của tôi đau nhức kinh khủng.
Đa khoa,Tôi cảm thấy chóng mặt và mất phương hướng.
Cơ xương khớp,Tôi cảm thấy đau ở chân.
Cơ xương khớp,Tôi bị chấn thương nên không thể chơi thể thao.
Nhãn khoa,Màn hình tivi và máy tính của tôi trông có vẻ mờ dù tôi đã đeo kính mới.
Ngoại khoa,Tôi vô tình bị dao cứa vào tay khi đang nấu ăn.
Tiêu hóa,Tôi bị đau nhói ở bụng.
Chấn thương chỉnh hình,Tôi bị đau đầu gối khi đi lại.
Cơ xương khớp,"Khi thức dậy vào buổi sáng, tôi cảm thấy toàn thân đau nhức."
Cơ xương khớp,"Tôi bị đau dữ dội ở chân, đau như bị giật, và việc thư giãn bằng thuốc giảm đau không hiệu quả."
Cơ xương khớp,"Tôi nghĩ mình bị bong gân mắt cá chân rồi, đau quá."
Tai Mũi Họng,Tôi không thể ngừng ho.
Ngoại khoa,Vết thương của tôi có vẻ không lành tốt.
Tâm thần,Tôi luôn cảm thấy rất buồn.
Tiêu hóa,Tôi bị khó tiêu
Đa khoa,"Mỗi khi đứng dậy quá nhanh, tôi đều cảm thấy như mình sắp ngất xỉu."
Ngoại khoa,"Tôi nghĩ vết thương của tôi có vấn đề, nó dường như không lành lại như bình thường."
Thần kinh/Tiêu hóa,"Tôi bị đau đầu vùng trán và mỗi khi bị đau, ánh sáng lại làm tôi khó chịu."
Ngoại khoa,Tôi bị đứt tay cách đây vài tuần và dù đã bôi kem kháng sinh nhưng vết thương vẫn không đỡ.
Tai Mũi Họng,"Dù nhiệt độ trong nhà có cao, người tôi vẫn luôn cảm thấy lạnh."
Cơ xương khớp,Tôi bị gãy mắt cá chân khi leo núi đá ở dãy Carpathians.
Tai Mũi Họng,Tôi gặp một số vấn đề nghiêm trọng về hô hấp vào ban đêm.
Đa khoa,"Tôi cảm thấy cơ thể yếu ớt sau ngày đầu tiên đến phòng tập, tại sao vậy?"
Thần kinh/Tiêu hóa,Tôi cảm thấy đầu mình bị đè nặng rất nhiều.
Tiêu hóa,"Tôi cảm thấy bụng đầy và khó chịu, chướng bụng sau những bữa ăn no."
Tiêu hóa,Tôi bị đau âm ỉ ở bụng. Cơn đau càng nặng hơn sau khi ăn.
Da liễu,Tôi có những đốm đen trên da.
Cơ xương khớp,Tôi bị đau nhói ở bắp tay.
Hô hấp,Tôi gần như không thở được
Chấn thương chỉnh hình,"Tôi bị đau lưng, không thể duỗi thẳng được."
Đa khoa,Tôi thấy đầu óc quay cuồng mỗi khi thức dậy.
Chấn thương chỉnh hình,Tôi bị đau lưng khi mang vác đồ nặng.
Tai Mũi Họng,"Ban đầu chỉ là chứng ù tai, nhưng giờ cơn đau nhức nhối và không thể chịu đựng được."
Tai Mũi Họng,Tôi bị ho rất nặng và có đờm.
Tim mạch,"Tôi không thể chịu đựng được cảm giác khó chịu, nghẹn ngào trong ngực này."
Hô hấp,Tôi gần như không thở được
Đa khoa,"Khi đứng dậy quá nhanh, tôi bắt đầu cảm thấy chóng mặt và choáng váng."
Da liễu,Tôi bị phát ban trên da.
Cơ xương khớp,"Mỗi khi cử động tay, vai phải của tôi lại kêu lách tách."
Thấp khớp/Chỉnh hình,Đau ở vùng cổ lớn
Da liễu,Tôi cảm thấy ngứa dữ dội trên da và da bị đỏ.
Da liễu,Tóc tôi rụng rất nhiều.
Tiêu hóa,đau quặn bụng khắp vùng bụng
Ngoại khoa,Tôi nghĩ vết thương của tôi bị nhiễm trùng rồi.
Tai Mũi Họng,Tôi cảm thấy có chất lỏng muốn trào ra khi ho.
Chấn thương chỉnh hình,Tôi không thể làm việc tốt vì bị đau đầu gối.
Chấn thương chỉnh hình,Tôi cảm thấy như có kim châm vào các khớp của mình.
Cơ xương khớp,Tôi bị đau nhói ở bắp tay.
Cơ xương khớp,Tôi ngã xuống đất khi cố gắng ném bóng rổ.
Tai Mũi Họng,Tôi bị đau nhói ở tai.
Chấn thương chỉnh hình,Tôi bị đau khớp sau chấn thương trong trận bóng đá gần đây nhất.
Chấn thương chỉnh hình,Làm sao để biết bạn có bị rách sụn chêm ở đầu gối hay không?
Hô hấp,Tôi gặp vấn đề về khả năng thở ra vì tôi bị hen phế quản.
Cơ xương khớp,Tôi bị đau chân.
Thần kinh/Tiêu hóa,Tôi đọc sách rất lâu và khi đọc xong thì tôi bị đau đầu.
Ngoại khoa,"Con trai tôi nặn mụn và nó vỡ ra, sau đó đóng vảy và giờ trông có vẻ bị nhiễm trùng."
Hô hấp,Tôi cảm thấy áp lực rất lớn ở ngực.
Da liễu,Tôi cảm thấy chán nản khi thấy tóc mình rụng.
Ngoại khoa,Vết thương hở ở tay tôi bị nhiễm trùng.
Tiêu hóa,Tôi bị đau bụng từ hôm qua.
Da liễu,Tôi bị rụng tóc rất nhiều.
Tâm thần,thở nặng nhọc kèm theo mệt mỏi
Cơ xương khớp,Cơ bắp tay của tôi bắt đầu đau nhức sau khi tôi đến phòng tập thể dục.
Ngoại khoa,Vết thương nhiễm trùng của anh ta bắt đầu bị hoại tử.
Ngoại khoa,"Mảnh kính vỡ và làm tôi bị thương nặng ở chân, vết thương rất rộng."
Da liễu,Tôi thường xuyên bị nổi mụn trên mặt.
Cơ xương khớp,"Sau khi đi bộ, tôi cảm thấy đau ở lòng bàn chân."
Tiêu hóa,Tôi bị đau đầu mỗi ngày.
Tâm thần,"Tôi cảm thấy mình không thể chịu đựng được nữa, tôi cảm thấy quá tải và không thể nào có được một chút thời gian nghỉ ngơi."
Chấn thương chỉnh hình,Tôi bị đau đầu gối khi đi lại.
Thấp khớp/Chỉnh hình,Tôi cảm thấy tê rần ở cổ.
Chấn thương chỉnh hình,Tôi thường bị đau nhức khớp mỗi khi trời lạnh.
Đa khoa,Tôi đột nhiên cảm thấy chóng mặt khi đứng dậy.
Cơ xương khớp,Tôi bị chấn thương trong một trận bóng đá và được chẩn đoán là tổn thương dây chằng chéo.
Cơ xương khớp,Tôi bị đau nhói ở bắp chân.
Tai Mũi Họng,Tôi bị đau nhói ở tai.
Đa khoa,Tôi thấy đầu óc quay cuồng mỗi khi thức dậy.
Tai Mũi Họng,Tôi cảm thấy có chất lỏng muốn trào ra khi ho.
Hô hấp,"Khi đi bộ, tôi khó thở."
Cơ xương khớp,"Lúc đầu tôi cảm thấy tê cứng, nhưng sau đó hàng nghìn mũi kim bắt đầu châm chích khắp bàn chân."
Nhãn khoa,"Tôi gặp vấn đề trong việc nhìn thấy các vật thể, nó quá khó nhìn."
Chấn thương chỉnh hình,Tôi bị đau khớp khi cố gắng gập chân hoặc tay.
Hô hấp,Tôi gần như không thở được
Ngoại khoa,Vết thương vẫn còn hở
Cơ xương khớp,Tôi ngừng chơi thể thao vì bị chấn thương khi chơi thể thao.
Chấn thương chỉnh hình,Tôi cảm thấy đau lưng.
Tai Mũi Họng,Nhiệt độ cơ thể tôi giảm xuống và toàn thân bị co giật.
Ngoại khoa,Có một người bị thương.
Cơ xương khớp,Tôi bị ngã khi nhảy lên để bắt bóng.
Thấp khớp/Chỉnh hình,Đau ở vùng cổ lớn
Cơ xương khớp,Tôi bị đau vai sau khi làm bất cứ việc gì liên quan đến nhà.
Chấn thương chỉnh hình,Tôi bị đau khi gập tay.
Tai Mũi Họng,"Ban đầu chỉ là chứng ù tai, nhưng giờ cơn đau nhức nhối và không thể chịu đựng được."
Da liễu,đỏ mặt kèm theo ngứa
Da liễu,Tôi bị phát ban da sau khi ăn kem.
Cơ xương khớp,"Tôi nghĩ mình bị bong gân mắt cá chân rồi, đau quá."
Chấn thương chỉnh hình,"Mỗi khi lên xuống cầu thang, đầu gối tôi lại phát ra tiếng kêu ken két."
Đa khoa,"Tôi cảm thấy toàn thân yếu ớt, mặt mũi tái nhợt và không ngủ ngon được."
Tiêu hóa,Các triệu chứng của viêm ruột thừa là gì?
Tai Mũi Họng,"Tôi cảm thấy lạnh cóng, như một viên đá. Chị tôi nói rằng chị ấy cần nhiều chăn để đắp cho đủ ấm."
Đa khoa,"Khi thức dậy vào buổi sáng, tôi cảm thấy cơ thể rất yếu."
Da liễu,Mụn có phải là bệnh ngoài da không?
Ngoại khoa,Vết thương của tôi không lành tốt và tình trạng này đã kéo dài hai tuần rồi.
Da liễu,Mụn của tôi thật sự khiến tôi xấu hổ. Nó đỏ quá.
Thấp khớp/Chỉnh hình,Tôi cảm thấy tê rần ở cổ.
Tai Mũi Họng,Tôi đã khỏi cảm lạnh được vài tuần rồi nhưng vẫn ho mỗi ngày.
Ngoại khoa,"Tôi có một vết thương hở, đỏ và sưng lên."
Cơ xương khớp,Tôi ngừng chơi thể thao vì bị chấn thương khi chơi thể thao.
Da liễu,Tôi có những đốm đen trên da.
Cơ xương khớp,"Sau một ngày làm việc vất vả, tôi bị đau chân."
Thần kinh/Tiêu hóa,Không thể tập trung
Da liễu,"Tôi cảm thấy tê buốt sâu khi chạm vào mụn, sau đó là cảm giác khó chịu."
Tai Mũi Họng,"Tôi bị ho gà kèm theo nhiều đờm, cần thuốc long đờm."
Chấn thương chỉnh hình,Tôi bị đau khớp sau chấn thương trong trận bóng đá gần đây nhất.
Chấn thương chỉnh hình,"Tôi bị đau lưng, không thể duỗi thẳng được."
Da liễu,Tôi cảm thấy ngứa dữ dội trên da và da bị đỏ.
Ngoại khoa,Vết thương của tôi lại bị hở ra.
Cơ xương khớp,Tôi bị đau lưng dưới nhưng nếu duỗi người thì đỡ hơn.
Thần kinh/Tiêu hóa,Tôi bị đau đầu.
Cơ xương khớp,Tôi bị thương trong trận đấu bóng đá.
Thần kinh/Tiêu hóa,Tôi bị đau đầu khi làm việc này.
Tim mạch,Tôi thường xuyên bị đau nhói ở ngực và không biết mình đang làm gì mà lại gây ra triệu chứng đó.
Cơ xương khớp,Bắp chân tôi có cảm giác như bị căng cứng và nhức nhối.
Tai Mũi Họng,Toàn thân tôi lạnh cóng.
Tiêu hóa,Tôi bị đau bụng dữ dội và không thể ăn bất cứ thứ gì.
Hô hấp,"Tôi được chẩn đoán mắc bệnh viêm phổi, tôi khó thở."
Thần kinh/Tiêu hóa,Tôi bị đau đầu mỗi khi ăn kem.
Cơ xương khớp,"Tôi bắt đầu học bơi và hình như tôi đã nuốt quá nhiều nước qua mũi, vì vậy giờ tôi bị viêm xoang hành hạ."
Thấp khớp/Chỉnh hình,Tôi bị đau cổ khi ngồi trước máy tính xách tay.
Da liễu,"Tôi bị nổi mụn trên mặt, lúc có lúc không."
Chấn thương chỉnh hình,"Tôi không thể đứng lên hay ngồi xuống được, tôi bị đau lưng rất khó chịu."
Đa khoa,"Tôi cảm thấy chóng mặt khi ngồi trước máy tính xách tay khoảng một đến hai tiếng, nguyên nhân có thể là gì vậy?"
Cơ xương khớp,Tôi không thể cử động tay một cách bình thường.
Tim mạch,Tôi bị đau tim dữ dội.
Cơ xương khớp,Tôi cảm thấy đau cơ mỗi khi gắng sức quá mức.
Cơ xương khớp,"Mỗi khi tôi cử động vai, cơn đau lại lan xuống cánh tay."
Cơ xương khớp,Tôi bị đau cơ không rõ nguyên nhân.
Da liễu,"Khi tôi thức dậy, tôi thấy da mình mờ ảo."
Cơ xương khớp,Hôm qua tôi mang một chiếc túi nặng và sáng nay khi thức dậy tôi cảm thấy vai rất đau.
Chấn thương chỉnh hình,Đầu gối tôi đau quá.
Chấn thương chỉnh hình,Tôi cảm thấy đau khớp mỗi khi cử động.
Nhãn khoa,"Tôi bị nhìn mờ và không nhìn rõ trong bóng tối, nguyên nhân là gì vậy bác sĩ?"
Chấn thương chỉnh hình,Đầu gối tôi bị sưng ngay dưới xương bánh chè và đau khi tôi tì trọng lượng lên đó.
Tiêu hóa,Tôi bị đau nhưng không thể xác định được vị trí cụ thể.
Cơ xương khớp,"Nếu tôi giẫm phải kim thì chắc cũng không đau đến thế, như cái gai chết tiệt ở gót chân này."
Ngoại khoa,Tôi bị đứt tay và đang chảy máu.
Da liễu,"Tóc tôi rụng từng mảng lớn, đặc biệt là khi gội đầu."
Tiêu hóa,Tôi bị đau đầu mỗi ngày.
Chấn thương chỉnh hình,Đầu gối của tôi không gập được tốt.
Hô hấp,Buổi sáng tôi thở rất to.
Cơ xương khớp,Trước đây tôi rất tích cực tham gia thể thao nhưng giờ cơ thể tôi đang bị đau nhức.
Thấp khớp/Chỉnh hình,Tôi cảm thấy tê rần ở cổ.
Tiêu hóa,Tôi bị đau nhói ở bụng.
Ngoại khoa,Vết thương của tôi bị nhiễm trùng hay chỉ đang lành lại?
Chấn thương chỉnh hình,Đầu gối tôi cảm thấy yếu và hôm trước nó bị khuỵt xuống ở đầu cầu thang. May mắn là có lan can để vịn vào.
Da liễu,Tóc của anh ấy rụng chỉ vì chải tóc thôi.
Ngoại khoa,Tôi tự đánh mình và vết thương không muốn lành.
Tiêu hóa,"Sau khi ăn, tôi cảm thấy nóng rát bên trong cơ thể."
Đa khoa,Tôi có cảm giác toàn thân không còn chút sức lực nào.
Tai Mũi Họng,Tôi gặp một số vấn đề nghiêm trọng về hô hấp vào ban đêm.
Tim mạch,Tôi bị đau ngực và cảm thấy rất buồn.
Nhãn khoa,"Mỗi khi ăn đường, tôi nhận thấy thị lực của mình bị mờ."
Thấp khớp/Chỉnh hình,Tôi không thể xoay cổ sang trái mà không cảm thấy đau nhói.
Tai Mũi Họng,Tôi bị ớn lạnh và đau nhức khắp người.
Tai Mũi Họng,Tôi không thể cảm thấy ấm áp dù có mặc nhiều lớp áo hay bật máy sưởi ở mức cao nhất.
Thần kinh/Tiêu hóa,"Khi mệt mỏi, tôi cảm thấy đầu mình nặng trĩu."
Thấp khớp/Chỉnh hình,Tôi bị sưng ở cổ và rất đau.
Tai Mũi Họng,Tai tôi bị ù.
Chấn thương chỉnh hình,"Mỗi khi lên xuống cầu thang, đầu gối tôi lại phát ra tiếng kêu ken két."
Đa khoa,"Khi ăn quá nhiều đường, cơ thể tôi trở nên yếu và chóng mặt."
Tiêu hóa,"Tôi cảm thấy bụng đầy và khó chịu, chướng bụng sau những bữa ăn no."
Da liễu,"Tóc tôi rụng từng mảng lớn, đặc biệt là khi gội đầu."
Chấn thương chỉnh hình,"Tôi bị đau âm ỉ ở vùng lưng dưới, khiến việc di chuyển trở nên khó khăn."
Ngoại khoa,"Tôi bị đứt tay khi mở lon đồ hộp, máu cứ chảy không ngừng và vết thương đang hở miệng."
Thấp khớp/Chỉnh hình,Tôi bị đau dữ dội ở cổ.
Nhãn khoa,"Mỗi khi ăn đường, tôi nhận thấy thị lực của mình bị mờ."
Thấp khớp/Chỉnh hình,Tôi hầu như không thể cử động cổ được. Nó đau quá.
Ngoại khoa,Vết thương của tôi có vẻ không lành tốt.
Đa khoa,"Khi ăn quá nhiều đường, cơ thể tôi trở nên yếu và chóng mặt."
Cơ xương khớp,Tôi bị đau chân.
Cơ xương khớp,"Hôm qua tôi chơi bóng rổ, và bị bong gân mắt cá chân."
Cơ xương khớp,Tôi cảm thấy nóng rát ở cơ vai.
Chấn thương chỉnh hình,Đầu gối tôi đau đến nỗi mỗi khi đi lại tôi lại ngồi nhiều hơn mức cần thiết.
Đa khoa,Tôi cảm thấy khó chịu khắp cơ thể nói chung.
Thấp khớp/Chỉnh hình,Tôi gặp khó khăn khi cử động cổ.
Tai Mũi Họng,Tôi không thể thở được
Tim mạch,Tôi cảm thấy đau nhói trong tim mỗi khi thức dậy.
Da liễu,Tôi bị nổi mụn thành từng cụm trên mặt và chúng không bao giờ biến mất.
Da liễu,"Mỗi tháng, vào khoảng thời gian hành kinh, da mặt tôi lại nổi mụn rất nhiều."
Chấn thương chỉnh hình,Lưng tôi đau quá nên không thể cúi xuống buộc dây giày được.
Tâm thần,"Tôi cảm thấy tổn thương, trái tim tôi đau nhói."
Da liễu,Ngực tôi nổi mụn đỏ và mụn đầu trắng.
Cơ xương khớp,"Tối qua khi chơi bóng đá, tôi bị đá vào đầu."
Tai Mũi Họng,"Tôi không ngủ được, tôi bị ho dữ dội."
Cơ xương khớp,"Mỗi khi tập luyện cường độ cao, tôi đều cảm thấy đau nhức dữ dội ở các cơ."
Tâm thần,Tôi cảm thấy đau lòng mỗi khi nghĩ về cô ấy.
Tai Mũi Họng,Tôi bị ho suốt hai tuần nay rồi.
Da liễu,Tôi thường xuyên bị nổi mụn trên mặt.
Tim mạch,Tôi cảm thấy nhịp tim tăng nhanh khi bị chích.
Đa khoa,Mỗi khi đứng dậy tôi đều cảm thấy chóng mặt.
Da liễu,Tôi bị mụn khắp mặt.
Chấn thương chỉnh hình,Tôi có cảm giác như xương bánh chè đang cọ xát vào nhau mỗi khi đi bộ.
Đa khoa,Tôi cảm thấy chóng mặt sau khi vận động cơ bắp.
Chấn thương chỉnh hình,Tôi bị đau khớp ở các ngón tay vào buổi sáng.
Cơ xương khớp,Tôi bị đau cơ.
Tim mạch,Tôi cảm thấy đau nhói trong tim.
Tim mạch,Trái tim đau nhói vô cùng
Cơ xương khớp,"Có lẽ tôi đã tập tạ quá sức, vì tôi sợ mình đã bị rách cơ lưng."
Cơ xương khớp,Tôi bị đau nhói ở bắp tay. Tôi đã thử bôi kem giảm đau nhưng không hiệu quả.
Đa khoa,Đôi khi tôi cảm thấy cơ thể yếu ớt mà không rõ lý do.
Đa khoa,Tôi cảm thấy cơ thể yếu ớt mặc dù tôi vẫn uống vitamin đều đặn.
Hô hấp,"Có những lúc tôi cảm thấy như bị đè bẹp dưới một sức nặng khổng lồ và không khí không thể vào phổi, điều đó thực sự khiến tôi sợ chết khiếp mỗi khi chuyện đó xảy ra."
Chấn thương chỉnh hình,Tôi gặp khó khăn khi cử động đầu gối.
Tiêu hóa,Tôi cảm thấy đau nhói ở bụng sau khi ăn.
Tai Mũi Họng,"Tôi nghe không rõ, tôi có vấn đề về tai."
Da liễu,Có cách nào chữa khỏi mụn trứng cá không?
Tâm thần,Tôi cảm thấy suy sụp tinh thần.
Đa khoa,"Mỗi lần cố gắng làm việc gì, tôi đều cảm thấy chóng mặt."
Cơ xương khớp,Tôi cảm thấy đau dữ dội ở vai trái.
Tiêu hóa,"Tôi cảm thấy đau nhức ở bên trong, giữa hông và vai."
Đa khoa,"Khi phê quá, tôi bắt đầu cảm thấy chóng mặt."
Chấn thương chỉnh hình,Tôi đã dùng rất nhiều thuốc giảm đau để đỡ hơn nhưng tôi vẫn cảm thấy đau lưng.
Tai Mũi Họng,Tôi cảm thấy toàn thân như đang ở trong tủ lạnh.
Tai Mũi Họng,Tôi cảm thấy lúc nào cũng có thứ gì đó vướng trong cổ họng.
Đa khoa,"Khi thức dậy vào buổi sáng, tôi cảm thấy chóng mặt."
Da liễu,Tôi nhận thấy một số vấn đề về da và đã thử dùng kem nhưng tình trạng không được cải thiện.
Thần kinh/Tiêu hóa,Cơn đau đầu tồi tệ nhất là khi tôi bị say rượu hồi hai mươi tuổi: Tôi thực sự nghĩ mình sắp chết vì viêm não.
Tai Mũi Họng,Tôi bị vấn đề ở tai giữa do nhiễm trùng.
Chấn thương chỉnh hình,Tôi bị đau lưng từ khi bước sang tuổi 70.
Tiêu hóa,Tôi cảm thấy đau nhức bên trong cơ thể.
Tâm thần,Tôi cảm thấy buồn
Cơ xương khớp,"Có lẽ tôi đã tập tạ quá sức, vì tôi sợ mình đã bị rách cơ lưng."
Da liễu,Tôi nhận thấy có nhiều tóc rụng hơn bình thường khi chải tóc.
Da liễu,Tóc tôi luôn bị rụng và dạo này tôi bị rụng rất nhiều tóc.
Tai Mũi Họng,Tôi bị ho khan nặng
Thần kinh/Tiêu hóa,Tôi bị đau nửa đầu và đã uống Panadol nhưng không có tác dụng.
Thần kinh/Tiêu hóa,"Đầu tôi nặng trĩu, không thể suy nghĩ bình thường được."
Da liễu,Tôi bị mụn trên mặt và các vấn đề khác về da liễu như ngứa.
Cơ xương khớp,Hôm qua tôi bị đau vai.
Tai Mũi Họng,Tôi bị đau tai mỗi khi đi bơi.
Cơ xương khớp,"Tôi bắt đầu học bơi và hình như tôi đã nuốt quá nhiều nước qua mũi, vì vậy giờ tôi bị viêm xoang hành hạ."
Da liễu,"Tôi bị nổi mụn trên mặt, lúc có lúc không."
Tai Mũi Họng,Tôi bị sổ mũi.
Thần kinh/Tiêu hóa,Sọ bị vỡ như quả hạch
Cơ xương khớp,Vai tôi đau dữ dội.
Thấp khớp/Chỉnh hình,"Cứng đờ, không thể nhìn sang phải hoặc trái trừ khi di chuyển toàn bộ cơ thể."
Cơ xương khớp,Tôi bị thương khi tập thể dục
Nhãn khoa,Tôi đang xem tivi thì đột nhiên bị nhìn mờ.
Cơ xương khớp,"Khi giơ tay lên, tôi cảm thấy đau ở vai."
Da liễu,Tóc tôi bị rụng nhiều sau khi tắm.
Thấp khớp/Chỉnh hình,Tôi bị đau cổ nên không ngủ được.
Tai Mũi Họng,Hệ thống sưởi trong nhà tôi bị hỏng nên tôi cảm thấy rất lạnh.
Hô hấp,Tôi bị nghẹt mũi suốt ngày và có chất dịch nhầy dính trong cổ họng khiến tôi không thể ngủ được. Tôi thường phải ngủ trưa trong tư thế ngồi.
Nhãn khoa,"Tôi bị nhìn mờ và không nhìn rõ trong bóng tối, nguyên nhân là gì vậy bác sĩ?"
Da liễu,ngứa ở phía trước và chính giữa da đầu
Tim mạch,Tôi bị đau tim dữ dội.
Hô hấp,Tôi cảm thấy có gì đó làm tôi khó thở và tôi không thể thở được.
Đa khoa,Tôi đột nhiên cảm thấy chóng mặt khi đứng dậy.
Thần kinh/Tiêu hóa,Tôi cảm thấy đầu mình bị đè nặng rất nhiều.
Ngoại khoa,"Vết thương phẫu thuật đỏ, có mủ chảy ra, đau và nóng khi chạm vào."
Da liễu,Tôi có những đốm đen trên da.
Cơ xương khớp,Tôi cảm thấy đau dữ dội ở đầu gối sau khi bị va chạm trong trận bóng đá.
Ngoại khoa,Có một người bị thương.
Da liễu,Da tôi bị ngứa.
Cơ xương khớp,"Sau khi chơi bóng đá, tôi bị đau cơ ở cả hai chân."
Tai Mũi Họng,Phổi tôi cảm thấy nặng trĩu như thể chứa đầy chất nhầy.
Chấn thương chỉnh hình,Tôi bị đau nhói và nghe thấy tiếng lách cách ở khớp mắt cá chân mỗi khi cố gắng đứng lên và đi lại.
Chấn thương chỉnh hình,Mắt cá chân của tôi đang bị đau.
Cơ xương khớp,Cảm giác đau như thể ở ngay dưới da.
Cơ xương khớp,Vai tôi đau quá.
Cơ xương khớp,Tôi đang chơi bóng đá và bị trẹo mắt cá chân.
Tim mạch,Tôi bị đau tim mỗi khi tập thể dục.
Da liễu,"Tóc tôi rụng không rõ lý do, tôi thấy rất nhiều tóc trên bàn làm việc."
Ngoại khoa,Tôi vô tình bị dao cứa vào tay khi đang nấu ăn.
Chấn thương chỉnh hình,Lưng trên của tôi bị đau suốt một tuần nay.
Cơ xương khớp,Tôi đã thử xoa bóp chân nhưng chúng vẫn đau.
Nhãn khoa,"Tôi cảm thấy đau nhức mắt, tôi nhìn thấy như có sương mù."
Ngoại khoa,Người ta phát hiện anh ta có một vết thương hở.
Cơ xương khớp,Tôi có cảm giác như mình vừa đến một phòng khám châm cứu và bị cắm 100 cây kim vào vai.
Thấp khớp/Chỉnh hình,Tôi bị đau cổ và không thể chịu đựng được cơn đau này.
Ngoại khoa,Tôi bị rách da giữa ngón tay cái và ngón trỏ và vết thương không lành lại được.
Cơ xương khớp,Tôi bị đau nhức cơ vai mỗi khi cử động tay.
Đa khoa,"Khi tôi thức dậy, tôi cảm thấy chóng mặt và ngã xuống."
Chấn thương chỉnh hình,Tôi cảm thấy đau lưng.
Đa khoa,Tôi đã cố gắng làm giảm bớt nó nhưng không được.
Da liễu,Trên mặt tôi có vài nốt mụn khiến tôi rất khó chịu.
Hô hấp,"Đôi khi tôi cảm thấy như có một cái móng vuốt đang cào cấu ngực mình, khiến tôi khó thở."
Tai Mũi Họng,Tai tôi bị đau khi nghe nhạc.
Da liễu,"Tôi bị nổi mụn trên mặt, lúc có lúc không."
Tim mạch,Tôi cảm thấy như có một cây kim đang đâm xuyên tim mình.
Tai Mũi Họng,Toàn thân tôi lạnh cóng.
Da liễu,sử dụng thuốc bổ tóc
Da liễu,"Tóc tôi rụng không rõ lý do, tôi thấy rất nhiều tóc trên bàn làm việc."
Tai Mũi Họng,Tôi cảm thấy tức ngực.
Đa khoa,Tôi bị chóng mặt mỗi khi cố gắng đứng dậy.
Đa khoa,"Khi đứng dậy quá nhanh, tôi bắt đầu cảm thấy chóng mặt và choáng váng."
Thấp khớp/Chỉnh hình,Tôi bị đau cổ nên không ngủ được.
Da liễu,Tôi bị nổi mụn khi ăn ớt.
Tiêu hóa,Tôi cảm thấy nóng rát ở bụng khoảng 2 tiếng sau mỗi bữa ăn.
Cơ xương khớp,Tôi cảm thấy rất đau ở vai mỗi khi cố gắng nâng vật nặng.
Cơ xương khớp,"Khi giơ tay lên, tôi cảm thấy đau ở vai."
Tai Mũi Họng,Toàn thân tôi lạnh cóng.
Tim mạch,Tôi cảm thấy như có một cây kim đang đâm xuyên tim mình.
Đa khoa,"Tôi cảm thấy rất chóng mặt, cơ thể rất yếu."
Hô hấp,Tôi gặp khó khăn khi thở ở những nơi đông người.
Thấp khớp/Chỉnh hình,Tôi bị đau nhói ở cổ.
Thấp khớp/Chỉnh hình,Tôi bị đau cổ và không thể nhìn xuống hay nhìn lên.
Cơ xương khớp,Tôi bị nhức nhối ở vai.
Thấp khớp/Chỉnh hình,Tôi cảm thấy đau cổ khi đang làm việc.
Thần kinh/Tiêu hóa,Tôi bị đau âm ỉ ở đầu.
Tâm thần,"Tôi cảm thấy tổn thương, trái tim tôi đau nhói."
Thấp khớp/Chỉnh hình,Tôi không thể xoay cổ.
Ngoại khoa,Tôi có một vết thương hở ở cánh tay.
Nhãn khoa,Tôi bị nhìn mờ.
Tâm thần,Tôi cảm thấy đau lòng mỗi khi nghĩ về cô ấy.
Chấn thương chỉnh hình,"Cảm giác khó chịu xuất hiện đột ngột, thường là sau chấn thương hoặc tập luyện."
Thần kinh/Tiêu hóa,Tôi cảm thấy đau đầu
Cơ xương khớp,Tôi không thể nhảy bằng chân trái vì chấn thương gãy ba xương ở mắt cá chân khiến tôi đau nhức không dứt.
Cơ xương khớp,"Tôi cảm thấy như có một cục u sưng tấy ở xương bả vai, kèm theo cơn đau nhói từ đó."
Da liễu,Trên mặt tôi có mụn.
Ngoại khoa,Tôi vô tình cắt đứt đầu ngón tay khi đang cắt bìa cứng và hiện tại máu không chảy được.
Da liễu,Tôi từng bị mụn trứng cá khi 15 tuổi.
Nhãn khoa,"Khi tôi cố gắng nhìn, tầm nhìn của tôi bị mờ."
Tâm thần,Tôi bị rối loạn cảm xúc.
Chấn thương chỉnh hình,Tôi bị đau khớp khi cố gắng gập chân hoặc tay.
Chấn thương chỉnh hình,Tôi thường bị đau nhức khớp mỗi khi trời lạnh.
Tai Mũi Họng,"Mỗi khi làm vậy, tôi đều cảm thấy đau nhói ở tai."
Tiêu hóa,Tôi đã phân tích rất nhiều để tìm ra nguyên nhân chính gây ra chứng đau bụng của mình.
Tâm thần,"Mỗi khi nghĩ về cha mẹ, tôi lại cảm thấy đau lòng."
Cơ xương khớp,Tôi cảm thấy đau vai từng đợt.
Cơ xương khớp,"Khi chơi bóng đá, tôi bị đau cơ."
Chấn thương chỉnh hình,Tôi bị đau nhói và nghe thấy tiếng lách cách ở khớp mắt cá chân mỗi khi cố gắng đứng lên và đi lại.
Da liễu,Trên mặt tôi có vài nốt mụn khiến tôi rất khó chịu.
Tai Mũi Họng,Tai tôi đau quá.
Nhãn khoa,Tôi bị mờ mắt sau khi bị va đập vào đầu hôm qua.
Tai Mũi Họng,Nghe thấy bất kỳ tiếng động lớn nào cũng khiến tai tôi đau nhức.
Cơ xương khớp,Tôi bị thương khi tập thể dục
Cơ xương khớp,Tôi bị thương khi tập thể dục
Tai Mũi Họng,Tôi không ngủ được vì ho
Cơ xương khớp,"Mỗi khi chơi tennis, tôi đều cảm thấy đau vai."
Đa khoa,Tôi khó có thể đứng dậy và di chuyển rất chậm.
Đa khoa,Tôi cảm thấy yếu
Da liễu,Tôi từng bị mụn trứng cá khi 15 tuổi.
Chấn thương chỉnh hình,Tôi bị ngã xe đạp và từ đó tôi bị đau đầu gối dữ dội.
Tai Mũi Họng,"Tôi vừa đi máy bay cách đây vài ngày và lần này, trong lúc hạ cánh, tai tôi vẫn bị ù và đau."
Tai Mũi Họng,Tôi cảm thấy lạnh dù nhiệt độ cao.
Tai Mũi Họng,"Mỗi khi hắt hơi mạnh, tôi cảm thấy đau tai."
Cơ xương khớp,Tôi vẫn không cảm thấy cơ bắp của mình đỡ hơn.
Tai Mũi Họng,Tôi bị ho khan nặng
Tai Mũi Họng,"Tôi ho rất nhiều khi ngửi mùi nước hoa, phổi tôi có vấn đề gì vậy?"
Chấn thương chỉnh hình,Tôi bị đau nhói và nghe thấy tiếng lách cách ở khớp mắt cá chân mỗi khi cố gắng đứng lên và đi lại.
Thấp khớp/Chỉnh hình,Đầu tôi đau quá.
Thần kinh/Tiêu hóa,"Đầu tôi nặng trĩu, không thể suy nghĩ bình thường được."
Da liễu,Tôi nhận thấy có nhiều tóc rụng hơn bình thường khi chải tóc.
Tâm thần,Tôi cảm thấy suy sụp tinh thần.
Tai Mũi Họng,"Tôi cứ mãi không thấy ấm. Ngay cả khi mọi người xung quanh đều ấm áp, tôi vẫn luôn cảm thấy lạnh."
Tai Mũi Họng,"Khi tôi cố gắng giữ ấm và mặc thêm quần áo, tôi thấy mình vẫn lạnh."
Chấn thương chỉnh hình,Tôi bị đau đầu gối khi chơi squash.
Ngoại khoa,Tôi bị một vết cắt ở chân và nó đã bị nhiễm trùng do sử dụng vòi sen ở phòng tập thể dục.
Tiêu hóa,"Tôi cảm thấy đau đớn bên trong, tôi không biết đó là gì."
Tai Mũi Họng,"Tôi bị ho gà kèm theo nhiều đờm, cần thuốc long đờm."
Chấn thương chỉnh hình,Tôi không thể làm việc tốt vì bị đau đầu gối.
Tiêu hóa,Tôi bị đau bụng dữ dội.
Tiêu hóa,Tôi cảm thấy khó chịu toàn thân.
Cơ xương khớp,Tôi cảm thấy rất khó chịu ở hai bên cổ.
Tiêu hóa,Hôm qua ăn đồ ăn cay Ấn Độ thì tôi bị đau bụng và đầy hơi.
Ngoại khoa,Tôi bị đứt chân ở bể bơi và vết thương cứ hở ra mỗi khi tôi đi lại.
Hô hấp,Tôi gặp khó khăn khi thở ở những nơi đông người.
Chấn thương chỉnh hình,Lưng tôi đau quá nên không thể cúi xuống buộc dây giày được.
Thần kinh/Tiêu hóa,Tôi cảm thấy đau đầu
Thần kinh/Tiêu hóa,Tôi bị đau đầu khi làm việc này.
Nhãn khoa,Tôi có đôi mắt mờ đục.
Tim mạch,Tôi cảm thấy tim mình như đang bốc cháy.
Đa khoa,Tôi cảm thấy như căn phòng đang quay cuồng.
Chấn thương chỉnh hình,Tôi bị ngã xe đạp và từ đó tôi bị đau đầu gối dữ dội.
Chấn thương chỉnh hình,Tôi bị đau lưng từ khi ngã xuống sàn.
Da liễu,Mụn ở ngực tôi cứ nổi lên và không bao giờ hết.
Tiêu hóa,"Khi thức dậy, tôi thấy mình bị đau bụng và đã thử uống thuốc nhưng bụng vẫn đau."
Tiêu hóa,Tôi bị đau nhưng không thể xác định được vị trí cụ thể.
Tâm thần,Tôi bị rối loạn cảm xúc.
Tai Mũi Họng,Tôi bị đau tai khi tắm.
Chấn thương chỉnh hình,"Khi chơi thể thao, tôi cảm thấy nóng rát ở cột sống."
Tiêu hóa,Tôi bị đau bụng và đầy hơi liên tục.
Tai Mũi Họng,Tôi bị đau tai khi trời lạnh.
Tiêu hóa,Đau nhói và khó thở
Đa khoa,"Khi đứng dậy quá nhanh, tôi bắt đầu cảm thấy chóng mặt và choáng váng."
Chấn thương chỉnh hình,"Khi chơi bóng đá, tôi bị đau khớp."
Chấn thương chỉnh hình,Lưng tôi đau quá nên không thể cúi xuống buộc dây giày được.
Da liễu,Tôi cảm thấy chán nản khi thấy tóc mình rụng.
Cơ xương khớp,"Hồi còn nhỏ, tôi từng bị chấn thương đầu gối do chơi thể thao."
Hô hấp,"Năm ngoái, bà tôi phải nhập viện vì khó thở."
Cơ xương khớp,Tôi bị đau nhức cơ vai mỗi khi cử động tay.
Tai Mũi Họng,Tôi cảm thấy tức ngực.
Da liễu,Tôi bị nổi mẩn đỏ và ngứa trên da.
Chấn thương chỉnh hình,Tôi cảm thấy đau nhức dữ dội ở khớp vai và cơn đau không thuyên giảm.
Chấn thương chỉnh hình,Tôi đã dùng rất nhiều thuốc giảm đau để đỡ hơn nhưng tôi vẫn cảm thấy đau lưng.
Chấn thương chỉnh hình,Khớp mắt cá chân của tôi bị nhức nhối mỗi khi tôi đặt trọng lực lên bàn chân.
Chấn thương chỉnh hình,Tôi bị đau khớp ở các ngón tay vào buổi sáng.
Ngoại khoa,Tôi bị đứt chân ở bể bơi và vết thương cứ hở ra mỗi khi tôi đi lại.
Thần kinh/Tiêu hóa,"Mỗi khi uống nhiều rượu, tôi lại bị đau đầu."
Thấp khớp/Chỉnh hình,Cổ tôi bị đau từ sau vụ tai nạn.
Chấn thương chỉnh hình,Tôi cảm thấy đau lưng.
Tâm thần,Tôi cảm thấy suy sụp tinh thần.
Tiêu hóa,Tôi cảm thấy đau đớn bên trong nhưng không thể xác định được nguyên nhân.
Tim mạch,Trái tim đau nhói vô cùng
Chấn thương chỉnh hình,"Tôi không thể đi được, đầu gối tôi đau quá."
Tim mạch,"Ôi tim tôi đau nhói, tôi đã cố gắng bình tĩnh nhưng không thể."
Thần kinh/Tiêu hóa,Tôi bị đau âm ỉ ở đầu.
Da liễu,Tôi từng bị mụn trứng cá khi 15 tuổi.
Tiêu hóa,"Tôi bị đau bụng khi ăn đồ ăn nóng, tại sao vậy?"
Cơ xương khớp,"Khi chơi bóng đá, tôi bị đau cơ."
Tiêu hóa,Tôi cảm thấy buồn nôn.
Cơ xương khớp,Tôi bị va chạm khi đang chơi bóng đá. Đầu gối của tôi bị trẹo và giờ không còn vững nữa.
Tiêu hóa,"Tôi cảm thấy đau đớn bên trong, tôi không biết đó là gì."
Thần kinh/Tiêu hóa,"Tôi không thể đứng dậy, tôi cảm thấy não mình như đang di chuyển bên trong hộp sọ."
Cơ xương khớp,Tôi cảm thấy đau vai từng đợt.
Tai Mũi Họng,Phổi tôi cảm thấy nặng trĩu như thể chứa đầy chất nhầy.
Tiêu hóa,Tôi cảm thấy rất đau ở vùng bụng.
Tiêu hóa,Đau bụng sau khi uống sữa
Chấn thương chỉnh hình,Đứng chưa đến năm phút mà lưng tôi bắt đầu đau.
Hô hấp,Tôi cảm thấy khó thở - liệu tôi có bị đau tim không?
Tiêu hóa,Tôi bị khó tiêu
Tiêu hóa,Khi ăn tôi cảm thấy đau bụng.
Tim mạch,Tôi cảm thấy đau nhói từ ngực lan lên đến cánh tay trái.
Đa khoa,"Mỗi khi tôi đứng dậy, đầu tôi lại bắt đầu quay cuồng."
Cơ xương khớp,Tôi bị đau chân dù không đi bộ nhiều.
Đa khoa,Tôi cảm thấy như căn phòng đang quay cuồng.
Da liễu,Tôi bị phát ban lạ trên cánh tay.
Da liễu,Tóc tôi bị rụng nhiều sau khi tắm.
Tai Mũi Họng,Tôi bị đau tai khi tắm.
Cơ xương khớp,"Nếu tôi giẫm phải kim thì chắc cũng không đau đến thế, như cái gai chết tiệt ở gót chân này."
Cơ xương khớp,Tôi bị đau cơ ở chân trái.
Cơ xương khớp,"Mỗi khi giơ tay lên, tôi cảm thấy đau nhức ở vai."
Chấn thương chỉnh hình,Tôi cảm thấy đau khớp mỗi khi cử động.
Da liễu,Trên mặt tôi có vài nốt mụn khiến tôi rất khó chịu.
Tai Mũi Họng,"Tôi được chẩn đoán mắc chứng thiếu máu do thiếu vitamin B12, điều này giải thích tại sao tôi luôn cảm thấy lạnh."
Tiêu hóa,"Tôi cảm thấy đau đớn bên trong, tôi không biết đó là gì."
Chấn thương chỉnh hình,Tôi cảm thấy có tiếng lách cách ở đầu gối mỗi khi bước đi.
Đa khoa,Tôi không còn đủ sức lực để làm những việc mà trước đây tôi vẫn làm.
Cơ xương khớp,Tôi bị đau cơ không rõ nguyên nhân.
Đa khoa,"Tôi cảm thấy toàn thân yếu ớt, mặt mũi tái nhợt và không ngủ ngon được."
Tai Mũi Họng,Tôi thức giấc vào ban đêm vì cảm thấy lạnh.
Cơ xương khớp,"Khi chơi bóng đá, tôi bị đau cơ."
Tiêu hóa,Đau ruột mãn tính
Ngoại khoa,"Tôi bị một vết thương hở trên da bên trong một bên lỗ mũi, vết thương đã bị nhiễm trùng và hiện giờ chứa đầy mủ."
Tai Mũi Họng,Tôi cảm thấy lạnh
Cơ xương khớp,Tôi cảm thấy đau vai từng đợt.
Tim mạch,Tôi bị đau tim mỗi khi tập thể dục.
Cơ xương khớp,"Sau khi chơi tennis, tôi cảm thấy một cảm giác mạnh ở gần cổ."
Tai Mũi Họng,"Dù nhiệt độ trong nhà có cao, người tôi vẫn luôn cảm thấy lạnh."
Da liễu,Tóc tôi rụng từng mảng lớn.
Da liễu,Da tôi rất khô và bong tróc.
Tai Mũi Họng,Tôi đang gặp khó khăn trong việc nghe.
Tai Mũi Họng,"Tai trái của tôi không sao, nhưng tai phải thì có cảm giác như bị đâm bằng đinh."
Hô hấp,"Tôi khó thở khi ở trong ga tàu điện ngầm, tại sao vậy?"
Cơ xương khớp,Tôi đang chơi bóng đá và bị trẹo mắt cá chân.
Cơ xương khớp,"Mỗi khi tôi cử động vai, cảm giác như có luồng điện chạy qua vai vậy."
Tiêu hóa,Tôi cảm thấy đau nhức toàn thân.
Chấn thương chỉnh hình,Tôi không thể tập thể dục vì bị đau đầu gối.
Tâm thần,Tôi bị bệnh tâm thần
Chấn thương chỉnh hình,Tôi cảm thấy rất đau nhức ở các khớp.
Cơ xương khớp,Tôi bị chuột rút đau ở chân.
Tiêu hóa,Tôi thường bị đau bụng sau khi ăn. Tôi vẫn chưa xác định được loại thực phẩm nào là nguyên nhân gây ra tình trạng này.
Cơ xương khớp,Tôi bị đau cơ thang.
Tai Mũi Họng,"Mỗi khi hắt hơi mạnh, tôi cảm thấy đau tai."
Da liễu,Tôi từng bị mụn trứng cá khi 15 tuổi.
Tai Mũi Họng,Tôi bị đau tai mỗi khi chạm vào.
Ngoại khoa,Tôi bị một vết thương sâu ở tay và không thể cầm máu được.
Thần kinh/Tiêu hóa,"Tôi không thể đứng dậy, tôi cảm thấy não mình như đang di chuyển bên trong hộp sọ."
Tai Mũi Họng,Tôi thức giấc vào ban đêm vì cảm thấy lạnh.
Cơ xương khớp,Tôi không thể chịu đựng được cảm giác khó chịu này ở vai.
Tiêu hóa,Tôi bị đau bụng dữ dội.
Cơ xương khớp,Tôi bị ngã khi nhảy lên để bắt bóng.
Tim mạch,"Chồng tôi bỏ tôi để đến với người phụ nữ khác, trái tim tôi đau đớn đến mức tôi không thể ăn không thể ngủ được."
Cơ xương khớp,Tôi bị đau vai dữ dội.
Tim mạch,"Tôi không thể chịu đựng được cảm giác khó chịu, nghẹn ngào trong ngực này."
Da liễu,Có thứ gì đó tối màu trên cánh tay tôi.
Tiêu hóa,Tôi bị đau đầu mỗi ngày.
Chấn thương chỉnh hình,Tôi bị đau lưng rất nhiều.
Tai Mũi Họng,Tai tôi bị đau và càng đau hơn khi nuốt. Tôi bị đau tai dữ dội và thuốc Tylenol cũng không giúp được gì.
Thần kinh/Tiêu hóa,Tôi cảm thấy đau đầu dữ dội.
Tai Mũi Họng,Tôi cảm thấy đau họng.
Tiêu hóa,Tôi bị đau nhói ở bụng.
Da liễu,"Tôi cảm thấy tê buốt sâu khi chạm vào mụn, sau đó là cảm giác khó chịu."
Da liễu,Mặc dù đã trưởng thành nhưng mặt tôi vẫn cứ nổi mụn.
Thần kinh/Tiêu hóa,"Khi mệt mỏi, tôi cảm thấy đầu mình nặng trĩu."
Tim mạch,Tim tôi đập nhanh và điều đó khiến tôi sợ hãi.
Thấp khớp/Chỉnh hình,Tôi hầu như không thể cử động cổ được. Nó đau quá.
Nhãn khoa,"Khi tôi cố gắng nhìn, tầm nhìn của tôi bị mờ."
Tiêu hóa,Tôi bị đau bụng.
Đa khoa,Tôi đang đi du thuyền và cảm thấy chóng mặt.
Da liễu,Tôi bị mụn trên mặt và các vấn đề khác về da liễu như ngứa.
Da liễu,Tôi không thể có bạn gái vì mụn trứng cá.
Chấn thương chỉnh hình,Đầu gối tôi thường đau nhức vào những ngày trời lạnh và mưa.
Hô hấp,"Đôi khi tôi cảm thấy như có một cái móng vuốt đang cào cấu ngực mình, khiến tôi khó thở."
Cơ xương khớp,"Tối qua khi chơi bóng đá, tôi bị đá vào đầu."
Cơ xương khớp,Tôi bị đau chân rất nhiều khi chơi bóng đá.
Chấn thương chỉnh hình,Lưng tôi đau quá nên không thể cúi xuống buộc dây giày được.
Ngoại khoa,Tôi bị rách da giữa ngón tay cái và ngón trỏ và vết thương không lành lại được.
Da liễu,"Khi chải tóc, tôi nhận thấy có những mảng tóc lớn rụng ra trên lược."
Tiêu hóa,"Tôi bị đau bụng sau khi uống bất kỳ loại nước ngọt nào, tại sao vậy?"
Tim mạch,Lòng tôi đau nhói.
Thấp khớp/Chỉnh hình,Tôi gặp khó khăn khi cử động cổ.
Ngoại khoa,Tôi bị đứt tay cách đây vài ngày và mặc dù tôi không nghĩ mình cần khâu nhưng vết thương vẫn chưa lành.
Cơ xương khớp,Chân tôi bị đau từ thứ Ba tuần trước.
Da liễu,Tôi nhận thấy một số vấn đề về da và đã thử dùng kem nhưng tình trạng không được cải thiện.
Tai Mũi Họng,Tôi cảm thấy lạnh khi màn đêm buông xuống.
Da liễu,Hồi trung học tôi bị mụn rất nhiều.
Tim mạch,Tôi cảm thấy đau nhói trong tim.
Thần kinh/Tiêu hóa,Tôi bị đau nửa đầu và đã uống Panadol nhưng không có tác dụng.
Cơ xương khớp,Tôi cảm thấy đau dữ dội ở vai trái.
Chấn thương chỉnh hình,Tôi bị đau lưng từ khi bước sang tuổi 70.
Cơ xương khớp,"Tôi đã đi bộ 3 km, và cảm thấy đau nhức ở chân, giống như đau bàn chân vậy."
Ngoại khoa,Tôi tự đánh mình và vết thương không muốn lành.
Tâm thần,"Tôi cảm thấy mình không thể chịu đựng được nữa, tôi cảm thấy quá tải và không thể nào có được một chút thời gian nghỉ ngơi."
Cơ xương khớp,"Sau khi đi bộ, tôi cảm thấy đau ở lòng bàn chân."
Tai Mũi Họng,"Tôi cảm thấy lạnh cóng, như một viên đá. Chị tôi nói rằng chị ấy cần nhiều chăn để đắp cho đủ ấm."
Thần kinh/Tiêu hóa,"Khi mệt mỏi, tôi cảm thấy đầu mình nặng trĩu."
Tiêu hóa,Tôi bị đau đầu mỗi ngày.
Tai Mũi Họng,"Dù nhiệt độ trong nhà có cao, người tôi vẫn luôn cảm thấy lạnh."
Da liễu,Mặt tôi nổi đầy mụn.
Da liễu,Mụn có phải là bệnh ngoài da không?
Thấp khớp/Chỉnh hình,Tôi cảm thấy tê rần ở cổ.
Chấn thương chỉnh hình,Làm sao để biết bạn có bị rách sụn chêm ở đầu gối hay không?
Ngoại khoa,"Tôi có một vết thương hở, đỏ và sưng lên."
Tim mạch,Tôi cảm thấy một cơn đau kỳ lạ và dữ dội bên trong lồng ngực.
Ngoại khoa,Tôi bị đứt tay và đang chảy máu.
Thấp khớp/Chỉnh hình,Tôi bị sưng ở cổ và rất đau.
Tai Mũi Họng,"Tôi không nghe rõ bằng tai, cảm giác như có vật gì đó gây khó chịu trong tai."
Da liễu,Ngực tôi nổi mụn đỏ và mụn đầu trắng.
Tâm thần,"Tôi cảm thấy tổn thương, trái tim tôi đau nhói."
Nhãn khoa,"Tôi bị nhìn mờ từ sáng nay, không biết nguyên nhân là gì?"
Chấn thương chỉnh hình,Tôi có cảm giác như xương bánh chè đang cọ xát vào nhau mỗi khi đi bộ.
Tai Mũi Họng,Tôi bị đau tai mỗi khi đi bơi.
Tâm thần,Tôi bị rối loạn cảm xúc.
Thần kinh/Tiêu hóa,Sọ bị vỡ như quả hạch
Da liễu,"Tóc tôi rụng không rõ lý do, tôi thấy rất nhiều tóc trên bàn làm việc."
Hô hấp,Tôi không gặp vấn đề gì khi hít vào nhưng thở ra thì rất nặng nhọc.
Tâm thần,"Mỗi khi nghĩ về cha mẹ, tôi lại cảm thấy đau lòng."
Đa khoa,"Mỗi khi tôi đứng dậy, đầu tôi lại bắt đầu quay cuồng."
Tai Mũi Họng,Tôi không thể ngừng ho
Chấn thương chỉnh hình,Lưng tôi đau quá.
Da liễu,Trên mặt tôi có vài nốt mụn khiến tôi rất khó chịu.
Thần kinh/Tiêu hóa,Tôi cảm thấy đau nhói ở đầu mỗi khi suy nghĩ quá nhiều.
Cơ xương khớp,"Sau khi chơi bóng đá, tôi bị đau cơ ở cả hai chân."
Tai Mũi Họng,"Tôi được chẩn đoán mắc chứng thiếu máu do thiếu vitamin B12, điều này giải thích tại sao tôi luôn cảm thấy lạnh."
Cơ xương khớp,Hôm qua tôi mang một chiếc túi nặng và sáng nay khi thức dậy tôi cảm thấy vai rất đau.
Cơ xương khớp,Tôi bị đau cơ thang.
Tim mạch,Tôi cảm thấy đau nhói từ ngực lan lên đến cánh tay trái.
Da liễu,"Tôi bị nổi mụn ở ngực với những mảng đỏ, tình trạng này càng trầm trọng hơn khi trời nóng."
Ngoại khoa,Tôi bị một vết thương sâu ở tay và không thể cầm máu được.
Chấn thương chỉnh hình,Tôi cảm thấy có tiếng lách cách ở đầu gối mỗi khi bước đi.
Tiêu hóa,"Cảm giác khó chịu hoặc đau nhức ở một điểm nào đó dọc theo phía trước cơ thể, giữa cổ và vùng bụng trên."
Cơ xương khớp,Tôi bị đau nhói ở bắp tay.
Da liễu,Tôi có những đốm đen trên da.
Cơ xương khớp,Tôi bị ngã khi nhảy lên để bắt bóng.
Tai Mũi Họng,"Khi tôi cố gắng nghe điện thoại, tôi phát hiện ra mình không nghe thấy giọng người ở đầu dây bên kia."
Chấn thương chỉnh hình,Tôi bị đau đầu gối khi đang bơi.
Nhãn khoa,Tôi nhận thấy thị lực của mình giảm sút đáng kể khi cố gắng nhìn những vật ở cự ly gần.
Đa khoa,"Tôi không thể làm gì cả, toàn thân tôi đều yếu ớt."
Tai Mũi Họng,Nghe thấy bất kỳ tiếng động lớn nào cũng khiến tai tôi đau nhức.
Chấn thương chỉnh hình,Tôi bị đau nhói và nghe thấy tiếng lách cách ở khớp mắt cá chân mỗi khi cố gắng đứng lên và đi lại.
Tai Mũi Họng,"Tôi cứ mãi không thấy ấm. Ngay cả khi mọi người xung quanh đều ấm áp, tôi vẫn luôn cảm thấy lạnh."
Ngoại khoa,"Bạn sẽ không tin đâu, nhưng vết thương nhiễm trùng trên tay tôi là do một vết cắt giấy mà tôi đã không coi trọng."
Tiêu hóa,"Sau khi ăn, tôi cảm thấy nóng rát bên trong cơ thể."
Thần kinh/Tiêu hóa,Tôi bị đau đầu ở phía sau và cơn đau kéo dài cả ngày.
Cơ xương khớp,Tôi bị thương khi tập thể dục
Chấn thương chỉnh hình,Tôi gặp khó khăn khi cử động đầu gối.
Cơ xương khớp,"Mỗi khi đi bộ, tôi đều cảm thấy đau nhói ở mu bàn chân."
Thần kinh/Tiêu hóa,Cơn đau đầu tồi tệ nhất là khi tôi bị say rượu hồi hai mươi tuổi: Tôi thực sự nghĩ mình sắp chết vì viêm não.
Chấn thương chỉnh hình,Các khớp của tôi cảm thấy sưng tấy.
Đa khoa,Tôi cảm thấy như thế giới cứ xoay vòng vòng.
Chấn thương chỉnh hình,Đầu gối tôi bị vướng và đau khi mới đứng dậy sau khi ngồi.
Ngoại khoa,"Tôi có một vết thương giữa các ngón chân, vết thương lành lại qua đêm nhưng lại tái phát mỗi ngày khi tôi mang giày tây đi làm."
Chấn thương chỉnh hình,Tôi bị đau lưng khi mang vác đồ nặng.
Tiêu hóa,Tôi cảm thấy khó chịu toàn thân.
Thần kinh/Tiêu hóa,Đầu tôi đau quá.
Cơ xương khớp,Tôi không thể cử động vai vì đau.
Tim mạch,Tôi cảm thấy đau nhói trong tim.
Ngoại khoa,Tôi bị đứt chân ở bể bơi và vết thương cứ hở ra mỗi khi tôi đi lại.
Da liễu,Tôi nhận thấy một số vấn đề về da và đã thử dùng kem nhưng tình trạng không được cải thiện.
Tai Mũi Họng,Phổi tôi cảm thấy nặng trĩu như thể chứa đầy chất nhầy.
Thấp khớp/Chỉnh hình,Tôi cảm thấy đau cổ sau khi thức dậy.
Thần kinh/Tiêu hóa,Tôi cảm thấy đau nhói ở đầu mỗi khi suy nghĩ quá nhiều.
Tai Mũi Họng,"Tôi không thể ngừng run rẩy hay nới lỏng hàm, tôi lạnh đến mức đó."
Chấn thương chỉnh hình,Đứng chưa đến năm phút mà lưng tôi bắt đầu đau.
Thần kinh/Tiêu hóa,Tôi cảm thấy như có ai đó đang dùng búa đập vào đầu mình. Tôi thấy đau nhức ở đỉnh đầu và nó cứ giật giật.
Tiêu hóa,Tôi bị đau nhói ở bụng.
Tiêu hóa,Tôi bị đau lan từ hông phải lên đến lồng ngực. Cơn đau dữ dội nhất khi tôi đi tiểu.
Ngoại khoa,"Tôi bị đứt tay khi mở lon đồ hộp, máu cứ chảy không ngừng và vết thương đang hở miệng."
Ngoại khoa,Vết thương của tôi có vẻ không lành tốt.
Tiêu hóa,Đau nhói và khó thở
Tiêu hóa,Tôi bị khó tiêu
Đa khoa,"Khi ăn quá nhiều đường, cơ thể tôi trở nên yếu và chóng mặt."
Nhãn khoa,"Mỗi khi ăn đường, tôi nhận thấy thị lực của mình bị mờ."
Ngoại khoa,Có một người bị thương.
Chấn thương chỉnh hình,"Mỗi khi leo cầu thang, đầu gối phải của tôi đều bị đau."
Da liễu,Tôi hay phàn nàn về dị ứng da.
Nhãn khoa,Tôi đã thử đeo kính để nhìn rõ hơn nhưng vẫn không thấy có gì thay đổi.
Cơ xương khớp,Tôi ngừng chơi thể thao vì bị chấn thương khi chơi thể thao.
Hô hấp,Tôi gần như không thở được
Đa khoa,Tôi cảm thấy cơ bắp mệt mỏi.
Chấn thương chỉnh hình,Tôi bị đau khớp sau chấn thương trong trận bóng đá gần đây nhất.
Chấn thương chỉnh hình,Tôi không thể làm việc tốt vì bị đau đầu gối.
Da liễu,"Da ở lưng tôi có màu đỏ, tôi không biết tại sao."
Chấn thương chỉnh hình,Tôi bị đau khớp khi cố gắng gập chân hoặc tay.
Tai Mũi Họng,"Ban đầu chỉ là chứng ù tai, nhưng giờ cơn đau nhức nhối và không thể chịu đựng được."
Tiêu hóa,Tôi cảm thấy khó chịu toàn thân.
Cơ xương khớp,Tôi bị đau vai dữ dội.
Ngoại khoa,"Tôi có một vết thương hở, đỏ và sưng lên."
Ngoại khoa,Vết thương của tôi bị nhiễm trùng hay chỉ đang lành lại?
Da liễu,Sáng nào gối tôi cũng có rất nhiều tóc.
Nhãn khoa,Thật khó để nhìn thấy mọi thứ
Tai Mũi Họng,Tôi có rất nhiều đờm khi ho.
Chấn thương chỉnh hình,"Khi chơi bóng đá, tôi bị đau khớp."
Chấn thương chỉnh hình,Tôi bị đau khớp khi cố gắng gập chân hoặc tay.
Cơ xương khớp,Tôi bị đau vai sau khi làm bất cứ việc gì liên quan đến nhà.
Tai Mũi Họng,Mỗi lần hít thở sâu là tôi lại ho.
Tai Mũi Họng,Đau tai dữ dội
Cơ xương khớp,Tôi bị đau vai dữ dội.
Tai Mũi Họng,Nhiệt độ cơ thể tôi giảm xuống và toàn thân bị co giật.
Tiêu hóa,Tôi bị đau lan từ hông phải lên đến lồng ngực. Cơn đau dữ dội nhất khi tôi đi tiểu.
Da liễu,Tôi bị phát ban da sau khi ăn kem.
Đa khoa,"Kết quả xét nghiệm CBC của tôi cho thấy 10 Hb, tôi cảm thấy mệt mỏi vì công việc ít ỏi."
Tai Mũi Họng,Đau tai dữ dội
Thần kinh/Tiêu hóa,Không thể tập trung
Tiêu hóa,Tôi bị đau nhói ở vùng bụng dưới.
Da liễu,"Da ở lưng tôi có màu đỏ, tôi không biết tại sao."
Cơ xương khớp,Tôi bị đau lòng bàn chân khi mang giày cao gót.
Da liễu,Tôi có những đốm đen trên da.
Tai Mũi Họng,"Tôi bị ho gà kèm theo nhiều đờm, cần thuốc long đờm."
Cơ xương khớp,"Tôi đã đi bộ 3 km, và cảm thấy đau nhức ở chân, giống như đau bàn chân vậy."
Thần kinh/Tiêu hóa,"Đầu tôi nặng trĩu, không thể suy nghĩ bình thường được."
Ngoại khoa,"vết rách, vết thủng hoặc lỗ hở trên da"
Tiêu hóa,Tôi cảm thấy đau nhức toàn thân.
Tim mạch,Tôi cảm thấy đau nhói từ ngực lan lên đến cánh tay trái.
Cơ xương khớp,Tôi không thể chịu đựng được cảm giác khó chịu này ở vai.
Thấp khớp/Chỉnh hình,Tôi hầu như không thể cử động cổ được. Nó đau quá.
Tiêu hóa,Tôi bị đau nhói ở vùng bụng dưới.
Cơ xương khớp,Chân tôi bị đau và không thể xoay được. Có lẽ nó bị gãy rồi.
Tim mạch,Tôi cảm thấy một cơn đau kỳ lạ và dữ dội bên trong lồng ngực.
Chấn thương chỉnh hình,Làm sao để biết bạn có bị rách sụn chêm ở đầu gối hay không?
Da liễu,Tôi bị rụng tóc rất nhiều.
Da liễu,Mụn ở ngực tôi cứ nổi lên và không bao giờ hết.
Nhãn khoa,Tôi có đôi mắt mờ đục.
Tiêu hóa,Tôi bị đau nội tạng.
Hô hấp,Tôi gặp khó khăn khi thở ở những nơi đông người.
Cơ xương khớp,"Hồi còn nhỏ, tôi từng bị chấn thương đầu gối do chơi thể thao."
Cơ xương khớp,Tôi bị đau cơ bụng dữ dội từ khi đi tập gym.
Tiêu hóa,Tôi cảm thấy đau bụng.
Ngoại khoa,"Tôi có một vết thương giữa các ngón chân, vết thương lành lại qua đêm nhưng lại tái phát mỗi ngày khi tôi mang giày tây đi làm."
Tai Mũi Họng,Tôi luôn cảm thấy ngứa rát ở cổ họng.
Nhãn khoa,"Tôi lo lắng về khả năng lái xe của mình, vì tôi hầu như không thể tập trung khi ngồi sau tay lái, mắt tôi cứ chảy nước mắt."
Tai Mũi Họng,Khi đi ngủ tôi cảm thấy lạnh.
Cơ xương khớp,Vai tôi bị đau.
Tiêu hóa,đau quặn bụng khắp vùng bụng
Tai Mũi Họng,"Ban đầu chỉ là chứng ù tai, nhưng giờ cơn đau nhức nhối và không thể chịu đựng được."
Chấn thương chỉnh hình,Tôi rất đau lưng mỗi khi cúi người.
Da liễu,Tôi nhận thấy một số vấn đề về da và đã thử dùng kem nhưng tình trạng không được cải thiện.
Hô hấp,Tôi cảm thấy như có thứ gì đó đang bóp nghẹt phổi mình.
Cơ xương khớp,Tôi bị đau cơ.
Hô hấp,Ngực tôi đau khi hít thở.
Tâm thần,Tôi cảm thấy buồn
Tai Mũi Họng,Tôi cảm thấy lạnh và ớn lạnh dù đã mặc quần áo dày.
Đa khoa,Tôi cảm thấy cơ thể yếu ớt mặc dù tôi vẫn uống vitamin đều đặn.
Cơ xương khớp,Chân tôi bị đau từ thứ Ba tuần trước.
Da liễu,Tôi bị mụn ở lưng.
Chấn thương chỉnh hình,Tôi bị đau nhói dọc sống lưng.
Da liễu,Có thứ gì đó tối màu trên cánh tay tôi.
Tim mạch,Tôi bị đau ngực và cảm thấy rất buồn.
Ngoại khoa,Điều gì giúp vết thương mau lành hơn?
Chấn thương chỉnh hình,Làm sao để biết bạn có bị rách sụn chêm ở đầu gối hay không?
Tai Mũi Họng,Tôi bị đau nhói ở tai.
Chấn thương chỉnh hình,Tôi bị đau lưng khi mang vác đồ nặng.
Ngoại khoa,Tôi bị rách da giữa ngón tay cái và ngón trỏ và vết thương không lành lại được.
Đa khoa,Tôi cảm thấy chóng mặt và mất phương hướng.
Tiêu hóa,Bụng tôi bắt đầu đau nhưng sau khi ăn thứ gì đó nhẹ nhàng thì lại thấy dễ chịu hơn.
Tai Mũi Họng,Tôi cảm thấy lạnh
Tiêu hóa,Đau ruột mãn tính
Đa khoa,Tôi đã cố gắng làm giảm bớt nó nhưng không được.
Chấn thương chỉnh hình,Lưng trên của tôi bị đau suốt một tuần nay.
Da liễu,"Tóc tôi rụng không rõ lý do, tôi thấy rất nhiều tóc trên bàn làm việc."
Cơ xương khớp,Tôi đã thử xoa bóp chân nhưng chúng vẫn đau.
Hô hấp,Ngực tôi đau khi hít thở.
Thần kinh/Tiêu hóa,Cơn đau đầu tồi tệ nhất là khi tôi bị say rượu hồi hai mươi tuổi: Tôi thực sự nghĩ mình sắp chết vì viêm não.
Cơ xương khớp,Tôi bị đau cơ.
Da liễu,"Mỗi khi trời mưa, tôi lại bị nổi mẩn ngứa ở bụng và hai bên sườn."
Da liễu,Tôi bị mụn khắp mặt.
Da liễu,Da tôi bị ngứa.
Ngoại khoa,Nhiễm trùng vết mổ
Ngoại khoa,"Tôi bị một vết thương hở trên da bên trong một bên lỗ mũi, vết thương đã bị nhiễm trùng và hiện giờ chứa đầy mủ."
Thấp khớp/Chỉnh hình,Tôi gặp khó khăn khi cử động cổ.
Thấp khớp/Chỉnh hình,Tôi cảm thấy đau cổ sau khi thức dậy.
Da liễu,Bệnh mãn tính của nang tóc và tuyến bã nhờn
Cơ xương khớp,Hôm qua tôi mang một chiếc túi nặng và sáng nay khi thức dậy tôi cảm thấy vai rất đau.
Nhãn khoa,"Tôi không nhìn thấy biển báo, tầm nhìn của tôi bị mờ."
Tiêu hóa,Đau ruột mãn tính
Thấp khớp/Chỉnh hình,Tôi thức dậy mỗi sáng với chứng cứng cổ. Mát-xa giúp giảm đau nhưng vài ngày sau lại bị lại.
Tiêu hóa,Tôi đã phân tích rất nhiều để tìm ra nguyên nhân chính gây ra chứng đau bụng của mình.
Tai Mũi Họng,Tôi không thở được vì ho
Da liễu,Mặc dù đã trưởng thành nhưng mặt tôi vẫn cứ nổi mụn.
Chấn thương chỉnh hình,Tôi bị đau nhói dọc sống lưng.
Đa khoa,Tôi cảm thấy chóng mặt mỗi khi đứng dậy.
Ngoại khoa,Vết thương của tôi bị nhiễm trùng hay chỉ đang lành lại?
Tai Mũi Họng,"Tôi không nghe rõ bằng tai, cảm giác như có vật gì đó gây khó chịu trong tai."
Da liễu,Tóc tôi rụng từng mảng lớn.
Cơ xương khớp,"Sau khi đi bộ, tôi cảm thấy đau ở lòng bàn chân."
Đa khoa,"Khi đứng lên tôi cảm thấy chóng mặt, tôi không biết tại sao."
Chấn thương chỉnh hình,Tôi bị đau lưng rất nhiều.
Chấn thương chỉnh hình,Tôi cảm thấy như có kim châm vào các khớp của mình.
Đa khoa,Tôi đột nhiên cảm thấy chóng mặt khi đứng dậy.
Tai Mũi Họng,Tôi luôn cảm thấy ngứa rát ở cổ họng.
Tai Mũi Họng,Cảm giác ho càng tăng lên khi mùa đông đến.
Tâm thần,Tôi ước cảm giác mất mát đau đớn này có thể biến mất.
Cơ xương khớp,Tôi ngừng chơi thể thao vì bị chấn thương khi chơi thể thao.
Chấn thương chỉnh hình,Tôi cảm thấy đau lưng.
Tiêu hóa,Các triệu chứng của viêm ruột thừa là gì?
Chấn thương chỉnh hình,Lưng tôi đau quá nên không thể cúi xuống buộc dây giày được.
Cơ xương khớp,Tôi cảm thấy rất đau ở chân sau khi chơi một trong những trò chơi thể thao.
Cơ xương khớp,"Mỗi khi chơi tennis, tôi đều cảm thấy đau vai."
Chấn thương chỉnh hình,Tôi bị ngã xe đạp và từ đó tôi bị đau đầu gối dữ dội.
Tâm thần,Tôi ly hôn năm ngoái và tôi cứ mãi nghĩ đến việc trả thù chồng cũ.
Tiêu hóa,Tôi đã phân tích rất nhiều để tìm ra nguyên nhân chính gây ra chứng đau bụng của mình.
Tai Mũi Họng,Tôi bị khô họng.
Đa khoa,Tôi cảm thấy toàn thân yếu ớt và đã cố gắng thư giãn nhưng vẫn thấy đau.
Tim mạch,Tôi cảm thấy đau nhói trong tim mỗi khi thức dậy.
Tai Mũi Họng,"Tôi không nghe rõ bằng tai, cảm giác như có vật gì đó gây khó chịu trong tai."
Thần kinh/Tiêu hóa,Tôi bị đau đầu ở phía sau và cơn đau kéo dài cả ngày.
Chấn thương chỉnh hình,"Khi chơi thể thao, tôi cảm thấy nóng rát ở cột sống."
Chấn thương chỉnh hình,Toàn thân tôi đang trong tình trạng tồi tệ và tôi cần được điều trị tốt.
Chấn thương chỉnh hình,Tôi cảm thấy đau ở đầu gối.
Tai Mũi Họng,Tôi cảm thấy đau họng.
Tai Mũi Họng,"Tôi lo lắng vì khả năng chịu lạnh của mình kém, tôi luôn run rẩy, ngay cả khi ở ngoài trời nắng."
Chấn thương chỉnh hình,Tôi cảm thấy như có kim châm vào các khớp của mình.
Cơ xương khớp,Tôi bị đau nhói ở bắp tay.
Da liễu,Con trai tôi bị mụn trứng cá rất nhiều.
Da liễu,Tóc tôi rụng rất nhiều.
Ngoại khoa,Điều gì giúp vết thương mau lành hơn?
Tai Mũi Họng,Tôi bị đau tai mỗi khi chạm vào.
Tâm thần,"Tôi cảm thấy mình không thể chịu đựng được nữa, tôi cảm thấy quá tải và không thể nào có được một chút thời gian nghỉ ngơi."
Tai Mũi Họng,Tôi bị ớn lạnh và đau nhức khắp người.
Tai Mũi Họng,Tôi không thể cảm thấy ấm áp dù có mặc nhiều lớp áo hay bật máy sưởi ở mức cao nhất.
Đa khoa,Tôi thấy đầu óc quay cuồng mỗi khi thức dậy.
Cơ xương khớp,Tôi bị đau nhói ở bắp tay.
Ngoại khoa,Tôi nghĩ vết thương của tôi bị nhiễm trùng rồi.
Hô hấp,Tôi gần như không thở được
Tai Mũi Họng,Tôi bị đau nhói ở tai.
Tai Mũi Họng,"Ban đầu chỉ là chứng ù tai, nhưng giờ cơn đau nhức nhối và không thể chịu đựng được."
Cơ xương khớp,Tôi bị thương khi tập thể dục
Hô hấp,Tôi cảm thấy có gì đó làm tôi khó thở và tôi không thể thở được.
Tim mạch,Tôi cảm thấy như có một cây kim đang đâm xuyên tim mình.
Tiêu hóa,Tôi cảm thấy nóng rát ở bụng khoảng 2 tiếng sau mỗi bữa ăn.
Đa khoa,Tôi cảm thấy toàn thân yếu ớt.
Tim mạch,Vùng xung quanh tim tôi cảm thấy không ổn.
Tai Mũi Họng,Tôi thức giấc vào ban đêm vì cảm thấy lạnh.
Thần kinh/Tiêu hóa,"Tôi không thể đứng dậy, tôi cảm thấy não mình như đang di chuyển bên trong hộp sọ."
Tiêu hóa,Tôi cảm thấy đau bụng dữ dội.
Cơ xương khớp,Hôm qua tôi tập thể dục rất nhiều nên giờ tôi bị đau nhức cơ bắp dữ dội.
Cơ xương khớp,Chân tôi bị đau và không thể xoay được. Có lẽ nó bị gãy rồi.
Tâm thần,Tôi luôn cảm thấy rất buồn.
Nhãn khoa,"Khi lái xe, mắt tôi nhìn thấy hình ảnh kép."
Tai Mũi Họng,Tôi bị ngứa tai.
Da liễu,Có thứ gì đó tối màu trên cánh tay tôi.
Da liễu,Mặc dù đã trưởng thành nhưng mặt tôi vẫn cứ nổi mụn.
Ngoại khoa,Vết thương của tôi có vẻ không lành tốt.
Cơ xương khớp,Tôi bị va đập đầu trong trận bóng rổ. Liệu tôi có bị chấn động não không?
Tai Mũi Họng,Tai tôi bị đau và càng đau hơn khi nuốt. Tôi bị đau tai dữ dội và thuốc Tylenol cũng không giúp được gì.
Cơ xương khớp,Tôi bị va đập vào chân và nó đau lắm.
Tiêu hóa,"Cảm giác khó chịu hoặc đau nhức ở một điểm nào đó dọc theo phía trước cơ thể, giữa cổ và vùng bụng trên."
Tiêu hóa,Tôi thường bị đau bụng sau khi ăn. Tôi vẫn chưa xác định được loại thực phẩm nào là nguyên nhân gây ra tình trạng này.
Thấp khớp/Chỉnh hình,Tôi không thể xoay cổ.
Thấp khớp/Chỉnh hình,Cổ tôi cảm thấy cứng đờ.
Tâm thần,Tôi ly hôn năm ngoái và tôi cứ mãi nghĩ đến việc trả thù chồng cũ.
Tiêu hóa,Tôi có một nỗi đau nội tâm không thể diễn tả được.
Tâm thần,thở nặng nhọc kèm theo mệt mỏi
Thấp khớp/Chỉnh hình,Tôi không thể ngẩng đầu lên cúi xuống được.
Tai Mũi Họng,Tôi bị khô họng.
Cơ xương khớp,Tôi bị đau tay khi duỗi người.
Thấp khớp/Chỉnh hình,Tôi bị đau cổ và không thể nhìn xuống hay nhìn lên.
Thấp khớp/Chỉnh hình,Tôi bị đau nhói ở cổ.
Da liễu,Tôi cảm thấy như mình vừa rơi vào vũng nước nóng vậy.
Đa khoa,Tôi vốn luôn rất năng động nhưng giờ tôi không còn đủ sức lực hay năng lượng để đi bộ dù chỉ một quãng ngắn.
Tiêu hóa,Hôm qua ăn đồ ăn cay Ấn Độ thì tôi bị đau bụng và đầy hơi.
Da liễu,"Tôi bị nổi những mảng mụn lớn, ngứa rát trên lưng và rất đau."
Tai Mũi Họng,Tôi cảm thấy lạnh khi màn đêm buông xuống.
Chấn thương chỉnh hình,Tôi cảm thấy đau ở đầu gối khi đi bộ.
Thần kinh/Tiêu hóa,"Mỗi khi uống nhiều rượu, tôi lại bị đau đầu."
Chấn thương chỉnh hình,Tôi cảm thấy đau lưng.
Chấn thương chỉnh hình,Tôi cảm thấy đau nhức dữ dội ở khớp vai và cơn đau không thuyên giảm.
Tai Mũi Họng,Tôi bị vấn đề ở tai giữa do nhiễm trùng.
Chấn thương chỉnh hình,"Tôi không thể đi được, đầu gối tôi đau quá."
Thần kinh/Tiêu hóa,"Mỗi khi uống nhiều rượu, tôi lại bị đau đầu."
Chấn thương chỉnh hình,Đầu gối tôi bị vướng và đau khi mới đứng dậy sau khi ngồi.
Chấn thương chỉnh hình,Tôi bị đau khớp ở các ngón tay vào buổi sáng.
Cơ xương khớp,Tôi cảm thấy rất khó chịu ở hai bên cổ.
Tim mạch,Tôi cảm thấy đau nhói trong tim.
Ngoại khoa,Tôi bị đứt chân ở bể bơi và vết thương cứ hở ra mỗi khi tôi đi lại.
Da liễu,Tôi rất lo lắng mình sẽ bị hói đầu sớm. Tôi có bị bệnh nặng không?
Cơ xương khớp,"Tôi đi lại khó khăn, chân tôi bị đau."
Chấn thương chỉnh hình,Tôi bị đau nhức như kim châm ở các khớp.
Cơ xương khớp,Vai tôi bị đau khi cố gắng nâng vật nặng năm pound.
Cơ xương khớp,Tôi cảm thấy đau dữ dội ở vai trái.
Tim mạch,Tôi thường xuyên bị đau nhói ở ngực và không biết mình đang làm gì mà lại gây ra triệu chứng đó.
Da liễu,"Mỗi lần chải tóc, tôi đều thấy rất nhiều tóc mắc trong lược."
Tim mạch,Tôi cảm thấy tim mình đau nhói khi chạy một quãng đường dài.
Ngoại khoa,Tôi bị đứt tay cách đây vài tuần và dù đã bôi kem kháng sinh nhưng vết thương vẫn không đỡ.
Ngoại khoa,"Con trai tôi xăm hình cách đây vài tuần và vùng da xung quanh hình xăm bị sưng tấy, nóng rát và có vẻ như bị nhiễm trùng."
Cơ xương khớp,Tôi bị chấn thương trong một trận bóng đá và được chẩn đoán là tổn thương dây chằng chéo.
Tiêu hóa,"Tôi cảm thấy đau đớn bên trong, tôi không biết đó là gì."
Thần kinh/Tiêu hóa,Tôi bị đau đầu từ khi thức dậy sáng nay.
Chấn thương chỉnh hình,Tôi bị đau đầu gối khi chơi squash.
Tai Mũi Họng,Tôi cảm thấy lạnh
Chấn thương chỉnh hình,Tôi đang chơi bóng đá và bị chấn thương đau khớp.
Hô hấp,"Năm ngoái, bà tôi phải nhập viện vì khó thở."
Đa khoa,Tôi cảm thấy chóng mặt và mất phương hướng.
Thấp khớp/Chỉnh hình,Tôi cảm thấy đau ở cổ.
Tiêu hóa,Tôi thường bị đau bụng sau khi ăn. Tôi vẫn chưa xác định được loại thực phẩm nào là nguyên nhân gây ra tình trạng này.
Cơ xương khớp,Tôi bị đau cơ thang.
Tiêu hóa,"Cảm giác khó chịu hoặc đau nhức ở một điểm nào đó dọc theo phía trước cơ thể, giữa cổ và vùng bụng trên."
Tim mạch,Vùng xung quanh tim tôi cảm thấy không ổn.
Tiêu hóa,Tôi bị đau bụng dữ dội và không thể ăn bất cứ thứ gì.
Da liễu,"Mỗi lần chải tóc, tôi đều thấy rất nhiều tóc mắc trong lược."
Chấn thương chỉnh hình,Tôi cảm thấy đau nhức ở đầu gối khi đi bộ.
Đa khoa,Tôi đang đi du thuyền và cảm thấy chóng mặt.
Tim mạch,Tôi cảm thấy như có một cây kim đang đâm xuyên tim mình.
Da liễu,"Tôi bị nổi mụn trên mặt, lúc có lúc không."
Tai Mũi Họng,Hệ thống sưởi trong nhà tôi bị hỏng nên tôi cảm thấy rất lạnh.
Cơ xương khớp,Tôi bị thương khi tập thể dục
Tai Mũi Họng,"Mỗi khi hắt hơi mạnh, tôi cảm thấy đau tai."
Tâm thần,Tôi thất vọng
Tiêu hóa,Tôi cảm thấy đau bụng.
Cơ xương khớp,"Mỗi khi chơi tennis, tôi đều cảm thấy đau vai."
Cơ xương khớp,Tôi không thể đi lại được vì chân tôi đau quá.
Hô hấp,Tôi bị nghẹt mũi suốt ngày và có chất dịch nhầy dính trong cổ họng khiến tôi không thể ngủ được. Tôi thường phải ngủ trưa trong tư thế ngồi.
Cơ xương khớp,Tôi cảm thấy rất đau ở vai mỗi khi cố gắng nâng vật nặng.
Thấp khớp/Chỉnh hình,Tôi cảm thấy đau cổ khi đang làm việc.
Cơ xương khớp,"Mỗi khi chơi tennis, tôi đều cảm thấy đau vai."
Cơ xương khớp,Tôi không thể đi lại được vì chân tôi đau quá.
Da liễu,Dạo này tôi thấy tóc mình rụng nhiều quá.
Tâm thần,"Tôi đã thử đọc sách, nhưng chẳng có gì làm tôi vui lên được cả."
Tai Mũi Họng,Tôi cảm thấy lạnh và ớn lạnh dù đã mặc quần áo dày.
Tâm thần,"Tôi cảm thấy buồn, như thể bị tổn thương hoặc đau đớn."
Chấn thương chỉnh hình,Tôi không thể tập thể dục vì bị đau đầu gối.
Cơ xương khớp,"Mỗi khi giơ tay lên, tôi cảm thấy đau nhức ở vai."
Cơ xương khớp,"Tôi cảm thấy như có một cục u sưng tấy ở xương bả vai, kèm theo cơn đau nhói từ đó."
Thần kinh/Tiêu hóa,Tôi bị đau đầu gần như mỗi ngày.
Tâm thần,Tôi cảm thấy vô cùng đau khổ về mặt tinh thần sau khi chia tay bạn gái.
Da liễu,Tóc tôi bị rụng khi tôi chải tóc.
Tai Mũi Họng,Tôi cảm thấy toàn thân như đang ở trong tủ lạnh.
Thấp khớp/Chỉnh hình,Tôi cảm thấy đau ở cổ.
Da liễu,"Khi chải tóc, tôi nhận thấy có những mảng tóc lớn rụng ra trên lược."
Cơ xương khớp,Vết sẹo dài trên mông trái của tôi là do ngã xe đạp leo núi.
Cơ xương khớp,Tôi bị đau lưng dưới nhưng nếu duỗi người thì đỡ hơn.
Da liễu,Mụn ở ngực tôi cứ nổi lên và không bao giờ hết.
Cơ xương khớp,Tại sao vai tôi lại đau khi tôi cố gắng nhặt quần áo giặt?
Chấn thương chỉnh hình,Tôi nghĩ mình đã làm quá sức khi khiêng đống gỗ đó từ ngoài sân về. Lưng dưới của tôi đau nhức kinh khủng.
Tim mạch,Tôi cảm thấy một cơn đau kỳ lạ và dữ dội bên trong lồng ngực.
Tai Mũi Họng,Tôi nghĩ có dịch trong tai tôi.
Tai Mũi Họng,Tôi không ngủ được vì ho
Cơ xương khớp,Cơ bắp tay của tôi bắt đầu đau nhức sau khi tôi đến phòng tập thể dục.
Tai Mũi Họng,"Tôi cứ mãi không thấy ấm. Ngay cả khi mọi người xung quanh đều ấm áp, tôi vẫn luôn cảm thấy lạnh."
Da liễu,Mụn của tôi bị ngứa và chảy dịch.
Chấn thương chỉnh hình,Tôi cảm thấy đau nhức như xương cọ xát vào nhau ở đầu gối khi leo cầu thang.
Cơ xương khớp,"Lúc đầu tôi cảm thấy tê cứng, nhưng sau đó hàng nghìn mũi kim bắt đầu châm chích khắp bàn chân."
Da liễu,Da tôi bị ngứa và viêm.
Thần kinh/Tiêu hóa,"Tôi bị đau đầu vùng trán và mỗi khi bị đau, ánh sáng lại làm tôi khó chịu."
Cơ xương khớp,Tôi cảm thấy rất đau ở vai mỗi khi cố gắng nâng vật nặng.
Thấp khớp/Chỉnh hình,Tôi bị đau cổ nên không ngủ được.
Cơ xương khớp,Tôi bị đau nhức cơ vai mỗi khi cử động tay.
Cơ xương khớp,"Mỗi sáng thức dậy, cổ tôi đều có cảm giác như ngủ sai tư thế."
Thấp khớp/Chỉnh hình,Tôi bị đau cổ và không thể chịu đựng được cơn đau này.
Tai Mũi Họng,Tai tôi bị đau khi nghe nhạc.
Ngoại khoa,"Tôi cảm thấy không khỏe, vết thương của tôi bị nhiễm trùng."
Thần kinh/Tiêu hóa,"Mỗi khi uống nhiều rượu, tôi lại bị đau đầu."
Chấn thương chỉnh hình,Đầu gối tôi có cảm giác như bị rỉ sét và đột nhiên tôi không thể gập nó lại được nữa.
Chấn thương chỉnh hình,Tôi cảm thấy đau nhức như xương cọ xát vào nhau ở đầu gối khi leo cầu thang.
Tim mạch,Tim tôi đập nhanh và điều đó khiến tôi sợ hãi.
Tai Mũi Họng,Tôi bị ngứa tai.
Nhãn khoa,Tôi có đôi mắt mờ đục.
Đa khoa,"Khi đứng dậy quá nhanh, tôi bắt đầu cảm thấy chóng mặt và choáng váng."
Tai Mũi Họng,"Tôi bị ho gà kèm theo nhiều đờm, cần thuốc long đờm."
Chấn thương chỉnh hình,Tôi cảm thấy như có thứ gì đó sưng và viêm ở phía sau đầu gối.
Chấn thương chỉnh hình,Tôi cảm thấy đau ở đầu gối khi đi bộ.
Đa khoa,"Khi đứng lên tôi cảm thấy chóng mặt, tôi không biết tại sao."
Cơ xương khớp,"Mỗi khi đi bộ, tôi đều cảm thấy đau nhói ở mu bàn chân."
Tim mạch,Tôi bị đau ngực và cảm thấy rất buồn.
Hô hấp,"Tôi được chẩn đoán mắc bệnh viêm phổi, tôi khó thở."
Thấp khớp/Chỉnh hình,Tôi bị đau cổ khi ngồi trước máy tính xách tay.
Chấn thương chỉnh hình,"Mỗi khi mang vác đồ nặng, tôi cảm thấy như lưng mình sắp gãy."
Cơ xương khớp,"Tôi đã đi bộ 3 km, và cảm thấy đau nhức ở chân, giống như đau bàn chân vậy."
Chấn thương chỉnh hình,Tôi cảm thấy đau ở đầu gối.
Hô hấp,Tôi cảm thấy như mình không thể hít thở sâu được.
Nhãn khoa,"Khi lái xe, mắt tôi nhìn thấy hình ảnh kép."
Chấn thương chỉnh hình,Tôi cảm thấy đau nhức như xương cọ xát vào nhau ở đầu gối khi leo cầu thang.
Tim mạch,Tim tôi như muốn nổ tung.
Da liễu,Con trai tôi bị mụn trứng cá rất nhiều.
Chấn thương chỉnh hình,Tôi bị đau nhói dọc sống lưng.
Tim mạch,Tôi cảm thấy như tim mình sắp nhảy ra khỏi lồng ngực. Đau quá.
Cơ xương khớp,"Mỗi sáng thức dậy, cổ tôi đều có cảm giác như ngủ sai tư thế."
Đa khoa,"Khi thức dậy vào buổi sáng, tôi cảm thấy cơ thể rất yếu."
Tai Mũi Họng,Tai tôi bị ù.
Ngoại khoa,Vết thương của tôi không lành tốt và tình trạng này đã kéo dài hai tuần rồi.
Tiêu hóa,Tôi cảm thấy rất đau ở vùng bụng.
Chấn thương chỉnh hình,"Tôi bị đau lưng, không thể duỗi thẳng được."
Cơ xương khớp,"Mỗi khi cử động tay, vai phải của tôi lại kêu lách tách."
Cơ xương khớp,Hôm qua tôi bị đau vai.
Tiêu hóa,Tôi bị đau nhói ở bụng.
Cơ xương khớp,"Tôi đi lại khó khăn, chân tôi bị đau."
Chấn thương chỉnh hình,Tôi rất đau lưng mỗi khi cúi người.
Nhãn khoa,"Tôi bị nhìn mờ và không nhìn rõ trong bóng tối, nguyên nhân là gì vậy bác sĩ?"
Tiêu hóa,Tôi bị đau bụng dữ dội và không thể ăn bất cứ thứ gì.
Tim mạch,Vùng xung quanh tim tôi cảm thấy không ổn.
Cơ xương khớp,"Tôi đi lại khó khăn, chân tôi bị đau."
Tâm thần,Tôi không hiểu sao mình cứ buồn mãi.
Tai Mũi Họng,Tai tôi đau quá.
Thần kinh/Tiêu hóa,Tôi cảm thấy đau đầu dữ dội.
Đa khoa,"Khi tôi thức dậy, tôi cảm thấy chóng mặt và ngã xuống."
Ngoại khoa,"Tôi có một vết thương hở, đỏ và sưng lên."
Đa khoa,"Khi ăn quá nhiều đường, cơ thể tôi trở nên yếu và chóng mặt."
Tâm thần,"Sau khi chia tay, tôi cảm thấy có điều gì đó lạ lẫm trong mình."
Tim mạch,Tôi cảm thấy nhịp tim tăng nhanh khi bị chích.
Cơ xương khớp,Chân tôi bị đau và không thể xoay được. Có lẽ nó bị gãy rồi.
Ngoại khoa,Tôi vô tình bị dao cứa vào tay khi đang nấu ăn.
Chấn thương chỉnh hình,Tôi cảm thấy đau ở đầu gối.
Chấn thương chỉnh hình,Tôi cảm thấy như có thứ gì đó sưng và viêm ở phía sau đầu gối.
Nhãn khoa,Mọi thứ trông như thể đang ở trong một khu vực đầy khói.
Tim mạch,"Tôi không thể chịu đựng được cảm giác khó chịu, nghẹn ngào trong ngực này."
Thấp khớp/Chỉnh hình,Đau ở vùng cổ lớn
Ngoại khoa,Vết thương hở ở tay tôi bị nhiễm trùng.
Chấn thương chỉnh hình,Tôi bị đau ở khớp khuỷu tay.
Nhãn khoa,Tôi bị nhìn mờ.
Tai Mũi Họng,"Tôi vừa đi máy bay cách đây vài ngày và lần này, trong lúc hạ cánh, tai tôi vẫn bị ù và đau."
Hô hấp,"Tôi cảm thấy không khỏe, tôi không thể thở được."
Đa khoa,Tôi cảm thấy toàn thân rất yếu.
Đa khoa,Mỗi khi đứng dậy tôi đều cảm thấy chóng mặt.
Nhãn khoa,Tôi đang xem tivi thì đột nhiên bị nhìn mờ.
Da liễu,Da tôi bị ngứa và viêm.
Chấn thương chỉnh hình,"Mỗi khi cúi xuống, tôi lại cảm thấy đau nhói ở lưng."
Đa khoa,Tôi cảm thấy toàn thân yếu ớt và đã cố gắng thư giãn nhưng vẫn thấy đau.
Nhãn khoa,"Mỗi khi ăn đường, tôi nhận thấy thị lực của mình bị mờ."
Tiêu hóa,Tôi cảm thấy rất đau ở vùng bụng.
Tai Mũi Họng,Nhiệt độ cơ thể tôi giảm xuống và toàn thân bị co giật.
Da liễu,"Tóc tôi rụng từng mảng lớn, đặc biệt là khi gội đầu."
Cơ xương khớp,Tôi bị đau nhói ở bắp chân.
Tai Mũi Họng,Tai tôi bị đau và càng đau hơn khi nuốt. Tôi bị đau tai dữ dội và thuốc Tylenol cũng không giúp được gì.
Tai Mũi Họng,"Khi tôi cố gắng nghe điện thoại, tôi phát hiện ra mình không nghe thấy giọng người ở đầu dây bên kia."
Ngoại khoa,"Tôi bị đứt tay khi mở lon đồ hộp, máu cứ chảy không ngừng và vết thương đang hở miệng."
Tim mạch,Tôi bị đau tim dữ dội.
Da liễu,Tôi bị phát ban lạ trên cánh tay.
Đa khoa,Tôi cảm thấy chóng mặt sau khi bị tiêu chảy nặng.
Nhãn khoa,Tôi không nhìn rõ.
Chấn thương chỉnh hình,Tôi bị đau đầu gối khi chơi squash.
Thần kinh/Tiêu hóa,"Tôi không thể đứng dậy, tôi cảm thấy não mình như đang di chuyển bên trong hộp sọ."
Nhãn khoa,Tôi nhận thấy thị lực của mình giảm sút đáng kể khi cố gắng nhìn những vật ở cự ly gần.
Đa khoa,"Tôi cảm thấy toàn thân yếu ớt, mặt mũi tái nhợt và không ngủ ngon được."
Da liễu,"Khi tôi thức dậy, tôi thấy da mình mờ ảo."
Da liễu,Khi tôi cố gắng chăm sóc tóc thì phát hiện ra tóc mình bị rụng nhiều.
Thấp khớp/Chỉnh hình,Đầu tôi đau quá.
Da liễu,Tôi bị nổi mụn khi ăn ớt.
Da liễu,Con trai tôi bị mụn trứng cá rất nhiều.
Thần kinh/Tiêu hóa,Đầu tôi đau quá.
Tai Mũi Họng,Tôi cảm thấy lạnh dù nhiệt độ cao.
Thấp khớp/Chỉnh hình,Tôi không thể ngẩng đầu lên cúi xuống được.
Tai Mũi Họng,"Tôi vừa đi máy bay cách đây vài ngày và lần này, trong lúc hạ cánh, tai tôi vẫn bị ù và đau."
Chấn thương chỉnh hình,Tôi cảm thấy cứng khớp ở khuỷu tay và vai.
Hô hấp,Tôi gặp khó khăn khi thở ở những nơi đông người.
Da liễu,Tôi hay phàn nàn về dị ứng da.
Tai Mũi Họng,Tôi không thể thở được
Tai Mũi Họng,"Tôi không thể ngừng run rẩy hay nới lỏng hàm, tôi lạnh đến mức đó."
Chấn thương chỉnh hình,Tôi cảm thấy đau ở đầu gối khi đi bộ.
Cơ xương khớp,Tôi vẫn không cảm thấy cơ bắp của mình đỡ hơn.
Tâm thần,thở nặng nhọc kèm theo mệt mỏi
Tiêu hóa,Tôi cảm thấy đau bụng.
Da liễu,Tôi cần tìm phương pháp điều trị rụng tóc.
Tiêu hóa,Tôi bị đau bụng.
Chấn thương chỉnh hình,Tôi cảm thấy đau lưng.
Ngoại khoa,"Tôi bị một vết thương hở trên da bên trong một bên lỗ mũi, vết thương đã bị nhiễm trùng và hiện giờ chứa đầy mủ."
Tai Mũi Họng,Lần trước đi máy bay tôi bị cảm lạnh và đến giờ vẫn còn cảm giác khó chịu ở tai.
Tai Mũi Họng,"Tai trái của tôi không sao, nhưng tai phải thì có cảm giác như bị đâm bằng đinh."
Thần kinh/Tiêu hóa,Tôi bị đau đầu mỗi khi ăn kem.
Thấp khớp/Chỉnh hình,Tôi cảm thấy đau ở cổ.
Chấn thương chỉnh hình,"Cơn đau dữ dội, đặc biệt là khi tôi xuống cầu thang, cảm giác như có thứ gì đó bị gãy bên trong đầu gối."
Đa khoa,"Khi tôi thức dậy, tôi cảm thấy chóng mặt và ngã xuống."
Chấn thương chỉnh hình,Tôi cảm thấy rất đau nhức ở các khớp.
Thần kinh/Tiêu hóa,"Khi mệt mỏi, tôi cảm thấy đầu mình nặng trĩu."
Ngoại khoa,Vết thương của tôi có vẻ không lành tốt.
Chấn thương chỉnh hình,"Khi chơi thể thao, tôi cảm thấy nóng rát ở cột sống."
Nhãn khoa,Tôi không nhìn rõ.
Tiêu hóa,Bên trái của tôi đau nhức nhiều.
Da liễu,Tóc tôi bị rụng nhiều sau khi tắm.
Đa khoa,Tôi chẳng làm gì ở nhà cả mà vẫn cảm thấy kiệt sức.
Tai Mũi Họng,Tôi không biết tại sao mình lại cảm thấy lạnh.
Cơ xương khớp,Tôi bị đau vai mỗi khi cố gắng mang vác đồ tạp hóa.
Chấn thương chỉnh hình,"đỏ, sưng tấy và khó đi lại"
Da liễu,Tôi bị mụn ở lưng.
Da liễu,Tóc tôi rụng rất nhiều.
Tâm thần,"Tôi cảm thấy buồn, như thể bị tổn thương hoặc đau đớn."
Đa khoa,"Khi thức dậy vào buổi sáng, tôi cảm thấy kỳ lạ và chóng mặt."
Nhãn khoa,"Khi lái xe, mắt tôi nhìn thấy hình ảnh kép."
Thần kinh/Tiêu hóa,"Khi mệt mỏi, tôi cảm thấy đầu mình nặng trĩu."
Tim mạch,Tim tôi như muốn nổ tung.
Cơ xương khớp,"Sau khi chơi tennis, tôi cảm thấy một cảm giác mạnh ở gần cổ."
Cơ xương khớp,"Tôi đi lại khó khăn, chân tôi bị đau."
Da liễu,Tôi cảm thấy như mình vừa rơi vào vũng nước nóng vậy.
Ngoại khoa,"Con trai tôi vừa trải qua điều trị tủy răng và nha sĩ vô tình cắt vào bên trong má của cháu, giờ vết thương không lành được."
Da liễu,Có cách nào chữa khỏi mụn trứng cá không?
Da liễu,Khi tôi cố gắng chăm sóc tóc thì phát hiện ra tóc mình bị rụng nhiều.
Đa khoa,"Tôi cảm thấy toàn thân yếu ớt, mặt mũi tái nhợt và không ngủ ngon được."
Đa khoa,Tôi cảm thấy khó chịu khắp cơ thể nói chung.
Thấp khớp/Chỉnh hình,Cổ tôi cảm thấy cứng đờ.
Da liễu,Trên da tôi có một vết đỏ.
Tim mạch,"Tôi không thể chịu đựng được cảm giác khó chịu, nghẹn ngào trong ngực này."
Tiêu hóa,Hôm qua ăn đồ ăn cay Ấn Độ thì tôi bị đau bụng và đầy hơi.
Thần kinh/Tiêu hóa,Tôi bị đau đầu ở phía sau và cơn đau kéo dài cả ngày.
Chấn thương chỉnh hình,Toàn thân tôi đang trong tình trạng tồi tệ và tôi cần được điều trị tốt.
Chấn thương chỉnh hình,Tôi bị đau khớp. Tôi không thể chịu đựng được cơn đau.
Tai Mũi Họng,Tôi đang gặp khó khăn trong việc nghe.
Cơ xương khớp,Chân tôi bị đau và không thể xoay được. Có lẽ nó bị gãy rồi.
Chấn thương chỉnh hình,"Khi chơi bóng đá, tôi bị đau khớp."
Ngoại khoa,Có một người bị thương.
Cơ xương khớp,Tôi cảm thấy đau ở vai phải sau trận đấu quần vợt.
Cơ xương khớp,"Mỗi khi tập luyện cường độ cao, tôi đều cảm thấy đau nhức dữ dội ở các cơ."
Ngoại khoa,Tôi bị rách da giữa ngón tay cái và ngón trỏ và vết thương không lành lại được.
Cơ xương khớp,Tôi bị chấn thương trong một trận bóng đá và được chẩn đoán là tổn thương dây chằng chéo.
Chấn thương chỉnh hình,"Khi chơi bóng đá, tôi bị đau khớp."
Tâm thần,Dạo này tôi cảm thấy rất buồn.
Ngoại khoa,Điều gì giúp vết thương mau lành hơn?
Đa khoa,"Tôi không thể tập thể dục được, tôi cảm thấy yếu."
Tai Mũi Họng,Tôi không ngủ được vì ho
Tai Mũi Họng,Hệ thống sưởi trong nhà tôi bị hỏng nên tôi cảm thấy rất lạnh.
Cơ xương khớp,Tôi bị ngã khi nhảy lên để bắt bóng.
Ngoại khoa,Vết thương của tôi có mủ màu vàng hoặc xanh lục.
Đa khoa,Tôi cảm thấy cơ bắp mệt mỏi.
Đa khoa,Tôi thấy đầu óc quay cuồng mỗi khi thức dậy.
Tiêu hóa,Tôi không thể chịu nổi cảm giác khó chịu này trong bụng.
Chấn thương chỉnh hình,Đầu gối tôi cảm thấy yếu và hôm trước nó bị khuỵt xuống ở đầu cầu thang. May mắn là có lan can để vịn vào.
Tâm thần,Tôi cảm thấy muốn tự tử.
Ngoại khoa,Tôi có một vết thương hở đã chuyển sang màu đỏ và chảy mủ.
Tai Mũi Họng,Bị cảm lạnh và ho nặng
Tiêu hóa,Tôi cảm thấy đau đớn bên trong nhưng không thể xác định được nguyên nhân.
Thấp khớp/Chỉnh hình,Tôi gặp khó khăn khi cử động cổ.
Chấn thương chỉnh hình,Đầu gối tôi thường đau nhức vào những ngày trời lạnh và mưa.
Cơ xương khớp,"Hồi còn nhỏ, tôi từng bị chấn thương đầu gối do chơi thể thao."
Ngoại khoa,Tôi bị đứt tay cách đây vài ngày và mặc dù tôi không nghĩ mình cần khâu nhưng vết thương vẫn chưa lành.
Da liễu,Tôi bị nổi mụn thành từng cụm trên mặt và chúng không bao giờ biến mất.
Đa khoa,Tôi cảm thấy chóng mặt sau khi vận động cơ bắp.
Tai Mũi Họng,Từ khi vào rừng tôi bị đau tai.
Tim mạch,Tôi bị đau ngực và cảm thấy rất buồn.
Tai Mũi Họng,"Dù nhiệt độ trong nhà có cao, người tôi vẫn luôn cảm thấy lạnh."
Thần kinh/Tiêu hóa,"Khi mệt mỏi, tôi cảm thấy đầu mình nặng trĩu."
Chấn thương chỉnh hình,Tôi bị đau đầu gối khi đi lại.
Da liễu,Mụn của tôi bị ngứa và chảy dịch.
Tai Mũi Họng,Toàn thân tôi lạnh cóng.
Cơ xương khớp,Tôi bị đau cơ ở chân trái.
Thần kinh/Tiêu hóa,Tôi bị đau đầu.
Tiêu hóa,Tôi bị đau nội tạng.
Cơ xương khớp,"Tôi cảm thấy như có một cục u sưng tấy ở xương bả vai, kèm theo cơn đau nhói từ đó."
Da liễu,sử dụng thuốc bổ tóc
Tai Mũi Họng,Tôi cảm thấy lúc nào cũng có thứ gì đó vướng trong cổ họng.
Tâm thần,"Mỗi khi nhớ về cô ấy, tôi lại cảm thấy buồn."
Ngoại khoa,"Con trai tôi vô tình dùng dao cạo cũ cứa vào cổ và chỗ đó bị sưng tấy, trông có vẻ bị nhiễm trùng."
Tai Mũi Họng,Tôi không thể ngừng ho.
Ngoại khoa,Vết thương vẫn còn hở
Cơ xương khớp,Tôi ngừng chơi thể thao vì bị chấn thương khi chơi thể thao.
Chấn thương chỉnh hình,Đứng chưa đến năm phút mà lưng tôi bắt đầu đau.
Chấn thương chỉnh hình,Tôi thường bị đau nhức khớp mỗi khi trời lạnh.
Tai Mũi Họng,"Ban đầu chỉ là chứng ù tai, nhưng giờ cơn đau nhức nhối và không thể chịu đựng được."
Da liễu,"Tôi cảm thấy tê buốt sâu khi chạm vào mụn, sau đó là cảm giác khó chịu."
Tai Mũi Họng,Mỗi lần hít thở sâu là tôi lại ho.
Chấn thương chỉnh hình,Tôi cảm thấy có tiếng lách cách ở đầu gối mỗi khi bước đi.
Tim mạch,Lòng tôi đau nhói.
Cơ xương khớp,"Tôi bắt đầu học bơi và hình như tôi đã nuốt quá nhiều nước qua mũi, vì vậy giờ tôi bị viêm xoang hành hạ."
Tai Mũi Họng,Tôi thường bị ho nặng khi bị cúm.
Hô hấp,"Tôi cảm thấy khó thở, đặc biệt là sau khi chạy hoặc vận động mạnh."
Tâm thần,Tôi cảm thấy vô cùng đau khổ về mặt tinh thần sau khi chia tay bạn gái.
Tai Mũi Họng,Tôi không ngủ được vì ho
Thần kinh/Tiêu hóa,Tôi bị đau đầu kèm theo chóng mặt.
Thần kinh/Tiêu hóa,Tôi bị đau đầu khi làm việc này.
Cơ xương khớp,Tôi cảm thấy như có ai đó đâm dao vào vai mình.
Đa khoa,"Khi đứng dậy quá nhanh, tôi bắt đầu cảm thấy chóng mặt và choáng váng."
Cơ xương khớp,"Mỗi khi giơ tay lên, tôi cảm thấy đau nhức ở vai."
Cơ xương khớp,Tại sao vai tôi lại đau khi tôi cố gắng nhặt quần áo giặt?
Cơ xương khớp,Tôi bị đau cơ ở chân trái.
Chấn thương chỉnh hình,"Mỗi khi mang vác đồ nặng, tôi cảm thấy như lưng mình sắp gãy."
Tim mạch,"Tôi cảm thấy đau ở bên trái ngực, ngay chỗ tim."
Da liễu,Tôi hay phàn nàn về dị ứng da.
Da liễu,tóc tôi rụng
Hô hấp,Tôi cảm thấy như mình không thể hít thở sâu được.
Đa khoa,Tôi bị chóng mặt mỗi khi cố gắng đứng dậy.
Đa khoa,Tôi cảm thấy chóng mặt sau khi vận động cơ bắp.
Thần kinh/Tiêu hóa,"Tôi bị đau đầu dữ dội vài tháng một lần, và mỗi khi bị đau đầu thì thị lực của tôi lại bị ảnh hưởng."
Tâm thần,"Tôi cảm thấy tổn thương, trái tim tôi đau nhói."
Thấp khớp/Chỉnh hình,Tôi không thể ngẩng đầu lên cúi xuống được.
Da liễu,Tôi cảm thấy chán nản khi thấy tóc mình rụng.
Hô hấp,Tôi đi bộ mỗi ngày nhưng giờ đây chỉ đi được một đoạn ngắn là tôi đã bị khó thở.
Tai Mũi Họng,"Tôi không ngủ được, tôi bị ho dữ dội."
Đa khoa,Tôi cảm thấy như căn phòng đang quay cuồng.
Thấp khớp/Chỉnh hình,Tôi bị đau nhói ở cổ.
Nhãn khoa,Tôi gặp khó khăn khi đọc vì các chữ cái đều bị mờ.
Cơ xương khớp,Tôi bị đau chân.
Tâm thần,Tôi cảm thấy vô cùng đau khổ về mặt tinh thần sau khi chia tay bạn gái.
Cơ xương khớp,Tôi bị đau tay khi duỗi người.
Ngoại khoa,Vết thương nhiễm trùng của anh ta bắt đầu bị hoại tử.
Tiêu hóa,Tôi bị đau ngực khi hút thuốc.
Chấn thương chỉnh hình,Tôi đang chơi bóng đá và bị chấn thương đau khớp.
Tai Mũi Họng,Tôi bị ho dữ dội kèm theo đờm.
Chấn thương chỉnh hình,Đầu gối tôi thường đau nhức vào những ngày trời lạnh và mưa.
Cơ xương khớp,Tôi cảm thấy đau ở chân.
Cơ xương khớp,Tôi cảm thấy đau cơ mỗi khi gắng sức quá mức.
Hô hấp,Tôi bị nghẹt mũi suốt ngày và có chất dịch nhầy dính trong cổ họng khiến tôi không thể ngủ được. Tôi thường phải ngủ trưa trong tư thế ngồi.
Đa khoa,"Khi đứng dậy quá nhanh, tôi bắt đầu cảm thấy chóng mặt và choáng váng."
Tai Mũi Họng,Toàn thân tôi lạnh cóng.
Da liễu,"Tôi bị nổi mụn trên mặt, lúc có lúc không."
Cơ xương khớp,"Mỗi khi tôi cử động vai, cơn đau lại lan xuống cánh tay."
Cơ xương khớp,"Tôi bắt đầu học bơi và hình như tôi đã nuốt quá nhiều nước qua mũi, vì vậy giờ tôi bị viêm xoang hành hạ."
Đa khoa,Tôi chẳng làm gì ở nhà cả mà vẫn cảm thấy kiệt sức.
Hô hấp,Tôi cảm thấy có gì đó làm tôi khó thở và tôi không thể thở được.
Nhãn khoa,Tôi bị nhìn mờ sau khi dùng nhầm thuốc.
Da liễu,Tôi cần tìm phương pháp điều trị rụng tóc.
Nhãn khoa,Thật khó để nhìn thấy mọi thứ
Ngoại khoa,"Tôi bị đứt tay khi mở lon đồ hộp, máu cứ chảy không ngừng và vết thương đang hở miệng."
Tiêu hóa,Tôi bị đau bụng dữ dội.
Tai Mũi Họng,Tai tôi bị đau và càng đau hơn khi nuốt. Tôi bị đau tai dữ dội và thuốc Tylenol cũng không giúp được gì.
Thần kinh/Tiêu hóa,"Tôi đau đầu và mất cảm giác ở mặt, sau đó mất thị lực ở mắt."
Ngoại khoa,Tôi phải đi khám bác sĩ vì tôi có một vết thương hở.
Đa khoa,"Kết quả xét nghiệm CBC của tôi cho thấy 10 Hb, tôi cảm thấy mệt mỏi vì công việc ít ỏi."
Da liễu,Tôi đã đi khám nhiều bác sĩ nhưng họ vẫn không tìm ra phương pháp điều trị phù hợp để giúp tôi lấy lại mái tóc.
Cơ xương khớp,Tôi bị gãy mắt cá chân khi leo núi đá ở dãy Carpathians.
Nhãn khoa,"Khi tôi đứng dậy quá nhanh, tầm nhìn của tôi bị mờ."
Tiêu hóa,Tôi bị đau nhói ở vùng bụng dưới.
Da liễu,Tôi bị phát ban da sau khi ăn kem.
Chấn thương chỉnh hình,Tôi cảm thấy đau ở đầu gối.
Tiêu hóa,Tôi bị đau bụng.
Cơ xương khớp,Tôi bị đau cơ không rõ nguyên nhân.
Cơ xương khớp,"Sau khi chơi bóng đá, tôi bị đau cơ ở cả hai chân."
Chấn thương chỉnh hình,Lưng tôi đau quá.
Cơ xương khớp,Hôm qua tôi bị đau vai.
Đa khoa,Tôi đang đi du thuyền và cảm thấy chóng mặt.
Đa khoa,Tôi cảm thấy toàn thân yếu ớt.
Chấn thương chỉnh hình,Tôi bị đau nhức ở các khớp.
Đa khoa,"Tôi cảm thấy chóng mặt khi ngồi trước máy tính xách tay khoảng một đến hai tiếng, nguyên nhân có thể là gì vậy?"
Đa khoa,"Khi đứng dậy quá nhanh, tôi bắt đầu cảm thấy chóng mặt và choáng váng."
Tim mạch,Tôi cảm thấy như có một cây kim đang đâm xuyên tim mình.
Nhãn khoa,"Tôi bị nhìn mờ và không nhìn rõ trong bóng tối, nguyên nhân là gì vậy bác sĩ?"
Đa khoa,Tôi cảm thấy toàn thân yếu ớt.
Tiêu hóa,Tôi cảm thấy nóng rát ở bụng khoảng 2 tiếng sau mỗi bữa ăn.
Tai Mũi Họng,Hệ thống sưởi trong nhà tôi bị hỏng nên tôi cảm thấy rất lạnh.
Cơ xương khớp,Hôm qua tôi bị đau vai.
Ngoại khoa,Tôi bị tai nạn và vết thương vẫn còn hở khi tôi đến bệnh viện.
Hô hấp,Tôi cảm thấy rất khó thở.
Chấn thương chỉnh hình,Tôi bị đau đầu gối mỗi khi đi bộ nhiều.
Cơ xương khớp,Bắp chân tôi có cảm giác như bị căng cứng và nhức nhối.
Tâm thần,Tôi thất vọng
Cơ xương khớp,Vai tôi đau dữ dội.
Đa khoa,Tôi cảm thấy yếu
Cơ xương khớp,"Khi giơ tay lên, tôi cảm thấy đau ở vai."
Tâm thần,Tôi cảm thấy đau lòng khi phải chia xa những người thân yêu.
Da liễu,Tình trạng mụn của tôi trở nên tồi tệ hơn khi trời nóng.
Da liễu,Tôi bị rụng tóc rất nhiều.
Tai Mũi Họng,Tôi có rất nhiều đờm khi ho.
Ngoại khoa,"Con gái tôi bị mèo cắn và giờ tay cháu bị đau, đỏ và sưng tấy, vết thương còn chảy dịch."
Tâm thần,"Mỗi khi nhớ về cô ấy, tôi lại cảm thấy buồn."
Chấn thương chỉnh hình,Tôi thường bị đau nhức khớp mỗi khi trời lạnh.
Cơ xương khớp,Tôi bị đau vai dữ dội.
Chấn thương chỉnh hình,"Tôi bị đau âm ỉ ở vùng lưng dưới, khiến việc di chuyển trở nên khó khăn."
Tâm thần,Dạo này tôi cảm thấy rất buồn.
Tai Mũi Họng,Tôi đang gặp khó khăn trong việc nghe.
Tiêu hóa,Tôi bị đau bụng dữ dội.
Hô hấp,"Khi đi bộ, tôi khó thở."
Chấn thương chỉnh hình,Toàn thân tôi đang trong tình trạng tồi tệ và tôi cần được điều trị tốt.
Thấp khớp/Chỉnh hình,Tôi hầu như không thể cử động cổ được. Nó đau quá.
Da liễu,Trên mặt tôi có mụn.
Cơ xương khớp,Tôi bị thương trong trận đấu bóng đá.
Da liễu,Tóc tôi không được đẹp lắm.
Thần kinh/Tiêu hóa,Sọ bị vỡ như quả hạch
Cơ xương khớp,"Trong cuộc phẫu thuật ở mắt cá chân, các dây thần kinh của tôi bị tổn thương nghiêm trọng đến mức tôi không thể chịu được khi ai đó chạm vào vết sẹo."
Nhãn khoa,Tôi đã thử đeo kính để nhìn rõ hơn nhưng vẫn không thấy có gì thay đổi.
Cơ xương khớp,Tôi bị đau cơ ở chân trái.
Chấn thương chỉnh hình,"Tôi không thể đứng lên hay ngồi xuống được, tôi bị đau lưng rất khó chịu."
Tiêu hóa,Tôi cảm thấy đau nhói ở bụng.
Cơ xương khớp,Tôi bị đau vai mỗi khi cố gắng mang vác đồ tạp hóa.
Ngoại khoa,Vết thương của tôi bị nhiễm trùng khi tôi đang trồng hoa trong vườn.
Cơ xương khớp,Tôi bị nhức nhối ở vai.
Ngoại khoa,"Vết rách, vết thủng hoặc vết hở trên da"
Đa khoa,Tôi cảm thấy như căn phòng đang quay cuồng.
Da liễu,Tôi ghét mụn trứng cá của mình.
Da liễu,"Mỗi tháng, vào khoảng thời gian hành kinh, da mặt tôi lại nổi mụn rất nhiều."
Đa khoa,"Khi phê quá, tôi bắt đầu cảm thấy chóng mặt."
Tai Mũi Họng,Tôi không thể ngừng ho
Cơ xương khớp,Tôi cảm thấy rất khó chịu ở hai bên cổ.
Đa khoa,Tôi cảm thấy choáng váng
Tiêu hóa,Tôi bị đau bụng mỗi khi bị cảm lạnh.
Ngoại khoa,"Tôi bị ngã xuyên qua cửa sổ khi đang lau chùi và có một mảnh kính găm vào mắt trái, tôi nghĩ tình trạng khá nghiêm trọng, xin hãy giúp tôi!"
Chấn thương chỉnh hình,Đầu gối tôi có cảm giác như bị rỉ sét và đột nhiên tôi không thể gập nó lại được nữa.
Tai Mũi Họng,"Tôi ho rất nhiều khi ngửi mùi nước hoa, phổi tôi có vấn đề gì vậy?"
Ngoại khoa,"Bạn sẽ không tin đâu, nhưng vết thương nhiễm trùng trên tay tôi là do một vết cắt giấy mà tôi đã không coi trọng."
Thấp khớp/Chỉnh hình,Tôi bị đau cổ và không thể chịu đựng được cơn đau này.
Ngoại khoa,Tôi bị một vết thương sâu ở tay và không thể cầm máu được.
Đa khoa,"Tôi nhanh mệt quá, sáng sớm hầu như không mặc nổi quần áo."
Da liễu,Có cách nào chữa khỏi mụn trứng cá không?
Thần kinh/Tiêu hóa,Tôi bị đau đầu từ khi thức dậy sáng nay.
Tâm thần,"Mỗi khi nghĩ về cha mẹ, tôi lại cảm thấy đau lòng."
Cơ xương khớp,Tôi cảm thấy đau vai khi gõ bàn phím.
Thấp khớp/Chỉnh hình,Tôi thức dậy mỗi sáng với chứng cứng cổ. Mát-xa giúp giảm đau nhưng vài ngày sau lại bị lại.
Tim mạch,"Mỗi khi buồn, tim tôi lại đau nhói, tại sao vậy?"
Da liễu,Tôi bị nổi mẩn đỏ và ngứa trên da.
Chấn thương chỉnh hình,Đầu gối tôi bị vướng và đau khi mới đứng dậy sau khi ngồi.
Tai Mũi Họng,Tôi bị vấn đề ở tai giữa do nhiễm trùng.
Ngoại khoa,"Tôi có một vết thương giữa các ngón chân, vết thương lành lại qua đêm nhưng lại tái phát mỗi ngày khi tôi mang giày tây đi làm."
Chấn thương chỉnh hình,Tôi cảm thấy đau ở đầu gối khi đi bộ.
Đa khoa,Tôi cảm thấy như thế giới cứ xoay vòng vòng.
Chấn thương chỉnh hình,"đỏ, sưng tấy và khó đi lại"
Đa khoa,"Khi thức dậy vào buổi sáng, tôi cảm thấy kỳ lạ và chóng mặt."
Đa khoa,"Khi thức dậy vào buổi sáng, tôi cảm thấy cơ thể rất yếu."
Tâm thần,"Tôi cảm thấy mình không thể chịu đựng được nữa, tôi cảm thấy quá tải và không thể nào có được một chút thời gian nghỉ ngơi."
Tiêu hóa,"Sau khi ăn, tôi cảm thấy nóng rát bên trong cơ thể."
Thần kinh/Tiêu hóa,Tôi cảm thấy như có ai đó đang dùng búa đập vào đầu mình. Tôi thấy đau nhức ở đỉnh đầu và nó cứ giật giật.
Tiêu hóa,Các triệu chứng của viêm ruột thừa là gì?
Thấp khớp/Chỉnh hình,Tôi hay than phiền về chứng đau cổ và tôi thực sự cần phải khỏe hơn.
Da liễu,Tôi bị mụn khắp mặt.
Cơ xương khớp,"Mỗi khi tôi cử động vai, cảm giác như có luồng điện chạy qua vai vậy."
Nhãn khoa,"Tôi cảm thấy đau nhức mắt, tôi nhìn thấy như có sương mù."
Chấn thương chỉnh hình,Tôi bị đau khớp.
Tai Mũi Họng,Cơn đau tai của tôi không thể chịu nổi.
Da liễu,Bệnh mãn tính của nang tóc và tuyến bã nhờn
Tai Mũi Họng,Tôi cảm thấy lạnh
Da liễu,Tôi bị mụn khắp mặt.
Ngoại khoa,Tôi bị rách da giữa ngón tay cái và ngón trỏ và vết thương không lành lại được.
Hô hấp,"Đôi khi tôi cảm thấy như có một cái móng vuốt đang cào cấu ngực mình, khiến tôi khó thở."
Đa khoa,Mỗi khi đứng dậy tôi đều cảm thấy chóng mặt.
Đa khoa,"Khi tôi thức dậy, tôi cảm thấy chóng mặt và ngã xuống."
Ngoại khoa,Tôi có một vết thương hở đã chuyển sang màu đỏ và chảy mủ.
Đa khoa,Tôi cảm thấy khó chịu khắp cơ thể nói chung.
Da liễu,"Da ở lưng tôi có màu đỏ, tôi không biết tại sao."
Da liễu,Tóc tôi rụng rất nhiều.
Tai Mũi Họng,Tôi cảm thấy có chất lỏng muốn trào ra khi ho.
Tiêu hóa,Tôi cảm thấy đau bụng.
Cơ xương khớp,"Tôi bị đau dữ dội ở chân, đau như bị giật, và việc thư giãn bằng thuốc giảm đau không hiệu quả."
Cơ xương khớp,"Tôi bị đau chân vào mùa đông, hoặc khi trời lạnh, tại sao vậy?"
Ngoại khoa,Tôi bị đứt tay cách đây vài ngày và mặc dù tôi không nghĩ mình cần khâu nhưng vết thương vẫn chưa lành.
Cơ xương khớp,"Tối qua khi chơi bóng đá, tôi bị đá vào đầu."
Tai Mũi Họng,Tôi không thể thở được
Tâm thần,Tôi ly hôn năm ngoái và tôi cứ mãi nghĩ đến việc trả thù chồng cũ.
Nhãn khoa,Tôi gặp khó khăn khi đọc vì các chữ cái đều bị mờ.
Cơ xương khớp,Tôi vẫn không cảm thấy cơ bắp của mình đỡ hơn.
Tai Mũi Họng,"Tôi không ngủ được, tôi bị ho dữ dội."
Chấn thương chỉnh hình,"Tôi không thể cử động chân, khớp bị đau."
Cơ xương khớp,"Tối qua khi chơi bóng đá, tôi bị đá vào đầu."
Cơ xương khớp,Tôi cảm thấy đau ở chân.
Hô hấp,Tôi cảm thấy tức ngực.
Nhãn khoa,"Tôi bị nhìn mờ trong lúc tập bơi ở bể bơi, tại sao vậy?"
Cơ xương khớp,Tôi bị đau chân rất nhiều khi chơi bóng đá.
Nhãn khoa,Tôi gặp khó khăn khi đọc vì các chữ cái đều bị mờ.
Chấn thương chỉnh hình,Tôi đã dùng rất nhiều thuốc giảm đau để đỡ hơn nhưng tôi vẫn cảm thấy đau lưng.
Chấn thương chỉnh hình,Tôi cảm thấy đau ở đầu gối.
Cơ xương khớp,Vai tôi bị đau khi cố gắng nâng vật nặng năm pound.
Da liễu,Tôi bị nổi mẩn đỏ và ngứa trên da.
Tâm thần,Tôi cảm thấy suy sụp tinh thần.
Tim mạch,"Mỗi khi buồn, tim tôi lại đau nhói, tại sao vậy?"
Tâm thần,Tôi cảm thấy vô cùng đau khổ về mặt tinh thần sau khi chia tay bạn gái.
Da liễu,"Mỗi tháng, vào khoảng thời gian hành kinh, da mặt tôi lại nổi mụn rất nhiều."
Da liễu,Tôi cảm thấy chán nản khi thấy tóc mình rụng.
Cơ xương khớp,"Tôi không thể mang vác bất cứ thứ gì, tôi bị đau vai."
Đa khoa,Tôi cảm thấy toàn thân rất yếu.
Đa khoa,Tôi cảm thấy chóng mặt sau khi vận động cơ bắp.
Da liễu,Tôi thường xuyên bị nổi mụn trên mặt.
Da liễu,Tôi đã thử rất nhiều loại kem nhưng tình trạng da của tôi vẫn vậy.
Thấp khớp/Chỉnh hình,Tôi bị đau cổ và không thể nhìn xuống hay nhìn lên.
Cơ xương khớp,Tôi bị đau chân.
Tiêu hóa,Bên trái của tôi đau nhức nhiều.
Da liễu,Tôi có vấn đề về da.
Chấn thương chỉnh hình,Đầu gối của tôi không gập được tốt.
Ngoại khoa,Có một người bị thương.
Ngoại khoa,"Con gái tôi bị mèo cắn và giờ tay cháu bị đau, đỏ và sưng tấy, vết thương còn chảy dịch."
Nhãn khoa,Thật khó để nhìn thấy mọi thứ
Tiêu hóa,Tôi đã phân tích rất nhiều để tìm ra nguyên nhân chính gây ra chứng đau bụng của mình.
Ngoại khoa,"Tôi có một vết thương hở, đỏ và sưng lên."
Cơ xương khớp,"Tôi bị đau dữ dội ở chân, đau như bị giật, và việc thư giãn bằng thuốc giảm đau không hiệu quả."
Tâm thần,"Sau khi chia tay, tôi cảm thấy có điều gì đó lạ lẫm trong mình."
Cơ xương khớp,Tôi bị đau khi giơ tay lên.
Tai Mũi Họng,Tôi bị ngứa tai.
Chấn thương chỉnh hình,Cơn đau lưng của tôi nhói lên như dao đâm.
Cơ xương khớp,"Mỗi khi tôi cử động vai, cảm giác như có luồng điện chạy qua vai vậy."
Da liễu,Ống thoát nước trong phòng tắm của tôi lúc nào cũng đầy tóc.
Tim mạch,Lòng tôi đau nhói.
Cơ xương khớp,Cảm giác đau như thể ở ngay dưới da.
Da liễu,Tôi có làn da khô
Chấn thương chỉnh hình,Đầu gối tôi thường đau nhức vào những ngày trời lạnh và mưa.
Cơ xương khớp,Tôi bị đau cơ thang.
Da liễu,sử dụng thuốc bổ tóc
Chấn thương chỉnh hình,Lưng trên của tôi bị đau suốt một tuần nay.
Tai Mũi Họng,Thỉnh thoảng tôi ho vì tôi hút thuốc.
Da liễu,Tóc tôi bị rụng khi tôi chải tóc.
Tâm thần,Tôi không hiểu sao mình cứ buồn mãi.
Tiêu hóa,"Cảm giác khó chịu hoặc đau nhức ở một điểm nào đó dọc theo phía trước cơ thể, giữa cổ và vùng bụng trên."
Tiêu hóa,"Tôi bị đau bụng sau khi uống bất kỳ loại nước ngọt nào, tại sao vậy?"
Nhãn khoa,"Tôi cảm thấy đau nhức mắt, tôi nhìn thấy như có sương mù."
Chấn thương chỉnh hình,Tôi có cảm giác như toàn thân mình đang kêu ca.
Đa khoa,"Khi đứng dậy quá nhanh, tôi bắt đầu cảm thấy chóng mặt và choáng váng."
Tim mạch,"Tôi cảm thấy đau ở bên trái ngực, ngay chỗ tim."
Cơ xương khớp,Tôi bị đau nhức cơ vùng lưng dưới.
Tiêu hóa,Tôi cảm thấy đau nhói ở bụng.
Tâm thần,"Khi ông nội tôi qua đời, tôi đã trải qua một nỗi đau tinh thần sâu sắc."
Cơ xương khớp,Hôm qua tôi tập thể dục rất nhiều nên giờ tôi bị đau nhức cơ bắp dữ dội.
Tai Mũi Họng,"Tôi không khỏe, tôi cảm thấy rất lạnh."
Nhãn khoa,Tôi có đôi mắt mờ đục.
Đa khoa,"Mỗi khi tôi đứng dậy, đầu tôi lại bắt đầu quay cuồng."
Ngoại khoa,"Bạn sẽ không tin đâu, nhưng vết thương nhiễm trùng trên tay tôi là do một vết cắt giấy mà tôi đã không coi trọng."
Cơ xương khớp,Tôi đang chơi bóng đá và bị trẹo mắt cá chân.
Tai Mũi Họng,"Khi tôi cố gắng giữ ấm và mặc thêm quần áo, tôi thấy mình vẫn lạnh."
Tiêu hóa,"Cảm giác khó chịu hoặc đau nhức ở một điểm nào đó dọc theo phía trước cơ thể, giữa cổ và vùng bụng trên."
Chấn thương chỉnh hình,Tôi có cảm giác như toàn thân mình đang kêu ca.
Tim mạch,Tôi cảm thấy đau tim mỗi khi đi bộ nhiều.
Cơ xương khớp,Vết sẹo dài trên mông trái của tôi là do ngã xe đạp leo núi.
Hô hấp,Tôi không gặp vấn đề gì khi hít vào nhưng thở ra thì rất nặng nhọc.
Đa khoa,Tôi cảm thấy chóng mặt và mất phương hướng.
Đa khoa,Tôi đã cố gắng làm giảm bớt nó nhưng không được.
Cơ xương khớp,Tôi bị đứt tay khi chơi bóng đá và đã bôi kem giảm đau nhưng không hiệu quả.
Cơ xương khớp,"Tôi nghĩ mình bị bong gân mắt cá chân rồi, đau quá."
Ngoại khoa,Vết thương của tôi bị nhiễm trùng hay chỉ đang lành lại?
Da liễu,Mặt tôi nổi đầy mụn.
Da liễu,Mụn của tôi bị ngứa và chảy dịch.
Da liễu,Mụn có phải là bệnh ngoài da không?
Tiêu hóa,Tôi bị đau âm ỉ ở bụng. Cơn đau càng nặng hơn sau khi ăn.
Tiêu hóa,Tôi bị đau nhói ở bụng.
Chấn thương chỉnh hình,"Mỗi khi lên xuống cầu thang, đầu gối tôi lại phát ra tiếng kêu ken két."
Chấn thương chỉnh hình,Tôi bị đau đầu gối khi đi lại.
Da liễu,Mụn của tôi thật sự khiến tôi xấu hổ. Nó đỏ quá.
Tiêu hóa,"Tôi cảm thấy bụng đầy và khó chịu, chướng bụng sau những bữa ăn no."
Thấp khớp/Chỉnh hình,Tôi không thể xoay cổ sang trái mà không cảm thấy đau nhói.
Nhãn khoa,"Mỗi khi ăn đường, tôi nhận thấy thị lực của mình bị mờ."
Cơ xương khớp,"Sau khi đi bộ, tôi cảm thấy đau ở lòng bàn chân."
Da liễu,Mặc dù đã trưởng thành nhưng mặt tôi vẫn cứ nổi mụn.
Tai Mũi Họng,Tai tôi bị ù.
Da liễu,Có thứ gì đó tối màu trên cánh tay tôi.
Thấp khớp/Chỉnh hình,Tôi cảm thấy tê rần ở cổ.
Cơ xương khớp,Tôi bị va đập đầu trong trận bóng rổ. Liệu tôi có bị chấn động não không?
Thần kinh/Tiêu hóa,"Khi mệt mỏi, tôi cảm thấy đầu mình nặng trĩu."
Da liễu,Mụn của tôi bị ngứa và chảy dịch.
Cơ xương khớp,Tôi bị gãy mắt cá chân khi leo núi đá ở dãy Carpathians.
Tai Mũi Họng,Tai tôi bị đau và càng đau hơn khi nuốt. Tôi bị đau tai dữ dội và thuốc Tylenol cũng không giúp được gì.
Tâm thần,Tôi luôn cảm thấy rất buồn.
Hô hấp,Tim tôi đập nhanh và tôi khó thở.
Da liễu,Tôi cảm thấy rất ngứa rát ở vùng gần cánh tay.
Đa khoa,"Khi thức dậy vào buổi sáng, tôi cảm thấy cơ thể rất yếu."
Thần kinh/Tiêu hóa,Tôi cảm thấy đau đầu
Thần kinh/Tiêu hóa,Tôi bị đau đầu mỗi khi cố gắng làm bất cứ việc gì.
Cơ xương khớp,Vai tôi đau quá.
Đa khoa,Tôi cảm thấy choáng váng
Chấn thương chỉnh hình,Tôi bị đau đầu gối khi đi bộ.
Tai Mũi Họng,Tôi không thể ngừng ho
Chấn thương chỉnh hình,Tôi bị đau đầu gối khi chơi squash.
Ngoại khoa,Nhiễm trùng vết mổ
Nhãn khoa,Tôi không thể lái xe vào ban đêm vì mắt tôi bị mờ.
Da liễu,Tôi có vấn đề về da.
Da liễu,Tôi bị phát ban lạ trên cánh tay.
Thần kinh/Tiêu hóa,Sọ bị vỡ như quả hạch
Cơ xương khớp,Tôi bị đau cơ ở chân trái.
Cơ xương khớp,Tôi cần một loại kem giúp thư giãn cơ bắp.
Hô hấp,Tôi cảm thấy có gì đó làm tôi khó thở và tôi không thể thở được.
Tim mạch,Tôi cảm thấy như có một cây kim đang đâm xuyên tim mình.
Hô hấp,"Trước đây, tôi thường thở hổn hển sau khi leo cả chục bậc cầu thang, nhưng giờ đây, ngay cả khi ngồi xuống, tôi cũng khó thở."
Cơ xương khớp,Tôi rất đau khi cử động tay.
Chấn thương chỉnh hình,"Mỗi khi cúi xuống, tôi lại cảm thấy đau nhói ở lưng."
Tim mạch,Vùng xung quanh tim tôi cảm thấy không ổn.
Cơ xương khớp,Vai tôi đau dữ dội.
Tim mạch,Tôi cảm thấy như có một cây kim đang đâm xuyên tim mình.
Cơ xương khớp,"Tôi bắt đầu học bơi và hình như tôi đã nuốt quá nhiều nước qua mũi, vì vậy giờ tôi bị viêm xoang hành hạ."
Tiêu hóa,Tôi cảm thấy nóng rát ở bụng khoảng 2 tiếng sau mỗi bữa ăn.
Tâm thần,Tôi thất vọng
Đa khoa,Tôi cảm thấy yếu
Cơ xương khớp,Tôi cần một loại kem giúp thư giãn cơ bắp.
Cơ xương khớp,"Nếu tôi giẫm phải kim thì chắc cũng không đau đến thế, như cái gai chết tiệt ở gót chân này."
Cơ xương khớp,Tại sao vai tôi lại đau khi tôi cố gắng nhặt quần áo giặt?
Cơ xương khớp,Tôi bị đau cơ ở chân trái.
Tiêu hóa,Tôi cảm thấy đau bụng.
Hô hấp,Tôi gặp khó khăn khi thở ở những nơi đông người.
Chấn thương chỉnh hình,Tôi cảm thấy đau ở vùng lưng dưới.
Da liễu,"Mỗi tháng, vào khoảng thời gian hành kinh, da mặt tôi lại nổi mụn rất nhiều."
Thần kinh/Tiêu hóa,Tôi bị đau âm ỉ ở đầu.
Ngoại khoa,Vết thương nhiễm trùng của anh ta bắt đầu bị hoại tử.
Tai Mũi Họng,Tôi cảm thấy lạnh mặc dù đang là mùa hè.
Cơ xương khớp,"Tôi bị đau chân vào mùa đông, hoặc khi trời lạnh, tại sao vậy?"
Tâm thần,thở nặng nhọc kèm theo mệt mỏi
Cơ xương khớp,Cơ bắp tay của tôi bắt đầu đau nhức sau khi tôi đến phòng tập thể dục.
Hô hấp,"Tôi cảm thấy không khỏe, tôi không thể thở được."
Đa khoa,Tôi cảm thấy toàn thân yếu ớt và đã cố gắng thư giãn nhưng vẫn thấy đau.
Nhãn khoa,Tôi bị nhìn mờ.
Da liễu,sử dụng thuốc bổ tóc
Cơ xương khớp,Vai tôi đau quá.
Chấn thương chỉnh hình,Tôi không thể làm việc tốt vì bị đau đầu gối.
Đa khoa,Tôi cảm thấy như thế giới cứ xoay vòng vòng.
Thần kinh/Tiêu hóa,Tôi cảm thấy đau đầu dữ dội.
Cơ xương khớp,"Tôi đã đi bộ 3 km, và cảm thấy đau nhức ở chân, giống như đau bàn chân vậy."
Đa khoa,"Khi đứng dậy quá nhanh, tôi bắt đầu cảm thấy chóng mặt và choáng váng."
Da liễu,Dạo này tôi thấy tóc mình rụng nhiều quá.
Thấp khớp/Chỉnh hình,Đau ở vùng cổ lớn
Ngoại khoa,Vết thương của tôi lại bị hở ra.
Cơ xương khớp,Tôi ngã xuống đất khi cố gắng ném bóng rổ.
Da liễu,Con trai tôi bị mụn trứng cá rất nhiều.
Da liễu,"Mỗi khi trời mưa, tôi lại bị nổi mẩn ngứa ở bụng và hai bên sườn."
Cơ xương khớp,Tôi không thể đi lại được vì chân tôi đau quá.
Chấn thương chỉnh hình,Đường nóng rát dọc theo lưng kèm theo khó thở.
Đa khoa,Tôi gần như không còn đủ sức để đứng dậy.
Da liễu,Tôi có vấn đề về da.
Tai Mũi Họng,Tôi bị đau tai mỗi khi chạm vào.
Tai Mũi Họng,Tôi thường bị ho nặng khi bị cúm.
Thần kinh/Tiêu hóa,Tôi cảm thấy đau nhói ở đầu mỗi khi suy nghĩ quá nhiều.
Đa khoa,"Tôi cảm thấy toàn thân yếu ớt, mặt mũi tái nhợt và không ngủ ngon được."
Da liễu,Khi tôi cố gắng chăm sóc tóc thì phát hiện ra tóc mình bị rụng nhiều.
Da liễu,"Mặt tôi nổi những nốt mụn đỏ và cục u đau rát, dù tôi có rửa mặt bao nhiêu lần cũng không hết."
Chấn thương chỉnh hình,"Tôi gặp khó khăn khi chịu trọng lượng lên đầu gối, khi đứng thẳng tôi cảm thấy và nghe thấy một tiếng kêu lách tách lớn."
Da liễu,Sáng nào gối tôi cũng có rất nhiều tóc.
Thấp khớp/Chỉnh hình,Tôi không thể xoay cổ sang trái mà không cảm thấy đau nhói.
Tim mạch,"Chồng tôi bỏ tôi để đến với người phụ nữ khác, trái tim tôi đau đớn đến mức tôi không thể ăn không thể ngủ được."
Chấn thương chỉnh hình,"Khi chơi thể thao, tôi cảm thấy nóng rát ở cột sống."
Da liễu,Mụn của tôi thật sự khiến tôi xấu hổ. Nó đỏ quá.
Da liễu,Mụn của tôi bị ngứa và chảy dịch.
Tai Mũi Họng,Tôi bị ngứa tai.
Tai Mũi Họng,"Dù nhiệt độ trong nhà có cao, người tôi vẫn luôn cảm thấy lạnh."
Nhãn khoa,"Tôi lo lắng về khả năng lái xe của mình, vì tôi hầu như không thể tập trung khi ngồi sau tay lái, mắt tôi cứ chảy nước mắt."
Da liễu,Tôi bị nổi mẩn đỏ và ngứa trên da.
Thần kinh/Tiêu hóa,"Đầu tôi nặng trĩu, không thể suy nghĩ bình thường được."
Tiêu hóa,Tôi cảm thấy đau nhói ở bụng sau khi ăn.
Hô hấp,Ngực tôi đau khi hít thở.
Ngoại khoa,"Tôi cảm thấy không khỏe, vết thương của tôi bị nhiễm trùng."
Thấp khớp/Chỉnh hình,"Mỗi lần nhìn sang trái, tôi đều cảm thấy đau nhói ở cổ."
Tai Mũi Họng,"Tôi nghe không rõ, tôi có vấn đề về tai."
Đa khoa,"Khi thức dậy vào buổi sáng, tôi cảm thấy chóng mặt."
Chấn thương chỉnh hình,Tôi cảm thấy đau lưng.
Chấn thương chỉnh hình,"Tôi gặp khó khăn khi chịu trọng lượng lên đầu gối, khi đứng thẳng tôi cảm thấy và nghe thấy một tiếng kêu lách tách lớn."
Hô hấp,Tôi cảm thấy khó thở - liệu tôi có bị đau tim không?
Tâm thần,Dạo này tôi cảm thấy rất buồn.
Cơ xương khớp,"Khi chơi thể thao, tôi bị đau dưới da."
Tâm thần,"Tôi cảm thấy mình không thể chịu đựng được nữa, tôi cảm thấy quá tải và không thể nào có được một chút thời gian nghỉ ngơi."
Ngoại khoa,Tôi có một vết thương hở đã chuyển sang màu đỏ và chảy mủ.
Ngoại khoa,Tôi bị rách da ở ngón tay cái và vết thương không lành.
Cơ xương khớp,Tôi cảm thấy đau ở chân.
Đa khoa,Tôi cảm thấy chóng mặt sau khi bị tiêu chảy nặng.
Đa khoa,Tôi cảm thấy như căn phòng đang quay cuồng.
Thấp khớp/Chỉnh hình,Tôi cảm thấy đau cổ khi đang làm việc.
Da liễu,Tôi bị rụng tóc rất nhiều.
Tai Mũi Họng,Tôi bị ho suốt hai tuần nay rồi.
Tâm thần,Tôi cảm thấy đau lòng khi phải chia xa những người thân yêu.
Cơ xương khớp,"Sau một ngày làm việc vất vả, tôi bị đau chân."
Ngoại khoa,Tôi nghĩ vết thương của tôi bị nhiễm trùng rồi.
Chấn thương chỉnh hình,Tôi cảm thấy đau ở đầu gối.
Chấn thương chỉnh hình,Tôi bị đau nhức như kim châm ở các khớp.
Cơ xương khớp,"Có lẽ tôi đã tập tạ quá sức, vì tôi sợ mình đã bị rách cơ lưng."
Đa khoa,Đôi khi tôi cảm thấy cơ thể yếu ớt mà không rõ lý do.
Da liễu,Tôi cần tìm phương pháp điều trị rụng tóc.
Tai Mũi Họng,Tôi có rất nhiều đờm khi ho.
Da liễu,Tôi đã đi khám nhiều bác sĩ nhưng họ vẫn không tìm ra phương pháp điều trị phù hợp để giúp tôi lấy lại mái tóc.
Chấn thương chỉnh hình,"Mỗi khi leo cầu thang, đầu gối phải của tôi đều bị đau."
Da liễu,Mụn có phải là bệnh ngoài da không?
Tâm thần,"Tôi cảm thấy mình không thể chịu đựng được nữa, tôi cảm thấy quá tải và không thể nào có được một chút thời gian nghỉ ngơi."
Tâm thần,Tôi luôn cảm thấy rất buồn.
Cơ xương khớp,"Mỗi sáng thức dậy, cổ tôi đều có cảm giác như ngủ sai tư thế."
Tiêu hóa,Tôi bị đau đầu mỗi ngày.
Tai Mũi Họng,Từ khi vào rừng tôi bị đau tai.
Chấn thương chỉnh hình,Tôi bị đau nhói dọc sống lưng.
Tim mạch,Tôi cảm thấy một cơn đau kỳ lạ và dữ dội bên trong lồng ngực.
Cơ xương khớp,"Khi chơi thể thao, tôi bị đau dưới da."
Chấn thương chỉnh hình,"Mỗi khi lên xuống cầu thang, đầu gối tôi lại phát ra tiếng kêu ken két."
Đa khoa,Tôi cảm thấy chóng mặt mỗi khi đứng dậy.
Thần kinh/Tiêu hóa,Tôi cảm thấy đầu mình bị đè nặng rất nhiều.
Tiêu hóa,Tôi đã phân tích rất nhiều để tìm ra nguyên nhân chính gây ra chứng đau bụng của mình.
Cơ xương khớp,Tôi bị chấn thương trong một trận bóng đá và được chẩn đoán là tổn thương dây chằng chéo.
Cơ xương khớp,Tôi bị đau vai sau khi làm bất cứ việc gì liên quan đến nhà.
Thấp khớp/Chỉnh hình,Tôi bị đau dữ dội ở cổ.
Cơ xương khớp,Tôi bị đau khi giơ tay lên.
Ngoại khoa,Tôi phải đi khám bác sĩ vì tôi có một vết thương hở.
Cơ xương khớp,Tôi ngã xuống đất khi cố gắng ném bóng rổ.
Thần kinh/Tiêu hóa,"Tôi đau đầu và mất cảm giác ở mặt, sau đó mất thị lực ở mắt."
Tai Mũi Họng,Tôi không thở được vì ho
Thấp khớp/Chỉnh hình,Tôi hầu như không thể cử động cổ được. Nó đau quá.
Ngoại khoa,Vết thương của tôi có vẻ không lành tốt.
Da liễu,Mặc dù đã trưởng thành nhưng mặt tôi vẫn cứ nổi mụn.
Cơ xương khớp,Tôi bị đau vai dữ dội.
Ngoại khoa,"Tôi bị đứt tay khi mở lon đồ hộp, máu cứ chảy không ngừng và vết thương đang hở miệng."
Ngoại khoa,"Vết thương phẫu thuật đỏ, có mủ chảy ra, đau và nóng khi chạm vào."
Tiêu hóa,Tôi bị đau nhói ở vùng bụng dưới.
Chấn thương chỉnh hình,"Tôi bị đau âm ỉ ở vùng lưng dưới, khiến việc di chuyển trở nên khó khăn."
Ngoại khoa,Tôi bị đứt tay cách đây vài tuần và dù đã bôi kem kháng sinh nhưng vết thương vẫn không đỡ.
Chấn thương chỉnh hình,Tôi thường bị đau nhức khớp mỗi khi trời lạnh.
Da liễu,Tôi đã đi khám nhiều bác sĩ nhưng họ vẫn không tìm ra phương pháp điều trị phù hợp để giúp tôi lấy lại mái tóc.
Cơ xương khớp,Tôi bị đau chân.
Cơ xương khớp,"Hồi còn nhỏ, tôi từng bị chấn thương đầu gối do chơi thể thao."
Chấn thương chỉnh hình,Bệnh xương mãn tính ở mức độ gấp đôi của Estremidades dưới
Cơ xương khớp,Tôi bị đứt tay khi chơi bóng đá và đã bôi kem giảm đau nhưng không hiệu quả.
Tiêu hóa,Bụng tôi bắt đầu đau nhưng sau khi ăn thứ gì đó nhẹ nhàng thì lại thấy dễ chịu hơn.
Ngoại khoa,"Con trai tôi vừa xỏ khuyên môi và giờ môi bị sưng, phần da bên trong môi có màu xám và trông như bị nhiễm trùng."
Da liễu,Tôi bị nổi mụn thành từng cụm trên mặt và chúng không bao giờ biến mất.
Tim mạch,Tôi bị đau tim mỗi khi tập thể dục.
Cơ xương khớp,"Tôi không thể mang vác bất cứ thứ gì, tôi bị đau vai."
Ngoại khoa,Tôi bị đứt tay cách đây vài ngày và mặc dù tôi không nghĩ mình cần khâu nhưng vết thương vẫn chưa lành.
Chấn thương chỉnh hình,Lưng trên của tôi bị đau suốt một tuần nay.
Cơ xương khớp,Tôi có cảm giác như mình vừa đến một phòng khám châm cứu và bị cắm 100 cây kim vào vai.
Da liễu,Ống thoát nước trong phòng tắm của tôi lúc nào cũng đầy tóc.
Tiêu hóa,"Tôi bị đau ở đại tràng và dạ dày, cảm giác như có vật gì đó đang cắt vào."
Ngoại khoa,Tôi bị đứt tay cách đây vài tuần và dù đã bôi kem kháng sinh nhưng vết thương vẫn không đỡ.
Tai Mũi Họng,Nhiệt độ cơ thể tôi giảm xuống và toàn thân bị co giật.
Da liễu,Tôi cần tìm phương pháp điều trị rụng tóc.
Thần kinh/Tiêu hóa,"Tôi đau đầu và mất cảm giác ở mặt, sau đó mất thị lực ở mắt."
Nhãn khoa,"Khi tôi đứng dậy quá nhanh, tầm nhìn của tôi bị mờ."
Đa khoa,"Tôi cảm thấy cơ thể yếu ớt sau ngày đầu tiên đến phòng tập, tại sao vậy?"
Da liễu,"Tóc tôi rụng từng mảng lớn, đặc biệt là khi gội đầu."
Tai Mũi Họng,Tai tôi bị đau và càng đau hơn khi nuốt. Tôi bị đau tai dữ dội và thuốc Tylenol cũng không giúp được gì.
Tai Mũi Họng,Tôi bị ớn lạnh và đau nhức khắp người.
Chấn thương chỉnh hình,"Mỗi khi leo cầu thang, đầu gối phải của tôi đều bị đau."
Tiêu hóa,Tôi bị đau nhưng không thể xác định được vị trí cụ thể.
Tiêu hóa,Tôi cảm thấy đau nhói ở bụng.
Tiêu hóa,Tôi bị đau bụng từ hôm qua.
Thần kinh/Tiêu hóa,Sọ bị vỡ như quả hạch
Thần kinh/Tiêu hóa,Tôi bị đau đầu mỗi khi ăn kem.
Cơ xương khớp,Bắp chân tôi có cảm giác như bị căng cứng và nhức nhối.
Thần kinh/Tiêu hóa,Tôi bị đau âm ỉ ở đầu.
Cơ xương khớp,"Lúc đầu tôi cảm thấy tê cứng, nhưng sau đó hàng nghìn mũi kim bắt đầu châm chích khắp bàn chân."
Chấn thương chỉnh hình,Tôi không thể làm việc tốt vì bị đau đầu gối.
Tai Mũi Họng,Tôi cảm thấy có chất lỏng muốn trào ra khi ho.
Chấn thương chỉnh hình,"Tôi bị đau lưng, không thể duỗi thẳng được."
Da liễu,Những đốm đỏ trên má tôi mới xuất hiện. Đó là gì vậy?
Tiêu hóa,Khi ăn tôi cảm thấy đau bụng.
Đa khoa,"Khi tôi đứng dậy, tôi có cảm giác như mình sắp ngã ngay lập tức."
Chấn thương chỉnh hình,Tôi bị đau đầu gối khi đang bơi.
Tiêu hóa,"Tôi bị đau bụng khi ăn đồ ăn nóng, tại sao vậy?"
Chấn thương chỉnh hình,Tôi rất đau lưng mỗi khi cúi người.
Đa khoa,"Khi thức dậy vào buổi sáng, tôi cảm thấy chóng mặt."
Tim mạch,Trái tim đau nhói vô cùng
Ngoại khoa,"Chân tôi đang nuốt nước bọt, điều này cho thấy vết thương của tôi bị nhiễm trùng."
Chấn thương chỉnh hình,Đường nóng rát dọc theo lưng kèm theo khó thở.
Ngoại khoa,"Tôi cảm thấy không khỏe, vết thương của tôi bị nhiễm trùng."
Da liễu,"Tôi bị nổi những mảng mụn lớn, ngứa rát trên lưng và rất đau."
Tâm thần,Tôi cảm thấy suy sụp tinh thần.
Tai Mũi Họng,"Tôi không thể ngừng run rẩy hay nới lỏng hàm, tôi lạnh đến mức đó."
Tai Mũi Họng,"Tôi nghe không rõ, tôi có vấn đề về tai."
Hô hấp,"Có những lúc tôi cảm thấy như bị đè bẹp dưới một sức nặng khổng lồ và không khí không thể vào phổi, điều đó thực sự khiến tôi sợ chết khiếp mỗi khi chuyện đó xảy ra."
Da liễu,Mụn của tôi thật sự khiến tôi xấu hổ. Nó đỏ quá.
Thấp khớp/Chỉnh hình,Tôi không thể xoay cổ sang trái mà không cảm thấy đau nhói.
Thấp khớp/Chỉnh hình,Tôi cảm thấy tê rần ở cổ.
Tai Mũi Họng,Tôi nghĩ có dịch trong tai tôi.
Tim mạch,Tim tôi như muốn nổ tung.
Tâm thần,"Tâm trí tôi cảm thấy rất buồn, như thể đang đau đớn. Cảm giác trong đầu tôi thật tồi tệ và mỗi khi nghĩ về chuyện chia tay, tôi lại khóc vì buồn bã."
Tim mạch,Tôi cảm thấy như tim mình sắp nhảy ra khỏi lồng ngực. Đau quá.
Tiêu hóa,Tôi bị đau bụng và đầy hơi liên tục.
Tâm thần,"Sau khi chia tay, tôi cảm thấy có điều gì đó lạ lẫm trong mình."
Chấn thương chỉnh hình,Tôi bị đau đầu gối khi đi lại.
Da liễu,Tóc tôi rụng từng mảng lớn.
Tai Mũi Họng,Tôi bị ngứa tai.
Chấn thương chỉnh hình,"Mỗi khi leo cầu thang, đầu gối phải của tôi đều bị đau."
Ngoại khoa,Con gái tôi vừa xỏ khuyên tai và một bên dái tai của cháu đỏ rực và nóng rát.
Chấn thương chỉnh hình,Tôi cảm thấy đau nhói ở khớp mắt cá chân khi đứng.
Chấn thương chỉnh hình,Tôi cảm thấy có tiếng lách cách ở đầu gối mỗi khi bước đi.
Da liễu,Tôi bị nổi mụn thành từng mảng và da mặt bị đỏ nhiều.
Đa khoa,"Mỗi khi tôi đứng dậy, đầu tôi lại bắt đầu quay cuồng."
Tiêu hóa,"Cảm giác khó chịu hoặc đau nhức ở một điểm nào đó dọc theo phía trước cơ thể, giữa cổ và vùng bụng trên."
Tai Mũi Họng,Tôi cảm thấy lạnh khi màn đêm buông xuống.
Tim mạch,Trái tim đau nhói vô cùng
Da liễu,Có cách nào chữa khỏi mụn trứng cá không?
Tiêu hóa,Hôm qua ăn đồ ăn cay Ấn Độ thì tôi bị đau bụng và đầy hơi.
Da liễu,Tôi bị nổi mẩn đỏ và ngứa trên da.
Cơ xương khớp,"Tôi đi lại khó khăn, chân tôi bị đau."
Tiêu hóa,Tôi luôn có cảm giác như bị đau bụng kinh ngay cả khi không đến kỳ kinh nguyệt.
Cơ xương khớp,Chân tôi bị đau từ thứ Ba tuần trước.
Da liễu,Tôi cảm thấy như mình vừa rơi vào vũng nước nóng vậy.
Chấn thương chỉnh hình,Tôi cảm thấy đau nhói ở khớp mắt cá chân khi đứng.
Da liễu,"Khi chải tóc, tôi nhận thấy có những mảng tóc lớn rụng ra trên lược."
Chấn thương chỉnh hình,Tôi cảm thấy cứng khớp ở khuỷu tay và vai.
Đa khoa,Tôi cảm thấy choáng váng khi đứng dậy.
Đa khoa,Tôi cảm thấy chóng mặt và mất phương hướng.
Cơ xương khớp,"Tôi không thể mang vác bất cứ thứ gì, tôi bị đau vai."
Da liễu,Tôi đã thử rất nhiều loại kem nhưng tình trạng da của tôi vẫn vậy.
Tai Mũi Họng,Tôi bị ho dữ dội kèm theo đờm.
Tiêu hóa,Tôi cảm thấy đau bụng.
Da liễu,Mụn trứng cá khiến tôi cảm thấy xấu hổ.
Chấn thương chỉnh hình,Tôi đang chơi bóng đá và bị chấn thương đau khớp.
Chấn thương chỉnh hình,Lưng trên của tôi bị đau suốt một tuần nay.
Cơ xương khớp,Tôi cảm thấy đau ở chân.
Da liễu,Tôi bị thiếu tóc
Chấn thương chỉnh hình,Tôi cảm thấy đau lưng.
Đa khoa,Tôi cảm thấy khó chịu khắp cơ thể nói chung.
Da liễu,Da tôi bị ngứa và viêm.
Da liễu,"Tôi cảm thấy tê buốt sâu khi chạm vào mụn, sau đó là cảm giác khó chịu."
Da liễu,Tôi cảm thấy ngứa dữ dội trên da và da bị đỏ.
Ngoại khoa,"Con trai tôi xăm hình cách đây vài tuần và vùng da xung quanh hình xăm bị sưng tấy, nóng rát và có vẻ như bị nhiễm trùng."
Tiêu hóa,Tôi cảm thấy đau bụng.
Nhãn khoa,"Tôi bị nhìn mờ trong lúc tập bơi ở bể bơi, tại sao vậy?"
Tai Mũi Họng,Tôi cảm thấy lạnh dù nhiệt độ cao.
Tim mạch,Tôi cảm thấy nhịp tim tăng nhanh khi bị chích.
Da liễu,Tôi đã thử rất nhiều loại kem nhưng tình trạng da của tôi vẫn vậy.
Thấp khớp/Chỉnh hình,Tôi bị đau nhói ở cổ.
Chấn thương chỉnh hình,Đầu gối tôi đau đến nỗi mỗi khi đi lại tôi lại ngồi nhiều hơn mức cần thiết.
Chấn thương chỉnh hình,Tôi cảm thấy đau ở vùng lưng dưới.
Hô hấp,"Tôi cảm thấy không khỏe, tôi không thể thở được."
Chấn thương chỉnh hình,Tôi không thể tập thể dục vì bị đau đầu gối.
Tiêu hóa,Các triệu chứng của viêm ruột thừa là gì?
Tim mạch,"Chồng tôi bỏ tôi để đến với người phụ nữ khác, trái tim tôi đau đớn đến mức tôi không thể ăn không thể ngủ được."
Da liễu,Tôi có một vết thương đóng vảy ở mu bàn tay mà mãi không lành.
Tiêu hóa,Tôi bị đau bụng và đầy hơi liên tục.
Tim mạch,Tôi bị đau ngực và cảm thấy rất buồn.
Ngoại khoa,Tôi bị đứt tay và đang chảy máu.
Chấn thương chỉnh hình,"Tôi gặp khó khăn khi chịu trọng lượng lên đầu gối, khi đứng thẳng tôi cảm thấy và nghe thấy một tiếng kêu lách tách lớn."
Cơ xương khớp,"Sau khi chơi tennis, tôi cảm thấy một cảm giác mạnh ở gần cổ."
Da liễu,Mụn có phải là bệnh ngoài da không?
Da liễu,Mụn của tôi bị ngứa và chảy dịch.
Da liễu,Tôi có một vết thương đóng vảy ở mu bàn tay mà mãi không lành.
Hô hấp,Tôi cảm thấy khó thở - liệu tôi có bị đau tim không?
Tâm thần,Tôi luôn cảm thấy rất buồn.
Da liễu,Có thứ gì đó tối màu trên cánh tay tôi.
Tiêu hóa,Tôi bị đau đầu mỗi ngày.
Da liễu,Tóc của anh ấy rụng chỉ vì chải tóc thôi.
Cơ xương khớp,Vai tôi đau quá.
Chấn thương chỉnh hình,"Cơn đau dữ dội, đặc biệt là khi tôi xuống cầu thang, cảm giác như có thứ gì đó bị gãy bên trong đầu gối."
Tai Mũi Họng,"Khi tôi cố gắng giữ ấm và mặc thêm quần áo, tôi thấy mình vẫn lạnh."
Chấn thương chỉnh hình,Tôi bị đau đầu gối khi đang bơi.
Chấn thương chỉnh hình,Tôi nghĩ mình đã làm quá sức khi khiêng đống gỗ đó từ ngoài sân về. Lưng dưới của tôi đau nhức kinh khủng.
Đa khoa,"Khi tôi đứng dậy, tôi có cảm giác như mình sắp ngã ngay lập tức."
Ngoại khoa,Tôi bị một vết cắt ở chân và nó đã bị nhiễm trùng do sử dụng vòi sen ở phòng tập thể dục.
Nhãn khoa,Tôi nhận thấy thị lực của mình giảm sút đáng kể khi cố gắng nhìn những vật ở cự ly gần.
Cơ xương khớp,Trước đây tôi rất tích cực tham gia thể thao nhưng giờ cơ thể tôi đang bị đau nhức.
Da liễu,"Mặt tôi nổi những nốt mụn đỏ và cục u đau rát, dù tôi có rửa mặt bao nhiêu lần cũng không hết."
Ngoại khoa,Tôi tự đánh mình và vết thương không muốn lành.
Hô hấp,Tôi cảm thấy khó thở - liệu tôi có bị đau tim không?
Tiêu hóa,Tôi bị đau đầu mỗi ngày.
Chấn thương chỉnh hình,"Khi chơi thể thao, tôi cảm thấy nóng rát ở cột sống."
Tai Mũi Họng,"Dù nhiệt độ trong nhà có cao, người tôi vẫn luôn cảm thấy lạnh."
Nhãn khoa,"Khi lái xe, mắt tôi nhìn thấy hình ảnh kép."
Chấn thương chỉnh hình,"đỏ, sưng tấy và khó đi lại"
Tim mạch,Vùng xung quanh tim tôi cảm thấy không ổn.
Chấn thương chỉnh hình,Đầu gối tôi bị sưng ngay dưới xương bánh chè và đau khi tôi tì trọng lượng lên đó.
Tai Mũi Họng,Tôi bị đau tai khi tắm.
Ngoại khoa,Vết thương bị nhiễm trùng của tôi gây ra sốt.
Chấn thương chỉnh hình,Tôi bị đau ở khớp khuỷu tay.
Thần kinh/Tiêu hóa,Tôi bị đau đầu khi làm việc này.
Chấn thương chỉnh hình,"Khi tôi duỗi chân, khớp gối bị đau."
Da liễu,Trên da tôi có một vết đỏ.
Nhãn khoa,Tôi không nhìn rõ.
Cơ xương khớp,Chân tôi bị đau và không thể xoay được. Có lẽ nó bị gãy rồi.
Chấn thương chỉnh hình,"Cơn đau dữ dội, đặc biệt là khi tôi xuống cầu thang, cảm giác như có thứ gì đó bị gãy bên trong đầu gối."
Chấn thương chỉnh hình,Đầu gối tôi có cảm giác như bị rỉ sét và đột nhiên tôi không thể gập nó lại được nữa.
Chấn thương chỉnh hình,Đầu gối tôi đau quá.
Tai Mũi Họng,Tôi bị đau tai mỗi khi chạm vào.
Tiêu hóa,Tôi cảm thấy buồn nôn.
Tai Mũi Họng,Tai tôi đau quá.
Tiêu hóa,Tôi bị đau ngực khi hút thuốc.
Da liễu,"Khi tôi thức dậy, tôi thấy da mình mờ ảo."
Cơ xương khớp,Tôi bị đau cơ.
Tai Mũi Họng,Tôi cảm thấy lạnh khi màn đêm buông xuống.
Chấn thương chỉnh hình,Các khớp của tôi cảm thấy sưng tấy.
Tai Mũi Họng,Bị cảm lạnh và ho nặng
Tiêu hóa,Tôi cảm thấy đau nhói ở bụng sau khi ăn.
Tâm thần,Tôi bị bệnh tâm thần
Cơ xương khớp,"Tôi bắt đầu học bơi và hình như tôi đã nuốt quá nhiều nước qua mũi, vì vậy giờ tôi bị viêm xoang hành hạ."
Cơ xương khớp,Tôi có cảm giác như mình vừa đến một phòng khám châm cứu và bị cắm 100 cây kim vào vai.
Da liễu,Ống thoát nước trong phòng tắm của tôi lúc nào cũng đầy tóc.
Chấn thương chỉnh hình,"Tôi rất thích làm vườn nhưng mỗi khi cúi người xuống, tôi lại bị đau nhói ở lưng dưới."
Thấp khớp/Chỉnh hình,Tôi bị đau cổ nên không ngủ được.
Da liễu,Tôi cảm thấy ngứa dữ dội trên da và da bị đỏ.
Tai Mũi Họng,Tôi bị đau nhói ở tai.
Cơ xương khớp,Tôi bị đau vai dữ dội.
Tai Mũi Họng,"Tôi lo lắng vì khả năng chịu lạnh của mình kém, tôi luôn run rẩy, ngay cả khi ở ngoài trời nắng."
Đa khoa,"Tôi cảm thấy cơ thể yếu ớt sau ngày đầu tiên đến phòng tập, tại sao vậy?"
Tiêu hóa,Tôi bị đau bụng dữ dội.
Tiêu hóa,Đau nhói và khó thở
Chấn thương chỉnh hình,Tôi bị đau lưng rất nhiều.
Hô hấp,"Khi đi bộ, tôi khó thở."
Da liễu,"Khi tôi thức dậy, tôi thấy da mình mờ ảo."
Chấn thương chỉnh hình,Đầu gối tôi đau quá.
Chấn thương chỉnh hình,Tôi bị đau lưng và không thể cúi gập người hay đi lại được.
Tai Mũi Họng,"Tôi không thể ngừng run rẩy hay nới lỏng hàm, tôi lạnh đến mức đó."
Nhãn khoa,Tôi nhận thấy thị lực của mình giảm sút đáng kể khi cố gắng nhìn những vật ở cự ly gần.
Thấp khớp/Chỉnh hình,Tôi thức dậy mỗi sáng với chứng cứng cổ. Mát-xa giúp giảm đau nhưng vài ngày sau lại bị lại.
Tai Mũi Họng,"Khi tôi cố gắng giữ ấm và mặc thêm quần áo, tôi thấy mình vẫn lạnh."
Đa khoa,"Tôi cảm thấy chóng mặt khi ngồi trước máy tính xách tay khoảng một đến hai tiếng, nguyên nhân có thể là gì vậy?"
Cơ xương khớp,Vai tôi đau dữ dội.
Chấn thương chỉnh hình,"Tôi rất thích làm vườn nhưng mỗi khi cúi người xuống, tôi lại bị đau nhói ở lưng dưới."
Tiêu hóa,Tôi bị đau bụng.
Tai Mũi Họng,"Tôi được chẩn đoán mắc chứng thiếu máu do thiếu vitamin B12, điều này giải thích tại sao tôi luôn cảm thấy lạnh."
Chấn thương chỉnh hình,Lưng trên của tôi bị đau suốt một tuần nay.
Tiêu hóa,Tôi cảm thấy đau nhức toàn thân.
Hô hấp,Tôi cảm thấy tức ngực.
Nhãn khoa,"Tôi cảm thấy đau nhức mắt, tôi nhìn thấy như có sương mù."
Đa khoa,Tôi cảm thấy chóng mặt sau khi vận động cơ bắp.
Chấn thương chỉnh hình,Lưng tôi đau quá nên không thể cúi xuống buộc dây giày được.
Nhãn khoa,"Tôi bị nhìn mờ và không nhìn rõ trong bóng tối, nguyên nhân là gì vậy bác sĩ?"
Chấn thương chỉnh hình,Tôi không thể tập thể dục vì bị đau đầu gối.
Đa khoa,Tôi cảm thấy yếu
Da liễu,Tôi bị mụn trên mặt và các vấn đề khác về da liễu như ngứa.
Đa khoa,Tôi cảm thấy như căn phòng đang quay cuồng.
Da liễu,Tôi đã thử rất nhiều loại kem nhưng tình trạng da của tôi vẫn vậy.
Da liễu,Trên da tôi có một vết đỏ.
Thấp khớp/Chỉnh hình,"Cứng đờ, không thể nhìn sang phải hoặc trái trừ khi di chuyển toàn bộ cơ thể."
Thần kinh/Tiêu hóa,Tôi bị đau đầu mỗi khi ăn kem.
Cơ xương khớp,Tôi bị đau cơ bụng dữ dội từ khi đi tập gym.
Da liễu,Tôi bị rụng tóc rất nhiều.
Cơ xương khớp,Bắp chân tôi có cảm giác như bị căng cứng và nhức nhối.
Chấn thương chỉnh hình,Tôi cảm thấy đau khớp mỗi khi cử động.
Đa khoa,Tôi cảm thấy như căn phòng đang quay cuồng.
Tai Mũi Họng,"Tôi luôn cảm thấy lạnh, ngay cả khi mặc nhiều lớp áo."
Tiêu hóa,Tôi bị đau bụng từ hôm qua.
Cơ xương khớp,Tôi bị thương trong trận đấu bóng đá.
Nhãn khoa,Tôi bị nhìn mờ sau khi dùng nhầm thuốc.
Tâm thần,"Khi ông nội tôi qua đời, tôi đã trải qua một nỗi đau tinh thần sâu sắc."
Hô hấp,Tôi gặp vấn đề về khả năng thở ra vì tôi bị hen phế quản.
Tai Mũi Họng,"Tôi không khỏe, tôi cảm thấy rất lạnh."
Tai Mũi Họng,Tôi bị đau tai khi tắm.
Tai Mũi Họng,"Khi thức dậy, tôi cảm thấy lạnh."
Da liễu,Tôi bị nổi mụn thành từng mảng và da mặt bị đỏ nhiều.
Cơ xương khớp,"Hồi còn nhỏ, tôi từng bị chấn thương đầu gối do chơi thể thao."
Đa khoa,Tôi cảm thấy khó chịu khắp cơ thể nói chung.
Da liễu,Tôi cảm thấy chán nản khi thấy tóc mình rụng.
Cơ xương khớp,Tôi bị đau chân.
Tiêu hóa,Tôi có một nỗi đau nội tâm không thể diễn tả được.
Chấn thương chỉnh hình,Lưng tôi đau quá nên không thể cúi xuống buộc dây giày được.
Da liễu,Tôi không thể có bạn gái vì mụn trứng cá.
Thấp khớp/Chỉnh hình,Tôi hay than phiền về chứng đau cổ và tôi thực sự cần phải khỏe hơn.
Nhãn khoa,"Tôi bị nhìn mờ từ sáng nay, không biết nguyên nhân là gì?"
Chấn thương chỉnh hình,Tôi đang chơi bóng đá và bị chấn thương đau khớp.
Ngoại khoa,"Con trai tôi vừa xỏ khuyên môi và giờ môi bị sưng, phần da bên trong môi có màu xám và trông như bị nhiễm trùng."
Tim mạch,"Ôi tim tôi đau nhói, tôi đã cố gắng bình tĩnh nhưng không thể."
Hô hấp,Tôi cảm thấy tức ngực.
Cơ xương khớp,Tôi cảm thấy nóng rát ở cơ vai.
Cơ xương khớp,"Hồi còn nhỏ, tôi từng bị chấn thương đầu gối do chơi thể thao."
Tai Mũi Họng,Tôi cảm thấy lạnh mặc dù đang là mùa hè.
Tim mạch,"Ôi tim tôi đau nhói, tôi đã cố gắng bình tĩnh nhưng không thể."
Thần kinh/Tiêu hóa,Tôi cảm thấy đau đầu
Đa khoa,"Tôi cảm thấy rất chóng mặt, cơ thể rất yếu."
Chấn thương chỉnh hình,Tôi cảm thấy như có thứ gì đó đang đâm vào các khớp của mình.
Cơ xương khớp,Cơ bắp tay của tôi bắt đầu đau nhức sau khi tôi đến phòng tập thể dục.
Cơ xương khớp,"Tôi bị đau chân vào mùa đông, hoặc khi trời lạnh, tại sao vậy?"
Tai Mũi Họng,Tôi bị ho suốt hai tuần nay rồi.
Nhãn khoa,"Tôi bị nhìn mờ từ sáng nay, không biết nguyên nhân là gì?"
Hô hấp,Tôi gặp khó khăn khi thở ở những nơi đông người.
Da liễu,Tình trạng mụn của tôi trở nên tồi tệ hơn khi trời nóng.
Chấn thương chỉnh hình,Lưng tôi đau quá nên không thể cúi xuống buộc dây giày được.
Ngoại khoa,Tôi có một vết thương hở ở cánh tay.
Tâm thần,Tôi cảm thấy đau lòng mỗi khi nghĩ về cô ấy.
Tiêu hóa,Tôi có một nỗi đau nội tâm không thể diễn tả được.
Đa khoa,Tôi cảm thấy toàn thân yếu ớt và đã cố gắng thư giãn nhưng vẫn thấy đau.
Cơ xương khớp,Tôi bị đau lưng khi đang tập tạ ở phòng gym.
Tiêu hóa,Tôi cảm thấy đau bụng.
Tai Mũi Họng,Tôi không ngủ được vì ho
Da liễu,"Mỗi tháng, vào khoảng thời gian hành kinh, da mặt tôi lại nổi mụn rất nhiều."
Đa khoa,Tôi cảm thấy yếu
Hô hấp,"Tôi khó thở khi ở trong ga tàu điện ngầm, tại sao vậy?"
Da liễu,Tóc tôi bị rụng khi tôi chải tóc.
Da liễu,Tôi bị nổi mụn thành từng cụm trên mặt và chúng không bao giờ biến mất.
Cơ xương khớp,Tôi bị đau chân rất nhiều khi chơi bóng đá.
Chấn thương chỉnh hình,Tôi bị đau khớp.
Hô hấp,Tôi cảm thấy tức ngực.
Da liễu,tóc tôi rụng
Chấn thương chỉnh hình,Tôi cảm thấy cứng khớp ở khuỷu tay và vai.
Da liễu,Tôi bị mụn khắp mặt.
Hô hấp,Tôi cảm thấy như mình không thể hít thở sâu được.
Da liễu,Tôi bị thiếu tóc
Da liễu,Tôi có làn da khô
Chấn thương chỉnh hình,"Tôi không thể cử động chân, khớp bị đau."
Da liễu,Tôi không thể có bạn gái vì mụn trứng cá.
Đa khoa,"Tôi không khỏe, tôi cảm thấy chóng mặt."
Thấp khớp/Chỉnh hình,Tôi gặp khó khăn khi cử động cổ.
Đa khoa,Tôi đang đi du thuyền và cảm thấy chóng mặt.
Cơ xương khớp,Bắp chân tôi có cảm giác như bị căng cứng và nhức nhối.
Thấp khớp/Chỉnh hình,"Cứng đờ, không thể nhìn sang phải hoặc trái trừ khi di chuyển toàn bộ cơ thể."
Da liễu,"Đôi khi trời lạnh, mặt tôi bị đau, đặc biệt là vùng quanh những nốt mụn sắp vỡ."
Đa khoa,Tôi cảm thấy toàn thân yếu ớt.
Tim mạch,Tôi cảm thấy tim mình như đang bốc cháy.
Tiêu hóa,Tôi bị đau bụng dữ dội và không thể ăn bất cứ thứ gì.
Da liễu,ngứa ở phía trước và chính giữa da đầu
Da liễu,Tôi bị nổi mụn khi ăn ớt.
Cơ xương khớp,Tôi bị đau vai mỗi khi cố gắng mang vác đồ tạp hóa.
Cơ xương khớp,"Mỗi khi giơ tay lên, tôi cảm thấy đau nhức ở vai."
Hô hấp,Tôi cảm thấy rất khó thở.
Đa khoa,"Khi đứng dậy quá nhanh, tôi bắt đầu cảm thấy chóng mặt và choáng váng."
Cơ xương khớp,Tôi thích đi bộ và hoạt động ngoài trời nhưng lòng bàn chân của tôi rất nhanh bị đau.
Tim mạch,Vùng xung quanh tim tôi cảm thấy không ổn.
Thần kinh/Tiêu hóa,Tôi bị đau đầu.
Da liễu,Mụn ở ngực tôi cứ nổi lên và không bao giờ hết.
Tim mạch,Cảm giác nghẹn ngào trong tim khiến tôi khó thở.
Chấn thương chỉnh hình,Tôi cảm thấy đau khớp mỗi khi cử động.
Tiêu hóa,"Khi thức dậy, tôi thấy mình bị đau bụng và đã thử uống thuốc nhưng bụng vẫn đau."
Tai Mũi Họng,Tôi bị đau tai khi tắm.
Chấn thương chỉnh hình,Cơn đau lưng của tôi nhói lên như dao đâm.
Tim mạch,Tim tôi đập nhanh và điều đó khiến tôi sợ hãi.
Ngoại khoa,Con gái tôi vừa xỏ khuyên tai và một bên dái tai của cháu đỏ rực và nóng rát.
Tâm thần,Dạo này tôi cảm thấy rất buồn.
Ngoại khoa,Tôi bị một vết cắt đã được khâu lại nhưng nó không lành. Nó đang chảy mủ màu xanh và bị bỏng rát.
Cơ xương khớp,Tôi bị đau khi giơ tay lên.
Chấn thương chỉnh hình,Toàn thân tôi đang trong tình trạng tồi tệ và tôi cần được điều trị tốt.
Chấn thương chỉnh hình,Tôi bị đau khớp. Tôi không thể chịu đựng được cơn đau.
Cơ xương khớp,Tôi không thể chịu đựng được cảm giác khó chịu này ở vai.
Thần kinh/Tiêu hóa,Không thể tập trung
Cơ xương khớp,"Tôi bị đau dữ dội ở chân, đau như bị giật, và việc thư giãn bằng thuốc giảm đau không hiệu quả."
Thần kinh/Tiêu hóa,Tôi cảm thấy đầu mình bị đè nặng rất nhiều.
Da liễu,Tôi có vấn đề về da.
Ngoại khoa,Nhiễm trùng vết mổ
Đa khoa,"Tôi cảm thấy toàn thân yếu ớt, mặt mũi tái nhợt và không ngủ ngon được."
Tiêu hóa,Tôi cảm thấy đau bụng dữ dội.
Thần kinh/Tiêu hóa,"Tôi không thể đứng dậy, tôi cảm thấy não mình như đang di chuyển bên trong hộp sọ."
Chấn thương chỉnh hình,Tôi nghĩ mình đã làm quá sức khi khiêng đống gỗ đó từ ngoài sân về. Lưng dưới của tôi đau nhức kinh khủng.
Tiêu hóa,Tôi bị đau bụng mỗi khi bị cảm lạnh.
Thấp khớp/Chỉnh hình,Tôi cảm thấy đau cổ sau khi thức dậy.
Ngoại khoa,"Bạn sẽ không tin đâu, nhưng vết thương nhiễm trùng trên tay tôi là do một vết cắt giấy mà tôi đã không coi trọng."
Nhãn khoa,Tôi bị nhìn mờ sau khi dùng nhầm thuốc.
Da liễu,"Tôi bị nổi mụn trên mặt, lúc có lúc không."
Cơ xương khớp,Tôi cảm thấy đau cơ mỗi khi gắng sức quá mức.
Tai Mũi Họng,Tôi bị sổ mũi.
Tai Mũi Họng,Tôi thường bị ho nặng khi bị cúm.
Da liễu,Mụn ở ngực tôi cứ nổi lên và không bao giờ hết.
Cơ xương khớp,Tôi bị đau cơ dữ dội từ khi đi tập gym.
Hô hấp,Tôi cảm thấy rất khó thở.
Cơ xương khớp,Vai tôi đau dữ dội.
Cơ xương khớp,Tôi cảm thấy rất đau ở vai mỗi khi cố gắng nâng vật nặng.
Da liễu,Tôi bị nổi mụn khi ăn ớt.
Tiêu hóa,Tôi bị đau bụng.
Chấn thương chỉnh hình,Tôi cảm thấy đau nhức ở đầu gối khi đi bộ.
Cơ xương khớp,Tôi bị đau vai mỗi khi cố gắng mang vác đồ tạp hóa.
Tiêu hóa,Tôi cảm thấy nóng rát ở bụng khoảng 2 tiếng sau mỗi bữa ăn.
Cơ xương khớp,Tôi bị đau cơ dữ dội từ khi đi tập gym.
Tai Mũi Họng,Tôi bị đau tai mỗi khi đi bơi.
Cơ xương khớp,Tôi bị thương trong trận đấu bóng đá.
Nhãn khoa,"Khi tôi cố gắng nhìn, tầm nhìn của tôi bị mờ."
Tai Mũi Họng,Tôi bị sổ mũi.
Tim mạch,Tôi cảm thấy tim mình đau nhói khi chạy một quãng đường dài.
Thần kinh/Tiêu hóa,Sọ bị vỡ như quả hạch
Đa khoa,Tôi chẳng làm gì ở nhà cả mà vẫn cảm thấy kiệt sức.
Hô hấp,"Tôi được chẩn đoán mắc bệnh viêm phổi, tôi khó thở."
Ngoại khoa,"Con gái tôi đi tỉa lông mày và việc đó đã làm rách da ở một bên lông mày, giờ chỗ đó bị sưng và chảy dịch."
Da liễu,Tóc tôi bị rụng nhiều sau khi tắm.
Tai Mũi Họng,Toàn thân tôi lạnh cóng.
Tai Mũi Họng,Tôi thường bị ho nặng khi bị cúm.
Tai Mũi Họng,Tôi không biết tại sao mình lại cảm thấy lạnh.
Tim mạch,Vùng xung quanh tim tôi cảm thấy không ổn.
Cơ xương khớp,Tôi không thể cử động tay một cách bình thường.
Tim mạch,Cảm giác nghẹn ngào trong tim khiến tôi khó thở.
Chấn thương chỉnh hình,Tôi bị đau nhức ở các khớp.
Đa khoa,"Khi đứng dậy quá nhanh, tôi bắt đầu cảm thấy chóng mặt và choáng váng."
Cơ xương khớp,"Mỗi khi tôi cử động vai, cơn đau lại lan xuống cánh tay."
Hô hấp,Tôi bị nghẹt mũi suốt ngày và có chất dịch nhầy dính trong cổ họng khiến tôi không thể ngủ được. Tôi thường phải ngủ trưa trong tư thế ngồi.
Thấp khớp/Chỉnh hình,Tôi bị đau cổ nên không ngủ được.
Chấn thương chỉnh hình,Tôi bị đau lưng từ khi ngã xuống sàn.
Hô hấp,Tôi gặp vấn đề về khả năng thở ra vì tôi bị hen phế quản.
Cơ xương khớp,Tại sao vai tôi lại đau khi tôi cố gắng nhặt quần áo giặt?
Da liễu,Trên mặt tôi có mụn.
Ngoại khoa,"Vết rách, vết thủng hoặc vết hở trên da"
Ngoại khoa,Vết thương hở ở tay tôi bị nhiễm trùng.
Cơ xương khớp,Tôi cảm thấy rất đau ở chân sau khi chơi một trong những trò chơi thể thao.
Đa khoa,Tôi cảm thấy như căn phòng đang quay cuồng.
Da liễu,Tôi ghét mụn trứng cá của mình.
Đa khoa,"Tôi không thể tập thể dục được, tôi cảm thấy yếu."
Ngoại khoa,Vết thương bị nhiễm trùng của tôi gây ra sốt.
Ngoại khoa,Có một người bị thương.
Tai Mũi Họng,Mỗi lần hít thở sâu là tôi lại ho.
Tai Mũi Họng,Tôi bị đau nhói ở tai.
Chấn thương chỉnh hình,Tôi bị đau khớp sau chấn thương trong trận bóng đá gần đây nhất.
Tiêu hóa,Tôi bị khó tiêu
Tiêu hóa,Tôi bị đau nhói ở vùng bụng dưới.
Đa khoa,Tôi cảm thấy chóng mặt khi thực hiện các chuyển động đột ngột.
Da liễu,Tôi cần gãi da mỗi phút
Tai Mũi Họng,Tôi không thở được vì ho
Chấn thương chỉnh hình,Đứng chưa đến năm phút mà lưng tôi bắt đầu đau.
Ngoại khoa,Vết thương vẫn còn hở
Da liễu,"Tôi chưa từng gặp vấn đề về mụn trứng cá cho đến lần mang thai cuối cùng, khi đột nhiên lưng tôi nổi đầy mụn."
Da liễu,Tôi cần tìm phương pháp điều trị rụng tóc.
Cơ xương khớp,Tôi bị chấn thương trong một trận bóng đá và được chẩn đoán là tổn thương dây chằng chéo.
Chấn thương chỉnh hình,Tôi bị đau khi gập tay.
Da liễu,Một cơn rụng tóc khủng khiếp
Đa khoa,"Kết quả xét nghiệm CBC của tôi cho thấy 10 Hb, tôi cảm thấy mệt mỏi vì công việc ít ỏi."
Cơ xương khớp,Tại sao vai tôi lại đau khi tôi cố gắng nhặt quần áo giặt?
Thấp khớp/Chỉnh hình,Tôi bị đau cổ khi ngồi trước máy tính xách tay.
Chấn thương chỉnh hình,"Mỗi khi mang vác đồ nặng, tôi cảm thấy như lưng mình sắp gãy."
Cơ xương khớp,Hôm qua tôi tập thể dục rất nhiều nên giờ tôi bị đau nhức cơ bắp dữ dội.
Cơ xương khớp,Tôi bị đau cơ bụng dữ dội từ khi đi tập gym.
Cơ xương khớp,Tôi không thể nhảy bằng chân trái vì chấn thương gãy ba xương ở mắt cá chân khiến tôi đau nhức không dứt.
Cơ xương khớp,"Tôi cảm thấy như có một cục u sưng tấy ở xương bả vai, kèm theo cơn đau nhói từ đó."
Tiêu hóa,Tôi bị đau nội tạng.
Tâm thần,Tôi bị rối loạn cảm xúc.
Nhãn khoa,Tôi có đôi mắt mờ đục.
Tai Mũi Họng,Hệ thống sưởi trong nhà tôi bị hỏng nên tôi cảm thấy rất lạnh.
Thần kinh/Tiêu hóa,Tôi bị đau đầu mỗi khi ăn kem.
Chấn thương chỉnh hình,Tôi bị đau đầu gối mỗi khi đi bộ nhiều.
Hô hấp,"Trước đây, tôi thường thở hổn hển sau khi leo cả chục bậc cầu thang, nhưng giờ đây, ngay cả khi ngồi xuống, tôi cũng khó thở."
Da liễu,ngứa ở phía trước và chính giữa da đầu
Da liễu,"Khi tôi gội đầu, tóc tôi rụng rất nhiều."
Tim mạch,Đau dữ dội ở phía trên bên trái ngực và có thể lan ra lưng.
Thần kinh/Tiêu hóa,Tôi bị đau đầu.
Da liễu,Tóc tôi bị rụng nhiều sau khi tắm.
Cơ xương khớp,Tôi cần một loại kem giúp thư giãn cơ bắp.
Chấn thương chỉnh hình,Tôi cảm thấy đau lưng khi ngồi trên ghế lâu.
Tâm thần,"Khi ông nội tôi qua đời, tôi đã trải qua một nỗi đau tinh thần sâu sắc."
Cơ xương khớp,Hôm qua tôi bị đau vai.
Chấn thương chỉnh hình,"Khi tôi duỗi chân, khớp gối bị đau."
Tim mạch,Cảm giác nghẹn ngào trong tim khiến tôi khó thở.
Cơ xương khớp,"Mỗi khi giơ tay lên, tôi cảm thấy đau nhức ở vai."
Cơ xương khớp,"Nếu tôi giẫm phải kim thì chắc cũng không đau đến thế, như cái gai chết tiệt ở gót chân này."
Hô hấp,"Tôi được chẩn đoán mắc bệnh viêm phổi, tôi khó thở."
Tai Mũi Họng,"Tôi luôn cảm thấy lạnh, ngay cả khi mặc nhiều lớp áo."
Thần kinh/Tiêu hóa,Tôi bị đau đầu kèm theo chóng mặt.
Chấn thương chỉnh hình,"đỏ, sưng tấy và khó đi lại"
Cơ xương khớp,Bắp chân tôi có cảm giác như bị căng cứng và nhức nhối.
Thần kinh/Tiêu hóa,Tôi cảm thấy đau đầu
Ngoại khoa,"Mảnh kính vỡ và làm tôi bị thương nặng ở chân, vết thương rất rộng."
Tai Mũi Họng,Tôi bị ho suốt hai tuần nay rồi.
Cơ xương khớp,Tôi bị đau lưng khi đang tập tạ ở phòng gym.
Thấp khớp/Chỉnh hình,Tôi không thể ngẩng đầu lên cúi xuống được.
Da liễu,Tình trạng mụn của tôi trở nên tồi tệ hơn khi trời nóng.
Ngoại khoa,"Lần trước khi cắt móng chân, tôi đã cắt quá ngắn và giờ móng chân của tôi bị nhiễm trùng."
Tai Mũi Họng,Tôi cảm thấy lạnh và ớn lạnh dù đã mặc quần áo dày.
Nhãn khoa,Tôi bị mờ mắt sau khi bị va đập vào đầu hôm qua.
Ngoại khoa,"Bạn sẽ không tin đâu, nhưng vết thương nhiễm trùng trên tay tôi là do một vết cắt giấy mà tôi đã không coi trọng."
Đa khoa,"Tôi không thể làm gì cả, toàn thân tôi đều yếu ớt."
Thấp khớp/Chỉnh hình,"Mỗi lần nhìn sang trái, tôi đều cảm thấy đau nhói ở cổ."
Da liễu,Khi tôi cố gắng chăm sóc tóc thì phát hiện ra tóc mình bị rụng nhiều.
Chấn thương chỉnh hình,Tôi bị đau khớp ở các ngón tay vào buổi sáng.
Cơ xương khớp,"Sau khi chơi bóng đá, tôi bị đau cơ ở cả hai chân."
Chấn thương chỉnh hình,Tôi bị đau lưng và không thể cúi gập người hay đi lại được.
Chấn thương chỉnh hình,Tôi đã dùng rất nhiều thuốc giảm đau để đỡ hơn nhưng tôi vẫn cảm thấy đau lưng.
Đa khoa,"Khi tôi đứng dậy, tôi có cảm giác như mình sắp ngã ngay lập tức."
Chấn thương chỉnh hình,Tôi bị đau đầu gối khi đang bơi.
Tai Mũi Họng,Tôi luôn cảm thấy ngứa rát ở cổ họng.
Thần kinh/Tiêu hóa,Tôi cảm thấy đau nhói ở đầu mỗi khi suy nghĩ quá nhiều.
Cơ xương khớp,Hôm qua tôi mang một chiếc túi nặng và sáng nay khi thức dậy tôi cảm thấy vai rất đau.
Chấn thương chỉnh hình,Tôi đã dùng rất nhiều thuốc giảm đau để đỡ hơn nhưng tôi vẫn cảm thấy đau lưng.
Cơ xương khớp,"Tôi bị đau cơ chân sau khi chạy bộ hôm qua, tôi đã uống thuốc giảm đau nhưng không hiệu quả."
Tai Mũi Họng,Tôi thức giấc vào ban đêm vì cảm thấy lạnh.
Chấn thương chỉnh hình,Tôi cảm thấy đau ở đầu gối.
Tai Mũi Họng,Nghe thấy bất kỳ tiếng động lớn nào cũng khiến tai tôi đau nhức.
Tai Mũi Họng,Tai tôi đau quá.
Ngoại khoa,Người ta phát hiện anh ta có một vết thương hở.
Chấn thương chỉnh hình,Mắt cá chân của tôi đang bị đau.
Tai Mũi Họng,Tôi không thể ngừng ho
Nhãn khoa,Tôi bị mờ mắt sau khi bị va đập vào đầu hôm qua.
Cơ xương khớp,"Khi chơi bóng đá, tôi bị đau cơ."
Tim mạch,Tôi cảm thấy đau tim mỗi khi đi bộ nhiều.
Nhãn khoa,Tôi nhận thấy thị lực của mình giảm sút đáng kể khi cố gắng nhìn những vật ở cự ly gần.
Da liễu,Tôi bị phát ban trên da.
Cơ xương khớp,"Có lẽ tôi đã tập tạ quá sức, vì tôi sợ mình đã bị rách cơ lưng."
Tim mạch,Trái tim đau nhói vô cùng
Da liễu,Những đốm đỏ trên má tôi mới xuất hiện. Đó là gì vậy?
Cơ xương khớp,Tôi không thể cử động vai vì đau.
Tim mạch,Tôi cảm thấy đau nhói trong tim.
Cơ xương khớp,Vai tôi bị đau.
Da liễu,Dạo này tôi thấy tóc mình rụng nhiều quá.
Chấn thương chỉnh hình,Các khớp của tôi cảm thấy sưng tấy.
Chấn thương chỉnh hình,Tôi cảm thấy đau nhức dữ dội ở khớp vai và cơn đau không thuyên giảm.
Cơ xương khớp,Vai tôi bị đau khi cố gắng nâng vật nặng năm pound.
Tai Mũi Họng,Cảm giác ho càng tăng lên khi mùa đông đến.
Đa khoa,"Khi đứng dậy quá nhanh, tôi bắt đầu cảm thấy chóng mặt và choáng váng."
Thần kinh/Tiêu hóa,"Đầu tôi nặng trĩu, không thể suy nghĩ bình thường được."
Cơ xương khớp,"Tôi đã đi bộ 3 km, và cảm thấy đau nhức ở chân, giống như đau bàn chân vậy."
Thấp khớp/Chỉnh hình,Tôi không thể xoay cổ sang trái mà không cảm thấy đau nhói.
Tiêu hóa,Tôi bị đau đầu mỗi ngày.
Cơ xương khớp,Tôi bị va đập đầu trong trận bóng rổ. Liệu tôi có bị chấn động não không?
Chấn thương chỉnh hình,Tôi bị đau đầu gối khi đi lại.
Ngoại khoa,Vết thương của tôi bị nhiễm trùng hay chỉ đang lành lại?
Hô hấp,Tôi cảm thấy khó thở - liệu tôi có bị đau tim không?
Da liễu,Tóc của anh ấy rụng chỉ vì chải tóc thôi.
Da liễu,"Mặt tôi nổi những nốt mụn đỏ và cục u đau rát, dù tôi có rửa mặt bao nhiêu lần cũng không hết."
Tai Mũi Họng,Tôi bị ớn lạnh và đau nhức khắp người.
Cơ xương khớp,"Sau khi đi bộ, tôi cảm thấy đau ở lòng bàn chân."
Tiêu hóa,"Tôi cảm thấy bụng đầy và khó chịu, chướng bụng sau những bữa ăn no."
Đa khoa,Tôi có cảm giác toàn thân không còn chút sức lực nào.
Hô hấp,Tim tôi đập nhanh và tôi khó thở.
Tai Mũi Họng,"Tôi không nghe rõ bằng tai, cảm giác như có vật gì đó gây khó chịu trong tai."
Da liễu,Tôi có một vết thương đóng vảy ở mu bàn tay mà mãi không lành.
Tiêu hóa,Tôi bị đau âm ỉ ở bụng. Cơn đau càng nặng hơn sau khi ăn.
Da liễu,Da tôi rất khô và bong tróc.
Cơ xương khớp,Trước đây tôi rất tích cực tham gia thể thao nhưng giờ cơ thể tôi đang bị đau nhức.
Tai Mũi Họng,Tôi cảm thấy tức ngực.
Tai Mũi Họng,Tôi không biết tại sao mình lại cảm thấy lạnh.
Ngoại khoa,Tôi vô tình bị dao cứa vào tay khi đang nấu ăn.
Hô hấp,Tôi cảm thấy như mình không thể hít thở sâu được.
Tai Mũi Họng,Cơn đau tai của tôi không thể chịu nổi.
Da liễu,Tôi bị nổi mụn thành từng cụm trên mặt và chúng không bao giờ biến mất.
Đa khoa,Tôi đang đi du thuyền và cảm thấy chóng mặt.
Thấp khớp/Chỉnh hình,Tôi gặp khó khăn khi cử động cổ.
Tai Mũi Họng,Tôi không thể thở được
Ngoại khoa,"Con gái tôi đi tỉa lông mày và việc đó đã làm rách da ở một bên lông mày, giờ chỗ đó bị sưng và chảy dịch."
Hô hấp,"Năm ngoái, bà tôi phải nhập viện vì khó thở."
Thấp khớp/Chỉnh hình,Tôi gặp khó khăn khi cử động cổ.
Thấp khớp/Chỉnh hình,Tôi hay than phiền về chứng đau cổ và tôi thực sự cần phải khỏe hơn.
Tai Mũi Họng,Tôi bị ho dữ dội kèm theo đờm.
Chấn thương chỉnh hình,"Tôi không thể cử động chân, khớp bị đau."
Ngoại khoa,Tôi bị rách da ở ngón tay cái và vết thương không lành.
Tiêu hóa,Đau ruột mãn tính
Chấn thương chỉnh hình,Đầu gối tôi thường đau nhức vào những ngày trời lạnh và mưa.
Tai Mũi Họng,Tôi nghĩ nhiệt độ cơ thể của tôi rất thấp.
Cơ xương khớp,Tôi cảm thấy đau ở chân.
Thần kinh/Tiêu hóa,"Tôi bị đau đầu dữ dội vài tháng một lần, và mỗi khi bị đau đầu thì thị lực của tôi lại bị ảnh hưởng."
Cơ xương khớp,Tôi cảm thấy đau ở vai phải sau trận đấu quần vợt.
Tâm thần,Tôi cảm thấy muốn tự tử.
Da liễu,Tôi hay phàn nàn về dị ứng da.
Da liễu,"Khi chải tóc, tôi nhận thấy có những mảng tóc lớn rụng ra trên lược."
Nhãn khoa,"Tôi không nhìn thấy biển báo, tầm nhìn của tôi bị mờ."
Đa khoa,Tôi đã cố gắng làm giảm bớt nó nhưng không được.
Ngoại khoa,Tôi bị đứt tay cách đây vài ngày và mặc dù tôi không nghĩ mình cần khâu nhưng vết thương vẫn chưa lành.
Da liễu,Tôi có làn da khô
Thấp khớp/Chỉnh hình,Tôi cảm thấy đau ở cổ.
Cơ xương khớp,Tôi bị đứt tay khi chơi bóng đá và đã bôi kem giảm đau nhưng không hiệu quả.
Da liễu,Tôi bị nổi mụn thành từng cụm trên mặt và chúng không bao giờ biến mất.
Cơ xương khớp,Tôi bị đau chân rất nhiều khi chơi bóng đá.
Chấn thương chỉnh hình,Tôi cảm thấy cứng khớp ở khuỷu tay và vai.
Cơ xương khớp,Tôi đã thử xoa bóp chân nhưng chúng vẫn đau.
Da liễu,Tôi không thể có bạn gái vì mụn trứng cá.
Tai Mũi Họng,Tôi không thể thở được
Chấn thương chỉnh hình,Tôi cảm thấy đau nhói ở khớp mắt cá chân khi đứng.
Cơ xương khớp,"Tối qua khi chơi bóng đá, tôi bị đá vào đầu."
Cơ xương khớp,Tôi bị ngã khi nhảy lên để bắt bóng.
Da liễu,Mặc dù đã trưởng thành nhưng mặt tôi vẫn cứ nổi mụn.
Da liễu,Ngực tôi nổi mụn đỏ và mụn đầu trắng.
Tai Mũi Họng,Tôi bị ho suốt hai tuần nay rồi.
Chấn thương chỉnh hình,"Cảm giác khó chịu xuất hiện đột ngột, thường là sau chấn thương hoặc tập luyện."
Thấp khớp/Chỉnh hình,Tôi cảm thấy đau cổ khi đang làm việc.
Da liễu,Tôi hay phàn nàn về dị ứng da.
Tiêu hóa,Tôi có một nỗi đau nội tâm không thể diễn tả được.
Tâm thần,thở nặng nhọc kèm theo mệt mỏi
Da liễu,Bệnh mãn tính của nang tóc và tuyến bã nhờn
Đa khoa,"Tôi cảm thấy rất chóng mặt, cơ thể rất yếu."
Cơ xương khớp,Tôi bị đau tay khi duỗi người.
Đa khoa,Tôi cảm thấy khó chịu khắp cơ thể nói chung.
Tai Mũi Họng,Tôi cảm thấy lạnh mặc dù đang là mùa hè.
Tiêu hóa,Tôi cảm thấy đau bụng.
Đa khoa,Tôi cảm thấy toàn thân yếu ớt và đã cố gắng thư giãn nhưng vẫn thấy đau.
Ngoại khoa,Vết thương nhiễm trùng của anh ta bắt đầu bị hoại tử.
Thần kinh/Tiêu hóa,Tôi bị đau âm ỉ ở đầu.
Thấp khớp/Chỉnh hình,Tôi không thể xoay cổ.
Tâm thần,Tôi cảm thấy đau lòng mỗi khi nghĩ về cô ấy.
Hô hấp,"Tôi cảm thấy không khỏe, tôi không thể thở được."
Đa khoa,Tôi cảm thấy chóng mặt sau khi bị tiêu chảy nặng.
Ngoại khoa,Vết thương của tôi bị nhiễm trùng khi tôi đang trồng hoa trong vườn.
Thần kinh/Tiêu hóa,Tôi cảm thấy đau đầu
Tâm thần,Tôi cảm thấy muốn tự tử.
Da liễu,Tôi không thể có bạn gái vì mụn trứng cá.
Da liễu,Tôi có làn da khô
Tiêu hóa,Tôi bị đau ngực khi hút thuốc.
Đa khoa,Tôi cảm thấy chóng mặt sau khi vận động cơ bắp.
Chấn thương chỉnh hình,Tôi đang chơi bóng đá và bị chấn thương đau khớp.
Tâm thần,Tôi ly hôn năm ngoái và tôi cứ mãi nghĩ đến việc trả thù chồng cũ.
Đa khoa,Tôi cảm thấy choáng váng khi đứng dậy.
Hô hấp,Tôi đi bộ mỗi ngày nhưng giờ đây chỉ đi được một đoạn ngắn là tôi đã bị khó thở.
Cơ xương khớp,"Mỗi khi tập luyện cường độ cao, tôi đều cảm thấy đau nhức dữ dội ở các cơ."
Cơ xương khớp,"Hồi còn nhỏ, tôi từng bị chấn thương đầu gối do chơi thể thao."
Ngoại khoa,Tôi bị đứt tay cách đây vài ngày và mặc dù tôi không nghĩ mình cần khâu nhưng vết thương vẫn chưa lành.
Đa khoa,Tôi cảm thấy khó chịu khắp cơ thể nói chung.
Ngoại khoa,Tôi bị rách da giữa ngón tay cái và ngón trỏ và vết thương không lành lại được.
Hô hấp,Tôi cảm thấy như mình không thể hít thở sâu được.
Tai Mũi Họng,Tôi cảm thấy lúc nào cũng có thứ gì đó vướng trong cổ họng.
Nhãn khoa,Máy khử trùng mắt
Đa khoa,Tôi gần như không còn đủ sức để đứng dậy.
Tim mạch,Tôi cảm thấy đau nhói trong tim.
Cơ xương khớp,"Tôi đi lại khó khăn, chân tôi bị đau."
Đa khoa,Tôi gần như không còn đủ sức để đứng dậy.
Tai Mũi Họng,Tôi bị ho khan nặng
Chấn thương chỉnh hình,Tôi cảm thấy đau lưng.
Chấn thương chỉnh hình,Khớp mắt cá chân của tôi bị nhức nhối mỗi khi tôi đặt trọng lực lên bàn chân.
Ngoại khoa,Tôi bị đứt tay cách đây vài ngày và mặc dù tôi không nghĩ mình cần khâu nhưng vết thương vẫn chưa lành.
Tâm thần,Tôi ly hôn năm ngoái và tôi cứ mãi nghĩ đến việc trả thù chồng cũ.
Hô hấp,"Tôi cảm thấy không khỏe, tôi không thể thở được."
Chấn thương chỉnh hình,"Cảm giác khó chịu xuất hiện đột ngột, thường là sau chấn thương hoặc tập luyện."
Tai Mũi Họng,Tôi cảm thấy lạnh dù nhiệt độ cao.
Thấp khớp/Chỉnh hình,Tôi không thể ngẩng đầu lên cúi xuống được.
Tim mạch,Tôi cảm thấy nhịp tim tăng nhanh khi bị chích.
Da liễu,Tôi hay phàn nàn về dị ứng da.
Cơ xương khớp,Tôi bị nhức nhối ở vai.
Chấn thương chỉnh hình,Bệnh xương mãn tính ở mức độ gấp đôi của Estremidades dưới
Tai Mũi Họng,Tôi bị khô họng.
Tai Mũi Họng,Tôi bị ho suốt hai tuần nay rồi.
Nhãn khoa,"Tôi bị nhìn mờ trong lúc tập bơi ở bể bơi, tại sao vậy?"
Tai Mũi Họng,Tôi không thể thở được
Thần kinh/Tiêu hóa,Tôi cảm thấy đau đầu
Tim mạch,Tôi cảm thấy đau nhói trong tim mỗi khi thức dậy.
Cơ xương khớp,"Tối qua khi chơi bóng đá, tôi bị đá vào đầu."
Tiêu hóa,Tôi có một nỗi đau nội tâm không thể diễn tả được.
Đa khoa,"Tôi cảm thấy rất chóng mặt, cơ thể rất yếu."
Da liễu,Bệnh mãn tính của nang tóc và tuyến bã nhờn
Cơ xương khớp,"Hồi còn nhỏ, tôi từng bị chấn thương đầu gối do chơi thể thao."
Chấn thương chỉnh hình,Lưng tôi đau quá nên không thể cúi xuống buộc dây giày được.
Đa khoa,Tôi cảm thấy khó chịu khắp cơ thể nói chung.
Cơ xương khớp,"Tôi bị đau chân vào mùa đông, hoặc khi trời lạnh, tại sao vậy?"
Ngoại khoa,Tôi bị rách da ở ngón tay cái và vết thương không lành.
Tâm thần,"Tôi cảm thấy tổn thương, trái tim tôi đau nhói."
Da liễu,"Khi tôi thức dậy, tôi thấy da mình mờ ảo."
Tai Mũi Họng,"Khi tôi cố gắng giữ ấm và mặc thêm quần áo, tôi thấy mình vẫn lạnh."
Thấp khớp/Chỉnh hình,Tôi bị đau cổ và không thể chịu đựng được cơn đau này.
Chấn thương chỉnh hình,Tôi bị đau đầu gối khi chơi squash.
Tiêu hóa,Tôi bị đau bụng dữ dội.
Cơ xương khớp,"Sau khi chơi tennis, tôi cảm thấy một cảm giác mạnh ở gần cổ."
Tâm thần,"Tâm trí tôi cảm thấy rất buồn, như thể đang đau đớn. Cảm giác trong đầu tôi thật tồi tệ và mỗi khi nghĩ về chuyện chia tay, tôi lại khóc vì buồn bã."
Tiêu hóa,Đau nhói và khó thở
Tai Mũi Họng,Tôi có rất nhiều đờm khi ho.
Da liễu,Tôi có một vết thương đóng vảy ở mu bàn tay mà mãi không lành.
Đa khoa,"Khi thức dậy vào buổi sáng, tôi cảm thấy cơ thể rất yếu."
Tai Mũi Họng,"Mỗi khi làm vậy, tôi đều cảm thấy đau nhói ở tai."
Da liễu,Một cơn rụng tóc khủng khiếp
Tai Mũi Họng,Tôi không thở được vì ho
Chấn thương chỉnh hình,Tôi bị đau khớp. Tôi không thể chịu đựng được cơn đau.
Cơ xương khớp,Tôi bị gãy mắt cá chân khi leo núi đá ở dãy Carpathians.
Đa khoa,"Khi thức dậy vào buổi sáng, tôi cảm thấy kỳ lạ và chóng mặt."
Ngoại khoa,Điều gì giúp vết thương mau lành hơn?
Tai Mũi Họng,Tôi đã khỏi cảm lạnh được vài tuần rồi nhưng vẫn ho mỗi ngày.
Thần kinh/Tiêu hóa,Tôi cảm thấy đầu mình bị đè nặng rất nhiều.
Cơ xương khớp,Tôi bị đau vai dữ dội.
Tai Mũi Họng,Nhiệt độ cơ thể tôi giảm xuống và toàn thân bị co giật.
Tai Mũi Họng,Tôi bị ớn lạnh và đau nhức khắp người.
Đa khoa,"Kết quả xét nghiệm CBC của tôi cho thấy 10 Hb, tôi cảm thấy mệt mỏi vì công việc ít ỏi."
Cơ xương khớp,Tôi bị chấn thương trong một trận bóng đá và được chẩn đoán là tổn thương dây chằng chéo.
Da liễu,Tôi cần gãi da mỗi phút
Chấn thương chỉnh hình,Tôi cảm thấy như có thứ gì đó sưng và viêm ở phía sau đầu gối.
Tai Mũi Họng,"Tôi bị đau tai mãi không khỏi. Tôi không bị cảm lạnh, đau đầu hay bất kỳ triệu chứng nào khác. Chỉ là đau tai thôi."
Nhãn khoa,"Tôi đang gặp vấn đề về thị lực, cảm giác như có một đám mây che mắt, mọi thứ đều mờ."
Cơ xương khớp,Tôi đã thử xoa bóp chân nhưng chúng vẫn đau.
Hô hấp,Tôi không gặp vấn đề gì khi hít vào nhưng thở ra thì rất nặng nhọc.
Cơ xương khớp,Tôi có cảm giác như mình vừa đến một phòng khám châm cứu và bị cắm 100 cây kim vào vai.
Chấn thương chỉnh hình,Tôi cảm thấy rất đau nhức ở các khớp.
Cơ xương khớp,Tôi cảm thấy đau ở vai phải sau trận đấu quần vợt.
Cơ xương khớp,Tôi bị chuột rút đau ở chân.
Cơ xương khớp,Tôi bị đứt tay khi chơi bóng đá và đã bôi kem giảm đau nhưng không hiệu quả.
Hô hấp,"Đôi khi tôi cảm thấy như có một cái móng vuốt đang cào cấu ngực mình, khiến tôi khó thở."
Thấp khớp/Chỉnh hình,Tôi cảm thấy đau ở cổ.
Cơ xương khớp,Tôi đang chơi bóng đá và bị trẹo mắt cá chân.
Đa khoa,Tôi đã cố gắng làm giảm bớt nó nhưng không được.
Chấn thương chỉnh hình,Tôi cảm thấy có tiếng lách cách ở đầu gối mỗi khi bước đi.
Nhãn khoa,"Tôi không nhìn thấy biển báo, tầm nhìn của tôi bị mờ."
Cơ xương khớp,Tôi bị va chạm khi đang chơi bóng đá. Đầu gối của tôi bị trẹo và giờ không còn vững nữa.
Tâm thần,Tôi cảm thấy muốn tự tử.
Chấn thương chỉnh hình,"đỏ, sưng tấy và khó đi lại"
Tiêu hóa,Tôi bị đau nhưng không thể xác định được vị trí cụ thể.
Cơ xương khớp,Tôi cảm thấy như có ai đó đâm dao vào vai mình.
Tim mạch,Đau dữ dội ở phía trên bên trái ngực và có thể lan ra lưng.
Thấp khớp/Chỉnh hình,Tôi bị đau cổ khi ngồi trước máy tính xách tay.
Tâm thần,Tôi bị rối loạn cảm xúc.
Chấn thương chỉnh hình,"Khi tôi duỗi chân, khớp gối bị đau."
Da liễu,Tóc tôi không được đẹp lắm.
Chấn thương chỉnh hình,Tôi bị đau đầu gối mỗi khi đi bộ nhiều.
Tim mạch,Tôi khó thở vì cơn đau âm ỉ dưới vai trái.
Cơ xương khớp,Tôi bị đau nhói ở bắp tay. Tôi đã thử bôi kem giảm đau nhưng không hiệu quả.
Tai Mũi Họng,"Khi thức dậy, tôi cảm thấy lạnh."
Hô hấp,Tôi không gặp vấn đề gì khi hít vào nhưng thở ra thì rất nặng nhọc.
Tâm thần,"Mỗi khi nghĩ về cha mẹ, tôi lại cảm thấy đau lòng."
Chấn thương chỉnh hình,Tôi bị đau đầu gối khi đang bơi.
Da liễu,Tôi bị nổi mụn đầu trắng và mụn đầu đen thành từng cụm trên lưng.
Ngoại khoa,Chồng tôi có một vết trên môi mà anh ấy tưởng là mụn rộp nhưng giờ nó đã bị vỡ ra và chảy dịch cả ngày.
Tai Mũi Họng,Tôi bị đau tai mỗi khi chạm vào.
Cơ xương khớp,Tôi bị đau cơ thang.
Chấn thương chỉnh hình,Đầu gối tôi có cảm giác như bị rỉ sét và đột nhiên tôi không thể gập nó lại được nữa.
Cơ xương khớp,Vai tôi đau quá.
Tim mạch,Tôi cảm thấy đau nhói từ ngực lan lên đến cánh tay trái.
Ngoại khoa,Tôi bị một vết cắt ở chân và nó đã bị nhiễm trùng do sử dụng vòi sen ở phòng tập thể dục.
Thấp khớp/Chỉnh hình,"Mỗi lần nhìn sang trái, tôi đều cảm thấy đau nhói ở cổ."
Chấn thương chỉnh hình,Đầu gối tôi đau quá.
Thấp khớp/Chỉnh hình,Tôi bị đau cổ và không thể chịu đựng được cơn đau này.
Tiêu hóa,"Tôi bị đau bụng khi ăn đồ ăn nóng, tại sao vậy?"
Tiêu hóa,Tôi bị đau bụng mỗi khi bị cảm lạnh.
Tai Mũi Họng,"Tai trái của tôi không sao, nhưng tai phải thì có cảm giác như bị đâm bằng đinh."
Tim mạch,Tôi bị đau dữ dội ở ngực do tổn thương tim.
Ngoại khoa,Nhiễm trùng vết mổ
Thần kinh/Tiêu hóa,Tôi bị đau đầu mỗi khi cố gắng làm bất cứ việc gì.
Tai Mũi Họng,Tai tôi đau quá.
Ngoại khoa,Tôi có một vết thương hở đã chuyển sang màu đỏ và chảy mủ.
Tiêu hóa,"Tôi bị đau bụng sau khi uống bất kỳ loại nước ngọt nào, tại sao vậy?"
Cơ xương khớp,"Mỗi khi tôi cử động vai, cảm giác như có luồng điện chạy qua vai vậy."
Đa khoa,"Mỗi khi tôi đứng dậy, đầu tôi lại bắt đầu quay cuồng."
Cơ xương khớp,Tôi cảm thấy đau ở chân.
Tai Mũi Họng,Tai tôi bị đau khi nghe nhạc.
Tai Mũi Họng,Tai tôi bị ù.
Hô hấp,Tim tôi đập nhanh và tôi khó thở.
Tiêu hóa,"Sau khi ăn, tôi cảm thấy nóng rát bên trong cơ thể."
Tâm thần,"Sau khi chia tay, tôi cảm thấy có điều gì đó lạ lẫm trong mình."
Tai Mũi Họng,Từ khi vào rừng tôi bị đau tai.
Da liễu,Tôi có một vết thương đóng vảy ở mu bàn tay mà mãi không lành.
Da liễu,Mụn của tôi thật sự khiến tôi xấu hổ. Nó đỏ quá.
Tai Mũi Họng,"Tôi cảm thấy lạnh cóng, như một viên đá. Chị tôi nói rằng chị ấy cần nhiều chăn để đắp cho đủ ấm."
Ngoại khoa,Tôi bị đứt tay và đang chảy máu.
Tim mạch,"Chồng tôi bỏ tôi để đến với người phụ nữ khác, trái tim tôi đau đớn đến mức tôi không thể ăn không thể ngủ được."
Nhãn khoa,"Khi lái xe, mắt tôi nhìn thấy hình ảnh kép."
Đa khoa,"Khi đứng dậy quá nhanh, tôi bắt đầu cảm thấy chóng mặt và choáng váng."
Tim mạch,Tôi cảm thấy như tim mình sắp nhảy ra khỏi lồng ngực. Đau quá.
Tai Mũi Họng,Tôi không thể cảm thấy ấm áp dù có mặc nhiều lớp áo hay bật máy sưởi ở mức cao nhất.
Tai Mũi Họng,"Tôi cảm thấy lạnh cóng, như một viên đá. Chị tôi nói rằng chị ấy cần nhiều chăn để đắp cho đủ ấm."
Tiêu hóa,Tôi bị đau đầu mỗi ngày.
Tiêu hóa,Tôi bị đau nhói ở vùng bụng dưới.
Ngoại khoa,Tôi bị một vết cắt đã được khâu lại nhưng nó không lành. Nó đang chảy mủ màu xanh và bị bỏng rát.
Đa khoa,"Mỗi khi đứng dậy quá nhanh, tôi đều cảm thấy như mình sắp ngất xỉu."
Ngoại khoa,Vết thương của tôi bị nhiễm trùng hay chỉ đang lành lại?
Hô hấp,Buổi sáng tôi thở rất to.
Da liễu,Da tôi bị ngứa và viêm.
Tim mạch,"Chồng tôi bỏ tôi để đến với người phụ nữ khác, trái tim tôi đau đớn đến mức tôi không thể ăn không thể ngủ được."
Da liễu,"Tóc tôi rụng từng mảng lớn, đặc biệt là khi gội đầu."
Đa khoa,"Khi ăn quá nhiều đường, cơ thể tôi trở nên yếu và chóng mặt."
Chấn thương chỉnh hình,Đầu gối tôi cảm thấy yếu và hôm trước nó bị khuỵt xuống ở đầu cầu thang. May mắn là có lan can để vịn vào.
Thần kinh/Tiêu hóa,Tôi bị đau đầu ở phía sau và cơn đau kéo dài cả ngày.
Tiêu hóa,Tôi bị đau lan từ hông phải lên đến lồng ngực. Cơn đau dữ dội nhất khi tôi đi tiểu.
Ngoại khoa,"Cháu trai tôi bị xước chân do va phải vỏ sò ở biển, giờ chân cháu đang chuyển sang màu xám và sưng tấy."
Cơ xương khớp,Tôi bị đau lưng khi đang tập tạ ở phòng gym.
Da liễu,"Mỗi tháng, vào khoảng thời gian hành kinh, da mặt tôi lại nổi mụn rất nhiều."
Thấp khớp/Chỉnh hình,Tôi cảm thấy đau cổ khi đang làm việc.
Tai Mũi Họng,Tôi bị ho suốt hai tuần nay rồi.
Tai Mũi Họng,Tôi cảm thấy lạnh mặc dù đang là mùa hè.
Chấn thương chỉnh hình,Tôi nghĩ mình đã làm quá sức khi khiêng đống gỗ đó từ ngoài sân về. Lưng dưới của tôi đau nhức kinh khủng.
Chấn thương chỉnh hình,Tôi bị đau lưng và không thể cúi gập người hay đi lại được.
Tim mạch,Tôi cảm thấy đau tim mỗi khi đi bộ nhiều.
Cơ xương khớp,Tôi cảm thấy đau vai từng đợt.
Đa khoa,"Tôi nhanh mệt quá, sáng sớm hầu như không mặc nổi quần áo."
Cơ xương khớp,Tôi không thể đi lại được vì chân tôi đau quá.
Nhãn khoa,Tôi nhận thấy thị lực của mình giảm sút đáng kể khi cố gắng nhìn những vật ở cự ly gần.
Tiêu hóa,"Tôi cảm thấy đau đớn bên trong, tôi không biết đó là gì."
Ngoại khoa,Chồng tôi có một vết trên môi mà anh ấy tưởng là mụn rộp nhưng giờ nó đã bị vỡ ra và chảy dịch cả ngày.
Chấn thương chỉnh hình,Tôi nghĩ mình đã làm quá sức khi khiêng đống gỗ đó từ ngoài sân về. Lưng dưới của tôi đau nhức kinh khủng.
Tai Mũi Họng,Tôi bị đau tai mỗi khi chạm vào.
Cơ xương khớp,"Tôi bị đau cơ chân sau khi chạy bộ hôm qua, tôi đã uống thuốc giảm đau nhưng không hiệu quả."
Da liễu,Khi tôi cố gắng chăm sóc tóc thì phát hiện ra tóc mình bị rụng nhiều.
Ngoại khoa,"Tôi bị ngã xuyên qua cửa sổ khi đang lau chùi và có một mảnh kính găm vào mắt trái, tôi nghĩ tình trạng khá nghiêm trọng, xin hãy giúp tôi!"
Ngoại khoa,Tôi bị một vết cắt ở chân và nó đã bị nhiễm trùng do sử dụng vòi sen ở phòng tập thể dục.
Tai Mũi Họng,Phổi tôi cảm thấy nặng trĩu như thể chứa đầy chất nhầy.
Da liễu,Tôi bị nổi mụn khi ăn ớt.
Cơ xương khớp,Tôi cảm thấy đau cơ mỗi khi gắng sức quá mức.
Tim mạch,Tôi cảm thấy tim mình như đang bốc cháy.
Cơ xương khớp,Tôi bị đau lưng dưới nhưng nếu duỗi người thì đỡ hơn.
Thần kinh/Tiêu hóa,Tôi bị đau đầu mỗi khi ăn kem.
Cơ xương khớp,Tôi thích đi bộ và hoạt động ngoài trời nhưng lòng bàn chân của tôi rất nhanh bị đau.
Cơ xương khớp,"Trong cuộc phẫu thuật ở mắt cá chân, các dây thần kinh của tôi bị tổn thương nghiêm trọng đến mức tôi không thể chịu được khi ai đó chạm vào vết sẹo."
Tai Mũi Họng,Tôi bị đau tai khi tắm.
Cơ xương khớp,Tôi bị đau cơ dữ dội từ khi đi tập gym.
Cơ xương khớp,"Mỗi khi tôi cử động vai, cơn đau lại lan xuống cánh tay."
Tim mạch,Tôi bị đau tim dữ dội.
Tai Mũi Họng,"Tôi không khỏe, tôi cảm thấy rất lạnh."
Da liễu,"Mỗi lần chải tóc, tôi đều thấy rất nhiều tóc mắc trong lược."
Tai Mũi Họng,Hệ thống sưởi trong nhà tôi bị hỏng nên tôi cảm thấy rất lạnh.
Cơ xương khớp,Tôi bị đau nhói ở bắp tay. Tôi đã thử bôi kem giảm đau nhưng không hiệu quả.
Ngoại khoa,Tôi bị tai nạn và vết thương vẫn còn hở khi tôi đến bệnh viện.
Đa khoa,"Khi đứng dậy quá nhanh, tôi bắt đầu cảm thấy chóng mặt và choáng váng."
Chấn thương chỉnh hình,Tôi bị đau nhói ở xương bánh chè sau khi tập thể dục.
Da liễu,Tóc tôi không được đẹp lắm.
Thấp khớp/Chỉnh hình,Tôi bị đau cổ khi ngồi trước máy tính xách tay.
Thấp khớp/Chỉnh hình,"Cứng đờ, không thể nhìn sang phải hoặc trái trừ khi di chuyển toàn bộ cơ thể."
Cơ xương khớp,Bắp chân tôi có cảm giác như bị căng cứng và nhức nhối.
Hô hấp,"Tôi được chẩn đoán mắc bệnh viêm phổi, tôi khó thở."
Đa khoa,Tôi chẳng làm gì ở nhà cả mà vẫn cảm thấy kiệt sức.
Da liễu,"Tôi bị nổi mụn trên mặt, lúc có lúc không."
Cơ xương khớp,Tôi cảm thấy đau cơ mỗi khi gắng sức quá mức.
Chấn thương chỉnh hình,"Tôi rất thích làm vườn nhưng mỗi khi cúi người xuống, tôi lại bị đau nhói ở lưng dưới."
Đa khoa,Tôi cảm thấy toàn thân yếu ớt.
Da liễu,Tôi bị mụn trên mặt và các vấn đề khác về da liễu như ngứa.
Hô hấp,Tôi bị nghẹt mũi suốt ngày và có chất dịch nhầy dính trong cổ họng khiến tôi không thể ngủ được. Tôi thường phải ngủ trưa trong tư thế ngồi.
Nhãn khoa,Tôi đang xem tivi thì đột nhiên bị nhìn mờ.
Thấp khớp/Chỉnh hình,Tôi bị đau cổ nên không ngủ được.
Cơ xương khớp,Tôi bị đau cơ dữ dội từ khi đi tập gym.
Tai Mũi Họng,"Mỗi khi hắt hơi mạnh, tôi cảm thấy đau tai."
Da liễu,Trên mặt tôi có mụn.
Chấn thương chỉnh hình,Đầu gối của tôi không gập được tốt.
Hô hấp,Tôi cảm thấy khó thở - liệu tôi có bị đau tim không?
Thần kinh/Tiêu hóa,Tôi cảm thấy đau đầu
Tai Mũi Họng,Tôi cảm thấy lạnh dù nhiệt độ cao.
Thấp khớp/Chỉnh hình,Tôi không thể ngẩng đầu lên cúi xuống được.
Hô hấp,"Tôi khó thở khi ở trong ga tàu điện ngầm, tại sao vậy?"
Đa khoa,Tôi cảm thấy toàn thân rất yếu.
Tim mạch,Tôi cảm thấy nhịp tim tăng nhanh khi bị chích.
Cơ xương khớp,Vết sẹo dài trên mông trái của tôi là do ngã xe đạp leo núi.
Ngoại khoa,Tôi bị một vết cắt ở chân và nó đã bị nhiễm trùng do sử dụng vòi sen ở phòng tập thể dục.
Tiêu hóa,Khi ăn tôi cảm thấy đau bụng.
Tai Mũi Họng,"Tôi bị đau tai mãi không khỏi. Tôi không bị cảm lạnh, đau đầu hay bất kỳ triệu chứng nào khác. Chỉ là đau tai thôi."
Tâm thần,Tôi không hiểu sao mình cứ buồn mãi.
Chấn thương chỉnh hình,"Tôi bị đau lưng, không thể duỗi thẳng được."
Cơ xương khớp,"Sau một ngày làm việc vất vả, tôi bị đau chân."
Thần kinh/Tiêu hóa,Đầu tôi đau quá.
Chấn thương chỉnh hình,Các khớp của tôi cảm thấy sưng tấy.
Da liễu,Những đốm đỏ trên má tôi mới xuất hiện. Đó là gì vậy?
Da liễu,Tôi bị phát ban trên da.
Tâm thần,Tôi ước cảm giác mất mát đau đớn này có thể biến mất.
Cơ xương khớp,Tôi cảm thấy rất khó chịu ở hai bên cổ.
Tâm thần,"Tôi đã thử đọc sách, nhưng chẳng có gì làm tôi vui lên được cả."
Ngoại khoa,Tôi nghĩ vết thương của tôi bị nhiễm trùng rồi.
Đa khoa,"Khi đứng lên tôi cảm thấy chóng mặt, tôi không biết tại sao."
Đa khoa,Tôi cảm thấy cơ bắp mệt mỏi.
Cơ xương khớp,"Mỗi khi cử động tay, vai phải của tôi lại kêu lách tách."
Thần kinh/Tiêu hóa,"Đầu tôi nặng trĩu, không thể suy nghĩ bình thường được."
Tai Mũi Họng,Cảm giác ho càng tăng lên khi mùa đông đến.
Đa khoa,Tôi cảm thấy choáng váng
Chấn thương chỉnh hình,Tôi đã dùng rất nhiều thuốc giảm đau để đỡ hơn nhưng tôi vẫn cảm thấy đau lưng.
Da liễu,Có cách nào chữa khỏi mụn trứng cá không?
Chấn thương chỉnh hình,Tôi cảm thấy đau ở đầu gối.
Cơ xương khớp,Tôi cảm thấy đau vai khi gõ bàn phím.
Tai Mũi Họng,Tai tôi bị ù.
Tai Mũi Họng,Tôi bị ớn lạnh và đau nhức khắp người.
Da liễu,Có thứ gì đó tối màu trên cánh tay tôi.
Đa khoa,Tôi có cảm giác toàn thân không còn chút sức lực nào.
Tim mạch,Tôi bị đau ngực và cảm thấy rất buồn.
Chấn thương chỉnh hình,"Mỗi khi lên xuống cầu thang, đầu gối tôi lại phát ra tiếng kêu ken két."
Tâm thần,"Sau khi chia tay, tôi cảm thấy có điều gì đó lạ lẫm trong mình."
Thần kinh/Tiêu hóa,Tôi cảm thấy như có ai đó đang dùng búa đập vào đầu mình. Tôi thấy đau nhức ở đỉnh đầu và nó cứ giật giật.
Cơ xương khớp,Vai tôi bị đau mỗi khi cố với lấy thứ gì đó ở trên cao.
Da liễu,Tóc của anh ấy rụng chỉ vì chải tóc thôi.
Da liễu,Tôi có một vết thương đóng vảy ở mu bàn tay mà mãi không lành.
Cơ xương khớp,"Mỗi sáng thức dậy, cổ tôi đều có cảm giác như ngủ sai tư thế."
Da liễu,Tôi cảm thấy rất ngứa rát ở vùng gần cánh tay.
Tai Mũi Họng,Tôi đã khỏi cảm lạnh được vài tuần rồi nhưng vẫn ho mỗi ngày.
Da liễu,Da tôi rất khô và bong tróc.
Da liễu,Mặt tôi nổi đầy mụn.
Tai Mũi Họng,Tôi bị đau tai mỗi khi đi bơi.
Tiêu hóa,Tôi bị đau bụng dữ dội và không thể ăn bất cứ thứ gì.
Hô hấp,Tôi bị nghẹt mũi suốt ngày và có chất dịch nhầy dính trong cổ họng khiến tôi không thể ngủ được. Tôi thường phải ngủ trưa trong tư thế ngồi.
Đa khoa,Tôi chẳng làm gì ở nhà cả mà vẫn cảm thấy kiệt sức.
Cơ xương khớp,"Tôi đã đi bộ 3 km, và cảm thấy đau nhức ở chân, giống như đau bàn chân vậy."
Da liễu,Những đốm đỏ trên má tôi mới xuất hiện. Đó là gì vậy?
Cơ xương khớp,Chân tôi bị đau từ thứ Ba tuần trước.
Da liễu,Tôi có vấn đề về da.
Chấn thương chỉnh hình,Tôi bị đau nhức như kim châm ở các khớp.
Đa khoa,"Khi phê quá, tôi bắt đầu cảm thấy chóng mặt."
Da liễu,Tôi rất lo lắng mình sẽ bị hói đầu sớm. Tôi có bị bệnh nặng không?
Tai Mũi Họng,"Chắc chắn là tuần hoàn máu của tôi có vấn đề rồi, ngay cả những ngày nóng nhất tôi cũng phải mang tất, ngón chân tôi lạnh cóng!"
Đa khoa,Tôi cảm thấy choáng váng
Cơ xương khớp,Tôi bị đau cơ.
Tai Mũi Họng,"Con tôi bị ho cả đêm, không ngủ được."
Tiêu hóa,Tôi cảm thấy đau đớn bên trong nhưng không thể xác định được nguyên nhân.
Tai Mũi Họng,"Tôi ho rất nhiều khi ngửi mùi nước hoa, phổi tôi có vấn đề gì vậy?"
Đa khoa,"Tôi nhanh mệt quá, sáng sớm hầu như không mặc nổi quần áo."
Nhãn khoa,Tôi bị mờ mắt sau khi bị va đập vào đầu hôm qua.
Tai Mũi Họng,"Tôi cứ mãi không thấy ấm. Ngay cả khi mọi người xung quanh đều ấm áp, tôi vẫn luôn cảm thấy lạnh."
Da liễu,"Tôi bị nổi những mảng mụn lớn, ngứa rát trên lưng và rất đau."
Chấn thương chỉnh hình,Đường nóng rát dọc theo lưng kèm theo khó thở.
Chấn thương chỉnh hình,Làm sao để biết bạn có bị rách sụn chêm ở đầu gối hay không?
Tai Mũi Họng,Tôi đã khỏi cảm lạnh được vài tuần rồi nhưng vẫn ho mỗi ngày.
Cơ xương khớp,"Mỗi sáng thức dậy, cổ tôi đều có cảm giác như ngủ sai tư thế."
Tim mạch,Tôi cảm thấy một cơn đau kỳ lạ và dữ dội bên trong lồng ngực.
Da liễu,Tôi bị mụn khắp mặt.
Ngoại khoa,Tôi bị đứt tay cách đây vài ngày và mặc dù tôi không nghĩ mình cần khâu nhưng vết thương vẫn chưa lành.
Tai Mũi Họng,Tôi không thể thở được
Cơ xương khớp,"Mỗi khi chơi tennis, tôi đều cảm thấy đau vai."
Thấp khớp/Chỉnh hình,Tôi bị đau cổ và không thể nhìn xuống hay nhìn lên.
Cơ xương khớp,Tôi vẫn không cảm thấy cơ bắp của mình đỡ hơn.
Tâm thần,Tôi cảm thấy vô cùng đau khổ về mặt tinh thần sau khi chia tay bạn gái.
Hô hấp,"Tôi khó thở khi ở trong ga tàu điện ngầm, tại sao vậy?"
Chấn thương chỉnh hình,"Tôi bị đau lưng, không thể duỗi thẳng được."
Tai Mũi Họng,Tôi bị đau tai và ù tai.
Nhãn khoa,"Tôi lo lắng về khả năng lái xe của mình, vì tôi hầu như không thể tập trung khi ngồi sau tay lái, mắt tôi cứ chảy nước mắt."
Chấn thương chỉnh hình,Tôi bị đau lưng khi mang vác đồ nặng.
Da liễu,Tôi cảm thấy ngứa dữ dội trên da và da bị đỏ.
Cơ xương khớp,Vai tôi bị đau.
Da liễu,"Mỗi khi trời mưa, tôi lại bị nổi mẩn ngứa ở bụng và hai bên sườn."
Thần kinh/Tiêu hóa,Đầu tôi đau quá.
Tai Mũi Họng,Tôi bị ho rất nặng và có đờm.
Ngoại khoa,"vết rách, vết thủng hoặc lỗ hở trên da"
Cơ xương khớp,Tôi cảm thấy đau dữ dội ở đầu gối sau khi bị va chạm trong trận bóng đá.
Cơ xương khớp,Tôi bị đau vai dữ dội.
Tai Mũi Họng,"Tôi lo lắng vì khả năng chịu lạnh của mình kém, tôi luôn run rẩy, ngay cả khi ở ngoài trời nắng."
Tiêu hóa,đau quặn bụng khắp vùng bụng
Thần kinh/Tiêu hóa,Tôi cảm thấy đau đầu dữ dội.
Cơ xương khớp,"Mỗi khi cử động tay, vai phải của tôi lại kêu lách tách."
Chấn thương chỉnh hình,Tôi rất đau lưng mỗi khi cúi người.
Tim mạch,Trái tim đau nhói vô cùng
Nhãn khoa,Máy khử trùng mắt
Đa khoa,"Khi phê quá, tôi bắt đầu cảm thấy chóng mặt."
Da liễu,"Tôi bị nổi những mảng mụn lớn, ngứa rát trên lưng và rất đau."
Tai Mũi Họng,Tôi bị ho khan nặng
Tiêu hóa,"Tôi cảm thấy đau nhức ở bên trong, giữa hông và vai."
Tiêu hóa,Tôi cảm thấy đau đớn bên trong nhưng không thể xác định được nguyên nhân.
Chấn thương chỉnh hình,"Tôi không thể đi được, đầu gối tôi đau quá."
Da liễu,Hồi trung học tôi bị mụn rất nhiều.
Ngoại khoa,"Chân tôi đang nuốt nước bọt, điều này cho thấy vết thương của tôi bị nhiễm trùng."
Đa khoa,Tôi cảm thấy chóng mặt khi thực hiện các chuyển động đột ngột.
Da liễu,Một cơn rụng tóc khủng khiếp
Đa khoa,"Kết quả xét nghiệm CBC của tôi cho thấy 10 Hb, tôi cảm thấy mệt mỏi vì công việc ít ỏi."
Chấn thương chỉnh hình,Cơn đau lưng của tôi nhói lên như dao đâm.
Tai Mũi Họng,Đau tai dữ dội
Cơ xương khớp,Tôi bị đau vai sau khi làm bất cứ việc gì liên quan đến nhà.
Tiêu hóa,Tôi cảm thấy rất đau ở vùng bụng.
Tai Mũi Họng,Nhiệt độ cơ thể tôi giảm xuống và toàn thân bị co giật.
Tai Mũi Họng,Tôi bị ngứa tai.
Da liễu,Tóc tôi rụng từng mảng lớn.
Tai Mũi Họng,"Dù nhiệt độ trong nhà có cao, người tôi vẫn luôn cảm thấy lạnh."
Tiêu hóa,Tôi bị đau âm ỉ ở bụng. Cơn đau càng nặng hơn sau khi ăn.
Tai Mũi Họng,Tôi bị ớn lạnh và đau nhức khắp người.
Cơ xương khớp,"Sau khi chơi tennis, tôi cảm thấy một cảm giác mạnh ở gần cổ."
Chấn thương chỉnh hình,Làm sao để biết bạn có bị rách sụn chêm ở đầu gối hay không?
Thấp khớp/Chỉnh hình,Tôi bị sưng ở cổ và rất đau.
Cơ xương khớp,Tôi bị va đập đầu trong trận bóng rổ. Liệu tôi có bị chấn động não không?
Thấp khớp/Chỉnh hình,Tôi không thể xoay cổ sang trái mà không cảm thấy đau nhói.
Da liễu,Có thứ gì đó tối màu trên cánh tay tôi.
Tai Mũi Họng,Tôi đã khỏi cảm lạnh được vài tuần rồi nhưng vẫn ho mỗi ngày.
Ngoại khoa,Vết thương của tôi không lành tốt và tình trạng này đã kéo dài hai tuần rồi.
Cơ xương khớp,"Sau khi đi bộ, tôi cảm thấy đau ở lòng bàn chân."
Da liễu,Tôi có một vết thương đóng vảy ở mu bàn tay mà mãi không lành.
Chấn thương chỉnh hình,Đầu gối của tôi không gập được tốt.
Da liễu,Mụn của tôi bị ngứa và chảy dịch.
Tâm thần,"Sau khi chia tay, tôi cảm thấy có điều gì đó lạ lẫm trong mình."
Tim mạch,Tôi bị đau ngực và cảm thấy rất buồn.
Cơ xương khớp,Tôi không thể chịu đựng được cảm giác khó chịu này ở vai.
Tai Mũi Họng,"Mỗi khi làm vậy, tôi đều cảm thấy đau nhói ở tai."
Tai Mũi Họng,Tôi không thở được vì ho
Chấn thương chỉnh hình,Tôi bị đau khớp. Tôi không thể chịu đựng được cơn đau.
Chấn thương chỉnh hình,Toàn thân tôi đang trong tình trạng tồi tệ và tôi cần được điều trị tốt.
Tai Mũi Họng,Tôi có rất nhiều đờm khi ho.
Tiêu hóa,"Tôi bị đau ở đại tràng và dạ dày, cảm giác như có vật gì đó đang cắt vào."
Tiêu hóa,Tôi cảm thấy rất đau ở vùng bụng.
Tiêu hóa,Đau nhói và khó thở
Nhãn khoa,"Khi tôi đứng dậy quá nhanh, tầm nhìn của tôi bị mờ."
Tai Mũi Họng,"Tôi lo lắng vì khả năng chịu lạnh của mình kém, tôi luôn run rẩy, ngay cả khi ở ngoài trời nắng."
Chấn thương chỉnh hình,Cơn đau lưng của tôi nhói lên như dao đâm.
Tai Mũi Họng,Đau tai dữ dội
Tiêu hóa,Đau bụng sau khi uống sữa
Tiêu hóa,"Tôi bị đau ở đại tràng và dạ dày, cảm giác như có vật gì đó đang cắt vào."
Tai Mũi Họng,Tai tôi bị đau và càng đau hơn khi nuốt. Tôi bị đau tai dữ dội và thuốc Tylenol cũng không giúp được gì.
Tai Mũi Họng,Nhiệt độ cơ thể tôi giảm xuống và toàn thân bị co giật.
Tiêu hóa,Tôi cảm thấy rất đau ở vùng bụng.
Tiêu hóa,Đau nhói và khó thở
Tâm thần,"Mỗi khi nhớ về cô ấy, tôi lại cảm thấy buồn."
Ngoại khoa,"Tôi nghĩ vết thương của tôi có vấn đề, nó dường như không lành lại như bình thường."
Ngoại khoa,Tôi phải đi khám bác sĩ vì tôi có một vết thương hở.
Thấp khớp/Chỉnh hình,Tôi bị đau dữ dội ở cổ.
Da liễu,Một cơn rụng tóc khủng khiếp
Da liễu,Tôi cần tìm phương pháp điều trị rụng tóc.
Tâm thần,Dạo này tôi cảm thấy rất buồn.
Đa khoa,"Kết quả xét nghiệm CBC của tôi cho thấy 10 Hb, tôi cảm thấy mệt mỏi vì công việc ít ỏi."
Nhãn khoa,Tôi gặp khó khăn khi đọc vì các chữ cái đều bị mờ.
Thấp khớp/Chỉnh hình,Tôi cảm thấy đau ở cổ.
Tai Mũi Họng,"Tôi bị đau tai mãi không khỏi. Tôi không bị cảm lạnh, đau đầu hay bất kỳ triệu chứng nào khác. Chỉ là đau tai thôi."
Cơ xương khớp,"Tối qua khi chơi bóng đá, tôi bị đá vào đầu."
Đa khoa,Tôi cảm thấy chóng mặt sau khi vận động cơ bắp.
Da liễu,Tôi bị mụn khắp mặt.
Da liễu,Da tôi bị ngứa.
Chấn thương chỉnh hình,"Tôi không thể cử động chân, khớp bị đau."
Chấn thương chỉnh hình,Tôi cảm thấy đau lưng.
Tâm thần,Tôi bị bệnh tâm thần
Tai Mũi Họng,Tôi nghĩ nhiệt độ cơ thể của tôi rất thấp.
Da liễu,Bệnh mãn tính của nang tóc và tuyến bã nhờn
Đa khoa,Tôi cảm thấy choáng váng khi đứng dậy.
Cơ xương khớp,Tôi bị đau nhức cơ vai mỗi khi cử động tay.
Nhãn khoa,"Tôi cảm thấy đau nhức mắt, tôi nhìn thấy như có sương mù."
Da liễu,Mụn trứng cá khiến tôi cảm thấy xấu hổ.
Cơ xương khớp,Tôi cảm thấy nóng rát ở cơ vai.
Da liễu,sử dụng thuốc bổ tóc
Thấp khớp/Chỉnh hình,Tôi cảm thấy đau ở cổ.
Tâm thần,Tôi ly hôn năm ngoái và tôi cứ mãi nghĩ đến việc trả thù chồng cũ.
Da liễu,Tôi không thể có bạn gái vì mụn trứng cá.
Tim mạch,Tôi bị đau dữ dội ở ngực do tổn thương tim.
Hô hấp,Tôi đi bộ mỗi ngày nhưng giờ đây chỉ đi được một đoạn ngắn là tôi đã bị khó thở.
Tai Mũi Họng,Tôi không thể thở được
Thấp khớp/Chỉnh hình,Tôi hay than phiền về chứng đau cổ và tôi thực sự cần phải khỏe hơn.
Tiêu hóa,Tôi có một nỗi đau nội tâm không thể diễn tả được.
Thấp khớp/Chỉnh hình,Tôi gặp khó khăn khi cử động cổ.
Tai Mũi Họng,Tôi cảm thấy tức ngực.
Chấn thương chỉnh hình,Tôi cảm thấy có tiếng lách cách ở đầu gối mỗi khi bước đi.
Ngoại khoa,Tôi bị rách da ở ngón tay cái và vết thương không lành.
Đa khoa,Tôi cảm thấy khó chịu khắp cơ thể nói chung.
Cơ xương khớp,Tôi bị chuột rút đau ở chân.
Ngoại khoa,Có một người bị thương.
Chấn thương chỉnh hình,Tôi cảm thấy đau ở đầu gối.
Cơ xương khớp,Tôi bị đau nhói ở bắp chân.
Chấn thương chỉnh hình,Tôi bị đau khớp. Tôi không thể chịu đựng được cơn đau.
Da liễu,Tôi bị phát ban da sau khi ăn kem.
Đa khoa,"Khi ăn quá nhiều đường, cơ thể tôi trở nên yếu và chóng mặt."
Nhãn khoa,Thật khó để nhìn thấy mọi thứ
Tai Mũi Họng,Đau tai dữ dội
Ngoại khoa,Tôi phải đi khám bác sĩ vì tôi có một vết thương hở.
Tai Mũi Họng,Tôi không thở được vì ho
Tiêu hóa,Tôi bị đau bụng.
Thần kinh/Tiêu hóa,Tôi cảm thấy đầu mình bị đè nặng rất nhiều.
Tai Mũi Họng,Tôi đã khỏi cảm lạnh được vài tuần rồi nhưng vẫn ho mỗi ngày.
Hô hấp,Buổi sáng tôi thở rất to.
Da liễu,"Mặt tôi nổi những nốt mụn đỏ và cục u đau rát, dù tôi có rửa mặt bao nhiêu lần cũng không hết."
Da liễu,Mặt tôi nổi đầy mụn.
Da liễu,Sáng nào gối tôi cũng có rất nhiều tóc.
Tâm thần,"Sau khi chia tay, tôi cảm thấy có điều gì đó lạ lẫm trong mình."
Chấn thương chỉnh hình,"Tôi gặp khó khăn khi chịu trọng lượng lên đầu gối, khi đứng thẳng tôi cảm thấy và nghe thấy một tiếng kêu lách tách lớn."
Cơ xương khớp,"Mỗi sáng thức dậy, cổ tôi đều có cảm giác như ngủ sai tư thế."
Da liễu,Tóc của anh ấy rụng chỉ vì chải tóc thôi.
Tâm thần,"Tôi cảm thấy mình không thể chịu đựng được nữa, tôi cảm thấy quá tải và không thể nào có được một chút thời gian nghỉ ngơi."
Cơ xương khớp,Tôi rất đau khi cử động tay.
Da liễu,Tôi từng bị mụn trứng cá khi 15 tuổi.
Hô hấp,"Tôi cảm thấy khó thở, đặc biệt là sau khi chạy hoặc vận động mạnh."
Da liễu,Tôi ghét mụn trứng cá của mình.
Chấn thương chỉnh hình,"Khi tôi duỗi chân, khớp gối bị đau."
Da liễu,Tôi bị phát ban lạ trên cánh tay.
Nhãn khoa,Tôi không nhìn rõ.
Chấn thương chỉnh hình,"Tôi không thể đứng lên hay ngồi xuống được, tôi bị đau lưng rất khó chịu."
Da liễu,Tóc tôi không được đẹp lắm.
Tim mạch,Cảm giác nghẹn ngào trong tim khiến tôi khó thở.
Da liễu,ngứa ở phía trước và chính giữa da đầu
Cơ xương khớp,Tôi bị thương trong trận đấu bóng đá.
Tai Mũi Họng,Tôi bị đau tai khi tắm.
Tâm thần,Tôi cảm thấy đau lòng khi phải chia xa những người thân yêu.
Tiêu hóa,Tôi cảm thấy đau nhói ở bụng.
Cơ xương khớp,Tôi bị đau nhức cơ vùng lưng dưới.
Thần kinh/Tiêu hóa,Tôi bị đau đầu khi làm việc này.
Nhãn khoa,"Tôi bị nhìn mờ trong lúc tập bơi ở bể bơi, tại sao vậy?"
Ngoại khoa,Vết thương của tôi lại bị hở ra.
Chấn thương chỉnh hình,Tôi bị đau khớp khi cố gắng gập chân hoặc tay.
Cơ xương khớp,"Mỗi khi cử động tay, vai phải của tôi lại kêu lách tách."
Thần kinh/Tiêu hóa,Tôi cảm thấy đau đầu dữ dội.
Ngoại khoa,Vết thương vẫn còn hở
Thấp khớp/Chỉnh hình,Đau ở vùng cổ lớn
Cơ xương khớp,Tôi bị đau nhói ở bắp chân.
Thần kinh/Tiêu hóa,Tôi bị đau đầu mỗi khi cố gắng làm bất cứ việc gì.
Tiêu hóa,Bên trái của tôi đau nhức nhiều.
Đa khoa,"Tôi cảm thấy toàn thân yếu ớt, mặt mũi tái nhợt và không ngủ ngon được."
Thấp khớp/Chỉnh hình,Tôi cảm thấy đau cổ sau khi thức dậy.
Ngoại khoa,"Tôi bị ngã xuyên qua cửa sổ khi đang lau chùi và có một mảnh kính găm vào mắt trái, tôi nghĩ tình trạng khá nghiêm trọng, xin hãy giúp tôi!"
Ngoại khoa,"Tôi cảm thấy không khỏe, vết thương của tôi bị nhiễm trùng."
Chấn thương chỉnh hình,Tôi bị đau nhói và nghe thấy tiếng lách cách ở khớp mắt cá chân mỗi khi cố gắng đứng lên và đi lại.
Tiêu hóa,Tôi cảm thấy buồn nôn.
Cơ xương khớp,Tôi cảm thấy đau vai từng đợt.
Chấn thương chỉnh hình,Tôi bị đau đầu gối khi chơi squash.
Thần kinh/Tiêu hóa,"Tôi không thể đứng dậy, tôi cảm thấy não mình như đang di chuyển bên trong hộp sọ."
Đa khoa,Tôi cảm thấy choáng váng
Tai Mũi Họng,"Chắc chắn là tuần hoàn máu của tôi có vấn đề rồi, ngay cả những ngày nóng nhất tôi cũng phải mang tất, ngón chân tôi lạnh cóng!"
Đa khoa,"Tôi nhanh mệt quá, sáng sớm hầu như không mặc nổi quần áo."
Chấn thương chỉnh hình,Tôi bị đau lưng và không thể cúi gập người hay đi lại được.
Tai Mũi Họng,Phổi tôi cảm thấy nặng trĩu như thể chứa đầy chất nhầy.
Da liễu,"Tôi bị nổi mụn ở ngực với những mảng đỏ, tình trạng này càng trầm trọng hơn khi trời nóng."
Ngoại khoa,Tôi bị một vết cắt ở chân và nó đã bị nhiễm trùng do sử dụng vòi sen ở phòng tập thể dục.
Thấp khớp/Chỉnh hình,Tôi bị đau cổ và không thể chịu đựng được cơn đau này.
Tai Mũi Họng,Tai tôi đau quá.
Tiêu hóa,Tôi cảm thấy đau bụng dữ dội.
Cơ xương khớp,Tôi bị đau cơ không rõ nguyên nhân.
Cơ xương khớp,"Khi chơi bóng đá, tôi bị đau cơ."
Tiêu hóa,Tôi luôn có cảm giác như bị đau bụng kinh ngay cả khi không đến kỳ kinh nguyệt.
Da liễu,Tôi rất lo lắng mình sẽ bị hói đầu sớm. Tôi có bị bệnh nặng không?
Tiêu hóa,Tôi bị đau bụng dữ dội.
Ngoại khoa,"Con trai tôi vừa trải qua điều trị tủy răng và nha sĩ vô tình cắt vào bên trong má của cháu, giờ vết thương không lành được."
Da liễu,Có cách nào chữa khỏi mụn trứng cá không?
Chấn thương chỉnh hình,Tôi bị đau lưng từ khi bước sang tuổi 70.
Tai Mũi Họng,"Con tôi bị ho cả đêm, không ngủ được."
Thần kinh/Tiêu hóa,Tôi bị đau nửa đầu và đã uống Panadol nhưng không có tác dụng.
Da liễu,Hồi trung học tôi bị mụn rất nhiều.
Tai Mũi Họng,Tôi cảm thấy toàn thân như đang ở trong tủ lạnh.
Cơ xương khớp,Vai tôi bị đau mỗi khi cố với lấy thứ gì đó ở trên cao.
Tâm thần,"Tôi cảm thấy mình không thể chịu đựng được nữa, tôi cảm thấy quá tải và không thể nào có được một chút thời gian nghỉ ngơi."
Cơ xương khớp,"Tôi nghĩ mình bị bong gân mắt cá chân rồi, đau quá."
Tiêu hóa,Tôi bị đau đầu mỗi ngày.
Hô hấp,Buổi sáng tôi thở rất to.
Da liễu,Mụn của tôi bị ngứa và chảy dịch.
Hô hấp,Tim tôi đập nhanh và tôi khó thở.
Đa khoa,"Khi thức dậy vào buổi sáng, tôi cảm thấy kỳ lạ và chóng mặt."
Ngoại khoa,Tôi tự đánh mình và vết thương không muốn lành.
Da liễu,Tôi bị phát ban và ngứa rất dữ dội.
Da liễu,Tóc của anh ấy rụng chỉ vì chải tóc thôi.
Tai Mũi Họng,"Tôi cảm thấy lạnh cóng, như một viên đá. Chị tôi nói rằng chị ấy cần nhiều chăn để đắp cho đủ ấm."
Da liễu,"Mặt tôi nổi những nốt mụn đỏ và cục u đau rát, dù tôi có rửa mặt bao nhiêu lần cũng không hết."
Nhãn khoa,"Khi lái xe, mắt tôi nhìn thấy hình ảnh kép."
Tiêu hóa,"Sau khi ăn, tôi cảm thấy nóng rát bên trong cơ thể."
Hô hấp,Tôi cảm thấy khó thở - liệu tôi có bị đau tim không?
Ngoại khoa,Vết thương vẫn còn hở
Tiêu hóa,Tôi cảm thấy đau bụng.
Chấn thương chỉnh hình,Tôi bị đau khớp sau chấn thương trong trận bóng đá gần đây nhất.
Tiêu hóa,"Tôi bị đau bụng sau khi uống bất kỳ loại nước ngọt nào, tại sao vậy?"
Tâm thần,"Mỗi khi nghĩ về cha mẹ, tôi lại cảm thấy đau lòng."
Tim mạch,Tôi bị đau dữ dội ở ngực do tổn thương tim.
Cơ xương khớp,Tôi bị đau nhức cơ vai mỗi khi cử động tay.
Cơ xương khớp,Tôi bị đau cơ thang.
Hô hấp,Tôi không gặp vấn đề gì khi hít vào nhưng thở ra thì rất nặng nhọc.
Tai Mũi Họng,Thỉnh thoảng tôi ho vì tôi hút thuốc.
Tai Mũi Họng,Lần trước đi máy bay tôi bị cảm lạnh và đến giờ vẫn còn cảm giác khó chịu ở tai.
Cơ xương khớp,Tôi đang chơi bóng đá và bị trẹo mắt cá chân.
Tai Mũi Họng,Tôi nghĩ nhiệt độ cơ thể của tôi rất thấp.
Hô hấp,"Năm ngoái, bà tôi phải nhập viện vì khó thở."
Cơ xương khớp,Tôi bị va chạm khi đang chơi bóng đá. Đầu gối của tôi bị trẹo và giờ không còn vững nữa.
Tâm thần,Tôi cảm thấy buồn
Chấn thương chỉnh hình,Tôi cảm thấy đau lưng.
Tim mạch,Tôi cảm thấy đau nhói trong tim.
Đa khoa,Tôi vốn luôn rất năng động nhưng giờ tôi không còn đủ sức lực hay năng lượng để đi bộ dù chỉ một quãng ngắn.
Da liễu,Tôi nhận thấy một số vấn đề về da và đã thử dùng kem nhưng tình trạng không được cải thiện.
Tai Mũi Họng,Tôi cảm thấy toàn thân như đang ở trong tủ lạnh.
Da liễu,"Tôi bị nổi những mảng mụn lớn, ngứa rát trên lưng và rất đau."
Nhãn khoa,Máy khử trùng mắt
Cơ xương khớp,Tôi cảm thấy đau dữ dội ở vai trái.
Chấn thương chỉnh hình,"Tôi không thể đi được, đầu gối tôi đau quá."
Chấn thương chỉnh hình,Mắt cá chân của tôi đang bị đau.
Chấn thương chỉnh hình,Tôi cảm thấy đau ở đầu gối khi đi bộ.
Nhãn khoa,Mọi thứ trông như thể đang ở trong một khu vực đầy khói.
Cơ xương khớp,Vai tôi bị đau khi cố gắng nâng vật nặng năm pound.
Tai Mũi Họng,"Tôi nghe không rõ, tôi có vấn đề về tai."
Chấn thương chỉnh hình,Tôi rất đau lưng mỗi khi cúi người.
Thấp khớp/Chỉnh hình,Cổ tôi bị đau từ sau vụ tai nạn.
Da liễu,Hồi trung học tôi bị mụn rất nhiều.
Cơ xương khớp,Chân tôi đau quá.
Chấn thương chỉnh hình,Lưng tôi đau quá nên không thể cúi xuống buộc dây giày được.
Thấp khớp/Chỉnh hình,Tôi không thể xoay cổ.
Cơ xương khớp,"Tối qua khi chơi bóng đá, tôi bị đá vào đầu."
Ngoại khoa,"Con trai tôi vừa xỏ khuyên môi và giờ môi bị sưng, phần da bên trong môi có màu xám và trông như bị nhiễm trùng."
Nhãn khoa,Tôi gặp khó khăn khi đọc vì các chữ cái đều bị mờ.
Tai Mũi Họng,"Tôi không ngủ được, tôi bị ho dữ dội."
Tai Mũi Họng,Tôi nghĩ nhiệt độ cơ thể của tôi rất thấp.
Tim mạch,"Ôi tim tôi đau nhói, tôi đã cố gắng bình tĩnh nhưng không thể."
Tai Mũi Họng,Tôi cảm thấy lạnh
Đa khoa,Tôi bị chóng mặt mỗi khi cố gắng đứng dậy.
Đa khoa,Mỗi khi đứng dậy tôi đều cảm thấy chóng mặt.
Tâm thần,Tôi ly hôn năm ngoái và tôi cứ mãi nghĩ đến việc trả thù chồng cũ.
Đa khoa,"Khi tôi thức dậy, tôi cảm thấy chóng mặt và ngã xuống."
Thấp khớp/Chỉnh hình,Cổ tôi cảm thấy cứng đờ.
Ngoại khoa,Tôi vô tình bị dao cứa vào tay khi đang nấu ăn.
Đa khoa,Tôi cảm thấy chóng mặt sau khi vận động cơ bắp.
Tai Mũi Họng,Tôi không thể thở được
Tai Mũi Họng,Cơn đau tai của tôi không thể chịu nổi.
Hô hấp,Tôi cảm thấy như mình không thể hít thở sâu được.
Ngoại khoa,Tôi có một vết thương hở đã chuyển sang màu đỏ và chảy mủ.
Da liễu,Tôi hay phàn nàn về dị ứng da.
Tai Mũi Họng,Tôi cảm thấy tức ngực.
Cơ xương khớp,Tôi bị đau chân rất nhiều khi chơi bóng đá.
Hô hấp,Tôi đi bộ mỗi ngày nhưng giờ đây chỉ đi được một đoạn ngắn là tôi đã bị khó thở.
Tai Mũi Họng,Tôi không thể cảm thấy ấm áp dù có mặc nhiều lớp áo hay bật máy sưởi ở mức cao nhất.
Tai Mũi Họng,Từ khi vào rừng tôi bị đau tai.
Cơ xương khớp,Tôi bị đau vai dữ dội.
Cơ xương khớp,Tôi bị gãy mắt cá chân khi leo núi đá ở dãy Carpathians.
Ngoại khoa,Vết thương của tôi có mủ màu vàng hoặc xanh lục.
Ngoại khoa,"vết rách, vết thủng hoặc lỗ hở trên da"
Hô hấp,Tôi gần như không thở được
Chấn thương chỉnh hình,Tôi bị đau lưng khi mang vác đồ nặng.
Thần kinh/Tiêu hóa,Tôi bị đau âm ỉ ở đầu.
Cơ xương khớp,Tôi bị đau tay khi duỗi người.
Đa khoa,Tôi cảm thấy toàn thân rất yếu.
Tai Mũi Họng,"Tôi vừa đi máy bay cách đây vài ngày và lần này, trong lúc hạ cánh, tai tôi vẫn bị ù và đau."
Da liễu,Tôi hay phàn nàn về dị ứng da.
Hô hấp,Tôi gặp khó khăn khi thở ở những nơi đông người.
Tai Mũi Họng,Tôi cảm thấy lạnh mặc dù đang là mùa hè.
Thấp khớp/Chỉnh hình,Tôi không thể xoay cổ.
Chấn thương chỉnh hình,Tôi có cảm giác như xương bánh chè đang cọ xát vào nhau mỗi khi đi bộ.
Tim mạch,Tôi cảm thấy một cơn đau kỳ lạ và dữ dội bên trong lồng ngực.
Tai Mũi Họng,Tôi nghĩ có dịch trong tai tôi.
Tai Mũi Họng,Tôi bị ngứa tai.
Da liễu,"Mặt tôi nổi những nốt mụn đỏ và cục u đau rát, dù tôi có rửa mặt bao nhiêu lần cũng không hết."
Tai Mũi Họng,Tôi gặp một số vấn đề nghiêm trọng về hô hấp vào ban đêm.
Da liễu,Tôi bị phát ban và ngứa rất dữ dội.
Hô hấp,Tim tôi đập nhanh và tôi khó thở.
Hô hấp,Tôi cảm thấy khó thở - liệu tôi có bị đau tim không?
Tai Mũi Họng,"Dù nhiệt độ trong nhà có cao, người tôi vẫn luôn cảm thấy lạnh."
Da liễu,Da tôi rất khô và bong tróc.
Tiêu hóa,Tôi bị đau âm ỉ ở bụng. Cơn đau càng nặng hơn sau khi ăn.
Cơ xương khớp,"Khi chơi thể thao, tôi bị đau dưới da."
Cơ xương khớp,Vai tôi bị đau mỗi khi cố với lấy thứ gì đó ở trên cao.
Thần kinh/Tiêu hóa,"Khi mệt mỏi, tôi cảm thấy đầu mình nặng trĩu."
Da liễu,Tôi cảm thấy ngứa dữ dội trên da và da bị đỏ.
Ngoại khoa,Tôi tự đánh mình và vết thương không muốn lành.
Da liễu,Mặt tôi nổi đầy mụn.
Tiêu hóa,Tôi bị đau âm ỉ ở bụng. Cơn đau càng nặng hơn sau khi ăn.
Da liễu,Sáng nào gối tôi cũng có rất nhiều tóc.
Thần kinh/Tiêu hóa,Tôi cảm thấy như có ai đó đang dùng búa đập vào đầu mình. Tôi thấy đau nhức ở đỉnh đầu và nó cứ giật giật.
Tai Mũi Họng,Tôi không thể cảm thấy ấm áp dù có mặc nhiều lớp áo hay bật máy sưởi ở mức cao nhất.
Chấn thương chỉnh hình,Đầu gối tôi cảm thấy yếu và hôm trước nó bị khuỵt xuống ở đầu cầu thang. May mắn là có lan can để vịn vào.
Tim mạch,Tôi cảm thấy một cơn đau kỳ lạ và dữ dội bên trong lồng ngực.
Thần kinh/Tiêu hóa,Tôi bị đau đầu ở phía sau và cơn đau kéo dài cả ngày.
Tai Mũi Họng,Tôi bị ngứa tai.
Chấn thương chỉnh hình,Tôi bị đau đầu gối khi đi lại.
Đa khoa,"Khi thức dậy vào buổi sáng, tôi cảm thấy cơ thể rất yếu."
Hô hấp,Tim tôi đập nhanh và tôi khó thở.
Chấn thương chỉnh hình,"Tôi gặp khó khăn khi chịu trọng lượng lên đầu gối, khi đứng thẳng tôi cảm thấy và nghe thấy một tiếng kêu lách tách lớn."
Tim mạch,Tim tôi như muốn nổ tung.
Tiêu hóa,"Tôi cảm thấy bụng đầy và khó chịu, chướng bụng sau những bữa ăn no."
Ngoại khoa,Tôi bị đứt tay và đang chảy máu.
Tai Mũi Họng,Tôi gặp một số vấn đề nghiêm trọng về hô hấp vào ban đêm.
Thấp khớp/Chỉnh hình,Tôi cảm thấy tê rần ở cổ.
Da liễu,Tôi cảm thấy rất ngứa rát ở vùng gần cánh tay.
Tai Mũi Họng,"Tôi không nghe rõ bằng tai, cảm giác như có vật gì đó gây khó chịu trong tai."
Tiêu hóa,Các triệu chứng của viêm ruột thừa là gì?
Tâm thần,"Sau khi chia tay, tôi cảm thấy có điều gì đó lạ lẫm trong mình."
Tiêu hóa,"Sau khi ăn, tôi cảm thấy nóng rát bên trong cơ thể."
Chấn thương chỉnh hình,Đầu gối của tôi không gập được tốt.
Ngoại khoa,Vết thương của tôi bị nhiễm trùng hay chỉ đang lành lại?
Thấp khớp/Chỉnh hình,Tôi không thể xoay cổ sang trái mà không cảm thấy đau nhói.
Đa khoa,"Khi thức dậy vào buổi sáng, tôi cảm thấy kỳ lạ và chóng mặt."
Da liễu,"Mặt tôi nổi những nốt mụn đỏ và cục u đau rát, dù tôi có rửa mặt bao nhiêu lần cũng không hết."
Tâm thần,"Tôi cảm thấy mình không thể chịu đựng được nữa, tôi cảm thấy quá tải và không thể nào có được một chút thời gian nghỉ ngơi."
Tai Mũi Họng,Tôi nghĩ có dịch trong tai tôi.
Tiêu hóa,"Tôi cảm thấy đau đớn bên trong, tôi không biết đó là gì."
Tiêu hóa,Bên trái của tôi đau nhức nhiều.
Chấn thương chỉnh hình,Đầu gối tôi đau quá.
Đa khoa,Tôi cảm thấy choáng váng
Da liễu,Bệnh mãn tính của nang tóc và tuyến bã nhờn.
Cơ xương khớp,Tôi bị đau cơ không rõ nguyên nhân.
Nhãn khoa,Tôi không thể lái xe vào ban đêm vì mắt tôi bị mờ.
Đa khoa,"Tôi nhanh mệt quá, sáng sớm hầu như không mặc nổi quần áo."
Da liễu,Tôi bị nổi mụn đầu trắng và mụn đầu đen thành từng cụm trên lưng.
Thấp khớp/Chỉnh hình,Tôi thức dậy mỗi sáng với chứng cứng cổ. Mát-xa giúp giảm đau nhưng vài ngày sau lại bị lại.
Tiêu hóa,Tôi cảm thấy đau bụng dữ dội.
Thần kinh/Tiêu hóa,Tôi bị đau đầu mỗi khi cố gắng làm bất cứ việc gì.
Chấn thương chỉnh hình,Tôi bị đau đầu gối khi đi bộ.
Cơ xương khớp,Tôi không thể đi lại được vì chân tôi đau quá.
Tiêu hóa,Tôi cảm thấy buồn nôn.
Chấn thương chỉnh hình,Tôi bị đau nhói và nghe thấy tiếng lách cách ở khớp mắt cá chân mỗi khi cố gắng đứng lên và đi lại.
Cơ xương khớp,Hôm qua tôi mang một chiếc túi nặng và sáng nay khi thức dậy tôi cảm thấy vai rất đau.
Tai Mũi Họng,Tai tôi đau quá.
Chấn thương chỉnh hình,Đầu gối tôi cảm thấy yếu và hôm trước nó bị khuỵt xuống ở đầu cầu thang. May mắn là có lan can để vịn vào.
Tim mạch,Tim tôi như muốn nổ tung.
Da liễu,Có thứ gì đó tối màu trên cánh tay tôi.
Cơ xương khớp,"Tôi nghĩ mình bị bong gân mắt cá chân rồi, đau quá."
Tiêu hóa,"Sau khi ăn, tôi cảm thấy nóng rát bên trong cơ thể."
Chấn thương chỉnh hình,Làm sao để biết bạn có bị rách sụn chêm ở đầu gối hay không?
Thần kinh/Tiêu hóa,"Khi mệt mỏi, tôi cảm thấy đầu mình nặng trĩu."
Cơ xương khớp,"Mỗi sáng thức dậy, cổ tôi đều có cảm giác như ngủ sai tư thế."
Da liễu,Tôi có một vết thương đóng vảy ở mu bàn tay mà mãi không lành.
Tai Mũi Họng,Từ khi vào rừng tôi bị đau tai.
Tiêu hóa,Tôi bị đau âm ỉ ở bụng. Cơn đau càng nặng hơn sau khi ăn.
Tai Mũi Họng,Tai tôi bị ù.
Thần kinh/Tiêu hóa,Tôi bị đau đầu ở phía sau và cơn đau kéo dài cả ngày.
Chấn thương chỉnh hình,Đầu gối của tôi không gập được tốt.
Tai Mũi Họng,Tôi bị ngứa tai.
Da liễu,Mặt tôi nổi đầy mụn.
Hô hấp,Buổi sáng tôi thở rất to.
Đa khoa,"Khi thức dậy vào buổi sáng, tôi cảm thấy kỳ lạ và chóng mặt."
Cơ xương khớp,"Sau khi chơi tennis, tôi cảm thấy một cảm giác mạnh ở gần cổ."
Da liễu,Tóc của anh ấy rụng chỉ vì chải tóc thôi.
Da liễu,ngứa ở phía trước và chính giữa da đầu
Tiêu hóa,Tôi không thể chịu nổi cảm giác khó chịu này trong bụng.
Tai Mũi Họng,Phổi tôi cảm thấy nặng trĩu như thể chứa đầy chất nhầy.
Nhãn khoa,Tôi có đôi mắt mờ đục.
Cơ xương khớp,"Trong cuộc phẫu thuật ở mắt cá chân, các dây thần kinh của tôi bị tổn thương nghiêm trọng đến mức tôi không thể chịu được khi ai đó chạm vào vết sẹo."
Da liễu,Tôi bị nổi mụn khi ăn ớt.
Tim mạch,"Tôi cảm thấy đau ở bên trái ngực, ngay chỗ tim."
Cơ xương khớp,Hôm qua tôi tập thể dục rất nhiều nên giờ tôi bị đau nhức cơ bắp dữ dội.
Tai Mũi Họng,"Tôi không khỏe, tôi cảm thấy rất lạnh."
Tiêu hóa,Tôi bị đau nhưng không thể xác định được vị trí cụ thể.
Chấn thương chỉnh hình,Tôi cảm thấy đau lưng khi ngồi trên ghế lâu.
Tai Mũi Họng,"Khi thức dậy, tôi cảm thấy lạnh."
Cơ xương khớp,"Mỗi khi giơ tay lên, tôi cảm thấy đau nhức ở vai."
Tim mạch,"Tôi cảm thấy đau ở bên trái ngực, ngay chỗ tim."
Tiêu hóa,Tôi bị đau bụng từ hôm qua.
Thần kinh/Tiêu hóa,Tôi bị đau đầu kèm theo chóng mặt.
Chấn thương chỉnh hình,Tôi bị đau lưng từ khi ngã xuống sàn.
Hô hấp,Tôi cảm thấy áp lực rất lớn ở ngực.
Ngoại khoa,Vết thương hở ở tay tôi bị nhiễm trùng.
Hô hấp,"Trước đây, tôi thường thở hổn hển sau khi leo cả chục bậc cầu thang, nhưng giờ đây, ngay cả khi ngồi xuống, tôi cũng khó thở."
Tim mạch,Tôi cảm thấy tim mình như đang bốc cháy.
Tâm thần,Tôi bị rối loạn cảm xúc.
Thấp khớp/Chỉnh hình,"Cứng đờ, không thể nhìn sang phải hoặc trái trừ khi di chuyển toàn bộ cơ thể."
Cơ xương khớp,Tôi thích đi bộ và hoạt động ngoài trời nhưng lòng bàn chân của tôi rất nhanh bị đau.
Cơ xương khớp,Tôi bị đau cơ vai mỗi khi cố gắng với tay lên.
Ngoại khoa,"Con trai tôi nặn mụn và nó vỡ ra, sau đó đóng vảy và giờ trông có vẻ bị nhiễm trùng."
Chấn thương chỉnh hình,"Mỗi khi mang vác đồ nặng, tôi cảm thấy như lưng mình sắp gãy."
Đa khoa,Tôi cảm thấy như căn phòng đang quay cuồng.
Nhãn khoa,Tôi đã thử đeo kính để nhìn rõ hơn nhưng vẫn không thấy có gì thay đổi.
Cơ xương khớp,"Nếu tôi giẫm phải kim thì chắc cũng không đau đến thế, như cái gai chết tiệt ở gót chân này."
Da liễu,"Khi tôi gội đầu, tóc tôi rụng rất nhiều."
Tâm thần,"Khi ông nội tôi qua đời, tôi đã trải qua một nỗi đau tinh thần sâu sắc."
Thấp khớp/Chỉnh hình,Tôi bị đau cổ khi ngồi trước máy tính xách tay.
Tim mạch,Tôi thường xuyên bị đau nhói ở ngực và không biết mình đang làm gì mà lại gây ra triệu chứng đó.
Cơ xương khớp,Tôi bị đau lưng dưới nhưng nếu duỗi người thì đỡ hơn.
Cơ xương khớp,Tôi bị đau nhói ở bắp tay. Tôi đã thử bôi kem giảm đau nhưng không hiệu quả.
Da liễu,Da tôi bị ngứa và viêm.
Cơ xương khớp,Cảm giác đau như thể ở ngay dưới da.
Chấn thương chỉnh hình,Tôi có cảm giác như toàn thân mình đang kêu ca.
Nhãn khoa,Tôi nhận thấy thị lực của mình giảm sút đáng kể khi cố gắng nhìn những vật ở cự ly gần.
Hô hấp,"Đôi khi tôi cảm thấy như có một cái móng vuốt đang cào cấu ngực mình, khiến tôi khó thở."
Tiêu hóa,Tôi bị đau bụng mỗi khi bị cảm lạnh.
Cơ xương khớp,Tôi bị va chạm khi đang chơi bóng đá. Đầu gối của tôi bị trẹo và giờ không còn vững nữa.
Tiêu hóa,Tôi cảm thấy đau nhức toàn thân.
Đa khoa,"Tôi cảm thấy toàn thân yếu ớt, mặt mũi tái nhợt và không ngủ ngon được."
Tim mạch,Tôi bị đau tim mỗi khi tập thể dục.
Tâm thần,"Mỗi khi nghĩ về cha mẹ, tôi lại cảm thấy đau lòng."
Tâm thần,Tôi bị bệnh tâm thần
Cơ xương khớp,Tôi bị đau cơ không rõ nguyên nhân.
Tim mạch,Tôi cảm thấy đau nhói từ ngực lan lên đến cánh tay trái.
Tai Mũi Họng,Tai tôi bị đau khi nghe nhạc.
Đa khoa,"Tôi nhanh mệt quá, sáng sớm hầu như không mặc nổi quần áo."
Chấn thương chỉnh hình,Tôi bị đau đầu gối khi đi bộ.
Hô hấp,Tôi không gặp vấn đề gì khi hít vào nhưng thở ra thì rất nặng nhọc.
Cơ xương khớp,Tôi bị chuột rút đau ở chân.
Tiêu hóa,"Tôi bị đau bụng khi ăn đồ ăn nóng, tại sao vậy?"
Chấn thương chỉnh hình,Tôi cảm thấy có tiếng lách cách ở đầu gối mỗi khi bước đi.
Nhãn khoa,Tôi không thể lái xe vào ban đêm vì mắt tôi bị mờ.
Cơ xương khớp,Tôi bị đau cơ thang.
Ngoại khoa,Tôi bị một vết cắt ở chân và nó đã bị nhiễm trùng do sử dụng vòi sen ở phòng tập thể dục.
Đa khoa,"Mỗi khi tôi đứng dậy, đầu tôi lại bắt đầu quay cuồng."
Cơ xương khớp,Tôi đang chơi bóng đá và bị trẹo mắt cá chân.
Tâm thần,Tôi không hiểu sao mình cứ buồn mãi.
Ngoại khoa,Người ta phát hiện anh ta có một vết thương hở.
Tiêu hóa,"Tôi cảm thấy đau đớn bên trong, tôi không biết đó là gì."
Tiêu hóa,Tôi không thể chịu nổi cảm giác khó chịu này trong bụng.
Cơ xương khớp,Tôi cảm thấy đau vai từng đợt.
Da liễu,Tôi có vấn đề về da.
Tiêu hóa,Khi ăn tôi cảm thấy đau bụng.
Chấn thương chỉnh hình,Bệnh xương mãn tính ở mức độ gấp đôi của Estremidades dưới
Tim mạch,"Ôi tim tôi đau nhói, tôi đã cố gắng bình tĩnh nhưng không thể."
Đa khoa,"Tôi cảm thấy rất chóng mặt, cơ thể rất yếu."
Chấn thương chỉnh hình,"Tôi không thể đi được, đầu gối tôi đau quá."
Tai Mũi Họng,Tôi cảm thấy như mình khó thở nếu không tống hết những thứ trong phổi ra ngoài.
Tiêu hóa,Tôi cảm thấy đau đớn bên trong nhưng không thể xác định được nguyên nhân.
Thấp khớp/Chỉnh hình,Đầu tôi đau quá.
Hô hấp,Tôi cảm thấy như có thứ gì đó đang bóp nghẹt phổi mình.
Đa khoa,"Khi phê quá, tôi bắt đầu cảm thấy chóng mặt."
Da liễu,Tôi bị phát ban trên da.
Tâm thần,Tôi ước cảm giác mất mát đau đớn này có thể biến mất.
Thấp khớp/Chỉnh hình,Cổ tôi bị đau từ sau vụ tai nạn.
Cơ xương khớp,Tôi ngã xuống đất khi cố gắng ném bóng rổ.
Cơ xương khớp,Chân tôi bị đau từ thứ Ba tuần trước.
Tâm thần,"Tôi cảm thấy buồn, như thể bị tổn thương hoặc đau đớn."
Tai Mũi Họng,Tôi bị sổ mũi.
Da liễu,"Tôi bị nổi mụn trên mặt, lúc có lúc không."
Đa khoa,Tôi cảm thấy toàn thân yếu ớt.
Tiêu hóa,Tôi bị đau bụng dữ dội và không thể ăn bất cứ thứ gì.
Tai Mũi Họng,Đau tai dữ dội
Cơ xương khớp,Tôi bị đau nhói ở bắp chân.
Tim mạch,"Tôi không thể chịu đựng được cảm giác khó chịu, nghẹn ngào trong ngực này."
Da liễu,đỏ mặt kèm theo ngứa
Chấn thương chỉnh hình,"Tôi bị đau lưng, không thể duỗi thẳng được."
Chấn thương chỉnh hình,Tôi bị đau khi gập tay.
Tai Mũi Họng,Tôi bị đau tai mỗi khi chạm vào.
Ngoại khoa,Tôi bị một vết thương sâu ở tay và không thể cầm máu được.
Tai Mũi Họng,"Tôi cứ mãi không thấy ấm. Ngay cả khi mọi người xung quanh đều ấm áp, tôi vẫn luôn cảm thấy lạnh."
Da liễu,Có cách nào chữa khỏi mụn trứng cá không?
Đa khoa,Tôi gần như không còn đủ sức để đứng dậy.
Cơ xương khớp,Hôm qua tôi mang một chiếc túi nặng và sáng nay khi thức dậy tôi cảm thấy vai rất đau.
Nhãn khoa,Tôi không thể lái xe vào ban đêm vì mắt tôi bị mờ.
Tiêu hóa,Tôi cảm thấy đau bụng dữ dội.
Ngoại khoa,"Tôi bị ngã xuyên qua cửa sổ khi đang lau chùi và có một mảnh kính găm vào mắt trái, tôi nghĩ tình trạng khá nghiêm trọng, xin hãy giúp tôi!"
Tiêu hóa,Bên trái của tôi đau nhức nhiều.
Đa khoa,"Khi tôi đứng dậy, tôi có cảm giác như mình sắp ngã ngay lập tức."
Da liễu,Trên mặt tôi có vài nốt mụn khiến tôi rất khó chịu.
Cơ xương khớp,Tôi cảm thấy đau vai khi gõ bàn phím.
Chấn thương chỉnh hình,Tôi cảm thấy đau ở đầu gối.
Ngoại khoa,"Lần trước khi cắt móng chân, tôi đã cắt quá ngắn và giờ móng chân của tôi bị nhiễm trùng."
Chấn thương chỉnh hình,Lưng tôi đau quá.
Cơ xương khớp,Tôi không thể đi lại được vì chân tôi đau quá.
Đa khoa,Tôi vốn luôn rất năng động nhưng giờ tôi không còn đủ sức lực hay năng lượng để đi bộ dù chỉ một quãng ngắn.
Nhãn khoa,Tôi đang xem tivi thì đột nhiên bị nhìn mờ.
Tai Mũi Họng,Tôi không biết tại sao mình lại cảm thấy lạnh.
Tim mạch,Tôi bị đau tim dữ dội.
Hô hấp,Tôi cảm thấy có gì đó làm tôi khó thở và tôi không thể thở được.
Đa khoa,Tôi cảm thấy toàn thân yếu ớt.
Cơ xương khớp,"Tôi bắt đầu học bơi và hình như tôi đã nuốt quá nhiều nước qua mũi, vì vậy giờ tôi bị viêm xoang hành hạ."
Cơ xương khớp,"Mỗi khi tập luyện cường độ cao, tôi đều cảm thấy đau nhức dữ dội ở các cơ."
Thấp khớp/Chỉnh hình,Tôi gặp khó khăn khi cử động cổ.
Đa khoa,"Khi tôi thức dậy, tôi cảm thấy chóng mặt và ngã xuống."
Da liễu,Da tôi bị ngứa.
Tai Mũi Họng,Lần trước đi máy bay tôi bị cảm lạnh và đến giờ vẫn còn cảm giác khó chịu ở tai.
Tim mạch,Tôi cảm thấy đau nhói từ ngực lan lên đến cánh tay trái.
Cơ xương khớp,Tôi cảm thấy đau ở vai phải sau trận đấu quần vợt.
Da liễu,tóc tôi rụng
Chấn thương chỉnh hình,"Tôi rất thích làm vườn nhưng mỗi khi cúi người xuống, tôi lại bị đau nhói ở lưng dưới."
Ngoại khoa,Tôi bị tai nạn và vết thương vẫn còn hở khi tôi đến bệnh viện.
Cơ xương khớp,Tôi cảm thấy đau cơ mỗi khi gắng sức quá mức.
Chấn thương chỉnh hình,Tôi bị đau nhức ở các khớp.
Da liễu,"Mỗi lần chải tóc, tôi đều thấy rất nhiều tóc mắc trong lược."
Da liễu,"Tôi bị nổi mụn trên mặt, lúc có lúc không."
Tâm thần,Tôi thất vọng
Đa khoa,"Tôi không thể tập thể dục được, tôi cảm thấy yếu."
Tai Mũi Họng,"Tôi không ngủ được, tôi bị ho dữ dội."
Cơ xương khớp,Tôi rất đau khi cử động tay.
Chấn thương chỉnh hình,"đỏ, sưng tấy và khó đi lại"
Ngoại khoa,"Con trai tôi nặn mụn và nó vỡ ra, sau đó đóng vảy và giờ trông có vẻ bị nhiễm trùng."
Tim mạch,Tôi cảm thấy tim mình như đang bốc cháy.
Cơ xương khớp,"Khi chơi bóng đá, tôi bị trật khớp vai."
Thần kinh/Tiêu hóa,Tôi đọc sách rất lâu và khi đọc xong thì tôi bị đau đầu.
Chấn thương chỉnh hình,Tôi cảm thấy đau lưng khi ngồi trên ghế lâu.
Hô hấp,Tôi cảm thấy áp lực rất lớn ở ngực.
Tiêu hóa,Tôi bị đau nội tạng.
Chấn thương chỉnh hình,"Khi tôi duỗi chân, khớp gối bị đau."
Thần kinh/Tiêu hóa,Tôi bị đau đầu.
Thấp khớp/Chỉnh hình,Tôi bị đau cổ khi ngồi trước máy tính xách tay.
Cơ xương khớp,"Mỗi khi tôi cử động vai, cơn đau lại lan xuống cánh tay."
Da liễu,Tôi bị phát ban lạ trên cánh tay.
Tâm thần,Tôi bị rối loạn cảm xúc.
Đa khoa,Tôi khó có thể đứng dậy và di chuyển rất chậm.
Da liễu,Mụn ở ngực tôi cứ nổi lên và không bao giờ hết.
Cơ xương khớp,Tôi thích đi bộ và hoạt động ngoài trời nhưng lòng bàn chân của tôi rất nhanh bị đau.
Tim mạch,Tôi thường xuyên bị đau nhói ở ngực và không biết mình đang làm gì mà lại gây ra triệu chứng đó.
Ngoại khoa,Vết thương bị nhiễm trùng của tôi gây ra sốt.
Hô hấp,"Trước đây, tôi thường thở hổn hển sau khi leo cả chục bậc cầu thang, nhưng giờ đây, ngay cả khi ngồi xuống, tôi cũng khó thở."
Tai Mũi Họng,Tôi bị ho dữ dội kèm theo đờm.
Cơ xương khớp,"Tôi không thể mang vác bất cứ thứ gì, tôi bị đau vai."
Tai Mũi Họng,Cơn đau tai của tôi không thể chịu nổi.
Chấn thương chỉnh hình,Tôi bị đau khớp.
Nhãn khoa,Tôi gặp khó khăn khi đọc vì các chữ cái đều bị mờ.
Cơ xương khớp,"Tối qua khi chơi bóng đá, tôi bị đá vào đầu."
Ngoại khoa,Tôi vô tình bị dao cứa vào tay khi đang nấu ăn.
Cơ xương khớp,Tôi bị đau chân rất nhiều khi chơi bóng đá.
Cơ xương khớp,Tôi cảm thấy nóng rát ở cơ vai.
Ngoại khoa,"Mảnh kính vỡ và làm tôi bị thương nặng ở chân, vết thương rất rộng."
Cơ xương khớp,"Hôm qua tôi chơi bóng rổ, và bị bong gân mắt cá chân."
Cơ xương khớp,"Tôi không thể mang vác bất cứ thứ gì, tôi bị đau vai."
Đa khoa,Tôi cảm thấy chóng mặt sau khi bị tiêu chảy nặng.
Tâm thần,thở nặng nhọc kèm theo mệt mỏi
Đa khoa,Tôi bị chóng mặt mỗi khi cố gắng đứng dậy.
Chấn thương chỉnh hình,Tôi có cảm giác như xương bánh chè đang cọ xát vào nhau mỗi khi đi bộ.
Tim mạch,Tôi cảm thấy đau nhói trong tim mỗi khi thức dậy.
Da liễu,Tôi ghét mụn trứng cá của mình.
Ngoại khoa,Vết thương của tôi bị nhiễm trùng khi tôi đang trồng hoa trong vườn.
Tai Mũi Họng,Tôi cảm thấy tức ngực.
Thấp khớp/Chỉnh hình,Tôi hay than phiền về chứng đau cổ và tôi thực sự cần phải khỏe hơn.
Tai Mũi Họng,Thỉnh thoảng tôi ho vì tôi hút thuốc.
Cơ xương khớp,Tôi bị đứt tay khi chơi bóng đá và đã bôi kem giảm đau nhưng không hiệu quả.
Cơ xương khớp,Tôi cảm thấy đau ở vai phải sau trận đấu quần vợt.
Nhãn khoa,"Tôi không nhìn thấy biển báo, tầm nhìn của tôi bị mờ."
Tim mạch,Lòng tôi đau nhói.
Tiêu hóa,"Tôi bị đau bụng sau khi uống bất kỳ loại nước ngọt nào, tại sao vậy?"
Da liễu,Da tôi bị ngứa.
Ngoại khoa,Tôi có một vết thương hở đã chuyển sang màu đỏ và chảy mủ.
Tim mạch,Tôi bị đau tim mỗi khi tập thể dục.
Da liễu,Mụn trứng cá khiến tôi cảm thấy xấu hổ.
Tai Mũi Họng,"Tôi không khỏe, tôi cảm thấy rất lạnh."
Cơ xương khớp,Tôi bị thương khi tập thể dục
Chấn thương chỉnh hình,"Tôi không thể đứng lên hay ngồi xuống được, tôi bị đau lưng rất khó chịu."
Tiêu hóa,Tôi cảm thấy nóng rát ở bụng khoảng 2 tiếng sau mỗi bữa ăn.
Chấn thương chỉnh hình,Tôi bị đau nhói ở xương bánh chè sau khi tập thể dục.
Tim mạch,Tôi cảm thấy như có một cây kim đang đâm xuyên tim mình.
Cơ xương khớp,"Trong cuộc phẫu thuật ở mắt cá chân, các dây thần kinh của tôi bị tổn thương nghiêm trọng đến mức tôi không thể chịu được khi ai đó chạm vào vết sẹo."
Chấn thương chỉnh hình,"Mỗi khi cúi xuống, tôi lại cảm thấy đau nhói ở lưng."
Cơ xương khớp,Tôi bị đau nhói ở bắp tay. Tôi đã thử bôi kem giảm đau nhưng không hiệu quả.
Thấp khớp/Chỉnh hình,Tôi bị đau cổ khi ngồi trước máy tính xách tay.
Tim mạch,Tôi bị đau tim dữ dội.
Chấn thương chỉnh hình,Tôi bị đau đầu gối mỗi khi đi bộ nhiều.
Ngoại khoa,Tôi bị tai nạn và vết thương vẫn còn hở khi tôi đến bệnh viện.
Tim mạch,Tôi thường xuyên bị đau nhói ở ngực và không biết mình đang làm gì mà lại gây ra triệu chứng đó.
Tai Mũi Họng,Tôi bị đau tai mỗi khi đi bơi.
Da liễu,Tóc tôi không được đẹp lắm.
Tai Mũi Họng,"Tôi luôn cảm thấy lạnh, ngay cả khi mặc nhiều lớp áo."
Tim mạch,Đau dữ dội ở phía trên bên trái ngực và có thể lan ra lưng.
Cơ xương khớp,Tôi bị đau cơ dữ dội từ khi đi tập gym.
Cơ xương khớp,Tôi không thể cử động tay một cách bình thường.
Cơ xương khớp,Tôi bị đau cơ ở chân trái.
Chấn thương chỉnh hình,Tôi bị đau khớp sau chấn thương trong trận bóng đá gần đây nhất.
Cơ xương khớp,Tôi bị đau vai dữ dội.
Đa khoa,"Khi ăn quá nhiều đường, cơ thể tôi trở nên yếu và chóng mặt."
Đa khoa,"Tôi cảm thấy cơ thể yếu ớt sau ngày đầu tiên đến phòng tập, tại sao vậy?"
Đa khoa,"Khi đứng dậy quá nhanh, tôi bắt đầu cảm thấy chóng mặt và choáng váng."
Ngoại khoa,"Vết thương phẫu thuật đỏ, có mủ chảy ra, đau và nóng khi chạm vào."
Ngoại khoa,Có một người bị thương.
Ngoại khoa,"Tôi nghĩ vết thương của tôi có vấn đề, nó dường như không lành lại như bình thường."
Ngoại khoa,Vết thương vẫn còn hở
Đa khoa,Tôi cảm thấy chóng mặt mỗi khi đứng dậy.
Da liễu,Một cơn rụng tóc khủng khiếp
Chấn thương chỉnh hình,"Tôi bị đau âm ỉ ở vùng lưng dưới, khiến việc di chuyển trở nên khó khăn."
Chấn thương chỉnh hình,Tôi cảm thấy như có thứ gì đó sưng và viêm ở phía sau đầu gối.
Thấp khớp/Chỉnh hình,Tôi bị đau dữ dội ở cổ.
Thần kinh/Tiêu hóa,Tôi bị đau đầu mỗi khi cố gắng làm bất cứ việc gì.
Đa khoa,Tôi không còn đủ sức lực để làm những việc mà trước đây tôi vẫn làm.
Cơ xương khớp,Tôi cảm thấy đau vai khi gõ bàn phím.
Tai Mũi Họng,Tôi bị đau tai mỗi khi chạm vào.
Chấn thương chỉnh hình,Tôi bị đau đầu gối mỗi khi đi bộ nhiều.
Nhãn khoa,"Khi tôi cố gắng nhìn, tầm nhìn của tôi bị mờ."
Cơ xương khớp,Tôi không thể cử động tay một cách bình thường.
Thần kinh/Tiêu hóa,Tôi bị đau đầu mỗi khi ăn kem.
Da liễu,"Đôi khi trời lạnh, mặt tôi bị đau, đặc biệt là vùng quanh những nốt mụn sắp vỡ."
Da liễu,Tóc tôi không được đẹp lắm.
Tai Mũi Họng,Tôi không biết tại sao mình lại cảm thấy lạnh.
Tai Mũi Họng,Toàn thân tôi lạnh cóng.
Thấp khớp/Chỉnh hình,Tôi bị đau cổ nên không ngủ được.
Hô hấp,Tôi cảm thấy có gì đó làm tôi khó thở và tôi không thể thở được.
Tai Mũi Họng,Hệ thống sưởi trong nhà tôi bị hỏng nên tôi cảm thấy rất lạnh.
Tai Mũi Họng,Tôi bị đau tai mỗi khi đi bơi.
Cơ xương khớp,Bắp chân tôi có cảm giác như bị căng cứng và nhức nhối.
Cơ xương khớp,"Tôi bắt đầu học bơi và hình như tôi đã nuốt quá nhiều nước qua mũi, vì vậy giờ tôi bị viêm xoang hành hạ."
Tâm thần,Tôi thất vọng
Tim mạch,Tôi bị đau tim dữ dội.
Nhãn khoa,"Tôi bị nhìn mờ và không nhìn rõ trong bóng tối, nguyên nhân là gì vậy bác sĩ?"
Tim mạch,Tôi cảm thấy tim mình đau nhói khi chạy một quãng đường dài.
Da liễu,Tôi bị nổi mụn khi ăn ớt.
Hô hấp,Tôi cảm thấy có gì đó làm tôi khó thở và tôi không thể thở được.
Tiêu hóa,Tôi bị đau bụng dữ dội và không thể ăn bất cứ thứ gì.
Chấn thương chỉnh hình,"Tôi không thể đứng lên hay ngồi xuống được, tôi bị đau lưng rất khó chịu."
Da liễu,"Đôi khi trời lạnh, mặt tôi bị đau, đặc biệt là vùng quanh những nốt mụn sắp vỡ."
Da liễu,Tôi bị mụn trên mặt và các vấn đề khác về da liễu như ngứa.
Da liễu,"Tôi bị nổi mụn trên mặt, lúc có lúc không."
Tiêu hóa,Tôi bị đau bụng.
Nhãn khoa,Tôi bị nhìn mờ sau khi dùng nhầm thuốc.
Cơ xương khớp,Tôi bị đau vai mỗi khi cố gắng mang vác đồ tạp hóa.
Tai Mũi Họng,Tôi bị cảm lạnh và ho rất nhiều.
Cơ xương khớp,Tôi bị đau lưng khi đang tập tạ ở phòng gym.
Nhãn khoa,Tôi bị nhìn mờ.
Hô hấp,"Tôi cảm thấy khó thở, đặc biệt là sau khi chạy hoặc vận động mạnh."
Tiêu hóa,Tôi bị đau bụng từ hôm qua.
Ngoại khoa,"Cháu trai tôi bị xước chân do va phải vỏ sò ở biển, giờ chân cháu đang chuyển sang màu xám và sưng tấy."
Thần kinh/Tiêu hóa,Tôi đọc sách rất lâu và khi đọc xong thì tôi bị đau đầu.
Hô hấp,Tôi cảm thấy áp lực rất lớn ở ngực.
Ngoại khoa,"Con trai tôi nặn mụn và nó vỡ ra, sau đó đóng vảy và giờ trông có vẻ bị nhiễm trùng."
Cơ xương khớp,Tôi bị đau nhức cơ vùng lưng dưới.
Tiêu hóa,"Tôi cảm thấy áp lực rất lớn ở vùng bụng dưới bên phải, mỗi khi ra ngoài chạy bộ."
Chấn thương chỉnh hình,Tôi cảm thấy như có thứ gì đó đang đâm vào các khớp của mình.
Chấn thương chỉnh hình,"Tôi rất thích làm vườn nhưng mỗi khi cúi người xuống, tôi lại bị đau nhói ở lưng dưới."
Nhãn khoa,Tôi không nhìn rõ.
Cơ xương khớp,"Hôm qua tôi chơi bóng rổ, và bị bong gân mắt cá chân."
Tiêu hóa,Đau bụng sau khi uống sữa
Da liễu,Tôi đã đi khám nhiều bác sĩ nhưng họ vẫn không tìm ra phương pháp điều trị phù hợp để giúp tôi lấy lại mái tóc.
Nhãn khoa,Thật khó để nhìn thấy mọi thứ
Ngoại khoa,"Vết thương phẫu thuật đỏ, có mủ chảy ra, đau và nóng khi chạm vào."
Tai Mũi Họng,Khi đi ngủ tôi cảm thấy lạnh.
Tiêu hóa,Tôi bị đau bụng.
Tiêu hóa,"Tôi bị đau ở đại tràng và dạ dày, cảm giác như có vật gì đó đang cắt vào."
Tai Mũi Họng,"Mỗi khi làm vậy, tôi đều cảm thấy đau nhói ở tai."
Cơ xương khớp,Tôi không thể chịu đựng được cảm giác khó chịu này ở vai.
Chấn thương chỉnh hình,Cơn đau lưng của tôi nhói lên như dao đâm.
Đa khoa,Tôi cảm thấy chóng mặt mỗi khi đứng dậy.
Cơ xương khớp,Tôi bị đau vai sau khi làm bất cứ việc gì liên quan đến nhà.
Chấn thương chỉnh hình,Tôi bị đau ở khớp khuỷu tay.
Tiêu hóa,Tôi bị đau nhưng không thể xác định được vị trí cụ thể.
Nhãn khoa,Tôi bị nhìn mờ sau khi dùng nhầm thuốc.
Tai Mũi Họng,Tôi bị đau tai khi tắm.
Tiêu hóa,"Khi thức dậy, tôi thấy mình bị đau bụng và đã thử uống thuốc nhưng bụng vẫn đau."
Thần kinh/Tiêu hóa,Tôi bị đau đầu khi làm việc này.
Cơ xương khớp,Tôi bị đau lưng dưới nhưng nếu duỗi người thì đỡ hơn.
Chấn thương chỉnh hình,Tôi cảm thấy đau khớp mỗi khi cử động.
Chấn thương chỉnh hình,Tôi bị đau nhói ở xương bánh chè sau khi tập thể dục.
Đa khoa,Tôi cảm thấy như căn phòng đang quay cuồng.
Tim mạch,"Tôi cảm thấy đau ở bên trái ngực, ngay chỗ tim."
Ngoại khoa,Tôi vô tình cắt đứt đầu ngón tay khi đang cắt bìa cứng và hiện tại máu không chảy được.
Cơ xương khớp,Tôi bị đau nhức cơ vùng lưng dưới.
Cơ xương khớp,Tôi thích đi bộ và hoạt động ngoài trời nhưng lòng bàn chân của tôi rất nhanh bị đau.
Cơ xương khớp,Tôi bị đau nhói ở bắp tay. Tôi đã thử bôi kem giảm đau nhưng không hiệu quả.
Thấp khớp/Chỉnh hình,"Cứng đờ, không thể nhìn sang phải hoặc trái trừ khi di chuyển toàn bộ cơ thể."
Đa khoa,"Khi đứng dậy quá nhanh, tôi bắt đầu cảm thấy chóng mặt và choáng váng."
Tai Mũi Họng,"Khi thức dậy, tôi cảm thấy lạnh."
Ngoại khoa,Vết thương bị nhiễm trùng của tôi gây ra sốt.
Tim mạch,Tôi cảm thấy tim mình như đang bốc cháy.
Tim mạch,Tôi khó thở vì cơn đau âm ỉ dưới vai trái.
Cơ xương khớp,Tôi cảm thấy như có ai đó đâm dao vào vai mình.
Tai Mũi Họng,"Tôi không khỏe, tôi cảm thấy rất lạnh."
Hô hấp,Tôi gặp vấn đề về khả năng thở ra vì tôi bị hen phế quản.
Tiêu hóa,Tôi bị đau bụng từ hôm qua.
Tâm thần,thở nặng nhọc kèm theo mệt mỏi
Chấn thương chỉnh hình,Tôi cảm thấy như có thứ gì đó đang đâm vào các khớp của mình.
Ngoại khoa,Tôi vô tình cắt đứt đầu ngón tay khi đang cắt bìa cứng và hiện tại máu không chảy được.
Tai Mũi Họng,Tôi cảm thấy lạnh mặc dù đang là mùa hè.
Cơ xương khớp,"Hôm qua tôi chơi bóng rổ, và bị bong gân mắt cá chân."
Cơ xương khớp,"Tôi đi lại khó khăn, chân tôi bị đau."
Đa khoa,Tôi cảm thấy choáng váng
Thấp khớp/Chỉnh hình,Tôi cảm thấy đau cổ sau khi thức dậy.
Ngoại khoa,Tôi bị một vết thương sâu ở tay và không thể cầm máu được.
Thấp khớp/Chỉnh hình,Tôi thức dậy mỗi sáng với chứng cứng cổ. Mát-xa giúp giảm đau nhưng vài ngày sau lại bị lại.
Tai Mũi Họng,Tôi bị đau tai mỗi khi chạm vào.
Tai Mũi Họng,"Chắc chắn là tuần hoàn máu của tôi có vấn đề rồi, ngay cả những ngày nóng nhất tôi cũng phải mang tất, ngón chân tôi lạnh cóng!"
Cơ xương khớp,Tôi cảm thấy đau vai khi gõ bàn phím.
Cơ xương khớp,Tôi ngã xuống đất khi cố gắng ném bóng rổ.
Đa khoa,Tôi cảm thấy cơ bắp mệt mỏi.
Tiêu hóa,Tôi cảm thấy đau bụng dữ dội.
Đa khoa,"Khi tôi đứng dậy, tôi có cảm giác như mình sắp ngã ngay lập tức."
Ngoại khoa,"Lần trước khi cắt móng chân, tôi đã cắt quá ngắn và giờ móng chân của tôi bị nhiễm trùng."
Ngoại khoa,Nhiễm trùng vết mổ
Chấn thương chỉnh hình,Đầu gối tôi đau quá.
Tiêu hóa,Bên trái của tôi đau nhức nhiều.
Chấn thương chỉnh hình,Tôi bị đau lưng và không thể cúi gập người hay đi lại được.
Chấn thương chỉnh hình,Tôi nghĩ mình đã làm quá sức khi khiêng đống gỗ đó từ ngoài sân về. Lưng dưới của tôi đau nhức kinh khủng.
Đa khoa,Tôi vốn luôn rất năng động nhưng giờ tôi không còn đủ sức lực hay năng lượng để đi bộ dù chỉ một quãng ngắn.
Da liễu,Tôi có vấn đề về da.
Da liễu,"Tôi bị nổi mụn ở ngực với những mảng đỏ, tình trạng này càng trầm trọng hơn khi trời nóng."
Nhãn khoa,Tôi không thể lái xe vào ban đêm vì mắt tôi bị mờ.
Đa khoa,Tôi gần như không còn đủ sức để đứng dậy.
Cơ xương khớp,"Sau khi chơi bóng đá, tôi bị đau cơ ở cả hai chân."
Cơ xương khớp,Tôi bị đau cơ không rõ nguyên nhân.
Tai Mũi Họng,Tôi bị đau tai mỗi khi chạm vào.
Thấp khớp/Chỉnh hình,"Mỗi lần nhìn sang trái, tôi đều cảm thấy đau nhói ở cổ."
Đa khoa,"Tôi không thể làm gì cả, toàn thân tôi đều yếu ớt."
Tai Mũi Họng,Phổi tôi cảm thấy nặng trĩu như thể chứa đầy chất nhầy.
Tâm thần,Tôi cảm thấy suy sụp tinh thần.
Chấn thương chỉnh hình,Tôi bị đau nhức như kim châm ở các khớp.
Đa khoa,"Tôi cảm thấy cơ thể yếu ớt dù ăn rất nhiều, tại sao vậy?"
Hô hấp,"Có những lúc tôi cảm thấy như bị đè bẹp dưới một sức nặng khổng lồ và không khí không thể vào phổi, điều đó thực sự khiến tôi sợ chết khiếp mỗi khi chuyện đó xảy ra."
Đa khoa,Tôi cảm thấy cơ bắp mệt mỏi.
Tai Mũi Họng,Tôi cảm thấy toàn thân như đang ở trong tủ lạnh.
Tâm thần,Tôi ước cảm giác mất mát đau đớn này có thể biến mất.
Tâm thần,"Tôi đã thử đọc sách, nhưng chẳng có gì làm tôi vui lên được cả."
Đa khoa,Đôi khi tôi cảm thấy cơ thể yếu ớt mà không rõ lý do.
Tai Mũi Họng,Tôi bị ho rất nặng và có đờm.
Tâm thần,Tôi cảm thấy buồn
Cơ xương khớp,Tôi bị đau lòng bàn chân khi mang giày cao gót.
Tai Mũi Họng,Bị cảm lạnh và ho nặng
Da liễu,Tóc tôi luôn bị rụng và dạo này tôi bị rụng rất nhiều tóc.
Chấn thương chỉnh hình,Tôi gặp khó khăn khi cử động đầu gối.
Ngoại khoa,Tôi nghĩ vết thương của tôi bị nhiễm trùng rồi.
Tai Mũi Họng,"Dù nhiệt độ trong nhà có cao, người tôi vẫn luôn cảm thấy lạnh."
Da liễu,Tôi bị phát ban và ngứa rất dữ dội.
Cơ xương khớp,"Sau khi chơi tennis, tôi cảm thấy một cảm giác mạnh ở gần cổ."
Tai Mũi Họng,Tôi gặp một số vấn đề nghiêm trọng về hô hấp vào ban đêm.
Da liễu,Tôi cảm thấy rất ngứa rát ở vùng gần cánh tay.
Chấn thương chỉnh hình,Đầu gối của tôi không gập được tốt.
Tâm thần,Tôi luôn cảm thấy rất buồn.
Da liễu,Mụn của tôi bị ngứa và chảy dịch.
Tim mạch,Tim tôi như muốn nổ tung.
Tai Mũi Họng,Tôi đã khỏi cảm lạnh được vài tuần rồi nhưng vẫn ho mỗi ngày.
Cơ xương khớp,"Khi chơi thể thao, tôi bị đau dưới da."
Da liễu,Sáng nào gối tôi cũng có rất nhiều tóc.
Tai Mũi Họng,Tôi nghĩ có dịch trong tai tôi.
Tai Mũi Họng,Tôi bị ngứa tai.
Tim mạch,Trái tim đau nhói vô cùng
Tiêu hóa,Tôi cảm thấy khó chịu toàn thân.
Ngoại khoa,Tôi bị rách da ở ngón tay cái và vết thương không lành.
Nhãn khoa,"Tôi bị nhìn mờ và không nhìn rõ trong bóng tối, nguyên nhân là gì vậy bác sĩ?"
Hô hấp,Tôi cảm thấy tức ngực.
Cơ xương khớp,Tôi bị đau chân rất nhiều khi chơi bóng đá.
Da liễu,Bệnh mãn tính của nang tóc và tuyến bã nhờn
Da liễu,tóc tôi rụng
Tâm thần,Tôi bị bệnh tâm thần
Da liễu,Tóc tôi bị rụng khi tôi chải tóc.
Đa khoa,Tôi cảm thấy chóng mặt và mất phương hướng.
Đa khoa,Tôi cảm thấy choáng váng khi đứng dậy.
Hô hấp,Tôi cảm thấy như mình không thể hít thở sâu được.
Đa khoa,"Tôi không khỏe, tôi cảm thấy chóng mặt."
Chấn thương chỉnh hình,Tôi cảm thấy đau lưng.
Tai Mũi Họng,Thỉnh thoảng tôi ho vì tôi hút thuốc.
Tiêu hóa,Bụng tôi bắt đầu đau nhưng sau khi ăn thứ gì đó nhẹ nhàng thì lại thấy dễ chịu hơn.
Cơ xương khớp,"Mỗi khi tập luyện cường độ cao, tôi đều cảm thấy đau nhức dữ dội ở các cơ."
Chấn thương chỉnh hình,Tôi cảm thấy rất đau nhức ở các khớp.
Ngoại khoa,"Tôi bị một vết thương hở trên da bên trong một bên lỗ mũi, vết thương đã bị nhiễm trùng và hiện giờ chứa đầy mủ."
Da liễu,Ống thoát nước trong phòng tắm của tôi lúc nào cũng đầy tóc.
Da liễu,Da tôi bị ngứa.
Tai Mũi Họng,Tôi cảm thấy tức ngực.
Tim mạch,Lòng tôi đau nhói.
Tiêu hóa,"Tôi bị đau bụng sau khi uống bất kỳ loại nước ngọt nào, tại sao vậy?"
Tiêu hóa,Tôi bị đau ngực khi hút thuốc.
Cơ xương khớp,Tôi bị chuột rút đau ở chân.
Cơ xương khớp,Tôi có cảm giác như mình vừa đến một phòng khám châm cứu và bị cắm 100 cây kim vào vai.
Cơ xương khớp,Vai tôi bị đau.
Cơ xương khớp,Tôi bị đau chân sau khi chạy 500m với giày chạy bộ.
Đa khoa,Tôi cảm thấy toàn thân rất yếu.
Cơ xương khớp,Tôi bị nhức nhối ở vai.
Chấn thương chỉnh hình,Tôi cảm thấy đau đầu gối khi leo cầu thang.
Ngoại khoa,"Con trai tôi vừa xỏ khuyên môi và giờ môi bị sưng, phần da bên trong môi có màu xám và trông như bị nhiễm trùng."
Chấn thương chỉnh hình,Tôi không thể tập thể dục vì bị đau đầu gối.
Nhãn khoa,Tôi bị nhìn mờ.
Đa khoa,Tôi cảm thấy chóng mặt sau khi vận động cơ bắp.
Ngoại khoa,"Mảnh kính vỡ và làm tôi bị thương nặng ở chân, vết thương rất rộng."
Ngoại khoa,Tôi có một vết thương hở ở cánh tay.
Da liễu,Tôi đã thử rất nhiều loại kem nhưng tình trạng da của tôi vẫn vậy.
Thấp khớp/Chỉnh hình,Tôi bị đau cổ và không thể nhìn xuống hay nhìn lên.
Ngoại khoa,Tôi bị rách da ở ngón tay cái và vết thương không lành.
Cơ xương khớp,Tôi bị đau chân.
Thấp khớp/Chỉnh hình,Tôi bị đau nhói ở cổ.
Chấn thương chỉnh hình,Tôi cảm thấy đau ở vùng lưng dưới.
Đa khoa,Tôi bị chóng mặt mỗi khi cố gắng đứng dậy.
Hô hấp,"Tôi khó thở khi ở trong ga tàu điện ngầm, tại sao vậy?"
Da liễu,Tôi bị mụn khắp mặt.
Thấp khớp/Chỉnh hình,Tôi cảm thấy đau ở cổ.
Nhãn khoa,Màn hình tivi và máy tính của tôi trông có vẻ mờ dù tôi đã đeo kính mới.
Thấp khớp/Chỉnh hình,Cổ tôi cảm thấy cứng đờ.
Chấn thương chỉnh hình,Đầu gối tôi thường đau nhức vào những ngày trời lạnh và mưa.
Da liễu,Tôi bị thiếu tóc
Tim mạch,Tôi bị đau tim mỗi khi tập thể dục.
Thấp khớp/Chỉnh hình,Tôi hay than phiền về chứng đau cổ và tôi thực sự cần phải khỏe hơn.
Thấp khớp/Chỉnh hình,Tôi bị đau nhói ở cổ.
Da liễu,Tôi cảm thấy chán nản khi thấy tóc mình rụng.
Ngoại khoa,Tôi bị rách da ở ngón tay cái và vết thương không lành.
Da liễu,Da tôi bị ngứa.
Đa khoa,Tôi cảm thấy chóng mặt và mất phương hướng.
Ngoại khoa,Tôi có một vết thương hở đã chuyển sang màu đỏ và chảy mủ.
Tiêu hóa,Tôi có một nỗi đau nội tâm không thể diễn tả được.
Tai Mũi Họng,Tôi bị ho dữ dội kèm theo đờm.
Tiêu hóa,Bụng tôi bắt đầu đau nhưng sau khi ăn thứ gì đó nhẹ nhàng thì lại thấy dễ chịu hơn.
Da liễu,Tôi bị nổi mụn thành từng cụm trên mặt và chúng không bao giờ biến mất.
Tai Mũi Họng,Tôi cảm thấy như mình khó thở nếu không tống hết những thứ trong phổi ra ngoài.
Chấn thương chỉnh hình,Mắt cá chân của tôi đang bị đau.
Đa khoa,Đôi khi tôi cảm thấy cơ thể yếu ớt mà không rõ lý do.
Chấn thương chỉnh hình,Mắt cá chân của tôi đang bị đau.
Nhãn khoa,Mọi thứ trông như thể đang ở trong một khu vực đầy khói.
Da liễu,Tóc tôi luôn bị rụng và dạo này tôi bị rụng rất nhiều tóc.
Chấn thương chỉnh hình,Tôi rất đau lưng mỗi khi cúi người.
Đa khoa,"Tôi cảm thấy cơ thể yếu ớt dù ăn rất nhiều, tại sao vậy?"
Cơ xương khớp,"Hôm qua tôi chơi bóng rổ, và bị bong gân mắt cá chân."
Thấp khớp/Chỉnh hình,Tôi cảm thấy đau cổ khi đang làm việc.
Da liễu,Ngực tôi nổi mụn đỏ và mụn đầu trắng.
Tai Mũi Họng,Tôi cảm thấy lạnh mặc dù đang là mùa hè.
Đa khoa,Tôi cảm thấy chóng mặt sau khi bị tiêu chảy nặng.
Tai Mũi Họng,"Tôi không ngủ được, tôi bị ho dữ dội."
Tai Mũi Họng,"Tôi vừa đi máy bay cách đây vài ngày và lần này, trong lúc hạ cánh, tai tôi vẫn bị ù và đau."
Cơ xương khớp,Cơ bắp tay của tôi bắt đầu đau nhức sau khi tôi đến phòng tập thể dục.
Chấn thương chỉnh hình,Tôi không thể tập thể dục vì bị đau đầu gối.
Thấp khớp/Chỉnh hình,Tôi bị đau nhói ở cổ.
Nhãn khoa,Tôi bị nhìn mờ.
Cơ xương khớp,Tôi bị đau tay khi duỗi người.
Chấn thương chỉnh hình,Tôi cảm thấy đau ở vùng lưng dưới.
Đa khoa,Tôi cảm thấy choáng váng khi đứng dậy.
Chấn thương chỉnh hình,Tôi cảm thấy đau đầu gối khi leo cầu thang.
Thấp khớp/Chỉnh hình,Cổ tôi cảm thấy cứng đờ.
Ngoại khoa,Tôi có một vết thương hở ở cánh tay.
Cơ xương khớp,Tôi cảm thấy nóng rát ở cơ vai.
Đa khoa,Tôi cảm thấy toàn thân yếu ớt và đã cố gắng thư giãn nhưng vẫn thấy đau.
Tâm thần,Tôi cảm thấy đau lòng mỗi khi nghĩ về cô ấy.
Đa khoa,Tôi cảm thấy choáng váng
Chấn thương chỉnh hình,"Cơn đau dữ dội, đặc biệt là khi tôi xuống cầu thang, cảm giác như có thứ gì đó bị gãy bên trong đầu gối."
Cơ xương khớp,Tôi bị chấn thương nên không thể chơi thể thao.
Chấn thương chỉnh hình,"Mỗi khi leo cầu thang, đầu gối phải của tôi đều bị đau."
Tâm thần,"Tôi cảm thấy mình không thể chịu đựng được nữa, tôi cảm thấy quá tải và không thể nào có được một chút thời gian nghỉ ngơi."
Chấn thương chỉnh hình,"Tôi gặp khó khăn khi chịu trọng lượng lên đầu gối, khi đứng thẳng tôi cảm thấy và nghe thấy một tiếng kêu lách tách lớn."
Đa khoa,Tôi có cảm giác toàn thân không còn chút sức lực nào.
Da liễu,Da tôi rất khô và bong tróc.
Tim mạch,Tôi cảm thấy một cơn đau kỳ lạ và dữ dội bên trong lồng ngực.
Cơ xương khớp,Tôi bị đau vai sau khi làm bất cứ việc gì liên quan đến nhà.
Da liễu,Tôi bị phát ban da sau khi ăn kem.
Tai Mũi Họng,"Tôi cảm thấy lạnh cóng, như một viên đá. Chị tôi nói rằng chị ấy cần nhiều chăn để đắp cho đủ ấm."
Cơ xương khớp,Tôi không thể chịu đựng được cảm giác khó chịu này ở vai.
Tâm thần,"Mỗi khi nhớ về cô ấy, tôi lại cảm thấy buồn."
Cơ xương khớp,"Khi thức dậy vào buổi sáng, tôi cảm thấy toàn thân đau nhức."
Ngoại khoa,Tôi bị đứt tay cách đây vài tuần và dù đã bôi kem kháng sinh nhưng vết thương vẫn không đỡ.
Tai Mũi Họng,Tôi bị đau tai khi trời lạnh.
Thần kinh/Tiêu hóa,Tôi cảm thấy như có ai đó đang dùng búa đập vào đầu mình. Tôi thấy đau nhức ở đỉnh đầu và nó cứ giật giật.
Ngoại khoa,"Vết thương phẫu thuật đỏ, có mủ chảy ra, đau và nóng khi chạm vào."
Đa khoa,Tôi cảm thấy chóng mặt khi thực hiện các chuyển động đột ngột.
Đa khoa,"Tôi cảm thấy cơ thể yếu ớt sau ngày đầu tiên đến phòng tập, tại sao vậy?"
Tâm thần,Dạo này tôi cảm thấy rất buồn.
Tai Mũi Họng,Tai tôi bị đau khi nghe nhạc.
Da liễu,"Tóc tôi rụng không rõ lý do, tôi thấy rất nhiều tóc trên bàn làm việc."
Đa khoa,Tôi cảm thấy chóng mặt và mất phương hướng.
Chấn thương chỉnh hình,Tôi cảm thấy đau nhói ở khớp mắt cá chân khi đứng.
Da liễu,Tôi bị nổi mụn đầu trắng và mụn đầu đen thành từng cụm trên lưng.
Thấp khớp/Chỉnh hình,Tôi cảm thấy đau ở cổ.
Chấn thương chỉnh hình,"Tôi không thể cử động chân, khớp bị đau."
Cơ xương khớp,Tôi bị đau nhức cơ vai mỗi khi cử động tay.
Tâm thần,Tôi bị bệnh tâm thần
Tiêu hóa,Tôi thường bị đau bụng sau khi ăn. Tôi vẫn chưa xác định được loại thực phẩm nào là nguyên nhân gây ra tình trạng này.
Tiêu hóa,Tôi bị đau ngực khi hút thuốc.
Ngoại khoa,Tôi bị rách da giữa ngón tay cái và ngón trỏ và vết thương không lành lại được.
Da liễu,Tôi bị nổi mụn thành từng mảng và da mặt bị đỏ nhiều.
Tim mạch,Tôi bị đau tim dữ dội.
Cơ xương khớp,Tôi cần một loại kem giúp thư giãn cơ bắp.
Cơ xương khớp,Hôm qua tôi bị đau vai.
Hô hấp,"Trước đây, tôi thường thở hổn hển sau khi leo cả chục bậc cầu thang, nhưng giờ đây, ngay cả khi ngồi xuống, tôi cũng khó thở."
Chấn thương chỉnh hình,"Tôi không thể đứng lên hay ngồi xuống được, tôi bị đau lưng rất khó chịu."
Tim mạch,Tôi cảm thấy tim mình như đang bốc cháy.
Chấn thương chỉnh hình,Đầu gối tôi bị sưng ngay dưới xương bánh chè và đau khi tôi tì trọng lượng lên đó.
Cơ xương khớp,Tôi rất đau khi cử động tay.
Tâm thần,Tôi cảm thấy đau lòng khi phải chia xa những người thân yêu.
Tiêu hóa,"Khi thức dậy, tôi thấy mình bị đau bụng và đã thử uống thuốc nhưng bụng vẫn đau."
Nhãn khoa,Tôi bị nhìn mờ sau khi dùng nhầm thuốc.
Cơ xương khớp,Tôi bị đau cơ bụng dữ dội từ khi đi tập gym.
Tim mạch,Cảm giác nghẹn ngào trong tim khiến tôi khó thở.
Hô hấp,"Tôi được chẩn đoán mắc bệnh viêm phổi, tôi khó thở."
Da liễu,Trên mặt tôi có mụn.
Nhãn khoa,Tôi đã thử đeo kính để nhìn rõ hơn nhưng vẫn không thấy có gì thay đổi.
Chấn thương chỉnh hình,Tôi bị đau nhói ở xương bánh chè sau khi tập thể dục.
Ngoại khoa,Tôi vô tình cắt đứt đầu ngón tay khi đang cắt bìa cứng và hiện tại máu không chảy được.
Da liễu,"Tóc tôi rụng không rõ lý do, tôi thấy rất nhiều tóc trên bàn làm việc."
Da liễu,sử dụng thuốc bổ tóc
Da liễu,"Khi tôi thức dậy, tôi thấy da mình mờ ảo."
Ngoại khoa,"Tôi bị ngã xuyên qua cửa sổ khi đang lau chùi và có một mảnh kính găm vào mắt trái, tôi nghĩ tình trạng khá nghiêm trọng, xin hãy giúp tôi!"
Chấn thương chỉnh hình,Tôi bị đau đầu gối khi đi bộ.
Cơ xương khớp,Hôm qua tôi mang một chiếc túi nặng và sáng nay khi thức dậy tôi cảm thấy vai rất đau.
Cơ xương khớp,Tôi bị va chạm khi đang chơi bóng đá. Đầu gối của tôi bị trẹo và giờ không còn vững nữa.
Tiêu hóa,Bên trái của tôi đau nhức nhiều.
Tiêu hóa,Tôi không thể chịu nổi cảm giác khó chịu này trong bụng.
Tiêu hóa,Tôi thường bị đau bụng sau khi ăn. Tôi vẫn chưa xác định được loại thực phẩm nào là nguyên nhân gây ra tình trạng này.
Tai Mũi Họng,"Chắc chắn là tuần hoàn máu của tôi có vấn đề rồi, ngay cả những ngày nóng nhất tôi cũng phải mang tất, ngón chân tôi lạnh cóng!"
Tiêu hóa,Tôi cảm thấy buồn nôn.
Đa khoa,"Tôi không thể làm gì cả, toàn thân tôi đều yếu ớt."
Tâm thần,Tôi không hiểu sao mình cứ buồn mãi.
Chấn thương chỉnh hình,Tôi bị đau lưng và không thể cúi gập người hay đi lại được.
Nhãn khoa,Tôi không thể lái xe vào ban đêm vì mắt tôi bị mờ.
Da liễu,sử dụng thuốc bổ tóc
Da liễu,Tôi cảm thấy rất ngứa rát ở vùng gần cánh tay.
Tâm thần,"Tôi cảm thấy mình không thể chịu đựng được nữa, tôi cảm thấy quá tải và không thể nào có được một chút thời gian nghỉ ngơi."
Thấp khớp/Chỉnh hình,Tôi bị sưng ở cổ và rất đau.
Tâm thần,Tôi luôn cảm thấy rất buồn.
Da liễu,Có thứ gì đó tối màu trên cánh tay tôi.
Cơ xương khớp,"Tôi bị đau dữ dội ở chân, đau như bị giật, và việc thư giãn bằng thuốc giảm đau không hiệu quả."
Da liễu,"Mặt tôi nổi những nốt mụn đỏ và cục u đau rát, dù tôi có rửa mặt bao nhiêu lần cũng không hết."
Da liễu,Da tôi rất khô và bong tróc.
Cơ xương khớp,Tôi bị va đập vào chân và nó đau lắm.
Thần kinh/Tiêu hóa,"Tôi đau đầu và mất cảm giác ở mặt, sau đó mất thị lực ở mắt."
Thấp khớp/Chỉnh hình,Tôi bị sưng ở cổ và rất đau.
Tiêu hóa,Tôi bị đau âm ỉ ở bụng. Cơn đau càng nặng hơn sau khi ăn.
Tim mạch,Tim tôi đập nhanh và điều đó khiến tôi sợ hãi.
Chấn thương chỉnh hình,"Tôi bị đau âm ỉ ở vùng lưng dưới, khiến việc di chuyển trở nên khó khăn."
Ngoại khoa,Tôi bị đứt tay và đang chảy máu.
Da liễu,Mụn có phải là bệnh ngoài da không?
Thần kinh/Tiêu hóa,"Tôi bị đau đầu vùng trán và mỗi khi bị đau, ánh sáng lại làm tôi khó chịu."
Tiêu hóa,Đau nhói và khó thở
Thấp khớp/Chỉnh hình,Tôi hầu như không thể cử động cổ được. Nó đau quá.
Ngoại khoa,"Tôi bị đứt tay khi mở lon đồ hộp, máu cứ chảy không ngừng và vết thương đang hở miệng."
Ngoại khoa,"Tôi nghĩ vết thương của tôi có vấn đề, nó dường như không lành lại như bình thường."
Thấp khớp/Chỉnh hình,Tôi bị đau dữ dội ở cổ.
Tai Mũi Họng,Tôi không thể ngừng ho.
Tiêu hóa,Tôi bị đau bụng và đầy hơi liên tục.
Chấn thương chỉnh hình,Tôi cảm thấy đau nhức như xương cọ xát vào nhau ở đầu gối khi leo cầu thang.
Đa khoa,"Tôi cảm thấy rất chóng mặt, cơ thể rất yếu."
Ngoại khoa,Vết thương của tôi bị nhiễm trùng khi tôi đang trồng hoa trong vườn.
Cơ xương khớp,Vết sẹo dài trên mông trái của tôi là do ngã xe đạp leo núi.
Thấp khớp/Chỉnh hình,Tôi không thể ngẩng đầu lên cúi xuống được.
Ngoại khoa,"Mảnh kính vỡ và làm tôi bị thương nặng ở chân, vết thương rất rộng."
Da liễu,Tình trạng mụn của tôi trở nên tồi tệ hơn khi trời nóng.
Cơ xương khớp,Tôi bị đau tay khi duỗi người.
Cơ xương khớp,Tôi vẫn không cảm thấy cơ bắp của mình đỡ hơn.
Tâm thần,Tôi cảm thấy vô cùng đau khổ về mặt tinh thần sau khi chia tay bạn gái.
Tiêu hóa,Tôi cảm thấy buồn nôn.
Tai Mũi Họng,Tai tôi đau quá.
Tâm thần,"Mỗi khi nghĩ về cha mẹ, tôi lại cảm thấy đau lòng."
Đa khoa,"Tôi cảm thấy toàn thân yếu ớt, mặt mũi tái nhợt và không ngủ ngon được."
Chấn thương chỉnh hình,Đầu gối tôi có cảm giác như bị rỉ sét và đột nhiên tôi không thể gập nó lại được nữa.
Cơ xương khớp,Tôi bị đau cơ không rõ nguyên nhân.
Chấn thương chỉnh hình,Tôi bị đau đầu gối khi đang bơi.
Cơ xương khớp,Tôi bị chấn thương nên không thể chơi thể thao.
Đa khoa,Tôi không còn đủ sức lực để làm những việc mà trước đây tôi vẫn làm.
Da liễu,Tôi bị nổi mụn đầu trắng và mụn đầu đen thành từng cụm trên lưng.
Tiêu hóa,Tôi bị đau bụng mỗi khi bị cảm lạnh.
Tiêu hóa,"Tôi bị đau bụng khi ăn đồ ăn nóng, tại sao vậy?"
Tai Mũi Họng,Nghe thấy bất kỳ tiếng động lớn nào cũng khiến tai tôi đau nhức.
Chấn thương chỉnh hình,"Cơn đau dữ dội, đặc biệt là khi tôi xuống cầu thang, cảm giác như có thứ gì đó bị gãy bên trong đầu gối."
Da liễu,"Khi tôi thức dậy, tôi thấy da mình mờ ảo."
Ngoại khoa,Người ta phát hiện anh ta có một vết thương hở.
Thần kinh/Tiêu hóa,Tôi bị đau đầu từ khi thức dậy sáng nay.
Tiêu hóa,Khi ăn tôi cảm thấy đau bụng.
Ngoại khoa,"Lần trước khi cắt móng chân, tôi đã cắt quá ngắn và giờ móng chân của tôi bị nhiễm trùng."
Chấn thương chỉnh hình,"Tôi không thể đứng lên hay ngồi xuống được, tôi bị đau lưng rất khó chịu."
Da liễu,"Khi tôi gội đầu, tóc tôi rụng rất nhiều."
Hô hấp,Tôi bị nghẹt mũi suốt ngày và có chất dịch nhầy dính trong cổ họng khiến tôi không thể ngủ được. Tôi thường phải ngủ trưa trong tư thế ngồi.
Thần kinh/Tiêu hóa,Tôi bị đau đầu khi làm việc này.
Tai Mũi Họng,"Khi thức dậy, tôi cảm thấy lạnh."
Chấn thương chỉnh hình,Tôi bị đau ở khớp khuỷu tay.
Cơ xương khớp,"Tôi cảm thấy như có một cục u sưng tấy ở xương bả vai, kèm theo cơn đau nhói từ đó."
Tâm thần,"Khi ông nội tôi qua đời, tôi đã trải qua một nỗi đau tinh thần sâu sắc."
Cơ xương khớp,Tôi không thể cử động tay một cách bình thường.
Thần kinh/Tiêu hóa,Tôi bị đau đầu.
Chấn thương chỉnh hình,"đỏ, sưng tấy và khó đi lại"
Cơ xương khớp,Tôi bị thương trong trận đấu bóng đá.
Đa khoa,Tôi đang đi du thuyền và cảm thấy chóng mặt.
Nhãn khoa,Tôi bị nhìn mờ sau khi dùng nhầm thuốc.
Da liễu,ngứa ở phía trước và chính giữa da đầu
Nhãn khoa,"Tôi bị nhìn mờ và không nhìn rõ trong bóng tối, nguyên nhân là gì vậy bác sĩ?"
Tai Mũi Họng,Tôi bị đau tai mỗi khi đi bơi.
Da liễu,Mụn ở ngực tôi cứ nổi lên và không bao giờ hết.
Tiêu hóa,Tôi cảm thấy nóng rát ở bụng khoảng 2 tiếng sau mỗi bữa ăn.
Nhãn khoa,"Khi tôi cố gắng nhìn, tầm nhìn của tôi bị mờ."
Tâm thần,Tôi bị rối loạn cảm xúc.
Tim mạch,"Tôi cảm thấy đau ở bên trái ngực, ngay chỗ tim."
Đa khoa,"Khi đứng dậy quá nhanh, tôi bắt đầu cảm thấy chóng mặt và choáng váng."
Cơ xương khớp,"Khi giơ tay lên, tôi cảm thấy đau ở vai."
Đa khoa,"Tôi cảm thấy chóng mặt khi ngồi trước máy tính xách tay khoảng một đến hai tiếng, nguyên nhân có thể là gì vậy?"
Tai Mũi Họng,Tôi không biết tại sao mình lại cảm thấy lạnh.
Tâm thần,Tôi thất vọng
Ngoại khoa,"Con gái tôi đi tỉa lông mày và việc đó đã làm rách da ở một bên lông mày, giờ chỗ đó bị sưng và chảy dịch."
Da liễu,"Đôi khi trời lạnh, mặt tôi bị đau, đặc biệt là vùng quanh những nốt mụn sắp vỡ."
Chấn thương chỉnh hình,"Mỗi khi cúi xuống, tôi lại cảm thấy đau nhói ở lưng."
Chấn thương chỉnh hình,Tôi cảm thấy đau nhức ở đầu gối khi đi bộ.
Cơ xương khớp,Tôi không thể cử động tay một cách bình thường.
Hô hấp,Tôi cảm thấy rất khó thở.
Tiêu hóa,Tôi bị đau bụng dữ dội và không thể ăn bất cứ thứ gì.
Tim mạch,Tôi cảm thấy tim mình đau nhói khi chạy một quãng đường dài.
Tai Mũi Họng,Tôi thường bị ho nặng khi bị cúm.
Da liễu,Tôi bị rụng tóc rất nhiều.
Thần kinh/Tiêu hóa,Tôi bị đau đầu khi làm việc này.
Đa khoa,Tôi khó có thể đứng dậy và di chuyển rất chậm.
Chấn thương chỉnh hình,Tôi bị ngã xe đạp và từ đó tôi bị đau đầu gối dữ dội.
Thần kinh/Tiêu hóa,Tôi bị đau đầu.
Tim mạch,Tôi cảm thấy tim mình như đang bốc cháy.
Chấn thương chỉnh hình,"Mỗi khi leo cầu thang, đầu gối phải của tôi đều bị đau."
Nhãn khoa,"Tôi bị nhìn mờ trong lúc tập bơi ở bể bơi, tại sao vậy?"
Chấn thương chỉnh hình,Tôi cảm thấy đau đầu gối khi leo cầu thang.
Đa khoa,"Tôi cảm thấy rất chóng mặt, cơ thể rất yếu."
Tim mạch,"Ôi tim tôi đau nhói, tôi đã cố gắng bình tĩnh nhưng không thể."
Thấp khớp/Chỉnh hình,Tôi bị đau nhói ở cổ.
Thấp khớp/Chỉnh hình,Tôi không thể xoay cổ.
Da liễu,Tôi đã thử rất nhiều loại kem nhưng tình trạng da của tôi vẫn vậy.
Hô hấp,Tôi đi bộ mỗi ngày nhưng giờ đây chỉ đi được một đoạn ngắn là tôi đã bị khó thở.
Ngoại khoa,Tôi có một vết thương hở ở cánh tay.
Da liễu,ngứa ở phía trước và chính giữa da đầu
Da liễu,Tôi thường xuyên bị nổi mụn trên mặt.
Tiêu hóa,Tôi có một nỗi đau nội tâm không thể diễn tả được.
Ngoại khoa,"Mảnh kính vỡ và làm tôi bị thương nặng ở chân, vết thương rất rộng."
Cơ xương khớp,Tôi bị đau cơ không rõ nguyên nhân.
Da liễu,Tôi bị nổi mụn đầu trắng và mụn đầu đen thành từng cụm trên lưng.
Cơ xương khớp,Tôi cảm thấy đau vai từng đợt.
Tai Mũi Họng,Tôi luôn cảm thấy ngứa rát ở cổ họng.
Tai Mũi Họng,Tôi bị ho rất nặng và có đờm.
Da liễu,Tôi nhận thấy có nhiều tóc rụng hơn bình thường khi chải tóc.
Tai Mũi Họng,Tôi cảm thấy có chất lỏng muốn trào ra khi ho.
Chấn thương chỉnh hình,Tôi cảm thấy đau nhức ở đầu gối khi đi bộ.
Chấn thương chỉnh hình,Tôi bị đau đầu gối khi chơi squash.
Tai Mũi Họng,"Tôi không thể ngừng run rẩy hay nới lỏng hàm, tôi lạnh đến mức đó."
Chấn thương chỉnh hình,Tôi bị đau lưng và không thể cúi gập người hay đi lại được.
Nhãn khoa,Tôi bị mờ mắt sau khi bị va đập vào đầu hôm qua.
Tai Mũi Họng,"Chắc chắn là tuần hoàn máu của tôi có vấn đề rồi, ngay cả những ngày nóng nhất tôi cũng phải mang tất, ngón chân tôi lạnh cóng!"
Đa khoa,Tôi vốn luôn rất năng động nhưng giờ tôi không còn đủ sức lực hay năng lượng để đi bộ dù chỉ một quãng ngắn.
Đa khoa,"Tôi nhanh mệt quá, sáng sớm hầu như không mặc nổi quần áo."
Tiêu hóa,"Tôi cảm thấy bụng đầy và khó chịu, chướng bụng sau những bữa ăn no."
Da liễu,Tôi bị phát ban và ngứa rất dữ dội.
Tiêu hóa,Tôi bị đau bụng và đầy hơi liên tục.
Da liễu,Tóc tôi rụng từng mảng lớn.
Ngoại khoa,Điều gì giúp vết thương mau lành hơn?
Ngoại khoa,Tôi bị đứt tay và đang chảy máu.
Ngoại khoa,Vết thương của tôi không lành tốt và tình trạng này đã kéo dài hai tuần rồi.
Thấp khớp/Chỉnh hình,Tôi bị sưng ở cổ và rất đau.
Chấn thương chỉnh hình,Đầu gối của tôi không gập được tốt.
Thấp khớp/Chỉnh hình,Tôi cảm thấy tê rần ở cổ.
Chấn thương chỉnh hình,"Mỗi khi leo cầu thang, đầu gối phải của tôi đều bị đau."
Cơ xương khớp,"Sau khi đi bộ, tôi cảm thấy đau ở lòng bàn chân."
Tim mạch,Tôi cảm thấy một cơn đau kỳ lạ và dữ dội bên trong lồng ngực.
Ngoại khoa,Vết thương của tôi bị nhiễm trùng hay chỉ đang lành lại?
Chấn thương chỉnh hình,Làm sao để biết bạn có bị rách sụn chêm ở đầu gối hay không?
Đa khoa,"Khi đứng dậy quá nhanh, tôi bắt đầu cảm thấy chóng mặt và choáng váng."
Cơ xương khớp,Tôi không thể cử động tay một cách bình thường.
Tâm thần,Tôi ước cảm giác mất mát đau đớn này có thể biến mất.
Chấn thương chỉnh hình,Tôi đã dùng rất nhiều thuốc giảm đau để đỡ hơn nhưng tôi vẫn cảm thấy đau lưng.
Thần kinh/Tiêu hóa,"Tôi không thể đứng dậy, tôi cảm thấy não mình như đang di chuyển bên trong hộp sọ."
Cơ xương khớp,Tôi cảm thấy đau vai khi gõ bàn phím.
Thần kinh/Tiêu hóa,Tôi bị đau đầu từ khi thức dậy sáng nay.
Ngoại khoa,"Lần trước khi cắt móng chân, tôi đã cắt quá ngắn và giờ móng chân của tôi bị nhiễm trùng."
Da liễu,"Tôi bị nổi mụn ở ngực với những mảng đỏ, tình trạng này càng trầm trọng hơn khi trời nóng."
Cơ xương khớp,Tôi bị đau nhói ở bắp tay. Tôi đã thử bôi kem giảm đau nhưng không hiệu quả.
Tai Mũi Họng,Tôi không thể ngừng ho
Chấn thương chỉnh hình,Tôi rất đau lưng mỗi khi cúi người.
Chấn thương chỉnh hình,Tôi bị đau đầu gối khi đang bơi.
Thấp khớp/Chỉnh hình,Tôi thức dậy mỗi sáng với chứng cứng cổ. Mát-xa giúp giảm đau nhưng vài ngày sau lại bị lại.
Nhãn khoa,Máy khử trùng mắt
Tai Mũi Họng,Nghe thấy bất kỳ tiếng động lớn nào cũng khiến tai tôi đau nhức.
Tâm thần,"Tâm trí tôi cảm thấy rất buồn, như thể đang đau đớn. Cảm giác trong đầu tôi thật tồi tệ và mỗi khi nghĩ về chuyện chia tay, tôi lại khóc vì buồn bã."
Cơ xương khớp,Tôi bị va đập vào chân và nó đau lắm.
Cơ xương khớp,"Mỗi khi tập luyện cường độ cao, tôi đều cảm thấy đau nhức dữ dội ở các cơ."
Ngoại khoa,Vết thương bị nhiễm trùng của tôi gây ra sốt.
Thần kinh/Tiêu hóa,Tôi cảm thấy đau đầu
Đa khoa,Tôi đột nhiên cảm thấy chóng mặt khi đứng dậy.
Da liễu,Con trai tôi bị mụn trứng cá rất nhiều.
Cơ xương khớp,Tôi bị đau chân sau khi chạy 500m với giày chạy bộ.
Chấn thương chỉnh hình,Tôi bị đau lưng rất nhiều.
Ngoại khoa,"Con trai tôi xăm hình cách đây vài tuần và vùng da xung quanh hình xăm bị sưng tấy, nóng rát và có vẻ như bị nhiễm trùng."
Ngoại khoa,"Con trai tôi vô tình dùng dao cạo cũ cứa vào cổ và chỗ đó bị sưng tấy, trông có vẻ bị nhiễm trùng."
Tai Mũi Họng,Tôi bị đau nhói ở tai.
Tai Mũi Họng,Tôi luôn cảm thấy ngứa rát ở cổ họng.
Ngoại khoa,Vết thương vẫn còn hở
Da liễu,đỏ mặt kèm theo ngứa
Da liễu,Tóc tôi rụng rất nhiều.
Tai Mũi Họng,"Con tôi bị ho cả đêm, không ngủ được."
Chấn thương chỉnh hình,Đầu gối tôi bị vướng và đau khi mới đứng dậy sau khi ngồi.
Chấn thương chỉnh hình,Khớp mắt cá chân của tôi bị nhức nhối mỗi khi tôi đặt trọng lực lên bàn chân.
Chấn thương chỉnh hình,Tôi bị đau lưng từ khi bước sang tuổi 70.
Da liễu,Tôi rất lo lắng mình sẽ bị hói đầu sớm. Tôi có bị bệnh nặng không?
Đa khoa,"Khi thức dậy vào buổi sáng, tôi cảm thấy chóng mặt."
Thần kinh/Tiêu hóa,Tôi bị đau đầu gần như mỗi ngày.
Tiêu hóa,Tôi cảm thấy đau nhức bên trong cơ thể.
Chấn thương chỉnh hình,Tôi bị đau khớp ở các ngón tay vào buổi sáng.
Nhãn khoa,Mọi thứ trông như thể đang ở trong một khu vực đầy khói.
Tâm thần,Tôi cảm thấy buồn
Cơ xương khớp,"Tôi đi lại khó khăn, chân tôi bị đau."
Tai Mũi Họng,"Tôi nghe không rõ, tôi có vấn đề về tai."
Cơ xương khớp,Tôi bị đau cơ.
Cơ xương khớp,Tôi bị đau nhói ở bắp tay. Tôi đã thử bôi kem giảm đau nhưng không hiệu quả.
Tim mạch,"Mỗi khi buồn, tim tôi lại đau nhói, tại sao vậy?"
Cơ xương khớp,Tôi bị chấn thương trong một trận bóng đá và được chẩn đoán là tổn thương dây chằng chéo.
Chấn thương chỉnh hình,Toàn thân tôi đang trong tình trạng tồi tệ và tôi cần được điều trị tốt.
Nhãn khoa,Thật khó để nhìn thấy mọi thứ
Tiêu hóa,Tôi bị đau bụng.
Thần kinh/Tiêu hóa,Không thể tập trung
Tai Mũi Họng,"Mỗi khi làm vậy, tôi đều cảm thấy đau nhói ở tai."
Tâm thần,Dạo này tôi cảm thấy rất buồn.
Tiêu hóa,Đau bụng sau khi uống sữa
Ngoại khoa,Tôi phải đi khám bác sĩ vì tôi có một vết thương hở.
Da liễu,Tôi bị phát ban da sau khi ăn kem.
Cơ xương khớp,Vai tôi bị đau mỗi khi cố với lấy thứ gì đó ở trên cao.
Thần kinh/Tiêu hóa,Tôi cảm thấy như có ai đó đang dùng búa đập vào đầu mình. Tôi thấy đau nhức ở đỉnh đầu và nó cứ giật giật.
Chấn thương chỉnh hình,"Tôi gặp khó khăn khi chịu trọng lượng lên đầu gối, khi đứng thẳng tôi cảm thấy và nghe thấy một tiếng kêu lách tách lớn."
Tim mạch,"Chồng tôi bỏ tôi để đến với người phụ nữ khác, trái tim tôi đau đớn đến mức tôi không thể ăn không thể ngủ được."
Tai Mũi Họng,Tôi nghĩ có dịch trong tai tôi.
Da liễu,Da tôi rất khô và bong tróc.
Tai Mũi Họng,Tai tôi bị ù.
Thấp khớp/Chỉnh hình,Tôi cảm thấy tê rần ở cổ.
Da liễu,"Mặt tôi nổi những nốt mụn đỏ và cục u đau rát, dù tôi có rửa mặt bao nhiêu lần cũng không hết."
Thần kinh/Tiêu hóa,"Khi mệt mỏi, tôi cảm thấy đầu mình nặng trĩu."
Tiêu hóa,Các triệu chứng của viêm ruột thừa là gì?
Da liễu,Mặt tôi nổi đầy mụn.
Chấn thương chỉnh hình,Đầu gối tôi cảm thấy yếu và hôm trước nó bị khuỵt xuống ở đầu cầu thang. May mắn là có lan can để vịn vào.
Tiêu hóa,"Sau khi ăn, tôi cảm thấy nóng rát bên trong cơ thể."
Chấn thương chỉnh hình,"Khi chơi thể thao, tôi cảm thấy nóng rát ở cột sống."
Đa khoa,"Khi thức dậy vào buổi sáng, tôi cảm thấy cơ thể rất yếu."
Tim mạch,Tôi cảm thấy như tim mình sắp nhảy ra khỏi lồng ngực. Đau quá.
Ngoại khoa,Điều gì giúp vết thương mau lành hơn?
Hô hấp,Buổi sáng tôi thở rất to.
Cơ xương khớp,Trước đây tôi rất tích cực tham gia thể thao nhưng giờ cơ thể tôi đang bị đau nhức.
Tâm thần,"Tâm trí tôi cảm thấy rất buồn, như thể đang đau đớn. Cảm giác trong đầu tôi thật tồi tệ và mỗi khi nghĩ về chuyện chia tay, tôi lại khóc vì buồn bã."
Cơ xương khớp,"Tôi nghĩ mình bị bong gân mắt cá chân rồi, đau quá."
Nhãn khoa,"Khi lái xe, mắt tôi nhìn thấy hình ảnh kép."
Đa khoa,Tôi có cảm giác toàn thân không còn chút sức lực nào.
Ngoại khoa,Tôi bị đứt tay cách đây vài tuần và dù đã bôi kem kháng sinh nhưng vết thương vẫn không đỡ.
Tiêu hóa,Tôi bị đau bụng dữ dội.
Ngoại khoa,"Tôi bị đứt tay khi mở lon đồ hộp, máu cứ chảy không ngừng và vết thương đang hở miệng."
Da liễu,Da tôi bị ngứa và viêm.
Tiêu hóa,Đau bụng sau khi uống sữa
Đa khoa,"Khi đứng dậy quá nhanh, tôi bắt đầu cảm thấy chóng mặt và choáng váng."
Ngoại khoa,Có một người bị thương.
Cơ xương khớp,Tôi bị gãy mắt cá chân khi leo núi đá ở dãy Carpathians.
Da liễu,Tôi cần tìm phương pháp điều trị rụng tóc.
Tâm thần,"Tôi đã thử đọc sách, nhưng chẳng có gì làm tôi vui lên được cả."
Cơ xương khớp,"Mỗi khi cử động tay, vai phải của tôi lại kêu lách tách."
Tai Mũi Họng,Tôi không thể ngừng ho.
Tai Mũi Họng,"Mỗi khi làm vậy, tôi đều cảm thấy đau nhói ở tai."
Tiêu hóa,Tôi bị khó tiêu
Cơ xương khớp,"Khi thức dậy vào buổi sáng, tôi cảm thấy toàn thân đau nhức."
Thần kinh/Tiêu hóa,Không thể tập trung
Cơ xương khớp,"Tôi bị đau dữ dội ở chân, đau như bị giật, và việc thư giãn bằng thuốc giảm đau không hiệu quả."
Tiêu hóa,Tôi bị đau nhói ở bụng.
Chấn thương chỉnh hình,Tôi cảm thấy đau nhức như xương cọ xát vào nhau ở đầu gối khi leo cầu thang.
Chấn thương chỉnh hình,Tôi cảm thấy như có thứ gì đó sưng và viêm ở phía sau đầu gối.
Tim mạch,Tim tôi đập nhanh và điều đó khiến tôi sợ hãi.
Nhãn khoa,Thật khó để nhìn thấy mọi thứ
Thần kinh/Tiêu hóa,"Tôi bị đau đầu vùng trán và mỗi khi bị đau, ánh sáng lại làm tôi khó chịu."
Da liễu,Tôi cần gãi da mỗi phút
Cơ xương khớp,Tôi bị chấn thương trong một trận bóng đá và được chẩn đoán là tổn thương dây chằng chéo.
Tiêu hóa,Tôi bị đau bụng dữ dội.
Ngoại khoa,"Con gái tôi bị mèo cắn và giờ tay cháu bị đau, đỏ và sưng tấy, vết thương còn chảy dịch."
Tiêu hóa,Tôi bị đau bụng.
Cơ xương khớp,Tôi không thể chịu đựng được cảm giác khó chịu này ở vai.
Cơ xương khớp,Tôi bị đau khi giơ tay lên.
Tai Mũi Họng,Tôi bị đau tai khi trời lạnh.
Cơ xương khớp,Tôi bị gãy mắt cá chân khi leo núi đá ở dãy Carpathians.
Ngoại khoa,Tôi bị một vết cắt đã được khâu lại nhưng nó không lành. Nó đang chảy mủ màu xanh và bị bỏng rát.
Đa khoa,"Khi đứng dậy quá nhanh, tôi bắt đầu cảm thấy chóng mặt và choáng váng."
Tai Mũi Họng,Tôi có rất nhiều đờm khi ho.
Đa khoa,"Khi ăn quá nhiều đường, cơ thể tôi trở nên yếu và chóng mặt."
Da liễu,Tóc tôi bị rụng khi tôi chải tóc.
Tiêu hóa,Tôi bị đau ngực khi hút thuốc.
Da liễu,Tôi hay phàn nàn về dị ứng da.
Thấp khớp/Chỉnh hình,Cổ tôi cảm thấy cứng đờ.
Đa khoa,"Khi tôi thức dậy, tôi cảm thấy chóng mặt và ngã xuống."
Đa khoa,Mỗi khi đứng dậy tôi đều cảm thấy chóng mặt.
Tiêu hóa,Đau ruột mãn tính
Hô hấp,Tôi cảm thấy như mình không thể hít thở sâu được.
Da liễu,Tôi bị thiếu tóc
Da liễu,tóc tôi rụng
Tai Mũi Họng,Tôi bị ho dữ dội kèm theo đờm.
Nhãn khoa,Màn hình tivi và máy tính của tôi trông có vẻ mờ dù tôi đã đeo kính mới.
Da liễu,Tôi cảm thấy chán nản khi thấy tóc mình rụng.
Chấn thương chỉnh hình,Lưng tôi đau quá nên không thể cúi xuống buộc dây giày được.
Đa khoa,"Mỗi khi tôi đứng dậy, đầu tôi lại bắt đầu quay cuồng."
Đa khoa,Tôi bị chóng mặt mỗi khi cố gắng đứng dậy.
Nhãn khoa,"Mỗi khi ăn đường, tôi nhận thấy thị lực của mình bị mờ."
Chấn thương chỉnh hình,"Tôi bị đau âm ỉ ở vùng lưng dưới, khiến việc di chuyển trở nên khó khăn."
Thần kinh/Tiêu hóa,Không thể tập trung
Chấn thương chỉnh hình,Toàn thân tôi đang trong tình trạng tồi tệ và tôi cần được điều trị tốt.
Tiêu hóa,Tôi bị khó tiêu
Tâm thần,"Mỗi khi nhớ về cô ấy, tôi lại cảm thấy buồn."
Cơ xương khớp,Tôi bị đau vai dữ dội.
Da liễu,Da tôi bị ngứa và viêm.
Chấn thương chỉnh hình,Tôi thường bị đau nhức khớp mỗi khi trời lạnh.
Chấn thương chỉnh hình,Tôi cảm thấy đau nhức như xương cọ xát vào nhau ở đầu gối khi leo cầu thang.
Da liễu,Mụn của tôi thật sự khiến tôi xấu hổ. Nó đỏ quá.
Đa khoa,Tôi có cảm giác toàn thân không còn chút sức lực nào.
Cơ xương khớp,Tôi bị đau nhức cơ vùng lưng dưới.
Đa khoa,Tôi cảm thấy như căn phòng đang quay cuồng.
Cơ xương khớp,"Mỗi khi tôi cử động vai, cơn đau lại lan xuống cánh tay."
Cơ xương khớp,"Nếu tôi giẫm phải kim thì chắc cũng không đau đến thế, như cái gai chết tiệt ở gót chân này."
Nhãn khoa,Tôi bị nhìn mờ sau khi dùng nhầm thuốc.
Cơ xương khớp,Tôi cần một loại kem giúp thư giãn cơ bắp.
Nhãn khoa,Tôi đã thử đeo kính để nhìn rõ hơn nhưng vẫn không thấy có gì thay đổi.
Tai Mũi Họng,Cảm giác ho càng tăng lên khi mùa đông đến.
Ngoại khoa,Tôi nghĩ vết thương của tôi bị nhiễm trùng rồi.
Tiêu hóa,Tôi cảm thấy khó chịu toàn thân.
Cơ xương khớp,"Sau một ngày làm việc vất vả, tôi bị đau chân."
Thần kinh/Tiêu hóa,Đầu tôi đau quá.
Tai Mũi Họng,Tôi cảm thấy đau họng.
Tai Mũi Họng,"Tôi lo lắng vì khả năng chịu lạnh của mình kém, tôi luôn run rẩy, ngay cả khi ở ngoài trời nắng."
Chấn thương chỉnh hình,Tôi cảm thấy đau ở đầu gối.
Tai Mũi Họng,Nghe thấy bất kỳ tiếng động lớn nào cũng khiến tai tôi đau nhức.
Cơ xương khớp,Tôi bị chấn thương nên không thể chơi thể thao.
Da liễu,"Khi tôi thức dậy, tôi thấy da mình mờ ảo."
Da liễu,Tôi bị nổi mụn đầu trắng và mụn đầu đen thành từng cụm trên lưng.
Ngoại khoa,"Bạn sẽ không tin đâu, nhưng vết thương nhiễm trùng trên tay tôi là do một vết cắt giấy mà tôi đã không coi trọng."
Ngoại khoa,Chồng tôi có một vết trên môi mà anh ấy tưởng là mụn rộp nhưng giờ nó đã bị vỡ ra và chảy dịch cả ngày.
Nhãn khoa,Tôi nhận thấy thị lực của mình giảm sút đáng kể khi cố gắng nhìn những vật ở cự ly gần.
Chấn thương chỉnh hình,Tôi nghĩ mình đã làm quá sức khi khiêng đống gỗ đó từ ngoài sân về. Lưng dưới của tôi đau nhức kinh khủng.
Chấn thương chỉnh hình,Lưng tôi đau quá.
Nhãn khoa,Tôi bị mờ mắt sau khi bị va đập vào đầu hôm qua.
Cơ xương khớp,"Tôi bị đau cơ chân sau khi chạy bộ hôm qua, tôi đã uống thuốc giảm đau nhưng không hiệu quả."
Cơ xương khớp,Tôi cảm thấy đau vai khi gõ bàn phím.
Chấn thương chỉnh hình,Đầu gối tôi có cảm giác như bị rỉ sét và đột nhiên tôi không thể gập nó lại được nữa.
Da liễu,Khi tôi cố gắng chăm sóc tóc thì phát hiện ra tóc mình bị rụng nhiều.
Da liễu,Tôi bị mụn ở lưng.
Đa khoa,"Tôi không thể làm gì cả, toàn thân tôi đều yếu ớt."
Nhãn khoa,Tôi không thể lái xe vào ban đêm vì mắt tôi bị mờ.
Tai Mũi Họng,"Tôi cứ mãi không thấy ấm. Ngay cả khi mọi người xung quanh đều ấm áp, tôi vẫn luôn cảm thấy lạnh."
Da liễu,Tôi có vấn đề về da.
Ngoại khoa,Nhiễm trùng vết mổ
Cơ xương khớp,Hôm qua tôi mang một chiếc túi nặng và sáng nay khi thức dậy tôi cảm thấy vai rất đau.
Tai Mũi Họng,Tôi cảm thấy lạnh và ớn lạnh dù đã mặc quần áo dày.
Chấn thương chỉnh hình,"Cơn đau dữ dội, đặc biệt là khi tôi xuống cầu thang, cảm giác như có thứ gì đó bị gãy bên trong đầu gối."
Cơ xương khớp,Vai tôi đau quá.
Cơ xương khớp,Tôi không thể đi lại được vì chân tôi đau quá.
Đa khoa,"Tôi cảm thấy cơ thể yếu ớt dù ăn rất nhiều, tại sao vậy?"
Cơ xương khớp,"Có lẽ tôi đã tập tạ quá sức, vì tôi sợ mình đã bị rách cơ lưng."
Tai Mũi Họng,Tôi cảm thấy lạnh khi màn đêm buông xuống.
Đa khoa,Tôi gần như không còn đủ sức để đứng dậy.
Cơ xương khớp,Vai tôi bị đau khi cố gắng nâng vật nặng năm pound.
Nhãn khoa,Mọi thứ trông như thể đang ở trong một khu vực đầy khói.
Ngoại khoa,Tôi bị đứt chân ở bể bơi và vết thương cứ hở ra mỗi khi tôi đi lại.
Chấn thương chỉnh hình,Tôi bị đau khớp ở các ngón tay vào buổi sáng.
Tai Mũi Họng,"Tôi không nghe rõ bằng tai, cảm giác như có vật gì đó gây khó chịu trong tai."
Tai Mũi Họng,Tôi bị ớn lạnh và đau nhức khắp người.
Tai Mũi Họng,Tai tôi bị ù.
Tiêu hóa,"Tôi cảm thấy bụng đầy và khó chịu, chướng bụng sau những bữa ăn no."
Cơ xương khớp,"Sau khi chơi tennis, tôi cảm thấy một cảm giác mạnh ở gần cổ."
Cơ xương khớp,"Khi chơi thể thao, tôi bị đau dưới da."
Tai Mũi Họng,Tôi không thể cảm thấy ấm áp dù có mặc nhiều lớp áo hay bật máy sưởi ở mức cao nhất.
Thấp khớp/Chỉnh hình,Tôi bị sưng ở cổ và rất đau.
Thần kinh/Tiêu hóa,Tôi cảm thấy như có ai đó đang dùng búa đập vào đầu mình. Tôi thấy đau nhức ở đỉnh đầu và nó cứ giật giật.
Thần kinh/Tiêu hóa,"Khi mệt mỏi, tôi cảm thấy đầu mình nặng trĩu."
Da liễu,Tôi cảm thấy rất ngứa rát ở vùng gần cánh tay.
Da liễu,Sáng nào gối tôi cũng có rất nhiều tóc.
Ngoại khoa,Vết thương của tôi không lành tốt và tình trạng này đã kéo dài hai tuần rồi.
Da liễu,Mụn có phải là bệnh ngoài da không?
Cơ xương khớp,Trước đây tôi rất tích cực tham gia thể thao nhưng giờ cơ thể tôi đang bị đau nhức.
Cơ xương khớp,Tôi bị đau nhói ở bắp chân.
Chấn thương chỉnh hình,Tôi bị đau khi gập tay.
Ngoại khoa,"Tôi bị ngã xuyên qua cửa sổ khi đang lau chùi và có một mảnh kính găm vào mắt trái, tôi nghĩ tình trạng khá nghiêm trọng, xin hãy giúp tôi!"
Thần kinh/Tiêu hóa,"Tôi bị đau đầu dữ dội vài tháng một lần, và mỗi khi bị đau đầu thì thị lực của tôi lại bị ảnh hưởng."
Đa khoa,Tôi không còn đủ sức lực để làm những việc mà trước đây tôi vẫn làm.
Tiêu hóa,Khi ăn tôi cảm thấy đau bụng.
Tiêu hóa,Tôi cảm thấy đau nhức toàn thân.
Thấp khớp/Chỉnh hình,Tôi cảm thấy đau ở cổ.
Tiêu hóa,"Tôi bị đau bụng khi ăn đồ ăn nóng, tại sao vậy?"
Cơ xương khớp,Tôi bị đau chân dù không đi bộ nhiều.
Chấn thương chỉnh hình,Tôi có cảm giác như toàn thân mình đang kêu ca.
Ngoại khoa,"Tôi bị một vết thương hở trên da bên trong một bên lỗ mũi, vết thương đã bị nhiễm trùng và hiện giờ chứa đầy mủ."
Da liễu,Mụn trứng cá khiến tôi cảm thấy xấu hổ.
Tâm thần,Tôi không hiểu sao mình cứ buồn mãi.
Chấn thương chỉnh hình,"Cơn đau dữ dội, đặc biệt là khi tôi xuống cầu thang, cảm giác như có thứ gì đó bị gãy bên trong đầu gối."
Tai Mũi Họng,"Tai trái của tôi không sao, nhưng tai phải thì có cảm giác như bị đâm bằng đinh."
Tai Mũi Họng,"Con tôi bị ho cả đêm, không ngủ được."
Chấn thương chỉnh hình,Đường nóng rát dọc theo lưng kèm theo khó thở.
Cơ xương khớp,Tôi bị đau nhói ở bắp tay. Tôi đã thử bôi kem giảm đau nhưng không hiệu quả.
Chấn thương chỉnh hình,Tôi gặp khó khăn khi cử động đầu gối.
Tiêu hóa,Tôi cảm thấy đau nhức bên trong cơ thể.
Thần kinh/Tiêu hóa,Tôi bị đau đầu gần như mỗi ngày.
Da liễu,Tôi rất lo lắng mình sẽ bị hói đầu sớm. Tôi có bị bệnh nặng không?
Thần kinh/Tiêu hóa,"Mỗi khi uống nhiều rượu, tôi lại bị đau đầu."
Chấn thương chỉnh hình,Tôi bị đau nhức như kim châm ở các khớp.
Chấn thương chỉnh hình,Khớp mắt cá chân của tôi bị nhức nhối mỗi khi tôi đặt trọng lực lên bàn chân.
Da liễu,Tôi bị mụn khắp mặt.
Hô hấp,Tôi gặp khó khăn khi thở ở những nơi đông người.
Nhãn khoa,"Tôi bị nhìn mờ từ sáng nay, không biết nguyên nhân là gì?"
Cơ xương khớp,Tôi bị đau chân.
Đa khoa,Tôi cảm thấy toàn thân rất yếu.
Da liễu,Tôi có làn da khô
Cơ xương khớp,"Mỗi khi tập luyện cường độ cao, tôi đều cảm thấy đau nhức dữ dội ở các cơ."
Thấp khớp/Chỉnh hình,Tôi hay than phiền về chứng đau cổ và tôi thực sự cần phải khỏe hơn.
Tâm thần,Tôi cảm thấy muốn tự tử.
Chấn thương chỉnh hình,Tôi cảm thấy đau ở vùng lưng dưới.
Cơ xương khớp,Tôi cảm thấy nóng rát ở cơ vai.
Da liễu,Da tôi bị ngứa.
Ngoại khoa,Tôi bị rách da ở ngón tay cái và vết thương không lành.
Nhãn khoa,"Tôi cảm thấy đau nhức mắt, tôi nhìn thấy như có sương mù."
Tiêu hóa,Tôi có một nỗi đau nội tâm không thể diễn tả được.
Nhãn khoa,"Tôi bị nhìn mờ trong lúc tập bơi ở bể bơi, tại sao vậy?"
Hô hấp,"Năm ngoái, bà tôi phải nhập viện vì khó thở."
Da liễu,Tôi không thể có bạn gái vì mụn trứng cá.
Chấn thương chỉnh hình,Bệnh xương mãn tính ở mức độ gấp đôi của Estremidades dưới
Đa khoa,Tôi đã cố gắng làm giảm bớt nó nhưng không được.
Ngoại khoa,Con gái tôi vừa xỏ khuyên tai và một bên dái tai của cháu đỏ rực và nóng rát.
Cơ xương khớp,Tôi bị đau nhói ở bắp chân.
Cơ xương khớp,Tôi cảm thấy đau dữ dội ở đầu gối sau khi bị va chạm trong trận bóng đá.
Đa khoa,Tôi thấy đầu óc quay cuồng mỗi khi thức dậy.
Tiêu hóa,đau quặn bụng khắp vùng bụng
Đa khoa,"Khi đứng dậy quá nhanh, tôi bắt đầu cảm thấy chóng mặt và choáng váng."
Da liễu,"Da ở lưng tôi có màu đỏ, tôi không biết tại sao."
Chấn thương chỉnh hình,Tôi cảm thấy đau lưng.
Tiêu hóa,Tôi cảm thấy đau bụng.
Nhãn khoa,"Tôi lo lắng về khả năng lái xe của mình, vì tôi hầu như không thể tập trung khi ngồi sau tay lái, mắt tôi cứ chảy nước mắt."
Tai Mũi Họng,Tôi không thể ngừng ho.
Tai Mũi Họng,Tôi bị ho rất nặng
Nhãn khoa,"Tôi gặp vấn đề trong việc nhìn thấy các vật thể, nó quá khó nhìn."
Chấn thương chỉnh hình,Tôi bị đau khớp. Tôi không thể chịu đựng được cơn đau.
Cơ xương khớp,Tôi bị đau khi giơ tay lên.
Tâm thần,Tôi cảm thấy đau lòng mỗi khi nghĩ về cô ấy.
Cơ xương khớp,"Tối qua khi chơi bóng đá, tôi bị đá vào đầu."
Cơ xương khớp,"Hôm qua tôi chơi bóng rổ, và bị bong gân mắt cá chân."
Da liễu,"Mỗi tháng, vào khoảng thời gian hành kinh, da mặt tôi lại nổi mụn rất nhiều."
Thấp khớp/Chỉnh hình,Tôi bị đau cổ và không thể nhìn xuống hay nhìn lên.
Cơ xương khớp,Tôi bị nhức nhối ở vai.
Thần kinh/Tiêu hóa,Tôi cảm thấy như có ai đó đang dùng búa đập vào đầu mình. Tôi thấy đau nhức ở đỉnh đầu và nó cứ giật giật.
Ngoại khoa,Tôi tự đánh mình và vết thương không muốn lành.
Da liễu,Mụn của tôi bị ngứa và chảy dịch.
Ngoại khoa,Vết thương của tôi bị nhiễm trùng hay chỉ đang lành lại?
Da liễu,Tóc của anh ấy rụng chỉ vì chải tóc thôi.
Chấn thương chỉnh hình,Đầu gối của tôi không gập được tốt.
Da liễu,Mặt tôi nổi đầy mụn.
Da liễu,Tóc tôi rụng từng mảng lớn.
Thấp khớp/Chỉnh hình,Tôi không thể xoay cổ sang trái mà không cảm thấy đau nhói.
Da liễu,Tôi cảm thấy rất ngứa rát ở vùng gần cánh tay.
Đa khoa,Tôi có cảm giác toàn thân không còn chút sức lực nào.
Ngoại khoa,Điều gì giúp vết thương mau lành hơn?
Cơ xương khớp,"Tôi nghĩ mình bị bong gân mắt cá chân rồi, đau quá."
Da liễu,Mụn của tôi thật sự khiến tôi xấu hổ. Nó đỏ quá.
Da liễu,Tóc tôi rụng từng mảng lớn.
Hô hấp,Buổi sáng tôi thở rất to.
Tim mạch,Tôi cảm thấy như tim mình sắp nhảy ra khỏi lồng ngực. Đau quá.
Ngoại khoa,Vết thương của tôi không lành tốt và tình trạng này đã kéo dài hai tuần rồi.
Cơ xương khớp,"Khi chơi thể thao, tôi bị đau dưới da."
Da liễu,Tôi bị phát ban và ngứa rất dữ dội.
Chấn thương chỉnh hình,Làm sao để biết bạn có bị rách sụn chêm ở đầu gối hay không?
Đa khoa,Tôi có cảm giác toàn thân không còn chút sức lực nào.
Cơ xương khớp,Tôi bị va đập đầu trong trận bóng rổ. Liệu tôi có bị chấn động não không?
Da liễu,Mụn của tôi thật sự khiến tôi xấu hổ. Nó đỏ quá.
Tai Mũi Họng,Tôi bị ớn lạnh và đau nhức khắp người.
Chấn thương chỉnh hình,"Khi chơi thể thao, tôi cảm thấy nóng rát ở cột sống."
Tâm thần,"Tâm trí tôi cảm thấy rất buồn, như thể đang đau đớn. Cảm giác trong đầu tôi thật tồi tệ và mỗi khi nghĩ về chuyện chia tay, tôi lại khóc vì buồn bã."
Da liễu,Da tôi rất khô và bong tróc.
Nhãn khoa,"Khi lái xe, mắt tôi nhìn thấy hình ảnh kép."
Cơ xương khớp,Trước đây tôi rất tích cực tham gia thể thao nhưng giờ cơ thể tôi đang bị đau nhức.
Ngoại khoa,"Tôi có một vết thương hở, đỏ và sưng lên."
Chấn thương chỉnh hình,"Mỗi khi leo cầu thang, đầu gối phải của tôi đều bị đau."
Tiêu hóa,Tôi bị đau bụng và đầy hơi liên tục.
Chấn thương chỉnh hình,Tôi bị đau lưng và không thể cúi gập người hay đi lại được.
Tim mạch,Tôi cảm thấy đau tim mỗi khi đi bộ nhiều.
Tiêu hóa,"Tôi bị đau bụng khi ăn đồ ăn nóng, tại sao vậy?"
Tai Mũi Họng,Tôi không thể ngừng ho
Tai Mũi Họng,Nghe thấy bất kỳ tiếng động lớn nào cũng khiến tai tôi đau nhức.
Cơ xương khớp,Tôi bị chấn thương nên không thể chơi thể thao.
Cơ xương khớp,"Sau khi chơi bóng đá, tôi bị đau cơ ở cả hai chân."
Da liễu,"Tôi bị nổi mụn ở ngực với những mảng đỏ, tình trạng này càng trầm trọng hơn khi trời nóng."
Ngoại khoa,Người ta phát hiện anh ta có một vết thương hở.
Tâm thần,"Mỗi khi nghĩ về cha mẹ, tôi lại cảm thấy đau lòng."
Chấn thương chỉnh hình,Đầu gối tôi có cảm giác như bị rỉ sét và đột nhiên tôi không thể gập nó lại được nữa.
Da liễu,Tôi bị mụn ở lưng.
Thấp khớp/Chỉnh hình,"Mỗi lần nhìn sang trái, tôi đều cảm thấy đau nhói ở cổ."
Cơ xương khớp,Tôi cảm thấy đau vai khi gõ bàn phím.
Nhãn khoa,Tôi bị mờ mắt sau khi bị va đập vào đầu hôm qua.
Tai Mũi Họng,Tôi thức giấc vào ban đêm vì cảm thấy lạnh.
Cơ xương khớp,"Khi chơi bóng đá, tôi bị đau cơ."
Ngoại khoa,"Bạn sẽ không tin đâu, nhưng vết thương nhiễm trùng trên tay tôi là do một vết cắt giấy mà tôi đã không coi trọng."
Da liễu,Khi tôi cố gắng chăm sóc tóc thì phát hiện ra tóc mình bị rụng nhiều.
Ngoại khoa,"Tôi bị ngã xuyên qua cửa sổ khi đang lau chùi và có một mảnh kính găm vào mắt trái, tôi nghĩ tình trạng khá nghiêm trọng, xin hãy giúp tôi!"
Ngoại khoa,Nhiễm trùng vết mổ
Da liễu,Trên mặt tôi có vài nốt mụn khiến tôi rất khó chịu.
Tâm thần,Tôi luôn cảm thấy rất buồn.
Ngoại khoa,Vết thương của tôi bị nhiễm trùng hay chỉ đang lành lại?
Tim mạch,Tôi bị đau ngực và cảm thấy rất buồn.
Thấp khớp/Chỉnh hình,Tôi bị sưng ở cổ và rất đau.
Chấn thương chỉnh hình,"Mỗi khi lên xuống cầu thang, đầu gối tôi lại phát ra tiếng kêu ken két."
Chấn thương chỉnh hình,Tôi bị đau nhói dọc sống lưng.
Thấp khớp/Chỉnh hình,Tôi không thể xoay cổ sang trái mà không cảm thấy đau nhói.
Ngoại khoa,Điều gì giúp vết thương mau lành hơn?
Ngoại khoa,Tôi bị đứt tay và đang chảy máu.
Cơ xương khớp,"Sau khi đi bộ, tôi cảm thấy đau ở lòng bàn chân."
Da liễu,Sáng nào gối tôi cũng có rất nhiều tóc.
Tiêu hóa,Tôi bị đau bụng và đầy hơi liên tục.
Tai Mũi Họng,"Tôi không nghe rõ bằng tai, cảm giác như có vật gì đó gây khó chịu trong tai."
Da liễu,Tóc tôi rụng từng mảng lớn.
Tim mạch,Tôi cảm thấy như tim mình sắp nhảy ra khỏi lồng ngực. Đau quá.
Da liễu,Tôi cảm thấy rất ngứa rát ở vùng gần cánh tay.
Tiêu hóa,Bên trái của tôi đau nhức nhiều.
Ngoại khoa,Nhiễm trùng vết mổ
Tai Mũi Họng,"Khi tôi cố gắng giữ ấm và mặc thêm quần áo, tôi thấy mình vẫn lạnh."
Thấp khớp/Chỉnh hình,"Mỗi lần nhìn sang trái, tôi đều cảm thấy đau nhói ở cổ."
Đa khoa,Tôi đang đi du thuyền và cảm thấy chóng mặt.
Ngoại khoa,Tôi bị tai nạn và vết thương vẫn còn hở khi tôi đến bệnh viện.
Tai Mũi Họng,Tôi không biết tại sao mình lại cảm thấy lạnh.
Hô hấp,Tôi cảm thấy rất khó thở.
Tim mạch,Tôi cảm thấy như có một cây kim đang đâm xuyên tim mình.
Tiêu hóa,Tôi bị đau bụng và đầy hơi liên tục.
Da liễu,Tôi bị rụng tóc rất nhiều.
Cơ xương khớp,Tôi cần một loại kem giúp thư giãn cơ bắp.
Cơ xương khớp,"Trong cuộc phẫu thuật ở mắt cá chân, các dây thần kinh của tôi bị tổn thương nghiêm trọng đến mức tôi không thể chịu được khi ai đó chạm vào vết sẹo."
Chấn thương chỉnh hình,"đỏ, sưng tấy và khó đi lại"
Tiêu hóa,Tôi cảm thấy đau nhói ở bụng.
Ngoại khoa,Tôi vô tình cắt đứt đầu ngón tay khi đang cắt bìa cứng và hiện tại máu không chảy được.
Da liễu,Trên mặt tôi có mụn.
Hô hấp,Tôi gặp vấn đề về khả năng thở ra vì tôi bị hen phế quản.
Cơ xương khớp,Tại sao vai tôi lại đau khi tôi cố gắng nhặt quần áo giặt?
Cơ xương khớp,"Khi chơi bóng đá, tôi bị trật khớp vai."
Cơ xương khớp,Tôi cảm thấy như có ai đó đâm dao vào vai mình.
Thần kinh/Tiêu hóa,Tôi đọc sách rất lâu và khi đọc xong thì tôi bị đau đầu.
Cơ xương khớp,Tôi không thể nhảy bằng chân trái vì chấn thương gãy ba xương ở mắt cá chân khiến tôi đau nhức không dứt.
Chấn thương chỉnh hình,Tôi cảm thấy đau khớp mỗi khi cử động.
Cơ xương khớp,Tôi cảm thấy rất đau ở chân sau khi chơi một trong những trò chơi thể thao.
Cơ xương khớp,Tôi bị đau cơ ở chân trái.
Tiêu hóa,"Khi thức dậy, tôi thấy mình bị đau bụng và đã thử uống thuốc nhưng bụng vẫn đau."
Cơ xương khớp,Tôi rất đau khi cử động tay.
Tai Mũi Họng,"Tôi luôn cảm thấy lạnh, ngay cả khi mặc nhiều lớp áo."
Tiêu hóa,"Tôi cảm thấy áp lực rất lớn ở vùng bụng dưới bên phải, mỗi khi ra ngoài chạy bộ."
Đa khoa,Tôi khó có thể đứng dậy và di chuyển rất chậm.
Da liễu,Tôi bị phát ban lạ trên cánh tay.
Đa khoa,"Tôi không thể tập thể dục được, tôi cảm thấy yếu."
Thần kinh/Tiêu hóa,"Tôi đau đầu và mất cảm giác ở mặt, sau đó mất thị lực ở mắt."
Cơ xương khớp,Tôi cảm thấy đau ở vai phải sau trận đấu quần vợt.
Cơ xương khớp,Tôi bị đau chân dù không đi bộ nhiều.
Tai Mũi Họng,"Tôi bị đau tai mãi không khỏi. Tôi không bị cảm lạnh, đau đầu hay bất kỳ triệu chứng nào khác. Chỉ là đau tai thôi."
Da liễu,"Tóc tôi rụng không rõ lý do, tôi thấy rất nhiều tóc trên bàn làm việc."
Chấn thương chỉnh hình,Tôi bị đau đầu gối khi đang bơi.
Thấp khớp/Chỉnh hình,Tôi bị đau cổ và không thể chịu đựng được cơn đau này.
Thấp khớp/Chỉnh hình,Tôi cảm thấy đau ở cổ.
Cơ xương khớp,Tôi có cảm giác như mình vừa đến một phòng khám châm cứu và bị cắm 100 cây kim vào vai.
Da liễu,Tôi bị nổi mụn đầu trắng và mụn đầu đen thành từng cụm trên lưng.
Tiêu hóa,Bên trái của tôi đau nhức nhiều.
Nhãn khoa,"Tôi đang gặp vấn đề về thị lực, cảm giác như có một đám mây che mắt, mọi thứ đều mờ."
Tiêu hóa,Tôi cảm thấy đau bụng dữ dội.
Cơ xương khớp,Tôi bị đứt tay khi chơi bóng đá và đã bôi kem giảm đau nhưng không hiệu quả.
Thần kinh/Tiêu hóa,Tôi bị đau đầu mỗi khi cố gắng làm bất cứ việc gì.
Cơ xương khớp,Vết sẹo dài trên mông trái của tôi là do ngã xe đạp leo núi.
Da liễu,Ống thoát nước trong phòng tắm của tôi lúc nào cũng đầy tóc.
Tai Mũi Họng,"Tai trái của tôi không sao, nhưng tai phải thì có cảm giác như bị đâm bằng đinh."
Cơ xương khớp,Tôi bị chấn thương nên không thể chơi thể thao.
Thấp khớp/Chỉnh hình,Tôi cảm thấy đau ở cổ.
Ngoại khoa,Nhiễm trùng vết mổ
Đa khoa,Tôi không còn đủ sức lực để làm những việc mà trước đây tôi vẫn làm.
Tai Mũi Họng,Tôi thức giấc vào ban đêm vì cảm thấy lạnh.
Hô hấp,"Tôi cảm thấy không khỏe, tôi không thể thở được."
Nhãn khoa,Tôi bị nhìn mờ.
Đa khoa,"Khi thức dậy vào buổi sáng, tôi cảm thấy chóng mặt."
Hô hấp,"Đôi khi tôi cảm thấy như có một cái móng vuốt đang cào cấu ngực mình, khiến tôi khó thở."
Đa khoa,"Khi đứng dậy quá nhanh, tôi bắt đầu cảm thấy chóng mặt và choáng váng."
Da liễu,"Đôi khi trời lạnh, mặt tôi bị đau, đặc biệt là vùng quanh những nốt mụn sắp vỡ."
Cơ xương khớp,Tôi bị chuột rút đau ở chân.
Hô hấp,Tôi cảm thấy rất khó thở.
Nhãn khoa,Tôi đang xem tivi thì đột nhiên bị nhìn mờ.
Cơ xương khớp,Tôi bị thương khi tập thể dục
Chấn thương chỉnh hình,Tôi bị đau khớp khi cố gắng gập chân hoặc tay.
Chấn thương chỉnh hình,Tôi bị đau khớp sau chấn thương trong trận bóng đá gần đây nhất.
Đa khoa,Tôi thấy đầu óc quay cuồng mỗi khi thức dậy.
Ngoại khoa,Vết thương của tôi lại bị hở ra.
Da liễu,"Tôi chưa từng gặp vấn đề về mụn trứng cá cho đến lần mang thai cuối cùng, khi đột nhiên lưng tôi nổi đầy mụn."
Tiêu hóa,Tôi bị đau bụng.
Cơ xương khớp,Tôi bị đau khi giơ tay lên.
Thấp khớp/Chỉnh hình,Tôi bị đau cổ và không thể chịu đựng được cơn đau này.
Tim mạch,Tôi cảm thấy đau tim mỗi khi đi bộ nhiều.
Ngoại khoa,"Tôi cảm thấy không khỏe, vết thương của tôi bị nhiễm trùng."
Thấp khớp/Chỉnh hình,Tôi cảm thấy đau cổ sau khi thức dậy.
Chấn thương chỉnh hình,Tôi bị đau đầu gối khi đang bơi.
Đa khoa,"Tôi không thể làm gì cả, toàn thân tôi đều yếu ớt."
Da liễu,"Tôi bị nổi mụn ở ngực với những mảng đỏ, tình trạng này càng trầm trọng hơn khi trời nóng."
Da liễu,Tôi bị mụn ở lưng.
Chấn thương chỉnh hình,Đầu gối tôi có cảm giác như bị rỉ sét và đột nhiên tôi không thể gập nó lại được nữa.
Cơ xương khớp,Tôi bị đau cơ không rõ nguyên nhân.
Thần kinh/Tiêu hóa,"Tôi không thể đứng dậy, tôi cảm thấy não mình như đang di chuyển bên trong hộp sọ."
Tiêu hóa,Tôi bị đau bụng mỗi khi bị cảm lạnh.
Đa khoa,"Tôi cảm thấy toàn thân yếu ớt, mặt mũi tái nhợt và không ngủ ngon được."
Cơ xương khớp,"Tôi bị đau cơ chân sau khi chạy bộ hôm qua, tôi đã uống thuốc giảm đau nhưng không hiệu quả."
Đa khoa,Tôi chẳng làm gì ở nhà cả mà vẫn cảm thấy kiệt sức.
Tai Mũi Họng,Tôi thường bị ho nặng khi bị cúm.
Da liễu,Tôi bị nổi mụn khi ăn ớt.
Hô hấp,Tôi cảm thấy rất khó thở.
Cơ xương khớp,"Khi giơ tay lên, tôi cảm thấy đau ở vai."
Da liễu,Tôi bị mụn khắp mặt.
Da liễu,Tôi bị nổi mụn thành từng cụm trên mặt và chúng không bao giờ biến mất.
Cơ xương khớp,Tôi bị đau chân rất nhiều khi chơi bóng đá.
Nhãn khoa,Tôi gặp khó khăn khi đọc vì các chữ cái đều bị mờ.
Chấn thương chỉnh hình,Tôi đang chơi bóng đá và bị chấn thương đau khớp.
Đa khoa,Tôi cảm thấy khó chịu khắp cơ thể nói chung.
Cơ xương khớp,Tôi bị đau chân.
Tâm thần,Tôi không hiểu sao mình cứ buồn mãi.
Tâm thần,Tôi ly hôn năm ngoái và tôi cứ mãi nghĩ đến việc trả thù chồng cũ.
Da liễu,Bệnh mãn tính của nang tóc và tuyến bã nhờn
Tiêu hóa,Tôi bị đau ngực khi hút thuốc.
Đa khoa,Tôi cảm thấy choáng váng khi đứng dậy.
Tim mạch,Tôi bị đau tim mỗi khi tập thể dục.
Cơ xương khớp,Tôi cảm thấy nóng rát ở cơ vai.
Thấp khớp/Chỉnh hình,Tôi cảm thấy đau ở cổ.
Tim mạch,Tôi bị đau dữ dội ở ngực do tổn thương tim.
Thần kinh/Tiêu hóa,"Tôi bị đau đầu dữ dội vài tháng một lần, và mỗi khi bị đau đầu thì thị lực của tôi lại bị ảnh hưởng."
Ngoại khoa,Tôi bị đứt tay cách đây vài ngày và mặc dù tôi không nghĩ mình cần khâu nhưng vết thương vẫn chưa lành.
Thấp khớp/Chỉnh hình,Cổ tôi cảm thấy cứng đờ.
Tâm thần,Tôi thất vọng
Tiêu hóa,Tôi bị đau bụng.
Tai Mũi Họng,Tôi không biết tại sao mình lại cảm thấy lạnh.
Cơ xương khớp,"Khi giơ tay lên, tôi cảm thấy đau ở vai."
Đa khoa,Tôi cảm thấy toàn thân rất yếu.
Hô hấp,"Tôi khó thở khi ở trong ga tàu điện ngầm, tại sao vậy?"
Da liễu,"Mỗi tháng, vào khoảng thời gian hành kinh, da mặt tôi lại nổi mụn rất nhiều."
Cơ xương khớp,Tôi bị đau lưng dưới nhưng nếu duỗi người thì đỡ hơn.
Hô hấp,"Tôi được chẩn đoán mắc bệnh viêm phổi, tôi khó thở."
Nhãn khoa,Tôi có đôi mắt mờ đục.
Cơ xương khớp,Tôi cần một loại kem giúp thư giãn cơ bắp.
Cơ xương khớp,"Trong cuộc phẫu thuật ở mắt cá chân, các dây thần kinh của tôi bị tổn thương nghiêm trọng đến mức tôi không thể chịu được khi ai đó chạm vào vết sẹo."
Chấn thương chỉnh hình,"Tôi không thể đứng lên hay ngồi xuống được, tôi bị đau lưng rất khó chịu."
Tim mạch,Đau dữ dội ở phía trên bên trái ngực và có thể lan ra lưng.
Cơ xương khớp,Tôi bị đau nhói ở bắp tay. Tôi đã thử bôi kem giảm đau nhưng không hiệu quả.
Da liễu,Da tôi bị ngứa.
Cơ xương khớp,"Mỗi khi tôi cử động vai, cảm giác như có luồng điện chạy qua vai vậy."
Da liễu,Tôi bị thiếu tóc
Chấn thương chỉnh hình,Tôi cảm thấy rất đau nhức ở các khớp.
Tai Mũi Họng,Tôi cảm thấy tức ngực.
Cơ xương khớp,Tôi đã thử xoa bóp chân nhưng chúng vẫn đau.
Tâm thần,Tôi ly hôn năm ngoái và tôi cứ mãi nghĩ đến việc trả thù chồng cũ.
Tai Mũi Họng,Tôi bị cảm lạnh và ho rất nhiều.
Da liễu,Tôi thường xuyên bị nổi mụn trên mặt.
Tai Mũi Họng,Tôi bị khô họng.
Da liễu,Ngực tôi nổi mụn đỏ và mụn đầu trắng.
Cơ xương khớp,Tôi vẫn không cảm thấy cơ bắp của mình đỡ hơn.
Ngoại khoa,"Cháu trai tôi bị xước chân do va phải vỏ sò ở biển, giờ chân cháu đang chuyển sang màu xám và sưng tấy."
Thấp khớp/Chỉnh hình,Tôi bị đau cổ và không thể nhìn xuống hay nhìn lên.
Tai Mũi Họng,Tôi cảm thấy lạnh dù nhiệt độ cao.
Nhãn khoa,"Tôi bị nhìn mờ trong lúc tập bơi ở bể bơi, tại sao vậy?"
Thấp khớp/Chỉnh hình,Tôi cảm thấy đau ở cổ.
Da liễu,"Khi chải tóc, tôi nhận thấy có những mảng tóc lớn rụng ra trên lược."
Tai Mũi Họng,Cơn đau tai của tôi không thể chịu nổi.
Tai Mũi Họng,Tôi cảm thấy lạnh
Cơ xương khớp,"Mỗi khi tập luyện cường độ cao, tôi đều cảm thấy đau nhức dữ dội ở các cơ."
Ngoại khoa,"Con gái tôi đi tỉa lông mày và việc đó đã làm rách da ở một bên lông mày, giờ chỗ đó bị sưng và chảy dịch."
Thần kinh/Tiêu hóa,Tôi bị đau đầu khi làm việc này.
Nhãn khoa,"Tôi bị nhìn mờ và không nhìn rõ trong bóng tối, nguyên nhân là gì vậy bác sĩ?"
Cơ xương khớp,Tôi bị thương trong trận đấu bóng đá.
Da liễu,"Mỗi lần chải tóc, tôi đều thấy rất nhiều tóc mắc trong lược."
Tim mạch,"Tôi cảm thấy đau ở bên trái ngực, ngay chỗ tim."
Cơ xương khớp,Tôi rất đau khi cử động tay.
Chấn thương chỉnh hình,"đỏ, sưng tấy và khó đi lại"
Cơ xương khớp,Vai tôi đau dữ dội.
Cơ xương khớp,Hôm qua tôi bị đau vai.
Cơ xương khớp,Tôi bị đau lưng dưới nhưng nếu duỗi người thì đỡ hơn.
Tâm thần,"Mỗi khi nhớ về cô ấy, tôi lại cảm thấy buồn."
Tiêu hóa,Tôi bị khó tiêu
Chấn thương chỉnh hình,Tôi bị đau khi gập tay.
Chấn thương chỉnh hình,Tôi cảm thấy đau nhức như xương cọ xát vào nhau ở đầu gối khi leo cầu thang.
Tai Mũi Họng,Mỗi lần hít thở sâu là tôi lại ho.
Tai Mũi Họng,Đau tai dữ dội
Cơ xương khớp,Chân tôi bị đau và không thể xoay được. Có lẽ nó bị gãy rồi.
Tiêu hóa,Bên trái của tôi đau nhức nhiều.
Chấn thương chỉnh hình,"Tôi rất thích làm vườn nhưng mỗi khi cúi người xuống, tôi lại bị đau nhói ở lưng dưới."
Tim mạch,Cảm giác nghẹn ngào trong tim khiến tôi khó thở.
Da liễu,Tôi bị mụn trên mặt và các vấn đề khác về da liễu như ngứa.
Da liễu,"Mỗi lần chải tóc, tôi đều thấy rất nhiều tóc mắc trong lược."
Cơ xương khớp,"Khi giơ tay lên, tôi cảm thấy đau ở vai."
Tiêu hóa,Tôi bị đau bụng dữ dội và không thể ăn bất cứ thứ gì.
Ngoại khoa,"Con gái tôi đi tỉa lông mày và việc đó đã làm rách da ở một bên lông mày, giờ chỗ đó bị sưng và chảy dịch."
Cơ xương khớp,Tôi bị thương trong trận đấu bóng đá.
Tim mạch,Vùng xung quanh tim tôi cảm thấy không ổn.
Đa khoa,Tôi đang đi du thuyền và cảm thấy chóng mặt.
Tim mạch,Tôi bị đau tim dữ dội.
Thấp khớp/Chỉnh hình,Tôi bị đau cổ nên không ngủ được.
Chấn thương chỉnh hình,"Mỗi khi cúi xuống, tôi lại cảm thấy đau nhói ở lưng."
Đa khoa,Tôi cảm thấy như căn phòng đang quay cuồng.
Da liễu,Trên da tôi có một vết đỏ.
Tâm thần,thở nặng nhọc kèm theo mệt mỏi
Chấn thương chỉnh hình,Tôi thường bị đau đầu gối mỗi khi chạy bộ.
Chấn thương chỉnh hình,Tôi bị ngã xe đạp và từ đó tôi bị đau đầu gối dữ dội.
Cơ xương khớp,Tôi bị đau cơ vai mỗi khi cố gắng với tay lên.
Tiêu hóa,Tôi bị đau nội tạng.
Ngoại khoa,Tôi vô tình cắt đứt đầu ngón tay khi đang cắt bìa cứng và hiện tại máu không chảy được.
Thần kinh/Tiêu hóa,Không thể tập trung
Da liễu,đỏ mặt kèm theo ngứa
Ngoại khoa,Tôi phải đi khám bác sĩ vì tôi có một vết thương hở.
Tai Mũi Họng,Đau tai dữ dội
Da liễu,Tôi bị phát ban da sau khi ăn kem.
Da liễu,Mụn ở ngực tôi cứ nổi lên và không bao giờ hết.
Chấn thương chỉnh hình,Đầu gối tôi bị sưng ngay dưới xương bánh chè và đau khi tôi tì trọng lượng lên đó.
Hô hấp,Tôi cảm thấy có gì đó làm tôi khó thở và tôi không thể thở được.
Tim mạch,Tôi thường xuyên bị đau nhói ở ngực và không biết mình đang làm gì mà lại gây ra triệu chứng đó.
Cơ xương khớp,"Khi chơi bóng đá, tôi bị trật khớp vai."
Tai Mũi Họng,Nghe thấy bất kỳ tiếng động lớn nào cũng khiến tai tôi đau nhức.
Thần kinh/Tiêu hóa,Tôi cảm thấy đau nhói ở đầu mỗi khi suy nghĩ quá nhiều.
Thần kinh/Tiêu hóa,Tôi bị đau đầu từ khi thức dậy sáng nay.
Chấn thương chỉnh hình,Đường nóng rát dọc theo lưng kèm theo khó thở.
Thần kinh/Tiêu hóa,"Tôi không thể đứng dậy, tôi cảm thấy não mình như đang di chuyển bên trong hộp sọ."
Da liễu,Tôi bị mụn ở lưng.
Cơ xương khớp,Vai tôi đau quá.
Chấn thương chỉnh hình,Lưng tôi đau quá.
Tiêu hóa,Tôi cảm thấy đau nhói ở bụng sau khi ăn.
Da liễu,Tôi nhận thấy có nhiều tóc rụng hơn bình thường khi chải tóc.
Tai Mũi Họng,Tôi cảm thấy lạnh khi màn đêm buông xuống.
Cơ xương khớp,Tôi cảm thấy đau dữ dội ở vai trái.
Tai Mũi Họng,"Tôi cảm thấy lạnh cóng, như một viên đá. Chị tôi nói rằng chị ấy cần nhiều chăn để đắp cho đủ ấm."
Thấp khớp/Chỉnh hình,Tôi cảm thấy tê rần ở cổ.
Cơ xương khớp,"Tôi nghĩ mình bị bong gân mắt cá chân rồi, đau quá."
Ngoại khoa,"Tôi có một vết thương hở, đỏ và sưng lên."
Tim mạch,"Chồng tôi bỏ tôi để đến với người phụ nữ khác, trái tim tôi đau đớn đến mức tôi không thể ăn không thể ngủ được."
Thấp khớp/Chỉnh hình,Tôi bị sưng ở cổ và rất đau.
Ngoại khoa,Tôi tự đánh mình và vết thương không muốn lành.
Ngoại khoa,Tôi bị đứt tay và đang chảy máu.
Chấn thương chỉnh hình,Tôi bị đau nhói dọc sống lưng.
Thần kinh/Tiêu hóa,"Khi mệt mỏi, tôi cảm thấy đầu mình nặng trĩu."
Chấn thương chỉnh hình,Tôi bị đau khớp.
Thấp khớp/Chỉnh hình,Cổ tôi cảm thấy cứng đờ.
Cơ xương khớp,"Mỗi khi tập luyện cường độ cao, tôi đều cảm thấy đau nhức dữ dội ở các cơ."
Chấn thương chỉnh hình,Tôi đang chơi bóng đá và bị chấn thương đau khớp.
Đa khoa,Mỗi khi đứng dậy tôi đều cảm thấy chóng mặt.
Da liễu,tóc tôi rụng
Da liễu,Mụn trứng cá khiến tôi cảm thấy xấu hổ.
Cơ xương khớp,Tôi bị đau nhức cơ vai mỗi khi cử động tay.
Thấp khớp/Chỉnh hình,Cổ tôi cảm thấy cứng đờ.
Hô hấp,Tôi cảm thấy tức ngực.
Đa khoa,Tôi cảm thấy chóng mặt sau khi vận động cơ bắp.
Chấn thương chỉnh hình,Tôi đang chơi bóng đá và bị chấn thương đau khớp.
Da liễu,Tôi bị thiếu tóc
Thấp khớp/Chỉnh hình,Cổ tôi cảm thấy cứng đờ.
Đa khoa,Tôi cảm thấy toàn thân rất yếu.
Tai Mũi Họng,Cơn đau tai của tôi không thể chịu nổi.
Da liễu,"Khi chải tóc, tôi nhận thấy có những mảng tóc lớn rụng ra trên lược."
Tiêu hóa,Đau ruột mãn tính
Thấp khớp/Chỉnh hình,Tôi gặp khó khăn khi cử động cổ.
Chấn thương chỉnh hình,Lưng tôi đau quá nên không thể cúi xuống buộc dây giày được.
Chấn thương chỉnh hình,Tôi bị đau khớp.
Thần kinh/Tiêu hóa,Tôi bị đau âm ỉ ở đầu.
Ngoại khoa,Tôi vô tình bị dao cứa vào tay khi đang nấu ăn.
Tiêu hóa,Tôi bị đau bụng dữ dội.
Thần kinh/Tiêu hóa,Tôi bị đau đầu gần như mỗi ngày.
Thấp khớp/Chỉnh hình,Tôi không thể xoay cổ.
Đa khoa,Tôi bị chóng mặt mỗi khi cố gắng đứng dậy.
Chấn thương chỉnh hình,Tôi có cảm giác như xương bánh chè đang cọ xát vào nhau mỗi khi đi bộ.
Hô hấp,Tôi đi bộ mỗi ngày nhưng giờ đây chỉ đi được một đoạn ngắn là tôi đã bị khó thở.
Ngoại khoa,Vết thương nhiễm trùng của anh ta bắt đầu bị hoại tử.
Nhãn khoa,Tôi gặp khó khăn khi đọc vì các chữ cái đều bị mờ.
Nhãn khoa,"Tôi bị nhìn mờ từ sáng nay, không biết nguyên nhân là gì?"
Chấn thương chỉnh hình,Đầu gối tôi đau đến nỗi mỗi khi đi lại tôi lại ngồi nhiều hơn mức cần thiết.
Ngoại khoa,Vết thương của tôi bị nhiễm trùng khi tôi đang trồng hoa trong vườn.
Hô hấp,"Tôi khó thở khi ở trong ga tàu điện ngầm, tại sao vậy?"
Chấn thương chỉnh hình,"Khi chơi bóng đá, tôi bị đau khớp."
Ngoại khoa,Tôi phải đi khám bác sĩ vì tôi có một vết thương hở.
Tai Mũi Họng,Đau tai dữ dội
Cơ xương khớp,"Khi chơi thể thao, tôi bị đau dưới da."
Ngoại khoa,Tôi tự đánh mình và vết thương không muốn lành.
Da liễu,Sáng nào gối tôi cũng có rất nhiều tóc.
Chấn thương chỉnh hình,Tôi thường bị đau nhức khớp mỗi khi trời lạnh.
Tai Mũi Họng,Tôi cảm thấy lạnh
Đa khoa,"Tôi không khỏe, tôi cảm thấy chóng mặt."
Tim mạch,Tôi bị đau tim mỗi khi tập thể dục.
Tai Mũi Họng,Tôi nghĩ nhiệt độ cơ thể của tôi rất thấp.
Nhãn khoa,Màn hình tivi và máy tính của tôi trông có vẻ mờ dù tôi đã đeo kính mới.
Thần kinh/Tiêu hóa,"Tôi bị đau đầu dữ dội vài tháng một lần, và mỗi khi bị đau đầu thì thị lực của tôi lại bị ảnh hưởng."
Tiêu hóa,Bụng tôi bắt đầu đau nhưng sau khi ăn thứ gì đó nhẹ nhàng thì lại thấy dễ chịu hơn.
Tim mạch,Tôi bị đau dữ dội ở ngực do tổn thương tim.
Da liễu,ngứa ở phía trước và chính giữa da đầu
Cơ xương khớp,Tôi bị thương trong trận đấu bóng đá.
Hô hấp,Tôi cảm thấy có gì đó làm tôi khó thở và tôi không thể thở được.
Thần kinh/Tiêu hóa,Tôi bị đau đầu.
Tai Mũi Họng,Hệ thống sưởi trong nhà tôi bị hỏng nên tôi cảm thấy rất lạnh.
Cơ xương khớp,"Trong cuộc phẫu thuật ở mắt cá chân, các dây thần kinh của tôi bị tổn thương nghiêm trọng đến mức tôi không thể chịu được khi ai đó chạm vào vết sẹo."
Cơ xương khớp,"Mỗi khi tôi cử động vai, cơn đau lại lan xuống cánh tay."
Tiêu hóa,Tôi bị đau nội tạng.
Cơ xương khớp,Tôi không thể nhảy bằng chân trái vì chấn thương gãy ba xương ở mắt cá chân khiến tôi đau nhức không dứt.
Cơ xương khớp,Tôi bị đau vai mỗi khi cố gắng mang vác đồ tạp hóa.
Cơ xương khớp,"Tôi bị đau cơ chân sau khi chạy bộ hôm qua, tôi đã uống thuốc giảm đau nhưng không hiệu quả."
Nhãn khoa,"Tôi đang gặp vấn đề về thị lực, cảm giác như có một đám mây che mắt, mọi thứ đều mờ."
Da liễu,Bệnh mãn tính của nang tóc và tuyến bã nhờn.
Cơ xương khớp,Cảm giác đau như thể ở ngay dưới da.
Tai Mũi Họng,Lần trước đi máy bay tôi bị cảm lạnh và đến giờ vẫn còn cảm giác khó chịu ở tai.
Nhãn khoa,Tôi nhận thấy thị lực của mình giảm sút đáng kể khi cố gắng nhìn những vật ở cự ly gần.
Ngoại khoa,Người ta phát hiện anh ta có một vết thương hở.
Chấn thương chỉnh hình,Tôi đang chơi bóng đá và bị chấn thương đau khớp.
Tai Mũi Họng,Tôi không thể cảm thấy ấm áp dù có mặc nhiều lớp áo hay bật máy sưởi ở mức cao nhất.
Đa khoa,"Khi thức dậy vào buổi sáng, tôi cảm thấy cơ thể rất yếu."
Ngoại khoa,Tôi tự đánh mình và vết thương không muốn lành.
Cơ xương khớp,"Tôi nghĩ mình bị bong gân mắt cá chân rồi, đau quá."
Cơ xương khớp,"Sau khi chơi tennis, tôi cảm thấy một cảm giác mạnh ở gần cổ."
Tai Mũi Họng,"Tôi không nghe rõ bằng tai, cảm giác như có vật gì đó gây khó chịu trong tai."
Da liễu,Tóc tôi rụng từng mảng lớn.
Tiêu hóa,"Sau khi ăn, tôi cảm thấy nóng rát bên trong cơ thể."
Da liễu,Bệnh mãn tính của nang tóc và tuyến bã nhờn.
Đa khoa,Tôi cảm thấy yếu
Da liễu,Ngực tôi nổi mụn đỏ và mụn đầu trắng.
Tai Mũi Họng,Tôi bị cảm lạnh và ho rất nhiều.
Da liễu,Tôi ghét mụn trứng cá của mình.
Thấp khớp/Chỉnh hình,Tôi bị đau cổ và không thể chịu đựng được cơn đau này.
Cơ xương khớp,Hôm qua tôi mang một chiếc túi nặng và sáng nay khi thức dậy tôi cảm thấy vai rất đau.
Cơ xương khớp,"Khi chơi bóng đá, tôi bị đau cơ."
Ngoại khoa,"Bạn sẽ không tin đâu, nhưng vết thương nhiễm trùng trên tay tôi là do một vết cắt giấy mà tôi đã không coi trọng."
Tiêu hóa,"Khi thức dậy, tôi thấy mình bị đau bụng và đã thử uống thuốc nhưng bụng vẫn đau."
Tim mạch,Tôi thường xuyên bị đau nhói ở ngực và không biết mình đang làm gì mà lại gây ra triệu chứng đó.
Tai Mũi Họng,Toàn thân tôi lạnh cóng.
Nhãn khoa,Tôi đã thử đeo kính để nhìn rõ hơn nhưng vẫn không thấy có gì thay đổi.
Thần kinh/Tiêu hóa,Tôi bị đau đầu kèm theo chóng mặt.
Chấn thương chỉnh hình,"Mỗi khi mang vác đồ nặng, tôi cảm thấy như lưng mình sắp gãy."
Tai Mũi Họng,Tôi bị đau tai mỗi khi đi bơi.
Chấn thương chỉnh hình,Tôi bị đau nhức ở các khớp.
Tai Mũi Họng,Tôi thường bị ho nặng khi bị cúm.
Cơ xương khớp,Tôi bị thương khi tập thể dục
Da liễu,Tôi bị nổi mụn khi ăn ớt.
Tiêu hóa,Tôi bị đau nội tạng.
Tai Mũi Họng,Tôi bị ho suốt hai tuần nay rồi.
Chấn thương chỉnh hình,Đầu gối tôi đau đến nỗi mỗi khi đi lại tôi lại ngồi nhiều hơn mức cần thiết.
Ngoại khoa,"Tôi có một vết thương giữa các ngón chân, vết thương lành lại qua đêm nhưng lại tái phát mỗi ngày khi tôi mang giày tây đi làm."
Tiêu hóa,Tôi cảm thấy khó chịu toàn thân.
Tâm thần,Tôi thất vọng
Ngoại khoa,"Con trai tôi vừa trải qua điều trị tủy răng và nha sĩ vô tình cắt vào bên trong má của cháu, giờ vết thương không lành được."
Chấn thương chỉnh hình,Mắt cá chân của tôi đang bị đau.
Chấn thương chỉnh hình,Tôi bị đau nhức ở các khớp.
Chấn thương chỉnh hình,Tôi cảm thấy đau lưng.
Tai Mũi Họng,Tôi nghĩ có dịch trong tai tôi.
Tâm thần,"Tôi cảm thấy mình không thể chịu đựng được nữa, tôi cảm thấy quá tải và không thể nào có được một chút thời gian nghỉ ngơi."
Tai Mũi Họng,Từ khi vào rừng tôi bị đau tai.
Ngoại khoa,"Tôi có một vết thương hở, đỏ và sưng lên."
Tai Mũi Họng,"Tôi cảm thấy lạnh cóng, như một viên đá. Chị tôi nói rằng chị ấy cần nhiều chăn để đắp cho đủ ấm."
Tai Mũi Họng,Tôi không thể cảm thấy ấm áp dù có mặc nhiều lớp áo hay bật máy sưởi ở mức cao nhất.
Tâm thần,"Tâm trí tôi cảm thấy rất buồn, như thể đang đau đớn. Cảm giác trong đầu tôi thật tồi tệ và mỗi khi nghĩ về chuyện chia tay, tôi lại khóc vì buồn bã."
Chấn thương chỉnh hình,Đầu gối tôi cảm thấy yếu và hôm trước nó bị khuỵt xuống ở đầu cầu thang. May mắn là có lan can để vịn vào.
Tiêu hóa,Các triệu chứng của viêm ruột thừa là gì?
Hô hấp,Buổi sáng tôi thở rất to.
Cơ xương khớp,"Khi chơi thể thao, tôi bị đau dưới da."
Đa khoa,Tôi cảm thấy toàn thân yếu ớt.
Cơ xương khớp,Vai tôi đau dữ dội.
Da liễu,"Da ở lưng tôi có màu đỏ, tôi không biết tại sao."
Tiêu hóa,Tôi bị đau bụng mỗi khi bị cảm lạnh.
Tâm thần,Tôi cảm thấy buồn
Nhãn khoa,Tôi nhận thấy thị lực của mình giảm sút đáng kể khi cố gắng nhìn những vật ở cự ly gần.
Chấn thương chỉnh hình,Tôi bị đau khớp ở các ngón tay vào buổi sáng.
Da liễu,Tôi bị mụn ở lưng.
Thấp khớp/Chỉnh hình,Tôi gặp khó khăn khi cử động cổ.
Chấn thương chỉnh hình,Tôi bị đau khi gập tay.
Tai Mũi Họng,Mỗi lần hít thở sâu là tôi lại ho.
Tai Mũi Họng,Tôi bị ho rất nặng
Hô hấp,Tôi cảm thấy như có thứ gì đó đang bóp nghẹt phổi mình.
Hô hấp,Ngực tôi đau khi hít thở.
Tai Mũi Họng,Tôi cảm thấy lạnh khi màn đêm buông xuống.
Cơ xương khớp,Chân tôi đau quá.
Da liễu,Tôi cảm thấy như mình vừa rơi vào vũng nước nóng vậy.
Ngoại khoa,"Vết thương phẫu thuật đỏ, có mủ chảy ra, đau và nóng khi chạm vào."
Tiêu hóa,Tôi bị đau bụng và đầy hơi liên tục.
Hô hấp,Tim tôi đập nhanh và tôi khó thở.
Da liễu,Tôi bị phát ban và ngứa rất dữ dội.
Tai Mũi Họng,Tôi không thể cảm thấy ấm áp dù có mặc nhiều lớp áo hay bật máy sưởi ở mức cao nhất.
Chấn thương chỉnh hình,Tôi bị đau đầu gối khi đi lại.
Tim mạch,Tim tôi như muốn nổ tung.
Ngoại khoa,Tôi bị đứt tay và đang chảy máu.
Da liễu,Mụn của tôi thật sự khiến tôi xấu hổ. Nó đỏ quá.
Da liễu,Tôi đã đi khám nhiều bác sĩ nhưng họ vẫn không tìm ra phương pháp điều trị phù hợp để giúp tôi lấy lại mái tóc.
Tiêu hóa,Tôi bị đau bụng.
Cơ xương khớp,Tôi bị đau vai sau khi làm bất cứ việc gì liên quan đến nhà.
Chấn thương chỉnh hình,Đứng chưa đến năm phút mà lưng tôi bắt đầu đau.
Da liễu,"Tóc tôi rụng từng mảng lớn, đặc biệt là khi gội đầu."
Tiêu hóa,Tôi bị đau lan từ hông phải lên đến lồng ngực. Cơn đau dữ dội nhất khi tôi đi tiểu.
Da liễu,Da tôi bị ngứa và viêm.
Đa khoa,Tôi cảm thấy chóng mặt khi thực hiện các chuyển động đột ngột.
Nhãn khoa,"Mỗi khi ăn đường, tôi nhận thấy thị lực của mình bị mờ."
Đa khoa,Tôi cảm thấy chóng mặt mỗi khi đứng dậy.
Nhãn khoa,"Khi tôi đứng dậy quá nhanh, tầm nhìn của tôi bị mờ."
Da liễu,Tôi bị phát ban da sau khi ăn kem.
Nhãn khoa,"Tôi bị nhìn mờ từ sáng nay, không biết nguyên nhân là gì?"
Chấn thương chỉnh hình,Đầu gối tôi thường đau nhức vào những ngày trời lạnh và mưa.
Chấn thương chỉnh hình,Tôi cảm thấy cứng khớp ở khuỷu tay và vai.
Chấn thương chỉnh hình,Tôi bị đau khớp.
Chấn thương chỉnh hình,"đỏ, sưng tấy và khó đi lại"
Tim mạch,Tôi khó thở vì cơn đau âm ỉ dưới vai trái.
Cơ xương khớp,Bắp chân tôi có cảm giác như bị căng cứng và nhức nhối.
Tai Mũi Họng,Tôi bị đau tai mỗi khi chạm vào.
Tiêu hóa,Tôi bị đau bụng mỗi khi bị cảm lạnh.
Tai Mũi Họng,"Tôi ho rất nhiều khi ngửi mùi nước hoa, phổi tôi có vấn đề gì vậy?"
Tim mạch,Tôi cảm thấy đau tim mỗi khi đi bộ nhiều.
Cơ xương khớp,"Sau khi chơi bóng đá, tôi bị đau cơ ở cả hai chân."
Tai Mũi Họng,"Khi tôi cố gắng giữ ấm và mặc thêm quần áo, tôi thấy mình vẫn lạnh."
Ngoại khoa,Người ta phát hiện anh ta có một vết thương hở.
Tai Mũi Họng,Tôi thức giấc vào ban đêm vì cảm thấy lạnh.
Đa khoa,Tôi không còn đủ sức lực để làm những việc mà trước đây tôi vẫn làm.
Thần kinh/Tiêu hóa,Tôi bị đau đầu từ khi thức dậy sáng nay.
Da liễu,Trên mặt tôi có vài nốt mụn khiến tôi rất khó chịu.
Tâm thần,"Mỗi khi nghĩ về cha mẹ, tôi lại cảm thấy đau lòng."
Tiêu hóa,"Tôi cảm thấy đau đớn bên trong, tôi không biết đó là gì."
Da liễu,Bệnh mãn tính của nang tóc và tuyến bã nhờn.
Thấp khớp/Chỉnh hình,"Mỗi lần nhìn sang trái, tôi đều cảm thấy đau nhói ở cổ."
Chấn thương chỉnh hình,Tôi bị đau nhức như kim châm ở các khớp.
Cơ xương khớp,Tôi cảm thấy đau dữ dội ở vai trái.
Ngoại khoa,Vết thương của tôi bị nhiễm trùng hay chỉ đang lành lại?
Da liễu,Da tôi rất khô và bong tróc.
Tai Mũi Họng,Tôi gặp một số vấn đề nghiêm trọng về hô hấp vào ban đêm.
Chấn thương chỉnh hình,"Mỗi khi lên xuống cầu thang, đầu gối tôi lại phát ra tiếng kêu ken két."
Da liễu,Tôi có một vết thương đóng vảy ở mu bàn tay mà mãi không lành.
Chấn thương chỉnh hình,Tôi cảm thấy đau ở đầu gối.
Nhãn khoa,"Tôi cảm thấy đau nhức mắt, tôi nhìn thấy như có sương mù."
Cơ xương khớp,Tôi cảm thấy đau ở chân.
Tim mạch,Lòng tôi đau nhói.
Cơ xương khớp,"Mỗi khi tôi cử động vai, cảm giác như có luồng điện chạy qua vai vậy."
Da liễu,Bệnh mãn tính của nang tóc và tuyến bã nhờn.
Nhãn khoa,"Tôi đang gặp vấn đề về thị lực, cảm giác như có một đám mây che mắt, mọi thứ đều mờ."
Da liễu,Tôi bị nổi mụn đầu trắng và mụn đầu đen thành từng cụm trên lưng.
Nhãn khoa,Màn hình tivi và máy tính của tôi trông có vẻ mờ dù tôi đã đeo kính mới.
Chấn thương chỉnh hình,Đầu gối tôi thường đau nhức vào những ngày trời lạnh và mưa.
Ngoại khoa,Tôi bị một vết cắt ở chân và nó đã bị nhiễm trùng do sử dụng vòi sen ở phòng tập thể dục.
Ngoại khoa,Chồng tôi có một vết trên môi mà anh ấy tưởng là mụn rộp nhưng giờ nó đã bị vỡ ra và chảy dịch cả ngày.
Tiêu hóa,Tôi bị đau bụng dữ dội.
Đa khoa,"Tôi cảm thấy cơ thể yếu ớt dù ăn rất nhiều, tại sao vậy?"
Tai Mũi Họng,Tôi cảm thấy lúc nào cũng có thứ gì đó vướng trong cổ họng.
Tai Mũi Họng,Tôi cảm thấy như mình khó thở nếu không tống hết những thứ trong phổi ra ngoài.
Da liễu,Tôi cảm thấy chán nản khi thấy tóc mình rụng.
Chấn thương chỉnh hình,Tôi bị đau khớp.
Chấn thương chỉnh hình,"Tôi không thể cử động chân, khớp bị đau."
Ngoại khoa,"Tôi bị một vết thương hở trên da bên trong một bên lỗ mũi, vết thương đã bị nhiễm trùng và hiện giờ chứa đầy mủ."
Da liễu,Tóc tôi bị rụng khi tôi chải tóc.
Đa khoa,Tôi đột nhiên cảm thấy chóng mặt khi đứng dậy.
Cơ xương khớp,"Tôi bị đau dữ dội ở chân, đau như bị giật, và việc thư giãn bằng thuốc giảm đau không hiệu quả."
Cơ xương khớp,"Mỗi khi đi bộ, tôi đều cảm thấy đau nhói ở mu bàn chân."
Ngoại khoa,Tôi có một vết thương hở ở cánh tay.
Nhãn khoa,Tôi bị nhìn mờ.
Tai Mũi Họng,"Tôi cảm thấy lạnh cóng, như một viên đá. Chị tôi nói rằng chị ấy cần nhiều chăn để đắp cho đủ ấm."
Cơ xương khớp,"Sau khi chơi tennis, tôi cảm thấy một cảm giác mạnh ở gần cổ."
Tim mạch,Tim tôi như muốn nổ tung.
Tai Mũi Họng,Tôi bị ớn lạnh và đau nhức khắp người.
Da liễu,Sáng nào gối tôi cũng có rất nhiều tóc.
Nhãn khoa,"Khi lái xe, mắt tôi nhìn thấy hình ảnh kép."
Chấn thương chỉnh hình,"Mỗi khi lên xuống cầu thang, đầu gối tôi lại phát ra tiếng kêu ken két."
Chấn thương chỉnh hình,"Mỗi khi leo cầu thang, đầu gối phải của tôi đều bị đau."
Tâm thần,Tôi luôn cảm thấy rất buồn.
Chấn thương chỉnh hình,Làm sao để biết bạn có bị rách sụn chêm ở đầu gối hay không?
Tiêu hóa,"Tôi cảm thấy bụng đầy và khó chịu, chướng bụng sau những bữa ăn no."
Da liễu,Mụn có phải là bệnh ngoài da không?
Hô hấp,Buổi sáng tôi thở rất to.
Tai Mũi Họng,Tôi đã khỏi cảm lạnh được vài tuần rồi nhưng vẫn ho mỗi ngày.
Cơ xương khớp,Vai tôi bị đau mỗi khi cố với lấy thứ gì đó ở trên cao.
Chấn thương chỉnh hình,Tôi bị đau nhói dọc sống lưng.
Tai Mũi Họng,Từ khi vào rừng tôi bị đau tai.
Tim mạch,"Chồng tôi bỏ tôi để đến với người phụ nữ khác, trái tim tôi đau đớn đến mức tôi không thể ăn không thể ngủ được."
Tai Mũi Họng,"Tôi cảm thấy lạnh cóng, như một viên đá. Chị tôi nói rằng chị ấy cần nhiều chăn để đắp cho đủ ấm."
Thần kinh/Tiêu hóa,Tôi bị đau đầu từ khi thức dậy sáng nay.
Tai Mũi Họng,Tôi cảm thấy lạnh và ớn lạnh dù đã mặc quần áo dày.
Đa khoa,"Tôi không thể làm gì cả, toàn thân tôi đều yếu ớt."
Tiêu hóa,Tôi bị đau bụng mỗi khi bị cảm lạnh.
Da liễu,Tôi có vấn đề về da.
Thần kinh/Tiêu hóa,Tôi cảm thấy đau nhói ở đầu mỗi khi suy nghĩ quá nhiều.
Thấp khớp/Chỉnh hình,Tôi cảm thấy đau cổ sau khi thức dậy.
Ngoại khoa,Tôi bị một vết thương sâu ở tay và không thể cầm máu được.
Ngoại khoa,"Lần trước khi cắt móng chân, tôi đã cắt quá ngắn và giờ móng chân của tôi bị nhiễm trùng."
Tai Mũi Họng,"Tôi cứ mãi không thấy ấm. Ngay cả khi mọi người xung quanh đều ấm áp, tôi vẫn luôn cảm thấy lạnh."
Chấn thương chỉnh hình,Lưng tôi đau quá.
Cơ xương khớp,Tôi cảm thấy đau vai từng đợt.
Tai Mũi Họng,Phổi tôi cảm thấy nặng trĩu như thể chứa đầy chất nhầy.
Thần kinh/Tiêu hóa,"Tôi không thể đứng dậy, tôi cảm thấy não mình như đang di chuyển bên trong hộp sọ."
Thấp khớp/Chỉnh hình,Tôi bị đau cổ và không thể chịu đựng được cơn đau này.
Tiêu hóa,Tôi không thể chịu nổi cảm giác khó chịu này trong bụng.
Tai Mũi Họng,"Chắc chắn là tuần hoàn máu của tôi có vấn đề rồi, ngay cả những ngày nóng nhất tôi cũng phải mang tất, ngón chân tôi lạnh cóng!"
Tim mạch,Tôi cảm thấy một cơn đau kỳ lạ và dữ dội bên trong lồng ngực.
Hô hấp,Tim tôi đập nhanh và tôi khó thở.
Đa khoa,Tôi có cảm giác toàn thân không còn chút sức lực nào.
Tim mạch,"Chồng tôi bỏ tôi để đến với người phụ nữ khác, trái tim tôi đau đớn đến mức tôi không thể ăn không thể ngủ được."
Cơ xương khớp,Tôi bị đau nhói ở bắp tay. Tôi đã thử bôi kem giảm đau nhưng không hiệu quả.
Cơ xương khớp,Tôi bị đau cơ bụng dữ dội từ khi đi tập gym.
Ngoại khoa,"Vết rách, vết thủng hoặc vết hở trên da"
Cơ xương khớp,Tôi bị đau cơ bụng dữ dội từ khi đi tập gym.
Chấn thương chỉnh hình,Tôi thường bị đau đầu gối mỗi khi chạy bộ.
Chấn thương chỉnh hình,Tôi bị ngã xe đạp và từ đó tôi bị đau đầu gối dữ dội.
Tai Mũi Họng,"Mỗi khi hắt hơi mạnh, tôi cảm thấy đau tai."
Cơ xương khớp,"Mỗi khi chơi tennis, tôi đều cảm thấy đau vai."
Tâm thần,Tôi cảm thấy đau lòng khi phải chia xa những người thân yêu.
Cơ xương khớp,Tôi bị đau nhức cơ vùng lưng dưới.
Da liễu,Bệnh mãn tính của nang tóc và tuyến bã nhờn.
Tai Mũi Họng,"Tôi được chẩn đoán mắc chứng thiếu máu do thiếu vitamin B12, điều này giải thích tại sao tôi luôn cảm thấy lạnh."
Cơ xương khớp,Vai tôi đau quá.
Cơ xương khớp,"Khi chơi bóng đá, tôi bị đau cơ."
Da liễu,Trên mặt tôi có vài nốt mụn khiến tôi rất khó chịu.
Ngoại khoa,Chồng tôi có một vết trên môi mà anh ấy tưởng là mụn rộp nhưng giờ nó đã bị vỡ ra và chảy dịch cả ngày.
Đa khoa,"Tôi cảm thấy chóng mặt khi ngồi trước máy tính xách tay khoảng một đến hai tiếng, nguyên nhân có thể là gì vậy?"
Tim mạch,Tôi cảm thấy tim mình đau nhói khi chạy một quãng đường dài.
Cơ xương khớp,"Khi giơ tay lên, tôi cảm thấy đau ở vai."
Ngoại khoa,"Bạn sẽ không tin đâu, nhưng vết thương nhiễm trùng trên tay tôi là do một vết cắt giấy mà tôi đã không coi trọng."
Da liễu,Khi tôi cố gắng chăm sóc tóc thì phát hiện ra tóc mình bị rụng nhiều.
Chấn thương chỉnh hình,Đường nóng rát dọc theo lưng kèm theo khó thở.
Đa khoa,Tôi không còn đủ sức lực để làm những việc mà trước đây tôi vẫn làm.
Cơ xương khớp,Vai tôi đau quá.
Tai Mũi Họng,Tôi không thể ngừng ho
Đa khoa,"Tôi nhanh mệt quá, sáng sớm hầu như không mặc nổi quần áo."
Tai Mũi Họng,"Tôi ho rất nhiều khi ngửi mùi nước hoa, phổi tôi có vấn đề gì vậy?"
Ngoại khoa,Nhiễm trùng vết mổ
Ngoại khoa,"Con trai tôi vừa trải qua điều trị tủy răng và nha sĩ vô tình cắt vào bên trong má của cháu, giờ vết thương không lành được."
Thần kinh/Tiêu hóa,Tôi cảm thấy đau nhói ở đầu mỗi khi suy nghĩ quá nhiều.
Nhãn khoa,Tôi bị mờ mắt sau khi bị va đập vào đầu hôm qua.
Thấp khớp/Chỉnh hình,"Mỗi lần nhìn sang trái, tôi đều cảm thấy đau nhói ở cổ."
Chấn thương chỉnh hình,Tôi đã dùng rất nhiều thuốc giảm đau để đỡ hơn nhưng tôi vẫn cảm thấy đau lưng.
Tiêu hóa,Tôi không thể chịu nổi cảm giác khó chịu này trong bụng.
Tai Mũi Họng,Tôi thức giấc vào ban đêm vì cảm thấy lạnh.
Chấn thương chỉnh hình,Tôi bị đau nhức ở các khớp.
Hô hấp,Tôi bị nghẹt mũi suốt ngày và có chất dịch nhầy dính trong cổ họng khiến tôi không thể ngủ được. Tôi thường phải ngủ trưa trong tư thế ngồi.
Cơ xương khớp,Tôi cảm thấy đau cơ mỗi khi gắng sức quá mức.
Ngoại khoa,"Con trai tôi vừa xỏ khuyên môi và giờ môi bị sưng, phần da bên trong môi có màu xám và trông như bị nhiễm trùng."
Nhãn khoa,"Tôi không nhìn thấy biển báo, tầm nhìn của tôi bị mờ."
Cơ xương khớp,Tôi đã thử xoa bóp chân nhưng chúng vẫn đau.
Đa khoa,"Tôi không khỏe, tôi cảm thấy chóng mặt."
Đa khoa,Mỗi khi đứng dậy tôi đều cảm thấy chóng mặt.
Cơ xương khớp,Tôi bị đau chân dù không đi bộ nhiều.
Tim mạch,Tôi cảm thấy tim mình đau nhói khi chạy một quãng đường dài.
Chấn thương chỉnh hình,"Mỗi khi cúi xuống, tôi lại cảm thấy đau nhói ở lưng."
Nhãn khoa,"Khi tôi cố gắng nhìn, tầm nhìn của tôi bị mờ."
Tai Mũi Họng,Tôi thường bị ho nặng khi bị cúm.
Cơ xương khớp,Tôi bị đau cơ dữ dội từ khi đi tập gym.
Tai Mũi Họng,Toàn thân tôi lạnh cóng.
Tai Mũi Họng,"Tôi không khỏe, tôi cảm thấy rất lạnh."
Nhãn khoa,Tôi đã thử đeo kính để nhìn rõ hơn nhưng vẫn không thấy có gì thay đổi.
Tiêu hóa,"Khi thức dậy, tôi thấy mình bị đau bụng và đã thử uống thuốc nhưng bụng vẫn đau."
Hô hấp,Tôi đi bộ mỗi ngày nhưng giờ đây chỉ đi được một đoạn ngắn là tôi đã bị khó thở.
Chấn thương chỉnh hình,Bệnh xương mãn tính ở mức độ gấp đôi của Estremidades dưới
Ngoại khoa,Tôi vô tình bị dao cứa vào tay khi đang nấu ăn.
Tai Mũi Họng,"Khi thức dậy, tôi cảm thấy lạnh."
Tai Mũi Họng,Tôi không biết tại sao mình lại cảm thấy lạnh.
Cơ xương khớp,Hôm qua tôi mang một chiếc túi nặng và sáng nay khi thức dậy tôi cảm thấy vai rất đau.
Da liễu,Tóc tôi bị rụng nhiều sau khi tắm.
Đa khoa,"Tôi cảm thấy chóng mặt khi ngồi trước máy tính xách tay khoảng một đến hai tiếng, nguyên nhân có thể là gì vậy?"
Tai Mũi Họng,"Mỗi khi hắt hơi mạnh, tôi cảm thấy đau tai."
Cơ xương khớp,Tôi rất đau khi cử động tay.
Chấn thương chỉnh hình,Tôi thường bị đau đầu gối mỗi khi chạy bộ.
Da liễu,"Tôi bị nổi mụn ở ngực với những mảng đỏ, tình trạng này càng trầm trọng hơn khi trời nóng."
Cơ xương khớp,Tôi ngã xuống đất khi cố gắng ném bóng rổ.
Tim mạch,Tôi cảm thấy như tim mình sắp nhảy ra khỏi lồng ngực. Đau quá.
Da liễu,Tóc tôi rụng từng mảng lớn.
Đa khoa,Tôi cảm thấy choáng váng khi đứng dậy.
Tim mạch,Tôi bị đau tim mỗi khi tập thể dục.
Da liễu,Tôi bị nổi mụn thành từng mảng và da mặt bị đỏ nhiều.
Cơ xương khớp,Tôi bị đứt tay khi chơi bóng đá và đã bôi kem giảm đau nhưng không hiệu quả.
Đa khoa,Tôi đã cố gắng làm giảm bớt nó nhưng không được.
Cơ xương khớp,Tôi cảm thấy đau ở vai phải sau trận đấu quần vợt.
Ngoại khoa,"Con trai tôi vừa xỏ khuyên môi và giờ môi bị sưng, phần da bên trong môi có màu xám và trông như bị nhiễm trùng."
Tiêu hóa,"Tôi bị đau bụng khi ăn đồ ăn nóng, tại sao vậy?"
Chấn thương chỉnh hình,Tôi cảm thấy đau lưng khi ngồi trên ghế lâu.
Thấp khớp/Chỉnh hình,"Cứng đờ, không thể nhìn sang phải hoặc trái trừ khi di chuyển toàn bộ cơ thể."
Cơ xương khớp,Bắp chân tôi có cảm giác như bị căng cứng và nhức nhối.
Chấn thương chỉnh hình,"Mỗi khi mang vác đồ nặng, tôi cảm thấy như lưng mình sắp gãy."
Ngoại khoa,"Vết rách, vết thủng hoặc vết hở trên da"
Chấn thương chỉnh hình,Tôi cảm thấy như có thứ gì đó đang đâm vào các khớp của mình.
Tiêu hóa,Tôi không thể chịu nổi cảm giác khó chịu này trong bụng.
Tai Mũi Họng,"Tôi luôn cảm thấy lạnh, ngay cả khi mặc nhiều lớp áo."
Cơ xương khớp,"Mỗi khi giơ tay lên, tôi cảm thấy đau nhức ở vai."
Tai Mũi Họng,Toàn thân tôi lạnh cóng.
Ngoại khoa,Tôi bị tai nạn và vết thương vẫn còn hở khi tôi đến bệnh viện.
Nhãn khoa,"Tôi bị nhìn mờ và không nhìn rõ trong bóng tối, nguyên nhân là gì vậy bác sĩ?"
Cơ xương khớp,"Hôm qua tôi chơi bóng rổ, và bị bong gân mắt cá chân."
Chấn thương chỉnh hình,Đầu gối tôi có cảm giác như bị rỉ sét và đột nhiên tôi không thể gập nó lại được nữa.
Cơ xương khớp,Tôi cảm thấy rất đau ở vai mỗi khi cố gắng nâng vật nặng.
Tâm thần,Tôi luôn cảm thấy rất buồn.
Da liễu,Dạo này tôi thấy tóc mình rụng nhiều quá.
Tai Mũi Họng,Cảm giác ho càng tăng lên khi mùa đông đến.
Ngoại khoa,Vết thương của tôi lại bị hở ra.
Chấn thương chỉnh hình,Tôi cảm thấy như có kim châm vào các khớp của mình.
Cơ xương khớp,Vai tôi bị đau khi cố gắng nâng vật nặng năm pound.
Tai Mũi Họng,Tôi cảm thấy toàn thân như đang ở trong tủ lạnh.
Da liễu,Tóc của anh ấy rụng chỉ vì chải tóc thôi.
Đa khoa,"Khi thức dậy vào buổi sáng, tôi cảm thấy kỳ lạ và chóng mặt."
Tiêu hóa,"Tôi cảm thấy bụng đầy và khó chịu, chướng bụng sau những bữa ăn no."
Thần kinh/Tiêu hóa,Tôi cảm thấy đầu mình bị đè nặng rất nhiều.
Đa khoa,"Tôi cảm thấy cơ thể yếu ớt sau ngày đầu tiên đến phòng tập, tại sao vậy?"
Da liễu,"Khi tôi gội đầu, tóc tôi rụng rất nhiều."
Thần kinh/Tiêu hóa,Tôi cảm thấy đau nhói ở đầu mỗi khi suy nghĩ quá nhiều.
Tâm thần,Tôi luôn cảm thấy rất buồn.
Tiêu hóa,Tôi cảm thấy buồn nôn.
Tai Mũi Họng,Tai tôi đau quá.
Chấn thương chỉnh hình,Tôi bị đau đầu gối khi đi bộ.
Tâm thần,Tôi cảm thấy suy sụp tinh thần.
Tai Mũi Họng,Tôi bị đau tai khi trời lạnh.
Tiêu hóa,Đau nhói và khó thở
Thấp khớp/Chỉnh hình,Tôi bị sưng ở cổ và rất đau.
Da liễu,Có thứ gì đó tối màu trên cánh tay tôi.
Cơ xương khớp,"Mỗi sáng thức dậy, cổ tôi đều có cảm giác như ngủ sai tư thế."
Da liễu,"Khi tôi thức dậy, tôi thấy da mình mờ ảo."
Ngoại khoa,Chồng tôi có một vết trên môi mà anh ấy tưởng là mụn rộp nhưng giờ nó đã bị vỡ ra và chảy dịch cả ngày.
Ngoại khoa,"Tôi cảm thấy không khỏe, vết thương của tôi bị nhiễm trùng."
Tiêu hóa,Khi ăn tôi cảm thấy đau bụng.
Cơ xương khớp,Tôi bị va đập đầu trong trận bóng rổ. Liệu tôi có bị chấn động não không?
Tiêu hóa,"Tôi cảm thấy bụng đầy và khó chịu, chướng bụng sau những bữa ăn no."
Đa khoa,"Tôi không thể làm gì cả, toàn thân tôi đều yếu ớt."
Tim mạch,Đau dữ dội ở phía trên bên trái ngực và có thể lan ra lưng.
Nhãn khoa,Tôi có đôi mắt mờ đục.
Đa khoa,"Khi đứng dậy quá nhanh, tôi bắt đầu cảm thấy chóng mặt và choáng váng."
Tim mạch,Tôi khó thở vì cơn đau âm ỉ dưới vai trái.
Tai Mũi Họng,Lần trước đi máy bay tôi bị cảm lạnh và đến giờ vẫn còn cảm giác khó chịu ở tai.
Chấn thương chỉnh hình,Tôi bị đau lưng và không thể cúi gập người hay đi lại được.
Ngoại khoa,"Tôi bị ngã xuyên qua cửa sổ khi đang lau chùi và có một mảnh kính găm vào mắt trái, tôi nghĩ tình trạng khá nghiêm trọng, xin hãy giúp tôi!"
Đa khoa,Tôi cảm thấy cơ thể yếu ớt mặc dù tôi vẫn uống vitamin đều đặn.
Chấn thương chỉnh hình,Tôi gặp khó khăn khi cử động đầu gối.
Tai Mũi Họng,Tôi cảm thấy lạnh và ớn lạnh dù đã mặc quần áo dày.
Cơ xương khớp,Tôi bị chấn thương nên không thể chơi thể thao.
Ngoại khoa,Tôi bị một vết cắt ở chân và nó đã bị nhiễm trùng do sử dụng vòi sen ở phòng tập thể dục.
Tai Mũi Họng,Nghe thấy bất kỳ tiếng động lớn nào cũng khiến tai tôi đau nhức.
Tai Mũi Họng,Tôi bị sổ mũi.
Đa khoa,"Tôi cảm thấy chóng mặt khi ngồi trước máy tính xách tay khoảng một đến hai tiếng, nguyên nhân có thể là gì vậy?"
Chấn thương chỉnh hình,Tôi bị đau nhói ở xương bánh chè sau khi tập thể dục.
Da liễu,Tóc tôi bị rụng nhiều sau khi tắm.
Tim mạch,Tôi cảm thấy đau nhói trong tim.
Cơ xương khớp,Tôi cảm thấy đau vai từng đợt.
Tim mạch,Tôi cảm thấy đau nhói từ ngực lan lên đến cánh tay trái.
Da liễu,Tôi không thể có bạn gái vì mụn trứng cá.
Cơ xương khớp,Hôm qua tôi bị đau vai.
Cơ xương khớp,Tôi bị chuột rút đau ở chân.
Nhãn khoa,"Tôi không nhìn thấy biển báo, tầm nhìn của tôi bị mờ."
Hô hấp,Tôi không gặp vấn đề gì khi hít vào nhưng thở ra thì rất nặng nhọc.
Chấn thương chỉnh hình,Tôi cảm thấy rất đau nhức ở các khớp.
Tiêu hóa,"Tôi cảm thấy đau đớn bên trong, tôi không biết đó là gì."
Cơ xương khớp,Vết sẹo dài trên mông trái của tôi là do ngã xe đạp leo núi.
Chấn thương chỉnh hình,"Tôi không thể cử động chân, khớp bị đau."
Đa khoa,"Tôi không khỏe, tôi cảm thấy chóng mặt."
Da liễu,"Khi chải tóc, tôi nhận thấy có những mảng tóc lớn rụng ra trên lược."
Da liễu,Tôi bị mụn trên mặt và các vấn đề khác về da liễu như ngứa.
Thần kinh/Tiêu hóa,Sọ bị vỡ như quả hạch
Ngoại khoa,"Vết rách, vết thủng hoặc vết hở trên da"
Đa khoa,Tôi cảm thấy toàn thân yếu ớt và đã cố gắng thư giãn nhưng vẫn thấy đau.
Tai Mũi Họng,Tôi bị khô họng.
Da liễu,Tôi thường xuyên bị nổi mụn trên mặt.
Tai Mũi Họng,Tôi cảm thấy lạnh mặc dù đang là mùa hè.
Cơ xương khớp,Tôi bị đau tay khi duỗi người.
Chấn thương chỉnh hình,Tôi bị đau nhức ở các khớp.
Chấn thương chỉnh hình,Tôi cảm thấy đau đầu gối khi leo cầu thang.
Nhãn khoa,"Tôi đang gặp vấn đề về thị lực, cảm giác như có một đám mây che mắt, mọi thứ đều mờ."
Chấn thương chỉnh hình,Tôi bị đau đầu gối mỗi khi đi bộ nhiều.
Cơ xương khớp,Tôi bị đau cơ dữ dội từ khi đi tập gym.
Ngoại khoa,Tôi vô tình bị dao cứa vào tay khi đang nấu ăn.
Tai Mũi Họng,Tôi không thể thở được
Hô hấp,Tôi cảm thấy như mình không thể hít thở sâu được.
Tai Mũi Họng,Thỉnh thoảng tôi ho vì tôi hút thuốc.
Tai Mũi Họng,Cơn đau tai của tôi không thể chịu nổi.
Cơ xương khớp,Tôi bị thương khi tập thể dục
Ngoại khoa,"Cháu trai tôi bị xước chân do va phải vỏ sò ở biển, giờ chân cháu đang chuyển sang màu xám và sưng tấy."
Chấn thương chỉnh hình,Tôi cảm thấy đau ở vùng lưng dưới.
Nhãn khoa,"Khi tôi cố gắng nhìn, tầm nhìn của tôi bị mờ."
Chấn thương chỉnh hình,Tôi cảm thấy đau nhức ở đầu gối khi đi bộ.
Thấp khớp/Chỉnh hình,Tôi hay than phiền về chứng đau cổ và tôi thực sự cần phải khỏe hơn.
Chấn thương chỉnh hình,Tôi cảm thấy cứng khớp ở khuỷu tay và vai.
Chấn thương chỉnh hình,"Mỗi khi cúi xuống, tôi lại cảm thấy đau nhói ở lưng."
Cơ xương khớp,Vết sẹo dài trên mông trái của tôi là do ngã xe đạp leo núi.
Ngoại khoa,"Con gái tôi đi tỉa lông mày và việc đó đã làm rách da ở một bên lông mày, giờ chỗ đó bị sưng và chảy dịch."
Hô hấp,Tôi cảm thấy rất khó thở.
Đa khoa,Tôi cảm thấy toàn thân yếu ớt.
Da liễu,Tóc tôi không được đẹp lắm.
Da liễu,Tóc tôi bị rụng nhiều sau khi tắm.
Cơ xương khớp,"Tôi không thể mang vác bất cứ thứ gì, tôi bị đau vai."
Da liễu,Mụn ở ngực tôi cứ nổi lên và không bao giờ hết.
Da liễu,Tôi cảm thấy chán nản khi thấy tóc mình rụng.
Cơ xương khớp,Tôi bị đau vai mỗi khi cố gắng mang vác đồ tạp hóa.
Ngoại khoa,Tôi có một vết thương hở đã chuyển sang màu đỏ và chảy mủ.
Tai Mũi Họng,Tôi bị đau tai mỗi khi đi bơi.
Tiêu hóa,Tôi cảm thấy nóng rát ở bụng khoảng 2 tiếng sau mỗi bữa ăn.
Ngoại khoa,Tôi bị rách da ở ngón tay cái và vết thương không lành.
Chấn thương chỉnh hình,Tôi cảm thấy rất đau nhức ở các khớp.
Tim mạch,Vùng xung quanh tim tôi cảm thấy không ổn.
Da liễu,Tôi hay phàn nàn về dị ứng da.
Da liễu,"Trong vài tuần qua, tôi bị phát ban da ở cánh tay, chân và thân xác, đỏ, ngứa và bị phủ đầy mớ vải khô."
Da liễu,"Da tôi bị nhăn, đặc biệt là đầu gối, khuỷu tay và da đầu."
Da liễu,"Tôi đã bị đau khớp ở ngón tay, cổ tay và đầu gối, và đau thường đau và đập, và nó trở nên tồi tệ hơn khi tôi di chuyển khớp."
Da liễu,"Có một thứ bạc như bụi trên da tôi, đặc biệt là ở vùng dưới lưng và da đầu."
Da liễu,"Những cái móng tay của tôi có những vết rách nhỏ, và chúng thường bị viêm và dễ chạm."
Da liễu,Da của tay và chân tôi dày và có vết nứt sâu.
Da liễu,"Da quanh miệng, mũi và mắt tôi đỏ và bị viêm. Nó thường ngứa và khó chịu."
Da liễu,Da tôi rất nhạy cảm và dễ dàng phản ứng với sự thay đổi nhiệt độ hoặc độ ẩm.
Da liễu,"Tôi nhận thấy da đột ngột bị nhăn ở nhiều phần cơ thể, chủ yếu là cánh tay, chân và lưng."
Da liễu,"Da trên bộ phận sinh dục của tôi đỏ và bị viêm. Nó thường ngứa, cháy và khó chịu."
Da liễu,"Tôi cảm thấy mệt mỏi và không thoải mái, thường cảm thấy mệt mỏi và thiếu năng lượng, ngay cả sau khi ngủ ngon."
Da liễu,"Bàn phổi trên da tôi đã lan rộng đến các phần khác của cơ thể, bao gồm cả ngực và bụng. Bàn phổi và khó chịu, và thường tồi tệ hơn vào ban đêm."
Da liễu,Bệnh phơi trên da tôi tồi tệ hơn vào những tháng mùa đông khi không khí khô.
Da liễu,"Tôi gặp khó khăn trong giấc ngủ do ngứa và khó chịu do phát ban. Có những vết rác nhỏ trong móng tay tôi, điều này thực sự đáng lo ngại."
Da liễu,"Da tôi dễ bị nhiễm trùng do các vết nứt khô, vùi. Tôi bị đau khớp mạnh mẽ. Da trên đầu gối và khuỷu tay bắt đầu sẩy."
Da liễu,"Tôi bắt đầu bị phát ban trên da, thường chảy máu khi cọ hoặc chà xát, và tôi cũng nhận thấy những vết rác nhỏ trên móng tay."
Da liễu,Tôi nhận thấy làn da của tôi trở nên nhạy cảm hơn trước đây.
Da liễu,"Tôi lo lắng về sự lột da liên tục trên tay tay tôi, khuỷu tay và đầu gối. Tôi đã phát triển phát ban trên cánh tay, mà ngứa khi chạm vào chúng. Tất cả những điều này làm cho cuộc sống của tôi khá khó chịu và đau khổ."
Da liễu,"Tôi thấy đau khớp lạ, và tôi thấy da bị nhăn ở nhiều nơi khác nhau, tôi sợ có gì đó không ổn."
Da liễu,"Tôi có những vết bứt nhỏ trên móng tay, thậm chí cả khớp cũng bắt đầu đau nặng, có một vết bứt như bụi trên da, đặc biệt là ở lưng."
Da liễu,"Các vết phơi trên da tôi không lành được. Hơn nữa, tôi đã nhận thấy da đột ngột bị nhăn, đặc biệt là da trên khuỷu tay và đầu gối."
Da liễu,"Trong vài tuần qua, tôi bị phát ban da ở cánh tay, chân và ngực. Nó đỏ và kích thích, với những vết nứt khô, vỏ bẩn. Tôi cũng bị đau khớp kỳ lạ."
Da liễu,"Da tôi bị nhăn, đặc biệt là trên đầu gối, tay móng và da đầu."
Da liễu,"Tôi bị đau ngón tay, cổ tay và đầu gối, đau thường xuyên đau và nhịp, và nó trở nên tồi tệ hơn khi tôi di chuyển các khớp."
Da liễu,"Da tôi có một lớp sơn bạc, đặc biệt là ở lưng, cánh tay và da đầu."
Da liễu,"Tôi có làn da đỏ và viêm xung quanh miệng, mũi và mắt. Nó thường gây kích thích và khó chịu."
Da liễu,Da tôi rất nhạy cảm và dễ bị kích thích do biến đổi nhiệt độ hoặc độ ẩm. Móng tay tôi bị rách rách.
Da liễu,"Tôi thấy làn da đột ngột bị nhăn ở nhiều vùng cơ thể, chủ yếu là cánh tay, chân và lưng."
Da liễu,"Da sinh dục của tôi đỏ và kích thích, thường kích thích, cháy và khó chịu, cũng có mụn bàng ở nhiều nơi khác nhau trong cơ thể, và tôi bị đau khớp kỳ lạ."
Da liễu,"Tôi có khó ngủ vì vết nứt và đau do vết nứt gây ra, móng tay có những vết nứt nhỏ, điều này thực sự đáng báo động."
Da liễu,"Vì có những vùng khô và vòm vòm trên da, tôi dễ bị nhiễm trùng, khớp đau đớn, da trên đầu gối và khuỷu tay bắt đầu bị rớt."
Da liễu,"Da tôi bị phát ban, khi cào hoặc chà trầy, nó thường chảy máu, ngoài ra, tôi cũng thấy những vết rách nhỏ trên móng tay."
Da liễu,"Tôi đã quan sát thấy làn da của tôi nhạy cảm hơn trước đây. làn da của tôi có một lớp sơn bạc, đặc biệt là trên lưng và khuỷu tay."
Da liễu,Những vết nứt này không dễ chịu và thường chảy máu.
Da liễu,"Tôi lo lắng và không biết nguyên nhân của nó, cũng như đau khớp và phát ban trên cánh tay và lưng."
Da liễu,"Có một thứ bạc như bụi trên da tôi, còn da trên cánh tay và lưng tôi bắt đầu bị trơn ra."
Da liễu,"Bệnh phơi da của tôi đã lan rộng đến các vùng khác của cơ thể, bao gồm cả ngực và bụng."
Da liễu,"Khi trời khô, mụ càng bị phát ban da vào mùa đông, nên phải giữ làn da ẩm thường xuyên hơn và sử dụng thuốc làm ẩm."
Da liễu,"Tôi không ngủ được vì bị ngứa và đau do phát ban, móng tay có những vết rác nhỏ, và da của tôi bị nhăn ở nhiều nơi khác nhau."
Da liễu,"Da tôi bị nhăn ở nhiều nơi, đặc biệt là trên đầu gối, tay và tay."
Da liễu,"Da tôi có lớp bạc, đặc biệt là ở lưng và cánh tay. Bánh bụi này được tạo thành từ các miếng bột nhỏ dễ bị trơn ra khi chà xát."
Da liễu,"Tay, mặt và lưng tôi đều đỏ và kích thích. Nó thường gây kích thích và khó chịu. Móng tay tôi bị viêm lạ và phát triển những vết rác nhỏ. Tôi chưa bao giờ thấy điều gì như thế."
Da liễu,"Tôi có khó ngủ vì bị ngứa và đau do phát ban, móng tay có những vết rách nhỏ, điều này thực sự đáng báo động, ngoài ra, mỗi ngày tôi đau khớp và tôi không biết nguyên nhân của nó là gì."
Da liễu,"Ngón tay và chân của tôi có làn da khá dày, bị gãy nặng, các gãy xương này đau và chảy máu thường xuyên, các gãy xương bị ngứa và phủ đầy bình."
Da liễu,"Da tôi đã thay đổi từ không nhạy cảm hơn đến nhạy cảm hơn. Da tôi có lớp phủ bạc, đặc biệt là ở lưng, khuỷu tay và đầu gối."
Da liễu,"Tôi có cái móng tay bị đứt nhẹ, ngay cả khớp cũng bị khó chịu nặng nề, da tôi có chất bột giống bạc, đặc biệt là trên lưng và khuỷu tay. "
Da liễu,"Tôi đã gặp khó khăn trong việc ngủ vì cơn đau và ngứa của phơi, da trên ngón tay tôi bắt đầu bị trơn, móng tay tôi có một vài vết nứt nhỏ, điều này thật đáng lo ngại."
Da liễu,"Thêm vào đó, tôi cũng có những vết nứt da lạ ở nhiều nơi trên cơ thể tôi. Tôi lo lắng rằng có gì đó không ổn với cơ thể tôi."
Da liễu,"Tôi bắt đầu bị phát ban trên cánh tay và cổ, phát ban thường chảy máu và đau khi cọa."
Da liễu,"Vì có những vùng khô và vòm vòm trên da, tôi dễ bị nhiễm trùng, khớp đau nặng, đầu gối và khuỷu tay bắt đầu bị lột."
Nhãn khoa,Tôi bị phát ban trên chân gây ra rất nhiều khó chịu. Có vẻ như có một cơn đau và tôi có thể thấy các tĩnh mạch nổi bật trên con bò.
Nhãn khoa,"Tôi có những vết bầm tím trên chân, khiến tôi lo lắng. Tôi cảm thấy mệt mỏi rất sớm."
Nhãn khoa,"Tôi có vết bầm tím trên chân mà tôi không thể giải thích được, tôi có thể thấy các mạch máu lạ dưới da, tôi béo phì và rất lo lắng."
Nhãn khoa,Tôi thừa cân và nhận thấy chân tôi bị sưng và các mạch máu có thể nhìn thấy.
Nhãn khoa,"Các tĩnh mạch trên chân con trai của tôi đã trở nên rất nổi bật và gây khó chịu. Tôi không thể chịu đựng được lâu, vì nó gây ra đau chân, giống như đau nức."
Nhãn khoa,"Da quanh tĩnh mạch của chân tôi đỏ và bị viêm, tôi nghĩ tôi có thể thấy một số mạch máu bị sưng."
Nhãn khoa,Đứng hoặc đi bộ trong thời gian dài gây ra nhiều đau chân. Tôi bị rắc rối khi làm các hoạt động thể chất.
Nhãn khoa,"Căn rối ở chân con trai khiến tôi khó đi bộ, tôi cảm thấy mệt mỏi sau khi làm việc một thời gian. Tôi tin rằng béo phì là nguyên nhân đằng sau điều này."
Nhãn khoa,"Bức chân của tôi đã trở nên nặng hơn trong vài tuần qua. Bây giờ, có rất nhiều tĩnh mạch được nhận thấy trên chân tôi, điều này khiến tôi lo lắng."
Nhãn khoa,Các tĩnh mạch trên chân tôi rất rõ ràng và gây khó chịu cho tôi.
Nhãn khoa,"Da trên chân tôi bị viêm và đỏ, chân tôi bị đau khi tôi chạy hoặc làm bất kỳ hoạt động thể chất nào."
Nhãn khoa,"Gần đây, cơn đau ở chân tôi thường xuyên và trở nên tồi tệ hơn khi tôi đứng hoặc đi bộ trong thời gian dài."
Nhãn khoa,Các tĩnh mạch ở chân tôi gây khó chịu và khó ngủ vào ban đêm. Tôi không biết tại sao điều này xảy ra. Tôi bị rắc rối khi chạy bộ.
Nhãn khoa,"Bàn chân bị sưng khiến tôi khó có thể phù hợp với giày, tôi không thể chạy bộ hoặc đứng lâu, tôi có thể thấy một số mạch máu bị sưng."
Nhãn khoa,"Tôi nhận thấy các cơn đau ở chân con trai của tôi ngày càng trở nên thường xuyên và mạnh mẽ hơn, khiến tôi cảm thấy khó chịu, tôi thừa cân và chân bắt đầu sưng."
Nhãn khoa,Các tĩnh mạch trên chân tôi gây ra nhiều khó chịu khi ngồi lâu.
Nhãn khoa,Bệnh phơi ở chân tôi đang lan rộng và trở nên nặng hơn.
Nhãn khoa,"Chân tôi gây ra nhiều khó chịu khi tập thể dục, tôi thường xuyên bị đau và các mạch máu trở nên khá rõ ràng."
Nhãn khoa,Các mạch máu nổi bật trên đực của tôi đang gây ra sự tự nhận thức và xấu hổ. Tôi tin rằng vấn đề là do thừa cân của tôi.
Nhãn khoa,"Da quanh tĩnh mạch của chân tôi khô và vùi, có vẻ như có vết bầm tím lớn và chân tôi bắt đầu sưng."
Nhãn khoa,"Tôi bị phát ban ở chân, gây nhiều sự kích thích và khó chịu, đỏ và viêm và dường như đang lây lan."
Nhãn khoa,"Gần đây, tôi thường bị rạn nát, đặc biệt là khi đi bộ hoặc đứng lâu."
Nhãn khoa,Tôi nhận thấy có vết bầm trên chân tôi mà tôi không thể giải thích.
Nhãn khoa,"Vì tôi thừa cân, tôi nhận thấy chân của tôi bị sưng và các mạch máu có thể nhìn thấy rõ hơn bình thường."
Nhãn khoa,Các tĩnh mạch trên chân đực của tôi rất nổi bật và gây ra nhiều khó chịu cho tôi.
Nhãn khoa,"Da quanh tĩnh mạch chân tôi đỏ, viêm và ngứa, gây nhiều khó chịu và tôi bắt đầu bị đau đớn thường xuyên."
Nhãn khoa,"Dường như tôi đứng hoặc đi bộ trong thời gian dài, chân tôi bị đau nhiều, cảm giác như bị đau và càng tồi tệ hơn khi tôi đứng lâu hơn."
Nhãn khoa,Những cơn đau ở chân đực khiến tôi khó đi bộ và làm việc hàng ngày.
Nhãn khoa,"Những tuần qua, vết bùng phát chân tôi đã trở nên tồi tệ hơn và khiến tôi khó có thể gắn bó với giày."
Nhãn khoa,"Các tĩnh mạch trên chân tôi rất rõ ràng và gây ra nhiều khó chịu cho tôi. Chúng bị sưng và nổi lên khỏi da tôi, khiến chúng trở nên rõ ràng qua quần áo của tôi."
Nhãn khoa,"Da trên chân con bé của tôi ngứa và bị viêm, gây ra nhiều khó chịu và khó ngủ vào ban đêm."
Nhãn khoa,Đau đực của tôi không ngừng và trở nên tồi tệ hơn khi đứng hoặc đi bộ trong thời gian dài.
Nhãn khoa,"Các tĩnh mạch ở chân tôi gây khó chịu và khó ngủ vào ban đêm, chúng bị sưng và nổi lên khỏi da, khiến chúng dễ nhận thấy và đau đớn."
Nhãn khoa,Chứng sưng chân khiến tôi khó nhích vào giày và gây khó chịu khi ngồi lâu.
Nhãn khoa,"Những cơn đau ở chân đực của tôi ngày càng trở nên thường xuyên và mạnh mẽ hơn, khiến tôi khó đi bộ và làm những hoạt động hàng ngày."
Nhãn khoa,"Các tĩnh mạch trên chân tôi gây ra nhiều khó chịu khi ngồi lâu, chúng bị sưng và nổi lên khỏi da, khiến chúng đau và dễ nhận thấy."
Nhãn khoa,Bệnh phổi trên chân tôi đang lan rộng và trở nên nặng hơn.
Nhãn khoa,"Chân tôi gây ra nhiều khó chịu khi tập thể dục. Chân tôi nặng và sưng, tĩnh mạch nổi bật và đau. Tôi luôn cảm thấy mệt mỏi."
Nhãn khoa,"Các tĩnh mạch nổi bật trên chân con trai tôi đang gây ra sự tự nhận thức và xấu hổ. Chúng bị sưng và nổi lên khỏi da tôi, làm cho chúng rất rõ ràng."
Nhãn khoa,"Da quanh tĩnh mạch chân tôi khô và vùi, gây khó chịu và kích thích."
Nhãn khoa,"Tôi bị phát ban trên chân khiến tôi đau rất nhiều, có vẻ như có một cơn đau, và tôi có thể thấy các tĩnh mạch trên con bò."
Nhãn khoa,Các tĩnh mạch của chân tôi trở nên rõ ràng và sưng hơn bình thường.
Nhãn khoa,"Đi bộ là khó khăn cho tôi vì có những cơn đau ở xương đậu, tôi tin rằng, béo phì là nguyên nhân của điều này. Sau một thời gian làm việc, tôi mệt mỏi."
Nhãn khoa,Các mạch máu trên chân tôi khá rõ ràng và gây ra nhiều đau cho tôi. Chúng lớn và nổi lên khỏi da tôi. Nó là bất thường và tôi lo lắng về nó.
Nhãn khoa,Tôi nhận thấy các mạch máu ở chân tôi trở nên rõ ràng hơn bình thường.
Nhãn khoa,"Chứng lưng chân tôi đã trở nên tồi tệ hơn trong vài ngày qua, tôi có thể thấy các mạch máu xuất hiện ra khỏi da."
Nhãn khoa,Những lúc đứng hoặc đi bộ lâu đã gây ra sự khó chịu nghiêm trọng cho chân tôi.
Nhãn khoa,"Da chân tôi quanh tĩnh mạch là bất thường, có một vết bầm tím lớn, ngày nay tôi thường bị rắc rối khi chạy hoặc chạy."
Nhãn khoa,"Tôi đang trải qua quá nhiều cơn đau trong vài ngày qua, tôi nghĩ có điều gì đó không đúng, tôi nghĩ có một vết bầm nhỏ trên chân con, nhưng tôi không chắc chắn về điều đó."
Nhãn khoa,"Các tĩnh mạch trong mụn trứng của tôi đang nổi lên khá bất thường. Tôi lo lắng về nó. Ngoài ra, tôi thừa cân và tôi tin rằng đây là lý do đằng sau tất cả điều này."
Nhãn khoa,"Tôi bị tắc nghẽn và đau bụng, và nó thật sự khó chịu. cơn đau bụng ngày càng trở nên tồi tệ hơn và bắt đầu ảnh hưởng đến cuộc sống hàng ngày của tôi."
Nhãn khoa,"Tôi cũng bị tiêu chảy, thật khó chịu, nó đi và đi, và đi kèm với những cơn đau bụng và hơi bùng phát."
Nhãn khoa,"Tôi đã trải qua cơn sốt và chấn thương, cùng với đau bụng nặng, và tôi cảm thấy thật sự bất hạnh, và tôi không thể tránh được những triệu chứng này."
Nhãn khoa,Tôi có rất nhiều khó khăn để giữ nước vì nôn và tiêu chảy.
Nhãn khoa,"Tôi đã giảm cân rất nhiều trong tuần qua vì tôi không thể ăn nhiều do buồn nôn và nôn. Sau đó có sốt nhẹ, đau đầu và đau bụng. Tôi thực sự lo lắng về sức khỏe của mình."
Nhãn khoa,"Sự mệt mỏi thật sự khó chịu, và tôi gặp rất nhiều khó khăn trong việc làm những hoạt động bình thường của mình. Tôi cũng cảm thấy rất trầm cảm và kích thích."
Nhãn khoa,"Tôi đã bị đau đầu liên tục trong tuần qua, và nó đang trở nên tồi tệ hơn, đi kèm với đau bụng, tắc nghẽn và tiêu chảy."
Nhãn khoa,"Tôi bị sốt cao, đặc biệt là vào ban đêm, thật khó chịu, có một cơn đau đầu nhẹ, bị tắc nghẽn và tiêu chảy."
Nhãn khoa,"Tôi đang có rất nhiều khó thở, và tôi cảm thấy như tôi đang liên tục buồn nôn, tôi cũng có đau bụng nhẹ."
Nhãn khoa,"Sáng chảy rất khó chịu và mùi xấu, và nó đi kèm với đau bụng. Tôi cảm thấy muốn nôn hầu hết thời gian."
Nhãn khoa,"Tôi đã có rất nhiều khó khăn để ngủ vì sốt cao, đau đầu và chớp lạnh. Tôi thức dậy mỗi ngày với một cơn đau khủng khiếp ở vùng bụng của tôi."
Nhãn khoa,"Tôi cũng bị tiêu chảy và bị ngắt, điều này rất đáng lo ngại. Tôi cảm thấy như đau đớn ở bụng. Tôi luôn mệt mỏi."
Nhãn khoa,"Tôi đã bị tắc nghẽn và đau bụng, điều này thật sự khó chịu."
Nhãn khoa,"Tôi đang trải qua rất nhiều đau bụng và tắc nghẽn, điều này thật khó chịu. Đôi khi, tôi cảm thấy có một sự thôi thúc mạnh mẽ để nôn, và do tất cả những điều này, tôi cảm thấy rất yếu."
Nhãn khoa,"Đau bụng đã đến và đi, và nó thực sự không dễ chịu. Nó đi kèm với tắc nghẽn và nôn. Tôi thực sự lo lắng về sức khỏe của mình."
Nhãn khoa,"Tôi đã trải qua rất nhiều bốc hơi và tắc nghẽn, và nó thực sự khó chịu. Tôi cảm thấy như có rất nhiều áp lực và đau ở vùng bụng của tôi."
Nhãn khoa,"Tôi đang trải qua đau bụng và tắc nghẽn cực kỳ. Mỗi đêm, tôi bị sốt nặng cùng với cảm lạnh và đau đầu."
Nhãn khoa,"Tôi cảm thấy mệt mỏi và yếu đuối, và dường như không thể thoát khỏi nó, vì nôn nôn và buồn nôn, tôi hoàn toàn mất sự thèm ăn, đau bụng khiến tôi lo lắng."
Nhãn khoa,"Tôi bị ngập bụng và đau bụng, điều này thật khó khăn, sự khó chịu của tôi đã trở nên tồi tệ hơn và nó đang ảnh hưởng nghiêm trọng đến cuộc sống hàng ngày của tôi."
Nhãn khoa,"Vì nôn và tiêu chảy, tôi gặp rất nhiều khó khăn trong việc giữ nước, bị sốt cao, bị tắc nghẽn và đau đầu."
Nhãn khoa,Đau bụng thường xuyên và rất đau đớn. Tôi cũng bị ngứa và nôn. Tôi khá lo lắng về sức khỏe của mình.
Nhãn khoa,"Tôi bị đau dạ dày và tắc nghẽn nặng, mỗi đêm tôi bị đau đầu và chớp lạnh."
Nhãn khoa,"Tôi không biết nó là gì, tôi cũng thường nôn và buồn nôn."
Nhãn khoa,"Sáng chảy và mùi rất nhiều, và nó đi kèm với đau bụng và đau đầu nặng."
Nhãn khoa,"Tôi đã bị sốt trong vài ngày qua, và bây giờ tôi bắt đầu bị đau dạ dày nặng và bị tắc nghẽn."
Nhãn khoa,"Tôi bị buồn nôn và nôn nôn rất nhiều, và tôi rất khó ăn bất cứ thứ gì, tôi hoàn toàn mất sự thèm ăn, và do đó, tôi trở nên khá yếu đuối."
Nhãn khoa,"Tôi gặp nhiều khó khăn trong giấc ngủ vì sốt cao và đau đầu, và tôi cũng bị đau bụng liên tục, khiến tôi không thể đi làm."
Nhãn khoa,"Tôi cảm thấy rất mệt mỏi và yếu đuối, và dường như tôi không thể thoát khỏi nó. Tôi bị sốt nhẹ và đau đau lạ ở vùng bụng. Tôi không thể hiểu điều gì đang xảy ra."
Nhãn khoa,"Tôi đã bị tắc nghẽn và khó chịu dạ dày, điều này thật khó chịu."
Nhãn khoa,"Tôi cũng bị tiêu chảy, điều này thật khó chịu, nó đi và đi, và nó đi kèm với đau dạ dày và nôn."
Nhãn khoa,"Tôi bị cảm lạnh, sốt, và khó chịu dạ dày, thường không hạnh phúc, và dường như tôi không thể thoát khỏi các triệu chứng này."
Nhãn khoa,"Vì nôn và tiêu chảy, tôi gặp rất nhiều khó khăn trong việc giữ nước."
Nhãn khoa,"Tôi bị tiêu chảy, đau bụng nặng, không muốn ăn gì, và hầu hết thời gian tôi bị đau đầu nhẹ."
Nhãn khoa,"Tôi bị nôn và bị tắc nghẽn rất nhiều, thật đau đớn, có rất nhiều áp lực và đau ở vùng dạ dày, tôi bị sốt cao và bị chớp lạnh mỗi đêm."
Nhãn khoa,"Tôi đã bị đau dạ dày liên tục trong tuần qua, và nó không chữa lành ngay cả với thuốc. Tôi cảm thấy như nôn và không thể ăn gì, và do đó tôi trở nên cực kỳ yếu đuối."
Nhãn khoa,"Tôi bị đau dạ dày và tiêu chảy nặng, bị sốt cao và đau đầu, vài ngày trước đây thật khó chịu."
Nhãn khoa,"Tôi đang bị đau bụng rất nặng, tôi cảm thấy buồn nôn, tôi cũng bị sốt nhẹ, tôi rất lo lắng."
Nhãn khoa,"Tôi bị ngập bụng và đau bụng, khó chịu trở nên tồi tệ hơn, và nó ảnh hưởng nghiêm trọng đến cuộc sống hàng ngày của tôi."
Nhãn khoa,"Tôi thường cảm thấy mệt mỏi, không muốn ăn gì, mỗi đêm tôi bị sốt cao, bị rộp, và tôi đã nôn từ hôm qua."
Nhãn khoa,"Tôi đã mất thèm ăn và nhận thấy giảm cân đáng kể. Tôi bị đau bụng, đặc biệt là ở vùng dạ dày và ruột. Tôi lo lắng về sức khỏe của mình."
Nhãn khoa,"Khá khó chịu dạ dày rất nặng và thường xuyên, cũng có nôn và tắc nghẽn. Tôi lo lắng về sức khỏe của mình."
Nhãn khoa,"Tôi bị tiêu chảy và phân nước thả nhiều lần mỗi ngày, tôi không còn ăn uống và cảm thấy buồn nôn suốt."
Nhãn khoa,"Tôi cảm thấy khá yếu, tôi bị khó chịu dạ dày và bị ngắt lưng, điều này thực sự làm tôi khó chịu, tôi có một sự mong muốn mạnh mẽ để nôn đôi khi, và kết quả là tôi không thể ăn gì."
Nhãn khoa,Tôi có một cơn đau lạ ở vùng bụng. Tôi không biết nguyên nhân của điều này là gì.
Nhãn khoa,"Tôi bị sốt cao, đặc biệt là vào ban đêm, nó khá khó chịu, có một chút đau đầu, cũng như tắc nghẽn và tiêu chảy. Tôi không cảm thấy muốn ăn gì cả."
Nhãn khoa,"Tôi đã có rất nhiều vấn đề để giữ nước vì nôn và tiêu chảy. Tôi có sốt cao, bị ngắt, và đau đầu. Tôi cũng bắt đầu bị đau lạ ở vùng dạ dày và tôi không thể làm bất cứ điều gì về thể chất."
Nhãn khoa,"Tôi đã bị đau đầu trong tuần qua và nó ngày càng tồi tệ hơn, đi kèm với đau dạ dày, tắc nghẽn và tiêu chảy."
Nhãn khoa,"Tôi đã giảm cân rất nhiều trong tuần qua vì tôi không thể ăn nhiều do buồn nôn và nôn. Sau đó có sốt cao, đau đầu và đau dạ dày."
Nhãn khoa,"Tôi bị tiêu chảy và tắc nghẽn, điều này khá đáng lo ngại. Trong dạ dày tôi bị đau nặng, đau đớn. Tôi liên tục mệt mỏi và không cảm thấy muốn ăn gì cả."
Nhãn khoa,"Tôi đã bị tiêu chảy và phân lỏng nhiều lần mỗi ngày. Tôi đã mất sự thèm ăn và luôn bị bệnh. Tôi cũng bị sốt nhẹ. Ngoài ra, phần bụng tôi đau rất nhiều. Tôi không biết lý do đằng sau tất cả những điều này là gì."
Truyền nhiễm,"Tôi bị ngứa rất nặng trên da, và nó khiến tôi điên lên. Tôi cũng bị phát ban đỏ và viêm."
Truyền nhiễm,"Tôi cảm thấy mệt mỏi và không có năng lượng, tôi hầu như không thể mở mắt vào ban ngày, và tôi cảm thấy chán nản và không thể động viên bản thân."
Truyền nhiễm,"Tôi đã bị sốt cao trong vài ngày qua, tôi không biết nguyên nhân của nó, tôi cũng nhận thấy phát ban trên da và tôi khó chịu khi cọa."
Truyền nhiễm,Tôi đã mất thèm ăn và dường như không thể ăn gì. Tôi lo lắng về sức khỏe của mình.
Truyền nhiễm,Có những vết đỏ nhỏ trên cơ thể tôi mà tôi không thể giải thích. Tôi lo lắng vì điều đó. Tôi cảm thấy cực kỳ mệt mỏi và cảm thấy sốt nhẹ mỗi đêm.
Truyền nhiễm,"Các hạch bạch huyết của tôi bị sưng, gây khó chịu ở cổ và cánh tay. Tôi không biết nguyên nhân của nó là gì."
Truyền nhiễm,"Tôi cảm thấy rất đau và khó chịu như thể có gì đó không ổn bên trong tôi không biết nó có thể là gì tôi nhận thấy những vết đỏ nhỏ trên cánh tay tôi, đó sẽ ngứa nếu tôi chạm vào chúng"
Truyền nhiễm,"Chứa làm tôi khó ngủ vào ban đêm, tôi không thể nghỉ ngơi, tôi cũng mất thèm ăn và bị ngơ."
Truyền nhiễm,"Tôi lo lắng về sự phát ban trên da tôi. nó lây lan nhanh chóng và gây ra rất nhiều khó chịu. tôi khó ngủ vào ban đêm vì sự ngứa,"
Truyền nhiễm,"Tôi không có năng lượng và tôi mất thèm ăn, tôi cảm thấy rất đau và tôi không biết có gì sai."
Truyền nhiễm,"Tôi bị phát ban da đỏ và viêm, và nó lan rộng khắp cơ thể tôi. Tôi đã trải qua ngứa dữ dội, đặc biệt là trên cánh tay và chân."
Truyền nhiễm,"Tôi đã bị sốt cao trong vài ngày qua, và nó bắt đầu làm tôi lo lắng. Tôi không biết nguyên nhân của nó. Ngoài ra, tôi có những vết đỏ trên cánh tay và chân, một số trong đó là sưng."
Truyền nhiễm,"Tôi bị phát ban da đỏ, sưng và nó lan khắp cơ thể tôi bị sốt nhẹ và gây ra nhiều khó chịu."
Truyền nhiễm,"Tôi cảm thấy mệt mỏi và không có năng lượng, tôi hầu như không thể mở mắt vào ban ngày, và tôi cảm thấy chán nản và không thể động viên bản thân."
Truyền nhiễm,Có những vết đỏ nhỏ trên cơ thể tôi mà tôi không thể giải thích. Những vết rộp đó ngứa và khó chịu và dường như lan nhanh.
Truyền nhiễm,"Chứa làm tôi khó ngủ vào ban đêm, tôi không thể nghỉ ngơi vì phát ban rất ngứa và khó chịu, tôi cảm thấy rất mệt mỏi và mệt mỏi."
Truyền nhiễm,"Tôi không có năng lượng và mất thèm ăn, bị sốt cao và đau đầu nặng và không biết có gì sai."
Truyền nhiễm,Bệnh sốt cao và các hạch bạch huyết sưng đang gây ra nhiều khó chịu cho tôi. Tôi bị đau đầu và cảm thấy yếu đuối và mệt mỏi. Tôi khó tập trung vì sốt.
Truyền nhiễm,"Phổ trên da tôi gây ra rất nhiều khó chịu. Nó đỏ và viêm, lan khắp cơ thể tôi. Phổ đi kèm với ngứa dữ dội, đặc biệt là trên cánh tay và chân tôi."
Truyền nhiễm,"Có những vết đỏ trên cơ thể tôi mà tôi không thể giải thích. Những vết đó ngứa và bắt đầu sưng, và chúng đang lan rộng nhanh chóng."
Truyền nhiễm,Tôi có các hạch bạch huyết nhỏ trên cánh tay và mặt.
Truyền nhiễm,"Tôi không có năng lượng và mất thèm ăn, tôi cảm thấy rất đau và không biết có gì sai. Ngoài ra, có những vết đỏ nhỏ bắt đầu xuất hiện trên da tôi."
Truyền nhiễm,"Tôi đã bị sốt nhẹ trong vài ngày qua, và nó bắt đầu làm tôi lo lắng."
Truyền nhiễm,"Tôi bị nốt lympho sưng và có những vết đỏ trên khắp cơ thể, và chúng gây khó chịu."
Truyền nhiễm,"Tôi bị ngứa nặng trên toàn cơ thể, và nó khiến tôi điên."
Truyền nhiễm,"Tôi thấy phát ban trên da, và tôi khó khăn để không cào, và tôi bị sốt cao trong vài ngày. Tôi không chắc chắn nguyên nhân của nó là gì."
Truyền nhiễm,"Tôi có những vết đỏ trên cơ thể tôi không hiểu, tôi lo lắng, tôi mất thèm ăn và mỗi đêm tôi mệt mỏi và bị đau đầu nặng."
Truyền nhiễm,"Tôi cảm thấy rất đau và mất thèm ăn, tôi thấy những vết đỏ trên cánh tay, cổ và mặt ngứa khi chạm vào chúng."
Truyền nhiễm,Tôi có những vết đỏ trên cánh tay và chân và ngứa trên chúng khiến tôi khó ngủ vào ban đêm.
Truyền nhiễm,"Các hạch bạch huyết lớn khiến tôi đau rất nhiều, tôi bị phát ban khắp cơ thể và không thể ngủ được cả đêm."
Truyền nhiễm,"Bệnh da của tôi gây ra nhiều đau và khó chịu, đỏ và sưng, và nó lan khắp cơ thể tôi."
Truyền nhiễm,"Tôi bị sốt cao và đau đầu nhẹ, tôi mệt mỏi hầu hết thời gian và hoàn toàn mất sự thèm ăn."
Truyền nhiễm,"Tay và mặt tôi bị nốt lympho nhỏ, bắt đầu sưng lên. Ngày của tôi đã trở nên vô cùng đau đớn vì sự ngứa gối và đau đớn liên tục."
Truyền nhiễm,"Tay và cổ tôi có các hạch bạch huyết lớn, chúng ngứa khi chạm vào chúng."
Truyền nhiễm,"Bệnh sởi da của tôi gây ra rất nhiều đau đớn. Ngoài ra còn có những vết đỏ nhỏ phát triển gần cổ tôi. Kể từ hôm qua, tôi bị sốt nặng, đau đầu và mệt mỏi."
Truyền nhiễm,"Tôi bắt đầu phát triển những vết đỏ nhỏ trên mặt và cổ, và nó ngứa khi chạm vào chúng."
Truyền nhiễm,"Tôi đã mất sự thèm ăn hoàn toàn và dường như không thể ăn gì, tôi cảm thấy như nôn và cảm thấy mệt mỏi, tôi nhận thấy phát ban trên da, điều này thực sự quan tâm đến tôi."
Truyền nhiễm,"Tôi bị sốt cao và đau đầu nặng, dường như không thể ăn gì và cảm thấy muốn nôn. Tôi cũng có một số vết đỏ phát triển trên cánh tay. Tôi thực sự lo lắng."
Truyền nhiễm,Tôi lo lắng về những vết đỏ trên da tôi. Nó lây lan nhanh chóng và gây ra rất nhiều vấn đề. Tôi cũng bị sốt nhẹ và đau đầu mỗi đêm.
Truyền nhiễm,"Tôi cảm thấy buồn nôn và khó chịu, tôi không chắc chắn nó là gì, tôi đã thấy phát ban trên cánh tay và chân, tôi đã mất sự thèm ăn và cảm thấy mệt mỏi mỗi ngày."
Truyền nhiễm,"Tôi bị nôn nôn ở cánh tay và chân, ngứa khi chạm vào chúng, cũng bị đau đầu và sốt nhẹ, tôi không muốn ăn gì và mất thèm ăn."
Truyền nhiễm,"Tôi thực sự mệt mỏi và thiếu năng lượng, tôi khó có thể mở mắt trong ngày, tôi bị sốt nhẹ và không muốn ăn gì, tôi cảm thấy mất thèm ăn."
Truyền nhiễm,"Tôi mệt mỏi, mất thèm ăn, nôn nôn và không thể ăn gì. Ngoài ra, có những vết đỏ nhỏ bắt đầu xuất hiện trên da và gần cổ."
Truyền nhiễm,"Có những vết đỏ nhỏ trên cơ thể tôi, vết đó ngứa và khó chịu."
Truyền nhiễm,"Tôi bị ngứa nặng trên toàn cơ thể, cùng với sốt và đau đầu. Những vết đỏ bắt đầu sưng và nó trở nên khó chịu mỗi ngày."
Truyền nhiễm,"Tôi cảm thấy mệt mỏi mỗi ngày, có những vết đỏ trên cánh tay và lưng và ngứa khi chạm vào chúng, tôi thực sự lo lắng và không biết phải làm gì."
Truyền nhiễm,"Bệnh sốt cao, nốt lympho sưng và đau đầu gây ra nhiều rắc rối cho tôi. Tôi không muốn ăn gì và cảm thấy yếu và mệt mỏi. Tôi khó tập trung vào cuộc sống hàng ngày."
Truyền nhiễm,"Tôi bị sốt cao, có những vết đỏ và phát ban trên khắp cơ thể, cảm thấy mệt mỏi và hoàn toàn mất sự thèm ăn, khiến tôi yếu đuối và ngơ."
Truyền nhiễm,Tôi đã thấy phát ban trên cánh tay và cổ và ngứa khi gãi chúng. Tôi cũng bị sốt cao trong vài ngày. Tôi không biết nguyên nhân của nó. ngứa gây ra cho tôi rất nhiều khó chịu.
Truyền nhiễm,Tôi có những vết bơm đỏ trên khắp cơ thể. Tôi bị ngứa khi chạm vào chúng.
Da liễu,Tôi bị phát triển một vết phơi da trên mặt và cổ.
Da liễu,Tôi bị phát triển phơi nhiễm da được tạo thành từ vết thương nhồi nhồi.
Da liễu,"Tôi bị sốt cao, có vết thương đỏ phát triển gần mũi tôi vết thương đau và có nước chảy màu vàng."
Da liễu,"Tôi thấy vết bàng quang ở mũi, và vết bàng quang đỏ lớn, và tôi thấy vết bàng quang lan rộng đến các phần khác của cơ thể."
Da liễu,"Tôi đã bị sốt cao trong vài ngày qua, vết thương đang phát triển gần mũi tôi, vết thương đau đớn và tôi cảm thấy rất khó chịu trong những ngày này."
Da liễu,"Da tôi bị phát triển phát ban, chủ yếu ở gần mũi."
Da liễu,"Tôi bị mệt mỏi và sốt cao, phát ban ở gần mũi và miệng, ngứa và làm tôi khó ngủ."
Da liễu,"Tôi bị sốt và yếu đuối nặng, bị vết thương trên khuôn mặt, vết thương ngứa và khó chịu, thường có một nước chảy màu vàng xuất hiện."
Da liễu,Tôi nhận thấy rằng vết thương mất nhiều thời gian để lành lại và dễ bị nhiễm trùng hơn.
Da liễu,"Tôi thấy vết bầm đỏ trên mặt và gần mũi, và phát ban đang lây lan nhanh hơn trên cổ và ngực."
Da liễu,Những vết thương xung quanh mũi tôi đã trở nên vỏ và khó chạm vào. Một nước chảy màu vàng-thịt đã được sử dụng để ra khỏi vết thương. Nó mất nhiều thời gian hơn để xử lý.
Da liễu,"Tôi phát triển một vết phơi ở mũi vài ngày trước, nhưng bây giờ, vết phơi đi kèm với cảm giác cháy và đỏ mặt da. Tôi cảm thấy đó là một loại nhiễm trùng."
Da liễu,"Lúc đầu, tôi bị vết thương đỏ nhỏ gần mũi và cổ, nhưng giờ tôi bị sốt cao và vết thương trở nên đau đớn và bị viêm hơn trong vài ngày qua."
Da liễu,"Tôi nhận thấy một vết ruột trên mặt tôi. Nó được tạo thành từ một vết bầm tím. Hôm nay tôi nhận thấy một chất lỏng màu vàng xuất hiện từ vết bầm tím, tôi không chắc chắn nó là gì."
Da liễu,Các vết thương trên mặt tôi bắt đầu khóc chất lỏng rõ ràng.
Da liễu,"Lúc đầu tôi bị phát ban trên mặt và gần mũi, nhưng giờ phát ban đang lan rộng xuống cánh tay và chân."
Da liễu,"Tôi bị sốt cao mỗi đêm và phát triển vết thương trên khuôn mặt, đặc biệt là gần mũi."
Da liễu,"Các vết thương xung quanh mũi tôi hiện đang được bao quanh bởi da đỏ, viêm."
Da liễu,"Tôi cũng bị chứng bệnh cúm, chẳng hạn như sốt và đau cơ thể. Tôi nhận thấy phát ban đỏ và vết bầm bột gần mũi và môi."
Da liễu,"Tôi bị sốt nhẹ, đau đầu, vết thương nhỏ gần mũi và phát ban trên cổ. Tôi đang trải qua một thời gian rất khó khăn ngay bây giờ."
Da liễu,"Có một vết phơi lột đặc biệt nặng xung quanh mũi tôi, với vết thương đỏ lớn đau đớn và có nước chảy màu vàng màu rỉ xuất phát từ chúng."
Da liễu,"Có vết thương trên khuôn mặt và chủ yếu gần mũi và môi, gây khó chịu hoặc đau đớn, và có sự phát ra chất lỏng màu vàng hoặc rỉ."
Da liễu,"Tôi đã phát triển vết thương trên mặt và mũi, tôi không chắc chắn nguyên nhân của điều này là gì."
Da liễu,"Những ngày qua, vết phơi trên mặt tôi trở nên đau đớn và bị viêm hơn, và vết thương bắt đầu khóc chất lỏng rõ ràng."
Da liễu,"Tôi bị phát ban trên mặt, bắt đầu bị vết thương nhỏ xung quanh mũi và thường xuyên xuất hiện chất lỏng màu vàng."
Da liễu,"Tôi cảm thấy rất đau, bị sốt cao, đau đầu, phát ban trên tay và mặt, tôi rất lo lắng về điều này. Hôm nay, tôi thấy vết thương đỏ gần mũi."
Da liễu,"Tôi đã bị sốt cao trong vài ngày qua, vết thương hình thành xung quanh mũi và có phơi ở các phần khác nhau của cơ thể, vết thương rất nặng và tôi cảm thấy rất khó chịu trong những ngày này."
Da liễu,"Tôi bị sốt cao và rất yếu, khuôn mặt tôi bị vết thương, mụn trứng cá ngứa và đau đớn, vết thương thường chảy ra nước chảy vàng."
Da liễu,"Tôi bị phát ban da với vết thương cháy. Các vết thương có mốc là đầy chất lỏng, cao, màu đỏ, không dễ chạm. Tôi cũng bị sốt cao."
Da liễu,"Tôi nghĩ tôi bị bệnh da, có mụn bàng trên mặt và vết thương nhỏ gần mũi, vết thương đã đỏ và đau đớn và một loại nước chảy vàng."
Da liễu,Tôi nhận thấy vết thương trên khuôn mặt của tôi lành lại chậm hơn và có nhiều khả năng bị nhiễm trùng hơn.
Da liễu,"Tôi bị sốt cao, bị phát ban da trên mặt, cổ và cánh tay, phát ban bao gồm vết thương đỏ cháy, tôi lo lắng về sức khỏe của mình."
Da liễu,"Tôi có phát ban trên da với vết thương, vết thương đầy chất lỏng, bị tổn thương cao, không dễ chạm vào."
Da liễu,"Tôi đang có nhiệt độ cao, gần mũi tôi, vết thương đỏ hình thành, vết thương đau đớn, và chất lỏng màu vàng chảy ra từ chúng."
Da liễu,"Tôi bị phát ban quanh mũi, cũng như vết thương đỏ lớn. Vàng phát phát phát phát ban đang lây lan đến các nơi khác trên cơ thể tôi, như tôi đã thấy."
Da liễu,Vòng mặt và mũi của tôi bị phủ bằng vết thương đỏ. Tôi đã quan sát thấy sự phát ban trên cổ và ngực của tôi lây lan nhanh hơn.
Da liễu,Vũ lông của tôi đã trở nên khó chạm vào và vết thương đã bị rò rỉ một chất lỏng màu vàng.
Da liễu,"Một vài ngày trước, tôi bị phát ban nhỏ xung quanh mũi. phát ban hiện nay đi kèm với cảm giác cháy và đỏ mặt da và chảy nước. Tôi tin đó là một loại nhiễm trùng."
Da liễu,"Lúc đầu, tôi bị vết thương đỏ nhỏ ở gần mũi và cổ, nhưng giờ tôi bị nhiệt độ cao, và những vết thương này trở nên đau đớn và bị viêm hơn trong những ngày gần đây."
Da liễu,"Bệnh phát ban đã phát triển xung quanh mũi và môi của tôi, với các vết thương đỏ khổng lồ đau đớn và phát ra một chất lỏng màu vàng màu rỉ."
Da liễu,"Mặt tôi bị bao phủ bởi vết thương, hầu hết ở gần mũi và môi, vết thương gây khó chịu và đau khổ, và chất lỏng màu vàng hoặc rỉ chảy ra."
Da liễu,"Tôi bắt đầu bị vết thương trên mặt và mũi, tôi không biết nguyên nhân của nó là gì, vết thương trên má của tôi rất lớn và kích thích khi chạm vào, và tôi bị cháy và da đỏ."
Da liễu,"Trong hai ngày qua, phơi rash trên mặt tôi đã trở nên nghiêm trọng hơn và viêm hơn, và các mụn bướm bắt đầu chảy máu khô sạch."
Da liễu,"Tôi cảm thấy mình bị bệnh da, mặt tôi bị phát ban và những vết bướm nhỏ quanh mũi, vết thương đỏ và đau đớn, và một chất lỏng vàng chảy ra từ chúng."
Da liễu,"Tôi đã quan sát thấy rằng các vết thương trên khuôn mặt tôi đang chữa lành chậm hơn và dễ bị nhiễm trùng hơn. Các vết thương trên má tôi rất lớn, khó chịu khi chạm vào, và rất khó điều trị. Tôi dường như không thể làm cho những vết thương này biến mất."
Da liễu,"Tôi có nhiệt độ cao, phát triển phát ban trên mặt, cổ và cánh tay, phát ban bao gồm các vết thương đỏ đau đớn, sức khỏe của tôi là mối quan tâm đối với tôi."
Da liễu,"Trong tuần qua, phơi nhiễm trên mặt tôi trở nên nghiêm trọng và đau đớn hơn, và vết thương bắt đầu phát ra một chất lỏng màu vàng."
Da liễu,"Tôi bị phát ban trên mặt, tôi có vết thương nhỏ quanh mũi, và thường xuyên chảy nước chảy vàng."
Da liễu,"Tôi cảm thấy khá bệnh, tôi bị sốt cao và đau đầu, xuất hiện vết phình trên cánh tay và mặt, tôi rất lo lắng về điều này. Tôi thấy vết thương đỏ quanh mũi và môi hôm nay."
Da liễu,"Những vết bàng quang trên mặt tôi không lành được. Tôi đã thử một số loại thuốc nhưng nó không giúp ích nhiều. Gần đây, tôi nhận thấy những vết thương nhỏ gần mũi."
Truyền nhiễm,"Tôi bị đau khớp và nôn nặng, phát triển một phơi da bao phủ toàn bộ cơ thể và đi kèm với ngứa dữ dội. "
Truyền nhiễm,"Tôi cảm thấy lạnh và run rẩy, mặc dù ở trong môi trường ấm áp, lưng tôi luôn đau và có những vết đỏ trên cánh tay."
Truyền nhiễm,Tôi bị đau khớp nặng khiến tôi khó di chuyển và thực hiện các hoạt động hàng ngày.
Truyền nhiễm,"Tôi thường nôn và mất thèm ăn, khớp và đau lưng liên tục."
Truyền nhiễm,"Tôi bị sốt cao, đau đầu và đau cơ thể nặng, tôi cảm thấy lạnh mỗi đêm, và sau mắt cũng có một cơn đau rõ ràng."
Truyền nhiễm,"Tôi cảm thấy rất mệt mỏi và mệt mỏi, và tôi không có năng lực để làm bất cứ điều gì."
Truyền nhiễm,"Tôi đã trải qua một cơn đau đầu nặng đi kèm với đau đớn sau mắt, tôi mất khẩu vị và cảm thấy lạnh mỗi đêm. "
Truyền nhiễm,"Tôi cảm thấy buồn nôn và luôn muốn nôn, đau đớn đớn đằng sau mắt và có những vết đỏ nhỏ trên cánh tay."
Truyền nhiễm,"Tôi có những vết đỏ trên cơ thể bị ngứa và viêm, cũng bị sốt cao, chớp lạnh và run rẩy. "
Truyền nhiễm,"Tôi bị đau cơ bắp khiến tôi khó di chuyển, bị mất khẩu vị, bị nôn, chân và lưng rất đau. "
Truyền nhiễm,"Tôi đã bị đau lưng nặng hơn khi ngồi hay đứng lâu, còn bị phát ban khắp cơ thể, đau sau mắt."
Truyền nhiễm,Phổ da tôi phát triển đi kèm với đỏ và sưng. Tôi không cảm thấy tốt vì tôi bị sốt nặng đi kèm với đau cơ thể.
Truyền nhiễm,Những cơn chém và run rẩy mà tôi đã trải qua đi kèm với cảm giác lạnh và sốt cao.
Truyền nhiễm,Đau khớp mà tôi đang trải qua là nặng và cảm thấy như đau liên tục.
Truyền nhiễm,"Tôi bị nôn nôn đi kèm với đau bụng và chóng mặt, tôi mất khẩu vị và cảm thấy yếu đuối, và sau mắt cũng bị đau."
Truyền nhiễm,Nhiệt quỵ cao mà tôi đã trải qua đi kèm với mồ hôi và yếu đuối.
Truyền nhiễm,Sự mệt mỏi mà tôi cảm thấy là cực kỳ và khiến tôi khó thực hiện các nhiệm vụ cơ bản.
Truyền nhiễm,Tôi bị đau đầu nặng và bị cảm thấy bị áp lực trong đầu. Tôi bị sốt nhẹ cùng với đau đầu. Có những vết đỏ nhỏ trên lưng.
Truyền nhiễm,Những cơn buồn nôn mà tôi cảm thấy đi kèm với sự mất thèm ăn và cảm giác khó chịu.
Truyền nhiễm,Đau cơ mà tôi đang trải qua là nặng và cảm thấy như đau liên tục. Có những vết đỏ trên khắp cơ thể tôi và sự ngứa gối gây ra cho tôi rất nhiều khó chịu.
Truyền nhiễm,"Tôi bị phát triển một cơn phơi da bao phủ toàn bộ cơ thể và bị ngứa dữ dội, đau cơ thể và bị sốt nhẹ, đau đầu và chớp lạnh."
Truyền nhiễm,"Tôi bị đau cơ thể, đau đầu và nôn, và phát triển những vết đỏ bao phủ toàn bộ cơ thể và gây ngứa nặng."
Truyền nhiễm,"Lưng tôi luôn đau, tay và cổ tôi bị phát ban, mắt tôi rất đau, tôi cũng bị sốt và chúng tôi lo lắng về sức khỏe."
Truyền nhiễm,"Tôi bị đau khớp đáng kể khiến tôi khó đi bộ và thực hiện các công việc hàng ngày. Tôi cũng mất sự thèm ăn, khiến tôi cảm thấy yếu và muốn nôn."
Truyền nhiễm,Tôi có một vết thương liên tục phía sau mắt. Tôi có những vết thương đỏ trên cổ và mặt và phát ban trên cánh tay.
Truyền nhiễm,"Tôi đã cảm thấy đau đớn và muốn nôn, đau đớn sau mắt và có những chấm đỏ sưng trên lưng."
Truyền nhiễm,"Những cơn rùng rùng và rùng rùng rùng của tôi cũng đi kèm với cảm giác lạnh và sốt rất cao, xuất hiện những vết ruột trên cánh tay và những vết đỏ trên cổ."
Truyền nhiễm,"Tôi bị đau khớp nặng, thường nảy mửa, và bị sốt vừa phải, bị chớp lạnh, và dường như không giảm ngay cả khi dùng thuốc."
Truyền nhiễm,"Vô của tôi đã được tiếp theo bởi đau bụng và chóng mặt, tôi đã mất sự thèm ăn và kết quả là cảm thấy yếu đuối, cánh tay, lưng, cổ đau hầu hết thời gian."
Truyền nhiễm,"Tôi bị phát triển những vết đỏ trên cánh tay và chân bị ngứa và viêm, cảm thấy buồn nôn và luôn muốn nôn."
Truyền nhiễm,"Tôi bị phát triển một vết ruột da bao phủ toàn bộ cơ thể tôi. Rút ruột đỏ và sưng, và tồi tệ hơn ở một số khu vực như cánh tay và chân tôi. Tôi cũng mất sự thèm ăn của tôi. "
Truyền nhiễm,"Tôi đã trải qua những cơn chấn thương và run rẩy, đau đớn mạnh ở lưng và phía sau mắt, cũng có những vết đỏ nhỏ trên lưng và cổ. "
Truyền nhiễm,Tôi đã trải qua một cơn đau khớp nặng khiến cho ngày tôi rất khó khăn.
Truyền nhiễm,"Tôi thường nôn và mất thèm ăn, bị mụn trứng cá và đau mắt khiến tôi không thể ngủ được."
Truyền nhiễm,Tôi bị sốt cao cùng với đau đầu nặng. Lạnh đi kèm với đau cơ thể và chớp lạnh cực kỳ. Tôi lo lắng về sức khỏe của mình và không biết phải làm gì.
Truyền nhiễm,"Tôi cảm thấy rất mệt mỏi và mệt mỏi, và tôi không có năng lực để làm bất cứ điều gì. Mệt mỏi quá nặng đến nỗi tôi khó có thể đứng dậy khỏi giường. Tôi nhận thấy những vết đỏ nhỏ trên cánh tay và chân. "
Truyền nhiễm,"Tôi bị đau đầu nặng, đau sau mắt, cảm thấy mệt mỏi và mệt mỏi vì thế tôi không thể làm việc cả ngày, tôi lo lắng về sức khỏe."
Truyền nhiễm,"Tôi cảm thấy buồn nôn và luôn muốn nôn, điều này đi kèm với sốt nhẹ và đau đầu. "
Truyền nhiễm,"Tôi bị phát triển phấn phát trên cơ thể, ngứa, mất thèm ăn và cảm thấy rất mệt mỏi cả ngày. Tôi cảm thấy có gì đó không ổn với cơ thể tôi."
Truyền nhiễm,"Tôi đã trải qua đau cơ và đau đầu. cơn đau cơ cảm thấy như một cơn đau liên tục và tồi tệ hơn khi tôi cố gắng sử dụng các cơ bị ảnh hưởng. Có những vết đỏ nhỏ phát triển trên khuôn mặt, cổ và cánh tay của tôi."
Truyền nhiễm,"Lưng tôi đau, tay và cánh tay tôi bị phát ban, mắt tôi bị đau rất nhiều, tôi cũng bị sốt nhẹ, khiến chúng tôi lo lắng về sức khỏe. "
Truyền nhiễm,"Tôi đang trải qua sốt rất cao và cảm lạnh mỗi đêm. Điều này thực sự làm tôi lo lắng. Hơn nữa, tôi không cảm thấy muốn ăn gì và lưng, cánh tay, chân đau rất nhiều. Có một cơn đau kỳ lạ ở mắt tôi. Tôi không thể thực hiện bất kỳ hoạt động thể chất nào. "
Truyền nhiễm,"Do nôn thường xuyên, tôi mất thèm ăn, cơ bắp, khớp và lưng liên tục đau, tôi cũng bắt đầu bị sốt, tôi rất lo lắng và không biết phải làm gì."
Truyền nhiễm,"Tôi bị sốt nặng, đau sau mắt và đau đầu, cảm thấy mệt mỏi và bực bội, khiến tôi không thể làm việc."
Truyền nhiễm,"Cả cơ thể tôi đau rất nhiều và tôi không muốn ăn gì. Tôi bị sốt nhẹ và bị cảm lạnh mỗi đêm. Ngoài ra, có một số vết đỏ phát triển trên lưng và cổ."
Truyền nhiễm,"Cảm giác nhổ nhổ và đau lưng mỗi ngày khiến tôi rất yếu, vì đau cơ thể, tôi không thể tập trung vào công việc và không muốn làm gì cả."
Truyền nhiễm,"Tôi cảm thấy đau cơ thể cực kỳ, tôi mất thèm ăn, phát triển phát ban trên cánh tay và mặt, đau sau mắt rất nhiều."
Truyền nhiễm,"Tôi bị phát triển phơi máu trên cơ thể, cũng bị sốt cao, bị chớp và đau đầu, đau khớp và lưng và đau ở phía sau mắt."
Truyền nhiễm,"Tôi cảm thấy buồn nôn và luôn muốn nôn, mỗi đêm tôi bị sốt cao, bị lạnh và cảm thấy tệ hại vì điều này."
Truyền nhiễm,"Tôi bị phát ban trên da, ngứa khi chạm vào chúng. Tôi không cảm thấy tốt vì đau khớp cả ngày. Vào ban đêm, tôi bị sốt nhẹ và bị chớp, do đó tôi cũng không thể ngủ được."
Da liễu,"Tôi có những khối u, một phơi trùng trông đỏ và viêm, những vùng da bị biến màu khác với phần còn lại của da, và ngứa trên da."
Da liễu,"Trên khắp cơ thể tôi, có sự ngứa nặng, sau đó là phát ban đỏ, vùi. da tôi cũng có một vài vết mờ và một vài vết bứt nhỏ, nốt."
Da liễu,"Tôi đã bị phát ban trên da trông giống như các vết bẩn, và tôi cũng có rất nhiều vụ nổ nốt và ngứa rất nặng. Trong tuần trước, nó đã trở nên tồi tệ hơn."
Da liễu,"Tôi bị phát ban không biến mất và ngứa trên da khó chịu, ngoài ra, tôi thấy một số vùng khác nhau màu sắc và bùng phát giống như nút hoặc khối trên da."
Da liễu,"Tôi bị phát ban khắp cơ thể, và tôi không thể ngừng cào vì da tôi ngứa, da tôi cũng có một vài điểm mà màu sắc bị thay đổi và một số khối u và mụn giống như nút."
Da liễu,"Gần đây, da tôi khá ngứa, và tôi bị phát ban khắp cơ thể. Da tôi cũng có một vài điểm thay đổi màu sắc và một số khối u và mụn như nút."
Da liễu,"Da tôi bị ngứa nhiều và phát triển phát ban, ngoài ra, tôi có một vài vùng da khác màu hơn phần còn lại, và tôi có một vài vết nhăn cứng hoặc vỡ trên da."
Da liễu,"Cả cơ thể tôi bị ngứa như điên, và bây giờ có những vùng đỏ khắp nơi. Ngoài ra, một số vết bẩn có một sắc thái khác với làn da tự nhiên của tôi. Và trên da tôi, có những khối u hoặc mụn đã phát triển."
Da liễu,"Da tôi gần đây bị ngứa và dễ bị phát ban, và có những vết bẩn khác với màu da tự nhiên của tôi, và bây giờ da tôi có những khối u hoặc vết bùng phát không có trước đây."
Da liễu,"Tôi có nhiều mụn đỏ trên cánh tay và chân, da ngứa, da có một vài vết thương lạ lùng, và đôi khi có những vết bùng phát hơi khó chịu."
Da liễu,"Tôi có một làn da ngứa và nhiều vết bốc đỏ trên cánh tay và chân, cũng có một số điểm trông kỳ lạ trên da của tôi và đôi khi có những vết bốc có cảm giác khá cứng."
Da liễu,"Bác sĩ, tôi có một vết phơi rất ngứa trên da và có một số vết bẩn kỳ lạ có màu khác nhau."
Da liễu,"Bác sĩ, da tôi bị phủ đầy phấn phát, cùng với một số vết bẩn khác nhau."
Da liễu,"Tôi có nhiều vết ngứa trên da, đôi khi chúng trở nên đỏ hoặc rộp, cũng có một số vết bẩn khác nhau màu sắc so với phần còn lại của da, và đôi khi tôi có những vết rộp kỳ lạ trông giống như quả bóng nhỏ."
Da liễu,"Da tôi thường bị ngứa, đôi khi có thể đỏ hoặc thô, đôi khi còn có những vết nhăn kỳ lạ giống như những quả bóng nhỏ và có những vết nhăn kỳ lạ có màu sắc khác với phần còn lại của da."
Da liễu,"Bác sĩ, tôi có những vết ruột đỏ liên tục xuất hiện và da tôi liên tục ngứa."
Da liễu,"Tôi đã trải qua một số ngứa rất mạnh trên toàn cơ thể, cùng với đỏ mặt và vết bùng trên da. Ngoài ra còn có những vết bùng khác nhau màu sắc so với phần còn lại của da, và đôi khi tôi có những nút trông giống như vết bùng nhỏ."
Da liễu,"Tôi đã gào xước khắp cơ thể tôi đến nỗi da tôi đã trở nên đỏ và phát triển mụn, và đôi khi tôi cũng có những mụn giống mụn nhỏ, cũng như những vết bẩn kỳ lạ khác với phần còn lại của da tôi."
Da liễu,"Tôi đã trải qua rất nhiều ngứa, mà đi kèm với một phơi nhiễm xuất phát dường như ngày càng tồi tệ hơn theo thời gian. Ngoài ra còn có một số vùng da khác màu so với phần còn lại, và tôi đã phát hiện ra một số khối u giống như các nút nhỏ."
Da liễu,"Tôi đã có rất nhiều vấn đề với ngứa, và nó đi kèm với một phát ban dường như trở nên tồi tệ hơn theo thời gian. Ngoài ra còn có một số vết bẩn da có màu sắc khác với những người khác, và tôi đã nhận thấy một số vết bầm nhìn như các nút nhỏ."
Da liễu,"Bác sĩ, da tôi bị phủ đầy phấn phát và có một vài vết bẩn khác nhau màu sắc."
Da liễu,"Tôi bị ngứa rất nhiều, và nó đi kèm với một phơi nhiễm xuất phát dường như trở nên tồi tệ hơn theo thời gian. Ngoài ra còn có một số vết bẩn da có màu sắc khác với phần còn lại của da, cũng như một số khối u giống như các nút nhỏ."
Da liễu,"Da tôi gần đây bị ngứa và dễ phát ban, và nhiều vết bẩn khác với màu da bình thường của tôi, và bây giờ tôi có khối u hoặc bột trên da mà trước đây không có."
Da liễu,Một vết ruột xuất hiện trên toàn da của tôi đã đi kèm với những cơn ngứa và khó chịu mạnh mẽ gần đây.
Da liễu,"Da tôi luôn ngứa, đôi khi nó trở nên khá thô và đỏ. Ngoài ra, đôi khi tôi có những mụn nhỏ giống như quả bóng nhỏ và một số vết khác màu so với phần còn lại của da tôi. Nó làm tôi khó chịu và ngứa nặng."
Da liễu,"Tôi có nhiều vết ngứa trên toàn da, và đôi khi nó trở nên đỏ và rách rách. Ngoài ra còn có một số vết bẩn khác với phần còn lại của da, và đôi khi tôi có những vết rách rách trông giống như quả bóng nhỏ. Nó thực sự khó chịu và ngứa."
Da liễu,"Tôi có một số vết ngứa khá kích thích trên toàn cơ thể, và da tôi cũng có một vài vùng đỏ, vùi. Tôi cũng có một số mụn giống như quả bóng nhỏ và các vết khác màu khác với phần còn lại của da tôi. "
Da liễu,"Tôi có một vết ngứa khá khó chịu trên toàn cơ thể, cũng như những vùng đỏ và vùi trên da, cũng có một số vết bẩn khác nhau của da và tôi có một số mụn mà giống như những quả bóng nhỏ."
Da liễu,"Tôi có sự ngứa thật sự trên toàn cơ thể, và tôi cũng có những vết đỏ và vùi trên da. Ngoài ra còn có một số vùng có màu khác với phần còn lại của da, và tôi có một số vết vùi trông giống như những quả bóng nhỏ."
Da liễu,"Tôi có một sự ngứa khá khó chịu trên toàn cơ thể, cũng như những vùng đỏ và vùi trên da, cũng có một số vết bẩn của da có một sắc thái khác biệt so với phần còn lại, và tôi có một số mụn mà giống như những quả bóng nhỏ."
Da liễu,"Tôi bị ngứa thật sự gần đây và có những vết bẩn trên làn da của tôi, cũng có một số khu vực trông khác nhau trong bóng hơn phần còn lại của da của tôi, và tôi đã có một số vết bùng phát khá cứng."
Da liễu,"Tôi gần đây bị ngứa, và có những vết nhăn trên da, cũng có một số vùng màu đen hơn phần còn lại của da, và tôi có một số khối cứng."
Da liễu,"Tôi gần đây bị ngứa, và có những vết bẩn trên da, cũng có một số vùng màu đen hơn phần còn lại của da, và tôi có một số khối u đau đớn."
Da liễu,"Gần đây, tôi đã tự xước nhiều, da tôi bị phủ đầy những chỗ rách rách, và tôi cũng có một vài vết nhăn khá cứng, và có một số điểm khác trên cơ thể có màu nâu khác với phần còn lại của da tôi."
Da liễu,Da tôi rất ngứa và có những vết rác khắp nơi cũng có một số vết bẩn trông khác màu so với phần còn lại của da tôi và tôi đã có một số vết bùng cứng.
Da liễu,"Da tôi rất xước, và có phơi ở khắp cơ thể tôi. Tôi có một số vết bùng khá vững chắc, cũng như một số vùng tối hơn so với phần còn lại của da tôi."
Da liễu,"Ngoài ra, tôi có một số vết bùng khá cứng và một số vết bùng khác màu so với phần còn lại của da."
Da liễu,"Gần đây, tôi đã tự xước rất nhiều, và da tôi bị phủ đầy những nơi rồ rồ. Ngoài ra, có một vài điểm mà da tôi không có vẻ như là màu sắc bình thường, và tôi đã trải qua một vài khối u khá đau đớn."
Da liễu,"Tôi bị ngứa thật nhiều gần đây và có những vết bẩn trên da tôi. còn có một số vùng không giống màu da bình thường của tôi, và tôi đã có một số vết bùng cứng"
Da liễu,"Tôi gần đây bị ngứa, và có những vùng rách rách trên toàn cơ thể, cũng có một số vùng không giống như màu sắc điển hình của da tôi, và tôi đã trải qua một số khối u cứng."
Da liễu,"Tôi bị ngứa và có những vết bẩn trên làn da gần đây, cũng có một số vùng không giống như làn da bình thường, và tôi đã trải qua một số vết bùng phát đau đớn."
Da liễu,"Gần đây, tôi tự ngứa rất nhiều, da tôi bị phủ đầy mảng mảng rác, còn có một vài vùng mà da tôi không giống như bình thường, và tôi đã trải qua một vài khối u cực kỳ đau đớn."
Da liễu,"Tôi luôn bị ngứa và có những vết đỏ và vùi trên da, cũng có một số vết bẩn khác màu so với phần còn lại của da, và tôi có một số vết bột giống như những khối nhỏ."
Da liễu,"Ngoài ra, tôi có một số vết rộp giống như những khối nhỏ và một số vết bẩn có màu sắc khác với phần còn lại của cơ thể."
Da liễu,"Tôi có nhiều ngứa trên da, đôi khi biến thành phát ban, cũng có một số vết bẩn khác nhau màu sắc của da so với phần còn lại của tôi, và đôi khi tôi có những mụn nhỏ giống như nốt."
Da liễu,"Tôi có xu hướng ngứa trên da, thường biến thành phát ban, cũng có một số vết bẩn khác nhau với phần còn lại của da, và tôi thường bị những khối u nhỏ bắt chước các nút."
Da liễu,"Tôi đã trải qua rất nhiều ngứa trên da, và đôi khi nó biến thành phát ban. Cũng có một số vết bẩn lạ của da khác màu so với phần còn lại của tôi, và đôi khi tôi có những vết bùng nhỏ trông giống như nốt."
Da liễu,"Cơ thể tôi bị ngứa rất nhiều, và bây giờ có những vết đỏ khắp nơi, một số vết khác nhau về sắc thái với làn da tự nhiên của tôi. Và có những khối u hoặc mụn mà đã xuất hiện trên da tôi."
Da liễu,"Gà tôi gần đây rất ngứa, đôi khi nó phát ra phơi máu, ngoài ra, tôi có một vài vùng da khác nhau màu sắc so với phần còn lại của tôi, và đôi khi tôi phát triển những vết bùng nhỏ trông giống như nốt."
Da liễu,"Hiện nay, trên toàn cơ thể tôi có những vết đỏ, nơi tôi bị ngứa kinh khủng khắp nơi, một vài vết khác nhau về sắc da với làn da tự nhiên của tôi, và những khối u hoặc vết bùng phát này đã phát triển trên làn da của tôi."
Hô hấp,"Tôi không thể ngừng kháy và mũi tôi thật sự chảy. Tôi cũng rất lạnh và mệt mỏi mọi lúc, và tôi đã ho nhiều. Nhiệt độ của tôi cũng rất cao, như là quá bình thường."
Hô hấp,"Tôi có mũi chảy rất nhiều, và dường như tôi không thể ngừng kháy. Ngoài ra, tôi liên tục cảm thấy lạnh, mệt mỏi, và ho nhiều."
Hô hấp,Tôi đang kháy liên tục và tôi không thể lật đổ cái lạnh này tôi cảm thấy thực sự yếu và mệt mỏi và ho của tôi không biến mất.
Hô hấp,"Tôi luôn kháy và không thể làm cho cái lạnh này biến mất, tôi cảm thấy yếu và mệt mỏi, và ho của tôi không ngừng lại, nhiệt độ của tôi rất cao."
Hô hấp,"Tôi luôn kháy và cơ thể tôi đang rung động vì lạnh, tôi quá mệt, tôi hầu như không thể di chuyển và đầu tôi đang chết."
Hô hấp,"Tôi luôn kháy, lạnh khiến cơ thể tôi run rẩy, tôi quá mệt mỏi đến nỗi tôi hầu như không thể di chuyển, và đầu tôi đau."
Hô hấp,"Tôi đã khá mệt mỏi và bị bệnh, tôi kháy liên tục và khá lạnh, đầu tôi đập, và tôi thiếu năng lượng, ngoài ra, tôi có sốt rất cao và cảm thấy như đang cháy."
Hô hấp,"Tôi cảm thấy rất mệt mỏi và bệnh tật, tôi kháy rất nhiều và dường như không thể ấm lên, tôi quá mệt mỏi và đầu tôi đang chết, và cơn sốt của tôi rất cao, như thể tôi đang nấu."
Hô hấp,"Tôi đã khá mệt mỏi và bị bệnh. Tôi đã bị đau cổ họng, và tôi đã bị ho khá khó chịu. Tôi có rất nhiều cơn lạnh và nhiệt độ khá cao. Tôi cảm thấy cực kỳ yếu đuối và bị mất sức."
Hô hấp,"Tôi đã khá mệt mỏi và bị bệnh, tôi đã kháy nhiều và đang có vấn đề để ấm lên, tôi rất mệt mỏi, và đầu tôi đau, và tôi cảm thấy như tôi đang nồng nhiệt với nhiệt độ cao của tôi."
Hô hấp,"Tôi không thể ngừng kháy, tôi cảm thấy rất mệt mỏi và ngốc, cổ họng tôi rất đau, tôi có rất nhiều thứ ngốc trong mũi và cổ họng tôi cũng cảm thấy bị sưng và sưng."
Hô hấp,"Tôi không thể ngừng kháy, tôi mệt mỏi và bị bệnh, cổ họng tôi thật sự không thoải mái, và có rất nhiều rác trong mũi và cổ họng tôi cũng bị sưng và sưng."
Hô hấp,"Tôi cứ kháy, tôi đau khổ và mệt mỏi, tôi có nhiều thứ ngập nở trong mũi và cổ họng, và cổ họng tôi rất đau, cổ tôi cũng bị sưng và sưng."
Hô hấp,"Tôi cảm thấy rất mệt mỏi và đau bụng, ho nặng và cổ họng tôi rất đau, tôi bị áp lực động mạch và mũi bị tắc nghẽn, tôi rất khó chịu và mệt mỏi."
Hô hấp,"Tôi kháy nhiều, cảm thấy mệt mỏi và bệnh tật, cũng có nhiều thứ ghê tởm ra khỏi mũi, cổ tôi rất xước, và cổ tôi cũng bị sưng."
Hô hấp,"Tôi đã thở dài rất nhiều và thường cảm thấy ốm và mệt mỏi. Vòng họng tôi rất xước, và rất nhiều thứ ghê tởm chảy ra khỏi mũi tôi."
Hô hấp,"Các mũi kinh của tôi cảm thấy quá đông đúc, mắt tôi liên tục đỏ, tôi chỉ liên tục cảm thấy kiệt sức và mệt mỏi, ngoài ra, tôi có nhiều phlegm khó chịu trong cổ họng, các hạch bạch huyết của tôi cảm thấy bùng nổ, và thở khó khăn."
Hô hấp,"Mắt tôi rất đỏ và mũi tôi bị tắc nghẽn, tôi chỉ không có năng lượng và cổ họng tôi rất ngứa, tôi cũng nhận thấy các hạch bạch huyết của tôi bị sưng và tôi bị ho nhiều."
Hô hấp,"Các mũi kinh của tôi bị ngập, mắt tôi khá đỏ, tôi chỉ thiếu năng lượng, và cổ họng tôi rất bị nếp nhăn. Cùng với sự sưng của các hạch bạch huyết, tôi cũng bị ho nhiều."
Hô hấp,"Đôi mắt tôi luôn đỏ và ngứa, mũi tôi cảm thấy ngập và đông đúc. Tôi cảm thấy bị ốm và mệt mỏi mọi lúc, và tôi cứ ho lên. Vòng tôi cảm thấy đau và nếp nhăn, và tôi nhận thấy rằng các vết bùng trên cổ tôi lớn hơn bình thường."
Hô hấp,"mũi tôi luôn bị tắc nghẽn và tắc nghẽn, mắt tôi luôn đỏ và ngứa, tôi cảm thấy không khỏe và mệt mỏi, và tôi cứ đập nát cái bông này, tôi có một cái cổ tràng, kích thích, và tôi đã thấy rằng vết bùng cổ của tôi lớn hơn bình thường."
Hô hấp,"Tôi cứ kháy, mắt tôi không ngừng nhỏ giọt. Tôi rất khó thở vì cảm thấy như có thứ gì đó bị mắc kẹt trong cổ họng. Tôi thường cảm thấy mệt mỏi, và gần đây, tôi đã có rất nhiều nhồi máu. Hơn nữa, các hạch bạch huyết của tôi đã mở rộng."
Hô hấp,Đôi mắt tôi luôn đỏ và nước. Tôi cũng có áp lực ở chân phế không thể biến mất. Tôi luôn cảm thấy mệt mỏi và khó thở. Tôi cũng có nhiều khối u trong cổ họng và các hạch bạch huyết của tôi bị sưng.
Hô hấp,"Đôi mắt tôi liên tục đỏ và chảy. Một sự chặt chẽ liên tục trong chân phổi của tôi cũng đã làm phiền tôi. Tôi đã có rất nhiều khó khăn trong việc thở và liên tục cảm thấy mệt mỏi. Ngoài ra, tôi có rất nhiều chất nhầy cổ họng và các hạch bạch huyết viêm."
Hô hấp,"Nó làm tôi cảm thấy mũi tôi bị tắc nghẽn, mắt tôi luôn rất đỏ và chảy. Ngoài ra, ngực tôi đau và tôi có rất nhiều vấn đề về hô hấp. Ngoài ra, cơ bắp tôi cảm thấy khá đau, và tôi không thể ngửi thấy gì cả."
Hô hấp,"Đôi mắt thường đỏ và chảy, mũi luôn bị ngập, cũng khó thở và ngực đau, ngoài ra tôi không ngửi thấy gì và cơ bắp khá đau."
Hô hấp,"Đôi mắt tôi thường đỏ và bị viêm, và tôi có cảm giác có gì đó tắc nghẽn mũi tôi. Tôi đã ho nhiều, và ngực tôi đau. Tôi không ngửi thấy gì, và cơ bắp của tôi đau."
Hô hấp,"Đôi mắt tôi luôn đỏ và sưng, và tôi cảm thấy như có thứ gì đó chặn chân phổi tôi đã ho lên rất nhiều và ngực tôi cảm thấy rất nặng tôi không ngửi thấy gì và cơ bắp tôi rất đau"
Hô hấp,"Tôi ho nhiều, cảm thấy lạnh và sợ hãi. mũi tôi bị tắc nghẽn, và tôi bị áp lực trên khuôn mặt. Tôi cũng bị nhăn nhăn nhiều, và ho đau ngực tôi. Tôi không ngửi thấy gì, và cơ bắp của tôi đau."
Hô hấp,"Trong nhiều ngày, tôi bị ho và cảm lạnh, mũi bị tắc, và tôi bị áp lực trên mặt, tôi cũng bị nhồi nhát, và ho đau ngực, tôi không ngửi thấy gì, và cơ bắp của tôi đau."
Hô hấp,"Tôi đã ho và cảm lạnh nhiều ngày, mũi tôi bị tắc nghẽn, và tôi bị áp lực trên mặt, tôi cũng ho và nhầy, và đau ngực, tôi không ngửi thấy gì và cơ bắp của tôi đau."
Hô hấp,"Tôi bị ho và cảm lạnh trong nhiều ngày. Cục hưng phế bị tắc nghẽn, khuôn mặt bị căng thẳng. Ngoài ra, tôi bị ho và ngực đau, tôi không có cảm giác ngửi và cơ bắp đau rất nhiều."
Hô hấp,"Tôi ho liên tục và rùng rùng rùng, mũi bị ngập, khuôn mặt bị căng thẳng, cổ họng bị ho và ngực đau, cơ bắp đau rất nhiều, tôi không ngửi thấy gì cả."
Hô hấp,"Tôi không thể ngừng ho và cảm thấy rất lạnh, mũi tôi bị tắc, mủ rất nhiều, ngực tôi đau và tôi không ngửi thấy gì, cơ bắp tôi cũng rất đau."
Hô hấp,"Tôi ho liên tục và rất lạnh, sản lượng nhầy quá nhiều, mũi tôi bị tắc, tôi không ngửi thấy gì, ngực tôi đau, cơ bắp tôi cũng rất đau."
Hô hấp,"Tôi không thể ngừng ho và tôi bị đông lạnh, mũi tôi bị tắc hoàn toàn, và tôi bị tràn ngập chất nhầy, ngực tôi đau, tôi không thể ngửi thấy gì, cơ bắp tôi cũng rất đau."
Hô hấp,"Tôi ho nhiều và khó thở, cổ họng đau, tôi cảm thấy như có nhiều nhồi máu bị mắc kẹt trong ngực, mũi tôi chạy nhiều, và tôi cảm thấy quá đông đúc."
Hô hấp,"Tôi đã khá mệt mỏi và bị bệnh. Tôi đã bị đau cổ họng, và tôi đã bị ho khá khó chịu. Tôi có rất nhiều cơn lạnh và nhiệt độ khá cao. Tôi cảm thấy cực kỳ yếu đuối và bị mất sức."
Hô hấp,"Tôi đã trải qua sự mệt mỏi nặng và cảm giác đau đớn. Tôi đã bị đau cổ họng và ho khá nặng. mũi tôi khá ngập, và tôi đã bị áp lực động mạch. Tôi thực sự đau khổ và cực kỳ mệt mỏi."
Hô hấp,"Tôi đã cảm thấy rất đau và rất mệt mỏi, tôi bị ho nặng và cổ họng tôi rất đau, tôi bị áp lực ở vùng não và mũi tôi bị tắc nghẽn, tôi cảm thấy rất đau khổ."
Hô hấp,"Tôi đã khá mệt mỏi và bị bệnh. Tôi bị đau cổ họng, và tôi bị ho khá khó chịu. Tôi bị cảm lạnh và nhiệt độ khá cao. Nói một cách đơn giản, tôi cảm thấy thật sự yếu đuối."
Hô hấp,"Tôi đã rất mệt mỏi và bị bệnh, tôi bị ho nặng, đau cổ họng, bị cảm lạnh và nhiệt độ khá cao, tôi cảm thấy mệt mỏi và chạy xuống."
Hô hấp,"Tôi không thể ngừng kháy, mũi tôi chảy, tôi cũng luôn lạnh và mệt mỏi, và tôi ho nhiều."
Hô hấp,"Tôi cảm thấy rất tệ, bị tắc nghẽn và chảy mũi, ho và đau ngực, sốt rất cao và tôi bị khó chịu cơ bắp nặng."
Hô hấp,"Tôi bị sưng và mệt mỏi, cổ họng bị nứt, mắt bị đỏ, mũi bị tắc, mặt bị áp lực, ngực đau, và tôi không thể ngửi thấy gì."
Hô hấp,"Tôi thiếu năng lượng và cảm thấy như cổ tôi bị phồng lên. Mắt tôi đỏ, cổ họng tôi bị nứt. Tôi bị tắc nghẽn nghiêm trọng ở lỗ mũi, khuôn mặt tôi bị áp lực. Tôi không ngửi thấy gì, ngực tôi đau."
Hô hấp,"Tôi cảm thấy khá yếu, các hạch bạch huyết của tôi đã bị làm lớn, mắt tôi bị cháy, cổ họng tôi đau, mũi tôi bị căng thẳng, mũi tôi bị ngập, tôi không ngửi thấy gì, ngực tôi đau."
Hô hấp,"Tôi đã ho và cảm lạnh khủng khiếp trong nhiều ngày. Mặt tôi mệt mỏi và mũi tôi bị tắc. Ngoài ra, ngực tôi đau vì phlegm tôi đã ho. Tôi không thể ngửi thấy, và cơ bắp của tôi đau khủng khiếp."
Hô hấp,"Tôi luôn có đôi mắt đỏ, nước chảy. Các mũi tôi cũng bị khó chịu bởi sự ngắt chặt liên tục. Tôi thở khá khó, và tôi cảm thấy mệt mỏi suốt thời gian. Các hạch bạch huyết của tôi bị kích thích, và tôi cũng có nhiều chất rỉ cổ họng."
Hô hấp,"Tôi luôn bị nóng bỏng, mắt phồng và cảm giác có gì đó cản trở mũi tôi ngực tôi cảm thấy khá nặng, và tôi đã ho nhiều chất rác tôi không có cảm giác ngửi và cơ bắp tôi rất đau."
Hô hấp,"Tôi cảm thấy rất lạnh và mệt mỏi gần đây, và tôi đã ho nhiều với đau ngực. Tim tôi cũng đập rất nhanh, và khi tôi ho, phlegm có một màu rỉa mai."
Hô hấp,"Gần đây tôi bị ho nhiều, đau ngực, cảm thấy lạnh và mệt mỏi, trái tim đập nhanh, và vỏ nước tôi ho có màu đỏ."
Hô hấp,"Tôi cảm thấy rất mệt mỏi và lạnh, và tôi không thể ngừng ho. Tôi bị đau ngực khi làm thế, và tim tôi cảm thấy như là đang vội vàng."
Hô hấp,"Tôi mệt mỏi và lạnh lùng, và tôi không thể ngừng ho, khi tôi làm thế, nó làm đau ngực và làm cho tim tôi chạy."
Hô hấp,"Tôi bị cảm thấy lạnh và mệt mỏi, và dường như tôi không thể lật đổ ho này, ngực tôi đau khi ho, và tim tôi cảm thấy như nó đang chạy một triệu dặm một giờ."
Hô hấp,"Tôi cảm thấy lạnh, cảm thấy mệt mỏi, và dường như tôi không thể thoát khỏi ho này. Khi ho, ngực tôi đau và trái tim tôi cảm thấy như thể nó đang đập một triệu dặm một giờ. Tôi ho lên một phlegm màu rỉ chóc xấu xí."
Hô hấp,"Tôi cảm thấy rất yếu và lạnh gần đây, và ho này không biến mất, đau ngực khi ho, và tim tôi đập, chất nhầy tôi đang đưa lên là màu nâu rỉ."
Hô hấp,"Tôi bị cảm giác lạnh và cảm thấy rất mệt mỏi, và ho này không thể biến mất, ngực tôi đau khi ho, và tim tôi đang đập, chất nhầy tôi đang đưa lên là màu nâu xấu xa."
Hô hấp,"Tôi cảm thấy lạnh, cảm thấy rất mệt mỏi, và ho của tôi không thể biến mất khi tôi ho, ngực tôi đau và tim tôi đập."
Hô hấp,"Tôi có sốt rất cao, và tôi có vấn đề thở. Tôi đổ mồ hôi rất nhiều và cảm thấy rất lạnh và mệt mỏi. Tim tôi đập rất nhanh, và tôi có một số vết bẩn nâu."
Hô hấp,"Tôi có vấn đề về hô hấp và sốt rất cao, tôi đổ mồ hôi rất nhiều, cảm thấy mệt mỏi và lạnh, tim tôi đang đập và tôi ho lên một số chất nhầy màu nâu."
Hô hấp,"Tôi có nhiệt độ rất cao, và tôi khó thở. Tôi đổ mồ hôi rất nhiều, và tôi run rẩy vì cảm lạnh. Tôi thực sự mệt mỏi, và tim tôi đập rất nhanh. Tôi cũng có một số phlegm màu nâu đang xuất hiện."
Hô hấp,"Tôi đang khó thở, và sốt rất cao, tôi đổ mồ hôi và run rẩy vì lạnh, tim tôi đập nhanh, tôi khá mệt mỏi, và tôi sắp bị nhốm nâu."
Hô hấp,"Bệnh sốt cao, khó thở, đổ mồ hôi, cảm thấy lạnh và mệt mỏi, tim đập rất nhanh, và có một số vết nứt màu nâu."
Hô hấp,"Tôi có sốt rất cao, và tôi có vấn đề về hô hấp. Tim tôi đang đập nhanh, tôi đổ mồ hôi rất nhiều, và tôi cảm thấy lạnh và mệt mỏi. Tôi cũng sắp ho ra một số phlegm màu nâu."
Hô hấp,"Tôi cảm thấy rất đau đớn vì sốt cao, khó thở, đổ mồ hôi, chấn thương và mệt mỏi cực kỳ."
Hô hấp,"Với nhiệt độ cao, khó thở, đổ mồ hôi, chấn thương và mệt mỏi nặng, tôi cảm thấy khá tệ. Tôi ho nhiều mực nâu và nhịp tim của tôi tăng nhanh."
Hô hấp,"Tôi đang rất khó thở và đổ mồ hôi, tôi cảm thấy rất đau và có nhiều chất nhầy trong cổ họng, ngực đau và tim tôi đang vội vàng, chất nhầy tôi ho đen và trông giống như bụi."
Hô hấp,"Tôi đổ mồ hôi rất nhiều và khó thở, tôi cảm thấy khá đau, và cổ họng tôi rất nhầy nhầy, tim tôi đập, ngực tôi đau, tôi ho nhầy nhầy nhầy nhầy giống như bụi."
Hô hấp,"Tôi rất khó thở và rất khó chịu, cảm thấy không khỏe, đổ mồ hôi, ngực đau, cổ họng nhầy quá, tim tôi đang đập và màu nhầy tôi ho lại đã biến mất."
Hô hấp,"Tôi không có đủ không khí và đổ mồ hôi nhiều, tôi không cảm thấy tốt, và có nhiều phlegm trong cổ họng, ngực đau và tim tôi đang vội vàng, chất nhầy tôi ho lên có màu đỏ."
Hô hấp,"Tôi đổ mồ hôi quá nhiều và dường như không thở đủ, cổ họng đầy chất nhầy, tôi không cảm thấy tốt, tim đập, ngực đau, tôi ho với chất nhầy màu đỏ."
Hô hấp,"Tôi không thể thở được, ngơ quá nhiều, cảm thấy rất đau, có nhiều vết nhăn trong cổ họng, ngực đau và tim nhịp nhịp, chất nhầy tôi ho lên màu vàng."
Hô hấp,"Tôi đang đổ đổ đổ đổ đổ và dường như không thể thở được, cổ họng tôi đầy rộp, tôi cảm thấy tệ hại, tim tôi đập, ngực tôi đau, tôi ho với chất rỉ nâu."
Hô hấp,"Tôi khó thở và cảm thấy không thoải mái, tôi đổ mồ hôi nhiều, và có nhiều vết nhăn trong cổ họng, ngực đau và tim đập nhanh, chất nhầy tôi ho hâu."
Hô hấp,"Tôi đang khó thở và khá khó chịu, cổ họng tôi đầy rộp, và tôi đổ mồ hôi rất nhiều, tim tôi đang đập, ngực tôi đau, tôi ho lên vùi đỏ."
Hô hấp,"Tôi không thể thở được, tôi đổ mồ hôi nhiều, tôi cảm thấy rất đau, tôi bị nhồi nhói trong cổ họng, ngực đau và tim tôi đang vội vàng, chất nhầy tôi ho là nâu và sơn."
Hô hấp,"Tôi đang đổ đổ đổ đổ đổ và dường như không thể thở được, cổ họng tôi đầy rộp, tôi cảm thấy tệ hại, tim tôi đập, ngực tôi đau, tôi ho lên một chất rỉ nâu."
Hô hấp,"Tôi bị đổ mồ hôi và khó thở, tôi không cảm thấy tốt, có nhiều chất nhầy trong cổ họng, ngực đau, tim tôi đang đập, tôi ho lên chất nhầy màu đỏ."
Hô hấp,"Tôi cảm thấy rất tệ, với nhiệt độ cao, khó thở, đổ mồ hôi, chấn thương và mệt mỏi cực kỳ. Tim tôi đập, và tôi bị ho nhiều mờ màu nâu."
Hô hấp,"Tôi có sốt rất cao, và tôi có vấn đề về hô hấp. Tim tôi đang đập nhanh, tôi đổ mồ hôi rất nhiều, và tôi cảm thấy lạnh và mệt mỏi. Tôi cũng sắp ho ra một số phlegm màu nâu."
Hô hấp,"Tôi có sốt rất cao, khó thở, mồ hôi và run rẩy vì cảm lạnh, mệt mỏi, tim đang vội vàng, tôi cũng mong đợi một số phlegm màu nâu."
Hô hấp,"Tôi bị cảm thấy lạnh, mệt mỏi, và dường như không thể tránh được ho này, ngực đau và tim tôi cảm thấy như là đang chạy với tốc độ hàng triệu dặm một giờ khi tôi ho. Tôi ho ra một phlegm hôi hôi."
Hô hấp,"Tôi khó thở và cảm thấy không thoải mái, tôi đổ mồ hôi nhiều, và có nhiều vết nhăn trong cổ họng, ngực đau và tim đập nhanh, chất nhầy tôi ho hâu."
Hô hấp,"Tôi đang khó thở và cảm thấy khó chịu, đổ mồ hôi rất nhiều, có nhiều chất nhầy trong cổ họng, ngực đau, tim nhịp, ho đen nhầy."
Hô hấp,"Tôi bị sốt cao và dường như không thể thở được. Tôi đổ mồ hôi rất nhiều và thường cảm thấy bệnh tật và yếu đuối. Tôi cũng bị nhăn nhăn khá dày và đen. Vú đau, và tim tôi đang đập nhanh."
Hô hấp,"Gần đây tôi bị chớp lạnh, mệt mỏi, ho, sốt cao, khó thở, đổ mồ hôi nhiều, cảm thấy rất yếu và bị bệnh, cũng có một số vết nhăn rất dày và tối."
Hô hấp,"Gần đây tôi bị chớp lạnh, ngất ngáy, ho, nhiệt độ cao, khó thở, đổ mồ hôi và thường cảm thấy ốm và yếu đuối, cũng có một vết nhầy đen dày."
Hô hấp,"Gần đây tôi bị chớp lạnh, mệt mỏi, ho, sốt cao, khó thở, đổ mồ hôi nhiều, cảm thấy rất yếu và bị bệnh, cũng có một số vết nhăn rất dày và tối."
Hô hấp,"Gần đây tôi bị chớp lạnh, ngất ngáy, ho, nhiệt độ cao, khó thở, đổ mồ hôi và thường cảm thấy ốm và yếu, cũng có một vết nhăn khá dày và đỏ."
Hô hấp,"Tôi đã bị cảm lạnh, ngất ngà, ho, nhiệt độ cao, khó thở gần đây. Tôi đổ mồ hôi rất nhiều và thường cảm thấy bệnh tật và yếu đuối. Tôi cũng bị một số phlegm khá dày và đen."
Hô hấp,"Gần đây tôi có rất nhiều vấn đề về hô hấp, cùng với cảm lạnh, mệt mỏi, ho và nhiệt độ cao. Tôi đổ mồ hôi rất nhiều và thường cảm thấy đau và yếu. Vú đau, tim tôi đang đập nhanh."
Hô hấp,"Gần đây tôi bị cảm giác lạnh, mệt mỏi và ho, đổ mồ hôi rất nhiều, cảm thấy không khỏe và yếu, cũng bị vú đen dày, ngực đau, tim đập."
Hô hấp,"Tôi có nhiệt độ và dường như không thể thở được, tôi đổ mồ hôi rất nhiều, cảm thấy không khỏe và yếu, cũng có một số vết nhăn đen dày, tim tôi đập điên cuồng, ngực tôi đau."
Hô hấp,"Tôi bị đổ mồ hôi và dường như không thể thở được, cổ họng bị tắc nghẽn bởi chất nhầy, và tôi đau khổ, tim tôi đang đập và ngực tôi đau, tôi ho lên một chất nhầy râu."
Hô hấp,"Tôi ngọt mồ hôi và khó thở, cổ họng bị tắc nghẽn bởi chất nhầy, tôi không thoải mái, tim tôi đang đập, ngực tôi đau, tôi ho lên một chất nhầy rơm đen."
Hô hấp,"Tôi có rất nhiều vấn đề về hô hấp, tôi không cảm thấy tốt, và tôi đổ mồ hôi rất nhiều, tôi có nhiều chất rác trong cổ họng và ngực đau, tôi thở khó khăn, và phlegm tôi ho lên có một màu sắc kỳ lạ."
Hô hấp,"Tôi rất khó thở, không cảm thấy tốt, mồ hôi rất nhiều, ngực đau, và có nhiều chất nhầy trong cổ họng, tôi khó thở, và phlegm tôi ho lại có một sắc thái kỳ lạ."
Hô hấp,"Tôi ho nhiều và cảm thấy lạnh và mệt mỏi, tôi có sốt khá cao, và khó thở, tôi đổ mồ hôi nhiều, và thường cảm thấy yếu và bệnh, tôi có một vết nhăn đen dày."
Hô hấp,"Gần đây tôi bị cảm lạnh, kiệt sức, ho, nhiệt độ cao, khó thở, đổ mồ hôi nhiều, thường cảm thấy yếu và bệnh tật, có một vết nhăn khá dày và đen, tim tôi đang đập nhanh."
Ngoại khoa,"Gỗn, khó chịu khi ruột di chuyển, và đau hậu môn đều làm tôi khó chịu gần đây."
Ngoại khoa,"Gần đây tôi bị tắc nghẽn, đau khi đi tiểu, đau ở hậu môn, phân cũng rất máu và hậu môn rất kích thích."
Ngoại khoa,"Gần đây, tôi gặp rất nhiều khó khăn khi đi vệ sinh. Tôi có những chuyển động ruột cực kỳ khó chịu và khó có thể có. Phong của tôi khá bị viêm, và phân của tôi cực kỳ chảy máu."
Ngoại khoa,"Tôi đã gặp nhiều khó khăn khi đi vệ sinh gần đây, thật đau khi tôi đi, và có một chút máu trong phân tôi cũng có một chút đau và kích thích xung quanh hậu môn của tôi."
Ngoại khoa,"Gần đây, tôi gặp rất nhiều khó khăn khi đi vệ sinh. Khi tôi đi vệ sinh, nó rất đau, và tôi nhận thấy một số máu trong phân. quanh hậu môn, tôi cũng có một số khó chịu và ngứa."
Ngoại khoa,"Gần đây tôi bị ngắt lưng và thật đau khi đi vệ sinh, tôi cũng nhận thấy máu trong phân và hậu môn bị kích thích."
Ngoại khoa,"Tôi bị ngứa nặng gần đây, và mỗi khi tôi đi vệ sinh, nó rất đau. Ngoài ra, hậu môn của tôi rất ngứa, và tôi đã quan sát thấy một số máu trong phân."
Ngoại khoa,"Tôi đã gặp nhiều khó khăn khi đi vệ sinh gần đây, và nó thật sự đau đớn. Tôi cũng nhận thấy rằng phân của tôi đã bị máu và hậu môn của tôi đã rất kích thích."
Ngoại khoa,"Gần đây, tôi gặp nhiều khó khăn và khó khăn khi đi vệ sinh, và tôi cũng nhận thấy hậu môn của tôi bị đau và phân máu."
Ngoại khoa,"Tôi bị ngắt đầu rất nhiều gần đây, và khi đi vệ sinh, nó rất đau. Ngoài ra, hậu môn của tôi rất ngứa, và tôi đã quan sát thấy một số máu trong phân."
Ngoại khoa,"Tôi bị ngắt đầu gần đây, và đi vệ sinh thật khó chịu, tôi cũng thấy máu trong phân, và hậu môn của tôi bị nặng hơn."
Ngoại khoa,"Tôi đã có rất nhiều rắc rối khi đi vệ sinh gần đây, thật đau đớn và tôi đã trải qua đau ở hậu môn, phân của tôi cũng bị máu và hậu môn của tôi rất kích thích."
Ngoại khoa,"Tôi đã có rất nhiều vấn đề khi sử dụng nhà vệ sinh gần đây, nó rất khó chịu, và tôi đã cảm thấy đau đớn trong hậu môn của tôi, phân của tôi cũng bị máu, và hậu môn của tôi đã bị viêm."
Ngoại khoa,"Tôi gần đây gặp khó khăn khi đi vệ sinh, khi tôi cố gắng đi, nó thật sự khó chịu, và hậu môn tôi rất đau. Tôi cũng có một chút máu trong phân, và hậu môn tôi đã rất khó chịu."
Ngoại khoa,Tôi đang có một thời gian rất khó khăn trong thời gian gần đây khi đi vệ sinh. Nó thực sự đau đớn khi tôi cố gắng đi và âm đạo của tôi rất đau.
Ngoại khoa,"Tôi gần đây gặp vấn đề khi đi vệ sinh. Tôi rất khó đi, và tôi đau khi đi. Tôi cũng bị đau đớn trong mông và phân chảy máu. Phong của tôi cũng khá ngứa và nhạy cảm."
Ngoại khoa,"Gần đây, tôi gặp vấn đề khi đi vệ sinh. Đi là rất khó khăn, và làm thế làm đau. Ngoài ra, tôi cũng bị đau đớn, và phân máu. Phong của tôi cũng khá ngứa và nặng hơn."
Ngoại khoa,"Tôi bị ngắt lưng và thật khó để đi vệ sinh khi tôi đi, tôi bị đau, phân của tôi bị máu, tôi cũng bị đau đớn trong mông và hậu môn của tôi rất ngứa và kích thích."
Ngoại khoa,"Kể từ khi bị ngắt lưng, việc đi vệ sinh là một thách thức khá lớn. Khi tôi đi, nó đau và tôi bị chảy máu trong phân."
Ngoại khoa,"Tôi bị ngắt lưng và thật khó để đi vệ sinh khi tôi đi, tôi bị đau, phân của tôi bị máu, tôi cũng bị đau đớn trong mông và hậu môn của tôi rất ngứa và kích thích."
Ngoại khoa,"Kể từ khi bị ngắt lưng, việc đi vệ sinh là một thách thức khá lớn. Khi tôi đi, nó đau và tôi bị chảy máu trong phân."
Ngoại khoa,"Tôi bị ngắt lưng và thật khó để đi vệ sinh khi tôi đi, tôi bị đau, phân của tôi bị máu, tôi cũng bị đau đớn trong mông và hậu môn của tôi rất ngứa và kích thích."
Ngoại khoa,"Chứng nghẹt khiến tôi rất khó đi vệ sinh, phân của tôi bị chảy máu khi đi, và nó đau. Ngoài ra, hậu môn của tôi khá ngứa và bị viêm, và tôi đã trải qua một số đau đớn."
Ngoại khoa,"Tôi rất khó khăn khi đi vệ sinh, và khi tôi đi vệ sinh, nó rất đau, phân của tôi bị chảy máu, mông tôi bị đau, hậu môn của tôi cũng bị ngứa và nặng hơn."
Ngoại khoa,Tôi gặp rất nhiều khó khăn khi đi vệ sinh và thật đau khi tôi đi. Thủy phân của tôi bị máu và tôi bị đau đớn trong mông.
Ngoại khoa,"Tôi gặp khó khăn khi đi vệ sinh, thật khó để đi và đau khi đi, hậu môn tôi rất đau và chảy máu khi đi, thật đau và thật khó chịu."
Ngoại khoa,"Tôi thấy việc đi vệ sinh là một thách thức. Đi vệ sinh là một thách thức khá khó khăn, và nó đau khi tôi đi. Khi tôi đi, hậu môn của tôi chảy máu và thật sự không thoải mái. Tôi rất khó chịu và nó đau rất nặng."
Ngoại khoa,"Tôi gặp khó khăn khi đi vệ sinh, khó đi và đau khi đi, hậu môn của tôi rất đau, và nó chảy máu mỗi khi đi, thật đau đớn và tôi khá khó chịu."
Ngoại khoa,"Gần đây tôi bị tắc nghẽn và đau khi đi tiểu, hậu môn tôi rất đau, và chảy máu khi đi, thật đau và tôi rất khó chịu."
Ngoại khoa,"Tôi gần đây bị tắc nghẽn và khó tiêu hóa, hậu môn của tôi rất đau, và nó chảy máu bất cứ khi nào tôi đi. Nó đau đớn vô cùng, và tôi khá khó chịu."
Ngoại khoa,"Chứng nghẹt và đau với các chuyển động ruột đã làm tôi phiền gần đây. Khi tôi đi, âm đạo tôi chảy máu và thật sự không thoải mái. Tôi có rất nhiều khó chịu và nó đau cực kỳ nặng."
Ngoại khoa,"Tôi đang gặp nhiều vấn đề với việc đi đường ruột gần đây, khó khăn và đau khi đi, hậu môn rất đau và chảy máu khi đi, thật đau và thật khó chịu."
Ngoại khoa,"Giao dịch ruột của tôi gần đây rất khó khăn cho tôi. Đi là khó khăn, và nó đau khi tôi đi. Khi tôi đi, âm đạo của tôi chảy máu và thực sự không thoải mái. Tôi có rất nhiều khó chịu và nó đau cực kỳ nặng."
Ngoại khoa,"Tôi đã trải qua rất nhiều vấn đề về chuyển động ruột gần đây. Thật khó để đi, và nó đau khi tôi đi. Phong của tôi khá đau, và nó chảy máu bất cứ khi nào tôi đi. Nó đau đớn vô cùng, và tôi khá khó chịu."
Ngoại khoa,"Tôi đang gặp nhiều vấn đề với việc đi đường ruột gần đây, khó khăn và đau khi tôi đi, hậu môn tôi rất đau và chảy máu khi tôi đi, thật đau và thật khó chịu."
Ngoại khoa,"Tôi đã gặp nhiều vấn đề với các chuyển động ruột gần đây. Tôi khó đi, và nó đau khi tôi đi. Phong của tôi khá đau, và nó chảy máu bất cứ khi nào tôi đi. Nó đau đớn vô cùng, và tôi khá khó chịu."
Ngoại khoa,"Khi tôi đi, âm đạo tôi chảy máu và thật sự không thoải mái. Tôi rất khó chịu và nó đau rất nặng."
Ngoại khoa,"Gần đây tôi bị tắc nghẽn và đau khi đi tiểu, hậu môn tôi rất đau, và chảy máu khi đi, thật đau và tôi rất khó chịu."
Ngoại khoa,"Tôi đã bị tắc nghẽn và bị đau ruột gần đây khi tôi đi, hậu môn chảy máu và thật sự không thoải mái. Tôi rất khó chịu và nó đau rất nặng."
Ngoại khoa,"Tôi gần đây bị tắc nghẽn và khó tiêu hóa, hậu môn của tôi rất đau, và nó chảy máu bất cứ khi nào tôi đi. Nó đau đớn vô cùng, và tôi khá khó chịu."
Ngoại khoa,"Tôi đã trải qua rất nhiều vấn đề về chuyển động ruột gần đây. Thật khó để đi, và nó đau khi tôi đi. Phong của tôi khá đau, và nó chảy máu bất cứ khi nào tôi đi. Nó đau đớn vô cùng, và tôi khá khó chịu."
Ngoại khoa,"Tôi đang gặp nhiều vấn đề với việc đi đường ruột gần đây, khó khăn và đau khi tôi đi, hậu môn tôi rất đau và chảy máu khi tôi đi, thật đau và thật khó chịu."
Ngoại khoa,"Giao dịch ruột của tôi gần đây rất khó khăn cho tôi. Đi là khó khăn, và nó đau khi tôi đi. Khi tôi đi, âm đạo của tôi chảy máu và thực sự không thoải mái. Tôi có rất nhiều khó chịu và nó đau cực kỳ nặng."
Ngoại khoa,"Tôi đã gặp nhiều vấn đề với các chuyển động ruột gần đây. Tôi khó đi, và nó đau khi tôi đi. Phong của tôi khá đau, và nó chảy máu bất cứ khi nào tôi đi. Nó đau đớn vô cùng, và tôi khá khó chịu."
Ngoại khoa,"Tôi đã trải qua rất nhiều vấn đề về chuyển động ruột gần đây. Thật khó để đi, và nó đau khi tôi đi. Phong của tôi khá đau, và nó chảy máu bất cứ khi nào tôi đi. Nó thực sự đau và tôi thực sự không thoải mái."
Ngoại khoa,"Tôi gần đây bị nhiều vấn đề ruột. Tôi khó đi, và tôi đau khi đi. Phong của tôi khá đau, và nó chảy máu mỗi khi đi. Nó đau đớn vô cùng, và tôi khá khó chịu."
Ngoại khoa,Tôi đang có một thời gian rất khó khăn trong thời gian gần đây khi đi vệ sinh. Nó thực sự đau đớn và tôi chỉ có thể đi mỗi vài ngày. Cũng có rất nhiều đau ở hậu môn và xung quanh khu vực đó. Bàn phân của tôi đã rất máu và hậu môn tôi cảm thấy rất kích thích.
Ngoại khoa,"Tôi gần đây thấy vô cùng khó khăn khi đi vệ sinh. Tôi chỉ có thể đi một cách lẻ tẻ vì nó rất đau. Phong tai và vùng xung quanh cũng khá đau. Phong tai của tôi cảm thấy rất nặng, và phân của tôi đã bị máu cực kỳ."
Ngoại khoa,Tôi đang gặp nhiều khó khăn với constipation và đau khi cố gắng đi vệ sinh nó rất đau ở hậu môn và khu vực xung quanh nó tôi có phân máu và hậu môn của tôi rất kích thích
Ngoại khoa,"Gỗn và khó chịu trong quá trình di động ruột gần đây là điều rất phổ biến đối với tôi. Khu vực xung quanh hậu môn của tôi và tôi đều đau rất nhiều. hậu môn của tôi rất ngứa, và phân của tôi đã bị máu."
Cơ xương khớp,"Các cơ bắp của tôi cảm thấy rất yếu, và cổ tôi rất chặt. Tôi đã trải qua rất nhiều sự cứng khi đi bộ và khớp của tôi bị sưng. Đi bộ cũng rất khó chịu."
Cơ xương khớp,"Tôi cảm thấy cơ bắp rất yếu, cổ tôi rất cứng, khớp của tôi bị sưng và tôi bị cứng khi di chuyển, cũng rất đau khi đi bộ."
Cơ xương khớp,"Các cơ bắp của tôi khá yếu, cổ tôi rất cứng, khớp của tôi bị sưng và tôi cảm thấy rất cứng khi di chuyển. Đi bộ cũng rất khó chịu."
Cơ xương khớp,"Tôi cảm thấy cơ bắp rất yếu, cổ tôi rất cứng, khớp của tôi bị sưng và khó di chuyển, đi bộ thật đau đớn."
Cơ xương khớp,"Các cơ bắp của tôi rất yếu, cổ tôi cực kỳ cứng, khớp của tôi bị sưng, khiến tôi khó di chuyển, đi bộ rất khó chịu."
Cơ xương khớp,"Tôi bị suy yếu cơ bắp nặng, cổ tôi rất cứng, khó di chuyển vì khớp của tôi bị sưng, và đi bộ thật khó chịu."
Cơ xương khớp,"Các cơ bắp của tôi rất yếu, cổ tôi rất chặt, khớp của tôi bị sưng khiến tôi khó di chuyển, đi bộ rất đau."
Cơ xương khớp,"Tôi bị căng thẳng và cơ bắp quá yếu, tôi có vấn đề di chuyển vì khớp đã tăng, đi bộ rất đau đớn."
Cơ xương khớp,"Tôi bị cổ cứng và cơ bắp yếu quá đáng, do sưng khớp, tôi không thể di chuyển được."
Cơ xương khớp,Tôi cảm thấy cơ bắp của tôi rất yếu gần đây và cổ tôi rất cứng khớp của tôi đã bị sưng khớp và tôi khó di chuyển mà không cảm thấy cứng. Đi bộ cũng rất đau.
Cơ xương khớp,"Gần đây, cơ bắp của tôi khá yếu, cổ tôi rất chặt, khớp bị sưng và khó di chuyển mà không bị cứng, cũng không thoải mái khi đi bộ."
Cơ xương khớp,"Gần đây tôi bị đau cơ bắp và cứng cổ, khớp của tôi bị sưng, khiến tôi khó đi bộ mà không bị cứng, và đi bộ cũng không thoải mái."
Cơ xương khớp,"Gần đây, tôi bị yếu cơ cổ và cứng, khớp của tôi đã tăng và tôi khó đi bộ mà không bị cứng, và đi bộ cũng không thoải mái."
Cơ xương khớp,"Gần đây, cổ tôi bị chặt chẽ và cơ bắp yếu dần, khớp bị sưng khiến tôi khó di chuyển mà không bị cứng, cũng đau đớn khi đi bộ."
Cơ xương khớp,"Tôi cảm thấy cơ bắp rất yếu, cổ tôi rất cứng, khớp của tôi bị sưng và tôi khó di chuyển mà không bị cứng."
Cơ xương khớp,"Các cơ bắp của tôi rất yếu, cổ tôi rất chặt, khớp bị sưng và khó di chuyển mà không bị cứng, cũng không thoải mái khi đi bộ."
Cơ xương khớp,"Các cơ bắp của tôi khá yếu, cổ tôi rất cứng, khớp của tôi bị sưng, khiến tôi khó đi bộ mà không bị cứng."
Cơ xương khớp,"Các cơ bắp của tôi rất yếu, cổ tôi rất cứng, khớp của tôi bị sưng, khiến tôi khó đi bộ mà không bị cứng."
Cơ xương khớp,"Các cơ bắp của tôi khá yếu, cổ tôi rất cứng, khớp của tôi bị sưng, khiến tôi khó di chuyển mà không cứng, và đi bộ cũng khá khó chịu."
Cơ xương khớp,"Tôi bị cổ rất chặt, cơ bắp khá yếu, khớp bị sưng khiến tôi khó di chuyển mà không bị cứng, và đi bộ cũng khá khó chịu."
Cơ xương khớp,"Tôi cảm thấy cơ bắp rất yếu, cổ tôi rất cứng, khớp của tôi bị sưng và tôi khó di chuyển mà không bị cứng."
Cơ xương khớp,"Các cơ bắp của tôi rất yếu, cổ tôi rất chặt, khớp bị sưng và khó di chuyển mà không bị cứng, cũng không thoải mái khi đi bộ."
Cơ xương khớp,Tôi bị cổ cực kỳ chặt và cơ bắp cực kỳ yếu. Tôi khó di chuyển mà không bị cứng vì khớp bị sưng.
Cơ xương khớp,"Tôi bị cứng cổ và cơ bắp quá yếu, vì bị sưng khớp, tôi khó di chuyển mà không bị cứng, và đi bộ cũng rất khó chịu."
Cơ xương khớp,"Gần đây, tôi bị cứng và yếu cơ bắp cổ. Vì các khớp của tôi đã phát triển, tôi khó có thể đi bộ mà không bị cứng."
Cơ xương khớp,"Tôi bị cổ cực kỳ chặt và cơ bắp cực kỳ yếu, khớp bị sưng và tôi đi bộ với sự cứng rắn."
Cơ xương khớp,"Gần đây, tôi bị cứng và yếu cơ bắp cổ. Vì các khớp của tôi đã phát triển, tôi khó có thể đi bộ mà không bị cứng."
Cơ xương khớp,"Tôi cảm thấy cơ bắp rất yếu, cổ tôi rất cứng, khớp của tôi bị sưng và tôi khó di chuyển mà không bị cứng."
Cơ xương khớp,"Các cơ bắp của tôi khá yếu, cổ tôi rất cứng, khớp của tôi bị sưng, khiến tôi khó đi bộ mà không bị cứng."
Cơ xương khớp,"Tôi bị suy yếu cơ bắp nặng, cổ tôi rất cứng, khớp bị sưng và khó di chuyển mà không cứng, cũng rất khó chịu khi đi bộ."
Cơ xương khớp,Tôi cảm thấy cơ bắp của tôi rất yếu gần đây và cổ tôi rất cứng khớp của tôi bị sưng và tôi khó di chuyển.
Cơ xương khớp,Tôi gần đây cảm thấy cơ bắp thật sự yếu đuối và cổ tôi thật sự vững chắc. Khớp bị sưng làm cho tôi khó di chuyển.
Cơ xương khớp,"Gần đây, cơ bắp của tôi khá yếu, cổ tôi rất chặt, khớp bị sưng khiến tôi khó di chuyển, và đi bộ cũng rất đau đớn."
Cơ xương khớp,"Gần đây tôi bị cơ bắp yếu và cứng cổ, khớp của tôi đã lớn lên khiến tôi khó di chuyển, và đi bộ cũng khó khăn."
Cơ xương khớp,"Gần đây, tôi cảm thấy cơ bắp thật sự yếu đuối và cổ tôi thật sự vững chắc. Tôi rất khó di chuyển vì khớp của tôi bị sưng."
Cơ xương khớp,"Gần đây cơ bắp của tôi cảm thấy yếu đuối, nhưng cổ tôi đã trở nên cứng rắn, khớp của tôi bị sưng, khiến tôi khó di chuyển, và đi bộ cũng khá khó chịu."
Cơ xương khớp,"Gần đây cơ bắp của tôi khá yếu, nhưng cổ tôi thật sự mạnh mẽ. Khớp của tôi bị sưng, khiến tôi khó di chuyển."
Cơ xương khớp,Tôi bị cổ cực kỳ chặt và cơ bắp khá yếu gần đây. Tôi khó di chuyển mà không bị cứng vì khớp bị sưng.
Cơ xương khớp,"Tôi đã trải qua sự cứng và yếu đuối trong cơ cổ gần đây. vì các khớp của tôi đã lớn lên, nó nặng cho Pine Tree State để chạy trong khi không bị cứng."
Cơ xương khớp,"Tôi gần đây đã trải qua sự yếu cơ và cứng cổ. Khớp của tôi đã sưng, khiến cho tôi khó chạy trong khi không thay đổi thành cứng. Đi bộ cũng gây khó chịu."
Cơ xương khớp,"Các cơ bắp của tôi khá yếu, cổ tôi rất cứng, khớp của tôi bị sưng, khiến cho tôi khó lái trong khi không cảm thấy cứng."
Cơ xương khớp,"Các cơ bắp của tôi khá yếu, và cổ tôi đã cứng quá đáng."
Cơ xương khớp,"Tôi đã trải qua sự cứng và yếu đuối trong cơ cổ gần đây. Vì các khớp của tôi đã lớn lên, nó là mệt mỏi cho tôi để chạy mà không bị cứng."
Cơ xương khớp,Vòng tôi rất chặt và cơ bắp của tôi cảm thấy khá yếu gần đây. nó là khó khăn cho tôi để di chuyển xung quanh trong khi không biến thành cứng nhờ vào khớp của tôi sưng.
Cơ xương khớp,"Gần đây, khi cố gắng đi bộ, tôi bị cứng cổ, khớp sưng và cơ bắp yếu."
Cơ xương khớp,"Gần đây tôi đã trải qua sự yếu cơ bắp, cổ cứng, khớp sưng và cứng sau khi cố gắng di chuyển."
Cơ xương khớp,"Gần đây, cơ bắp cổ tôi đã trở nên chặt chẽ và yếu đuối. Bây giờ tôi khó chạy vì các khớp của tôi đã già hơn mà không bị chặt chẽ."
Cơ xương khớp,"Tôi đã trải qua sự cứng và yếu đuối trong cơ cổ gần đây. vì các khớp của tôi đã lớn lên, nó nặng cho tiểu bang Mỹ để chạy trong khi không cứng."
Cơ xương khớp,"Gần đây, cơ bắp cổ tôi đã trở nên chặt chẽ và yếu đuối. Vì các khớp của tôi đã trưởng thành, chính phủ Mỹ khó khăn cho tôi chạy mà không bị cứng."
Cơ xương khớp,"Gần đây, tôi bị cứng và yếu cơ bắp cổ, vì các khớp của tôi đã trưởng thành, điều này khiến cho người Mỹ khó hoạt động mà không bị cứng."
Da liễu,Tôi đã có một phát ban rất tồi tệ trên da của tôi gần đây. nó đầy bụi và điểm đen đầy bụi. da của tôi cũng đã bị nôn rất nhiều.
Da liễu,"Tôi vừa phát triển một vết phơi lột nghiêm trọng trên da, nó bị tắc nghẽn bởi mụn và mực đen."
Da liễu,"Da tôi bị phát ban rất nặng, có nhiều mụn và mụn đầy đậu, và da tôi bị nhăn rất nhiều."
Da liễu,"Gần đây tôi bị phát ban da nặng, có những vết nứt và mụn có dung ở khắp mọi nơi, và da tôi bị nứt rất nhiều."
Da liễu,"Tôi gần đây bị phát ban rất không lành mạnh trên da, nó đầy mụn và mực đen, da tôi cũng bị nôn mỏi."
Da liễu,"Da tôi vừa bị phát ban xấu xa, đầy mụn và mầm mầm, da tôi cũng rất nhạy cảm."
Da liễu,"Tôi vừa bị phát ban xấu xa, có những điểm đen và mụn đầy dung ở khắp mọi nơi, và da tôi rất nhạy cảm."
Da liễu,"Gần đây tôi bị phát ban da nặng, bị ngập bởi mụn và mụn đống, và da tôi bị kích thích."
Da liễu,"Lũ của tôi gần đây đã bị rách rách nặng, bị bị ngắt bởi mụn và mụn đầy đậu."
Da liễu,Gần đây tôi bị phát ban da với nhiều mụn và mực đen.
Da liễu,"Gần đây, tôi bị phát ban da với nhiều mụn và mụn đống nấm và bị rối loạn, và da tôi cũng bị nôn rất nhiều."
Da liễu,"Da tôi đã phát triển một phơi nhiễm kinh hoàng, có mụn đầy đậu và điểm đen khắp nơi, da tôi cũng rất nhạy cảm."
Da liễu,Da tôi bị phát triển một phơi nhiễm kinh khủng. Có những điểm đen và mụn đầy đùi khắp nơi.
Da liễu,"Tôi vừa bị phát ban xấu xa, có những điểm đen và mụn đầy dung ở khắp mọi nơi, và da tôi rất nhạy cảm."
Da liễu,Da tôi chỉ đơn giản là không thừa kế một phát ban xấu xí nó chứa đầy mụn và điểm đen đầy dung nhựa da tôi cũng rất nhạy cảm
Da liễu,"Da tôi bị phát triển một phơi nhiễm khủng khiếp không thừa kế, có nhiều điểm đen và nhồi đầy đậu, và da tôi rất nhạy cảm."
Da liễu,"Gần đây, tôi đã trải qua rất nhiều cơn mụn trứng cá với mụn có chứa dung, và tôi cũng đang phải vật lộn với các điểm đen."
Da liễu,Tôi thức dậy sáng nay và thấy rằng tôi có một vết phơi rất khó chịu trên toàn da. Có rất nhiều điểm đen và mụn đầy dung. Da tôi cũng rất vội vàng.
Da liễu,Tôi nhận thấy một vết phơi lột rất khó chịu trên da của tôi gần đây. Nó được phủ đầy nét đen và mụn có chứa dung. da của tôi cũng rất vội vàng.
Da liễu,Tôi vừa phát triển một vết phơi lột rất khó chịu trên da tôi có rất nhiều điểm đen và mụn đầy dung. da tôi cũng rất vội vàng.
Da liễu,Tôi đang phải đối phó với một sự phát ban rất khó chịu trên da của tôi gần đây. nó được phủ trong điểm đen và mụn có chứa đầy dung. da của tôi cũng đã rất vội vã.
Da liễu,Tôi thức dậy sáng nay và thấy một vết phơi máu rất khó chịu trên da tôi có rất nhiều điểm đen và mụn đầy dung. da tôi cũng rất vội vàng.
Da liễu,Tôi đang phải vật lộn với một vết phơi lột rất khó chịu trên da của tôi gần đây. Nó được phủ đầy nét đen và mụn có chứa đầy dung. da của tôi cũng rất vội vã.
Da liễu,Tôi vừa phát triển một vết phơi lột rất khó chịu trên da tôi có rất nhiều điểm đen và mụn đầy dung. da tôi cũng rất vội vàng.
Da liễu,Tôi đang phải đối phó với một sự phát ban rất khó chịu trên da của tôi gần đây. nó được phủ trong điểm đen và mụn có chứa đầy dung. da của tôi cũng đã rất vội vã.
Da liễu,Gần đây tôi bị phát triển một vết phơi máu khủng khiếp trên da. Nó tràn ngập các điểm đen và mụn đầy dung. Da tôi cũng đang vội vã khắp nơi.
Da liễu,"Gần đây tôi bị phát ban kinh khủng trên da, có nhiều điểm đen và mụn đầy đùi. Da tôi cũng di chuyển rất nhiều."
Da liễu,"Sáng nay khi thức dậy, tôi phát hiện ra rằng tôi bị phát ban cực kỳ nặng trên toàn cơ thể. Có một số mụn đầy đậu và điểm đen xung quanh. da tôi cũng đã di chuyển rất nhiều."
Da liễu,Tôi thức dậy sáng nay để thấy rằng tôi có một phấn phát kinh khủng trên toàn da tôi có một số điểm đen và mụn đầy dung. da tôi cũng đã chạy xung quanh.
Da liễu,Tôi vừa phát triển một phấn phát da với một số mụn đầy đùi và điểm đen.
Da liễu,"Gần đây, tôi bị phát ban da với nhiều mụn và mụn đống nấm và bị rối loạn, và da tôi cũng bị nôn rất nhiều."
Da liễu,Tôi thức dậy sáng nay và phát hiện ra rằng tôi bị phát ban kinh khủng trên toàn cơ thể. Tôi bị mụn và mụn đầy đậu khắp nơi.
Da liễu,"Khi thức dậy sáng nay, tôi nhận ra rằng tôi bị phát ban nghiêm trọng trên toàn cơ thể. Có rất nhiều mụn và mực đen khắp nơi. Da tôi cũng bị nôn rất nhiều."
Da liễu,Gần đây tôi bị phát triển một vết phơi máu khủng khiếp trên da. Nó tràn ngập các điểm đen và mụn đầy dung. Da tôi cũng đang vội vã.
Da liễu,Tôi thức dậy sáng nay để thấy một vết phơi máu kinh khủng trên da tôi có nhiều điểm đen và mụn đầy dung. da tôi cũng đang vội vã.
Da liễu,"Sáng nay khi thức dậy, tôi phát hiện ra một phấn phát cực kỳ tồi trên da tôi. Có một số mụn đầy dung và điểm đen xung quanh. da tôi cũng đã di chuyển xung quanh rất nhiều."
Da liễu,Gần đây tôi đã phải đối phó với một cơn xuất phát ngứa trên da tôi có mụn đầy dung và điểm đen trên khắp nó da tôi cũng bị nôn rất nhiều
Da liễu,"Sáng nay, tôi nhận ra rằng tôi bị phát ban lớn trên toàn cơ thể. Có rất nhiều mụn đầy dung và điểm đen ở khắp mọi nơi, và da tôi đã bị rỉ rỉ rất nhiều."
Da liễu,"Hôm nay tôi thức dậy và thấy tôi bị phát ban lớn trên toàn cơ thể, có rất nhiều mụn đầy dung và điểm đen khắp nơi, và da tôi đã bị rỉ rỉ rất nhiều."
Da liễu,"Tôi thức dậy sáng nay để phát hiện ra rằng tôi có một phát ban lớn trên toàn bộ cơ thể tôi được bao phủ bởi mụn đầy dung và điểm đen, và da tôi đã chạy ra rất nhiều"
Da liễu,"Sáng nay, tôi thấy một vết phơi lớn trên toàn cơ thể, có nhiều mụn đầy dung và mờ đen trên mặt, và da tôi đã bị rỉ rỉ rất nhiều."
Da liễu,"Tôi phát hiện ra rằng tôi có một phát ban đáng kể trên toàn cơ thể sáng nay, các điểm đen và mụn đầy dung đang lan rộng, và da tôi đã bị rỉ rỉ rất nhiều."
Da liễu,"Hôm qua, tôi nhận thấy một sự phát ban lớn trên toàn da, có rất nhiều mụn và mờ đen trên mặt, và da tôi đã bị rỉ rỉ rất nhiều."
Da liễu,"Hôm qua tôi phát hiện ra một vết phơi rash lớn trên da tôi. khuôn mặt tôi bị phủ đầy nấm và mụn bột, và da tôi đã crawling rất nhiều."
Da liễu,"Da tôi bị phát ban kinh khủng, hoàn toàn không thể thừa hưởng, có nhiều điểm đen và mụn đầy đậu, ngoài ra da tôi khá nhạy cảm."
Da liễu,"Da tôi chỉ phát triển một phình phát ban không thừa kế, có nhiều mụn và mực đen đầy đùi, và da tôi khá nhạy cảm."
Da liễu,"Khi thức dậy sáng nay, tôi thấy một vết phơi lột nghiêm trọng trên da tôi có nhiều mụn đầy dung và điểm đen khắp nơi da tôi cũng đang chuyển động rất nhiều"
Da liễu,"Khi thức dậy sáng nay, tôi thấy làn da của tôi bị phát ban khủng khiếp, có những điểm đen và mụn đầy đậu khắp nơi, và làn da của tôi đã thay đổi rất nhiều."
Da liễu,"Gần đây tôi đã phải vật lộn với một cơn phơi trùng da rất kích thích, có những điểm đen và mụn đầy dung, và da tôi bị nôn rất nhiều."
Da liễu,"Gần đây tôi bị phát ban ngứa trên da, nó bị phủ đầy mụn và mờ đen, da tôi cũng khá nhạy cảm."
Hô hấp,"Tôi cảm thấy cực kỳ mệt mỏi và yếu đuối, và tôi cũng ho nhiều và khó thở. Bệnh sốt rất cao, và tôi sản xuất nhiều chất nhầy khi ho."
Hô hấp,"Tôi bị ho không thể biến mất, và tôi mệt mỏi, tôi đã ho và bột mạc dày và cơn sốt của tôi cũng khá cao."
Hô hấp,"Tôi bị ho liên tục và cảm thấy khá mệt mỏi, sốt của tôi đã vượt qua mái nhà, và tôi gặp khó khăn trong việc thở. Khi ho, tôi cũng ho nhiều chất rác."
Hô hấp,"Tôi bị kiệt sức, ho khô và thở, bị sốt cao và bị ho nhiều."
Hô hấp,"Tôi cảm thấy mệt mỏi và yếu đuối, và ho nặng, sốt cao, hơi thở nông, và khi ho, cũng có nhiều nước bọt xuất hiện."
Hô hấp,"Tôi bị buồn ngủ, ho không đi được, khó thở, ho nhiều nước bọt nhầy và bị sốt cao."
Hô hấp,"Bác sĩ, tôi bị sốt cao từ vài ngày qua, nước bọt cũng trở nên dày, ho khô, cũng có sự yếu kém."
Hô hấp,"Tôi bị ho kéo dài nhiều ngày, tôi cảm thấy rất yếu và mệt mỏi. Bệnh sốt cao, hơi thở căng thẳng. Khi ho, tôi cũng tạo ra nhiều chất rỉ."
Hô hấp,"Mẹ, bố, tôi cảm thấy rất mệt mỏi và yếu đuối gần đây, và tôi bị ho này không thể biến mất, tôi khó thở, và sốt của tôi rất cao. Khi ho, tôi đã sản xuất nhiều chất nhầy."
Hô hấp,"Mẹ, bố, mẹ cảm thấy rất mệt mỏi gần đây và bị ho kéo dài. Khí thở của tôi trở nên nông, và sốt của tôi rất cao. Tôi cũng bị ho nhiều, vùi mạc dày."
Hô hấp,"Gần đây, tôi cảm thấy khá yếu và mệt mỏi, và tôi cũng bị ho mà không thể biến mất. Bệnh sốt của tôi rất cao, và khó thở. Tôi đã làm rất nhiều chất rỉ khi ho."
Hô hấp,"Tôi cảm thấy rất yếu và mệt mỏi, và tôi cũng bị ho mà không thể biến mất. Bệnh sốt của tôi rất cao, và thật khó để bắt hơi thở. Tôi đã tạo ra rất nhiều chất rỉ khi ho."
Hô hấp,"Tôi cảm thấy rất mệt mỏi và yếu đuối gần đây, và tôi bị ho này không thể biến mất. Tôi thở rất nông, và sốt của tôi rất cao. Khi ho, tôi đã tạo ra rất nhiều chất khô dày, rác rỉ"
Hô hấp,"cảm thấy cực kỳ mệt mỏi và bị ho kéo dài. Tôi khó thở, và sốt rất cao. Tôi cũng sản xuất nhiều chất nhầy khi ho"
Hô hấp,"Tôi đã phải vật lộn với mệt mỏi và ho liên tục khiến tôi khó thở, sốt cao và ho nhiều mờ."
Hô hấp,"Tôi bị ho khó chịu không thể biến mất, và hơi thở của tôi trở nên khó khăn. Nhiệt độ của tôi cũng rất cao, và tôi cảm thấy rất yếu và mệt mỏi. Tôi đã sản xuất nhiều chất nhầy khi ho"
Hô hấp,"Tôi bị sốt cao, ho kéo dài, khó thở, cũng có nhiều chất vữa dày, vùi, và cảm thấy rất mệt mỏi và yếu đuối."
Hô hấp,"Tôi bị khó thở, ho liên tục, và mệt mỏi, tôi bị ho nhiều, vùi vùi vùi và sốt rất cao, tôi cảm thấy quá mệt mỏi và mệt mỏi vì phải đối phó với tất cả những điều này."
Hô hấp,"Tôi bị ho kéo dài nhiều ngày và khó thở. Bệnh sốt cao, tôi cảm thấy yếu và mệt mỏi. Tôi cũng sản xuất nhiều chất nhầy khi ho, và nó chỉ là quá áp đảo để đối phó với tất cả các triệu chứng này. Tôi đang trở nên rất thất vọng với tất cả điều này."
Hô hấp,"Tôi đã ho kéo dài trong nhiều ngày, và tôi cũng có vấn đề về hô hấp. Tôi rất yếu và mệt mỏi, và cơn sốt của tôi đã vượt qua mái nhà. Tôi rất khó kiểm soát tất cả các triệu chứng này, và tôi cũng ho nhiều chất nhầy. Tôi đang trở nên rất tức giận về mọi thứ."
Hô hấp,"Tôi đã phải vật lộn với khó thở, ho liên tục, và mệt mỏi. Tôi có sốt cực kỳ cao, và tôi đã ho nhiều, dày, rác rác. Nó đã rất khó khăn để đối phó với tất cả điều này, và tôi chỉ cảm thấy quá kiệt sức và kiệt sức"
Hô hấp,"Tôi bị khó thở, ho liên tục, và mệt mỏi, tôi bị ho nhiều, vùi vùi và sốt rất cao, tôi cảm thấy quá mệt mỏi và mệt mỏi vì phải đối phó với tất cả điều này."
Hô hấp,"Tôi cảm thấy rất đau gần đây. Tôi bị ho và khó thở liên tục, và sốt của tôi đã giảm dần. Tôi cũng cảm thấy cực kỳ mệt mỏi, và tôi đã tạo ra rất nhiều chất nhầy khi ho."
Hô hấp,"Gần đây, tôi cảm thấy rất tệ. Bệnh sốt của tôi đã vượt qua mái nhà, và tôi bị ho và khó thở liên tục. Tôi bị ho nhiều và cũng cảm thấy khá mệt mỏi."
Hô hấp,"Tôi bị sốt, ho không thể biến mất, khó thở, và tôi bị ho nhiều nước bọt nhầy và cảm thấy mệt mỏi và yếu đuối."
Hô hấp,"Tôi bị ho khô, khó thở, cũng như sốt cao. Có rất nhiều chất nhầy, và tôi cảm thấy rất yếu và mệt mỏi""."
Hô hấp,"Gần đây, tôi bị một số triệu chứng đáng lo ngại, bao gồm ho khô, khó thở, sốt cao và nhiều chất nhầy."
Hô hấp,"Hiện nay tôi đang đối phó với một số vấn đề sức khỏe, bao gồm ho khô, khó thở, sốt cao và tăng sản lượng chất nhầy."
Hô hấp,"Đã một tuần rồi, tôi bị bệnh liên tục như ho khô, khó thở, yếu cả ngày."
Hô hấp,"Bác sĩ, trong vài ngày nay tôi không thể mang động cơ, nằm trên giường vì sốt cao, nhiều chất nhầy xuất hiện."
Hô hấp,"Tôi đã trải qua khó thở, ho kéo dài, và sốt cao. Tôi cũng đã tạo ra rất nhiều chất vữa dày, rác rác, và tôi cảm thấy quá mệt mỏi và kiệt sức. Tôi rất khó khăn để đối phó với tất cả điều này."
Hô hấp,"Tôi rất yếu và mệt mỏi, và cơn sốt của tôi đã vượt qua mái nhà. Tôi rất khó để quản lý tất cả các triệu chứng này, và tôi cũng đã ho nhiều chất nhầy. Tôi đang trở nên rất tức giận về mọi thứ."
Hô hấp,"Tôi phải thú nhận rằng tôi đã trải qua khó thở, ho kéo dài, và sốt cao. Tôi cũng đã sản xuất rất nhiều chất phế quản dày, rác rưởi, và tôi cảm thấy khá kiệt sức và mệt mỏi."
Hô hấp,"Tôi phải thừa nhận rằng tôi bị sốt cao, ho thường xuyên, khó thở, và ho nhiều nước bọt nhầy và cảm thấy mệt mỏi và mệt mỏi."
Hô hấp,"Tôi đã phải chịu đựng rất khó khăn với ho liên tục, khó thở và mệt mỏi. Tôi bị sốt cao, và tôi bị ho nhiều, vùi mạc dày. Tất cả đều khá mệt mỏi và mệt mỏi, và tôi cảm thấy khá ốm trong thời điểm này."
Hô hấp,"Tôi đã phải vật lộn với ho liên tục, khó thở, và mệt mỏi. Tôi đã ho nhiều mỏi dày, rác rỉ và bị sốt cao. Tất cả điều này đã thực sự mệt mỏi và mệt mỏi, và ngay bây giờ tôi cảm thấy khá bệnh."
Hô hấp,"Tôi đã phải đối phó với ho nặng, khó thở, buồn ngủ, ho nhiều, vùi vùi và bị sốt cao, tất cả những điều này đã thực sự mệt mỏi và mệt mỏi, và ngay bây giờ tôi cảm thấy khá bệnh."
Hô hấp,"Hoan chút, khó thở và mệt mỏi liên tục khiến tôi khó khăn hơn. Tôi có nhiều chất khô dày và vỏ bắp, đồng thời bị sốt cao. Hiện tại tôi cảm thấy khá đau vì mọi thứ đều quá mệt mỏi và mệt mỏi."
Hô hấp,"Với ho liên tục, vấn đề hô hấp và mệt mỏi, tôi đã phải vật lộn. Tôi có sốt cao và đã tạo ra rất nhiều chất vữa dày và rác rác trong khi ho. Tôi hiện đang cảm thấy khá đau vì mọi thứ đã quá mệt mỏi và mệt mỏi."
Hô hấp,"Bệnh sốt của tôi đã vượt qua mái nhà, tôi rất yếu và mệt mỏi, tôi đã ho nhiều chất nhầy, và quản lý tất cả các triệu chứng này thật khó khăn. Mọi thứ đang khiến tôi rất buồn."
Hô hấp,"Bác sĩ, vì sốt cao, tôi đã không thể thở qua mũi hay miệng trong vài ngày và cảm thấy quá mệt mỏi. Xin hãy đề nghị một số loại thuốc cho tôi."
Hô hấp,"Tôi bị ho khô, khó thở, và sốt cao, tôi sản xuất nhiều chất nhầy và cảm thấy khá yếu và mệt mỏi."
Hô hấp,"Tôi đã ho liên tục trong nhiều ngày, và tôi cũng có vấn đề về hô hấp. Bệnh sốt của tôi đã vượt qua mái nhà, và tôi rất yếu và mệt mỏi. Tất cả các triệu chứng này đã thực sự khó khăn cho tôi để kiểm soát,"
Hô hấp,"Ngoài sự buồn ngủ, tôi cũng gặp khó khăn trong việc thở do ho kéo dài, tôi bị ho nhiều, và bị sốt cao."
Hô hấp,"Tôi đang khó thở, ho liên tục, và cảm thấy mệt mỏi. Tôi có sốt rất cao và bị ho nhiều nước bọt nhầy. Tôi cảm thấy mệt mỏi và mệt mỏi vì cố gắng đối phó với mọi thứ."
Hô hấp,"Tôi đã trải qua khó thở, ho mãn tính, và mệt mỏi. Tôi đã tạo ra rất nhiều chất vữa dày, vú trong khi cũng có nhiệt độ rất cao. Do phải đối phó với tất cả điều này, tôi chỉ đơn giản cảm thấy cực kỳ mệt mỏi và mệt mỏi."
Hô hấp,"Chào mẹ mẹ mẹ gần đây, tôi cảm thấy quá mệt mỏi và bị ho không thể biến mất. Bệnh sốt của tôi rất cao, và hơi thở của tôi trở nên nông. Ngoài ra, tôi bị ho nhiều chất rác dày."
Hô hấp,"Tôi đã phải vật lộn với mệt mỏi và ho liên tục khiến tôi khó thở, sốt cao và ho nhiều mờ."
Hô hấp,"Bác sĩ Do sốt cao, tôi đã không thể thở qua mũi hoặc miệng trong vài ngày và cảm thấy quá mệt mỏi. Đôi khi cũng có mùi. Xin hãy đề nghị một số loại thuốc cho tôi."
Hô hấp,"Tôi đã có những vấn đề sức khỏe liên tục trong một tuần, bao gồm ho khô, khó thở và yếu đuối chung."
Tim mạch,"Tôi đã trải qua đau đầu, đau ngực, chóng mặt và khó giữ cân bằng."
Tim mạch,"Cùng với đau đầu, đau ngực, bất ổn và cân bằng, tôi cũng bị chóng mặt. Tôi cũng nghĩ rằng tôi đang gặp vấn đề tập trung."
Tim mạch,"Cùng với đau đầu, đau ngực, bất ổn và cân bằng, tôi cũng cảm thấy không khỏe. Tôi cũng nghĩ rằng tôi đang gặp vấn đề tập trung."
Tim mạch,"Ngoài đau đầu, đau ngực, bất ổn và cân bằng, tôi cũng cảm thấy không khỏe. Tôi cũng nghĩ tôi có vấn đề tập trung."
Tim mạch,"Tôi bị mất cân bằng, đau đầu, đau ngực và chóng mặt."
Tim mạch,"Tôi bị đau đầu, đau ngực, chóng mặt và không cân bằng, cũng khó tập trung và tập trung."
Tim mạch,"Tôi gặp khó khăn khi đi bộ, đau đầu, đau ngực và chóng mặt."
Tim mạch,"Tôi bị cân bằng kém, đau đầu, đau ngực và chóng mặt."
Tim mạch,"Tôi không có sự phối hợp, tôi bị đau đầu, đau ngực, chóng mặt, và cũng không tập trung."
Tim mạch,"Các triệu chứng của tôi bao gồm đau đầu, đau ngực, chóng mặt, không cân bằng và khó tập trung."
Tim mạch,"Tôi đã trải qua những triệu chứng như đau đầu, đau ngực, chóng mặt, mất cân bằng và khó tập trung."
Tim mạch,"Tôi bị các triệu chứng như đau đầu, đau ngực, chóng mặt, mất cân bằng và khó tập trung."
Tim mạch,"Máu đau, ngực khó chịu, chóng mặt, mất cân bằng và khó tập trung là một số triệu chứng mà tôi đã có."
Tim mạch,"Ngoài đau đầu và đau ngực, tôi cũng bị mất trí và mất cân bằng."
Tim mạch,"Tôi đã trải qua những vấn đề về cân bằng, đau đầu, đau ngực, chóng mặt. Tôi cũng nhận ra rằng tôi đang gặp khó khăn trong việc tập trung."
Tim mạch,"Tôi bị mất cân bằng, đau đầu, ngực, chóng mặt, và cũng thấy khó tập trung."
Tim mạch,"Tôi đã gặp vấn đề cân bằng, đau ngực, đau đầu và đau đầu."
Tim mạch,"Tôi đã trải qua đau ngực, chóng mặt và đau đầu như là một áp lực liên tục ở trán."
Tim mạch,"Tôi cảm thấy hơi ngốc và bất ổn, và cũng nhận thấy khả năng tập trung và tập trung của tôi giảm."
Tim mạch,"Tôi bị chóng mặt và run rẩy, cũng như mất tập trung và mất khả năng tập trung."
Tim mạch,"Tôi đã trải qua chóng mặt và lo lắng, cũng như mất tập trung và khả năng tập trung."
Tim mạch,"Tôi đã bị đau ngực nặng, đau đầu không thể biến mất, và tôi bị chóng mặt và bất ổn."
Tim mạch,"Tôi đã bị đau ngực nặng, đau đầu không thể biến mất, và tôi bị chóng mặt và bất ổn."
Tim mạch,"Cùng với đau ngực, chóng mặt và đau đầu như một vùng hẹp quanh đầu, tôi cũng gặp nhiều vấn đề."
Tim mạch,"Tôi đã phải vật lộn với một cơn đau đầu như một dây đeo chặt chẽ quanh đầu, cùng với đau ngực và chóng mặt."
Tim mạch,"Tôi cũng bị mất cân bằng, bị rối loạn tâm trí và chóng mặt, và đau đầu liên tục."
Tim mạch,"Tôi cảm thấy mất phương hướng và chóng mặt, cũng như khó giữ cân bằng."
Tim mạch,"Tôi cũng bị suy cân, chóng mặt và sốc, và sự tập trung và tập trung của tôi giảm."
Tim mạch,"Ngoài việc bị chóng mặt và sốc, tôi cũng gặp khó khăn trong việc giữ cân bằng, và khả năng tập trung và tập trung của tôi cũng bị giảm dần."
Tim mạch,"Tôi đã trải qua một cơn đau đầu như một cơn đau sắc bén trong các ngôi đền của tôi, cùng với đau ngực và chóng mặt."
Tim mạch,"Cùng với đau ngực và chóng mặt, tôi cũng bị đau đầu như đau ngực ở trán."
Tim mạch,"Tôi đã cảm thấy ổn cả ngày, nhưng đột nhiên phát triển đau đầu, đau ngực và chóng mặt khi đi dạo."
Tim mạch,"Khi đi bộ, tôi đột nhiên bắt đầu bị đau đầu, đau ngực và chóng mặt sau khi cảm thấy ổn cả ngày."
Tim mạch,"Tôi thức dậy sáng nay với đau đầu và đau ngực, và ngày càng đi, tôi cũng cảm thấy chóng mặt và bất ổn trên chân"
Tim mạch,"Sáng nay tôi bị đau đầu và đau ngực, và ngày càng trôi qua, tôi cũng bắt đầu cảm thấy bất ổn và bất ổn trên chân."
Tim mạch,"Tôi đã phải đối phó với đau đầu và đau ngực trong vài ngày nay, nhưng ngày nay chóng mặt và mất cân bằng đã trở nên tồi tệ hơn nhiều."
Tim mạch,"Trong vài ngày nay, tôi đã bị đau đầu và đau ngực, nhưng hôm nay chóng mặt và mất cân bằng đã trở nên tồi tệ hơn đáng kể."
Tim mạch,"Tôi đang làm việc khi tôi bắt đầu cảm thấy đau đầu, đau ngực và chóng mặt."
Tim mạch,"Khi đầu tôi đau, ngực đau và đầu bị sưng, tôi đang làm việc, và từ đó đến nay, tôi không thể tập trung và tập trung vào công việc."
Tim mạch,"Tôi đang tập luyện khi đột nhiên bị đau đầu, đau ngực và chóng mặt."
Tim mạch,"Tôi ngay lập tức bị đau đầu, đau ngực và chóng mặt khi tập thể dục."
Tim mạch,"Tôi đã cảm thấy ổn cả ngày, nhưng đột nhiên phát triển đau đầu, đau ngực và chóng mặt khi lái xe về nhà từ nơi làm việc."
Tim mạch,"Tôi cảm thấy ổn cả ngày, nhưng khi lái xe về nhà từ công việc, đột nhiên tôi bắt đầu bị đau đầu, ngực khó chịu và chóng mặt."
Tim mạch,"Tôi đi mua sắm khi tôi bắt đầu cảm thấy đau đầu, đau ngực và chóng mặt."
Tim mạch,"Khi đầu tôi đau, ngực đau và đầu óc bị ngập, tôi đi mua sắm, và từ đó đến nay, tôi không tập trung vào công việc."
Tim mạch,"Tôi thức dậy sáng nay cảm thấy khỏe mạnh, nhưng ngày hôm nay tôi bắt đầu bị đau đầu, đau ngực và chóng mặt."
Tim mạch,"Tôi tỉnh dậy sáng nay cảm thấy khỏe mạnh, nhưng ngày càng trôi qua, tôi bắt đầu bị đau đầu, đau bụng và chóng mặt."
Tim mạch,"Tôi đang ở giữa một buổi họp, đột nhiên tôi bị đau đầu, đau ngực và chóng mặt."
Tim mạch,"Tôi đột nhiên bị đau đầu, đau ngực và chóng mặt khi đang ngồi trong một hội nghị."
Tim mạch,"Tôi đã cảm thấy ổn cả ngày, nhưng đột nhiên phát triển đau đầu, đau ngực và chóng mặt khi đi chạy."
Thần kinh,"Tôi bị bệnh axit và khó tiêu hóa sau khi ăn, cũng như thường xuyên bị đau đầu và thị lực mờ."
Thần kinh,"Tôi thường xuyên bị đau đầu và thị giác mờ, cũng như trào ngược axit và khó tiêu hóa sau bữa ăn."
Thần kinh,"Tôi đã gặp vấn đề về thị lực, nhìn thấy mọi thứ như bị biến dạng và trải qua rối loạn thị lực."
Thần kinh,"Tôi bị rối loạn thị giác, nhìn thấy mọi thứ như bị biến dạng, và vấn đề thị giác."
Thần kinh,"Tôi đã phải đối mặt với sự rối loạn thị giác, nhìn thấy mọi thứ như bị biến dạng, và khó khăn thị giác."
Thần kinh,"Tôi cảm thấy đói quá mức, ngay cả sau khi ăn, và tôi có cái cổ cứng."
Thần kinh,"Tôi đã phải đối mặt với sự rối loạn thị giác, nhìn thấy mọi thứ như bị biến dạng, và khó khăn thị giác."
Thần kinh,"Tôi gần đây đã buồn bã và buồn tẻ, và tôi cũng nhận thấy sự thay đổi trong tầm nhìn của tôi."
Thần kinh,"Tôi cảm thấy trầm cảm và bực bội, và nhận thấy sự thay đổi trong tầm nhìn của tôi."
Thần kinh,"Tôi đã bị kích thích và trầm cảm gần đây, và tôi cũng nhận thấy sự thay đổi trong tầm nhìn của tôi."
Thần kinh,"Cùng với những cơn đau đầu và thị lực mờ mờ, tôi bị trào ngược axit và khó tiêu hóa thức ăn."
Thần kinh,"Tôi bị trào ngược axit và khó tiêu hóa thức ăn, cũng như thường xuyên bị đau đầu và mất thị lực"
Thần kinh,"Tôi luôn cảm thấy đói và bị đau cổ, cũng như gặp vấn đề về thị lực."
Thần kinh,"Ngoài việc bị khó khăn về cổ và mắt, tôi luôn đói."
Thần kinh,"Tôi bị bệnh axit, khó tiêu hóa, đau đầu, thị giác mờ và bị biến dạng, cũng như đói quá mức, cổ cứng, trầm cảm, kích thích và rối loạn thị giác."
Thần kinh,"Cùng với sự thèm ăn quá mức, cứng cổ, trầm cảm, thiếu kiên nhẫn và rối loạn thị giác, tôi cũng bị tiêu hóa, đau đầu, thị giác mờ và trào ngược axit."
Thần kinh,"Ngoài sự thèm ăn quá mức, cổ cứng, trầm cảm, thiếu kiên nhẫn và rối loạn thị giác, tôi cũng bị tiêu hóa, đau đầu, thị giác mờ và các vấn đề về dạ dày."
Thần kinh,"Tôi bị bệnh trào ngược axit, khó tiêu hóa, đau đầu thường xuyên, suy giảm thị lực, cũng như đói quá mức, đau cổ, trầm cảm, khó chịu và rối loạn thị lực."
Thần kinh,"Cùng với sự gia tăng đói, đau cổ, buồn chán, thiếu kiên nhẫn và rối loạn thị giác, tôi cũng bị suy giảm axit, khó tiêu hóa, đau đầu thường xuyên và thị giác mờ mờ."
Thần kinh,"Cùng với sự gia tăng đói, đau cổ, lo lắng, kích thích và rối loạn thị giác, tôi cũng bị suy giảm axit, khó tiêu hóa, đau đầu thường xuyên và suy giảm thị lực."
Thần kinh,"Tôi đã gặp vấn đề tiêu hóa, bao gồm tính axit và khó tiêu hóa, cũng như đau đầu thường xuyên và thị lực bị biến dạng, đói quá mức, cổ cứng, trầm cảm, kích thích và rối loạn thị lực."
Thần kinh,"Ngoài những cơn đau đầu và thị lực mờ mờ, sự tăng khẩu vị, cổ cứng, buồn bã, khó chịu và rối loạn thị lực, tôi cũng bị đau dạ dày, bao gồm khó tiêu hóa và bị acid."
Thần kinh,"Ngoài những cơn đau đầu thường xuyên và thị lực mờ, sự tăng khẩu vị, cổ cứng, lo lắng, kích thích và rối loạn thị lực, tôi cũng bị đau dạ dày, bao gồm khó tiêu hóa và bị acid."
Thần kinh,"Tôi đã phải vật lộn với bệnh trào ngược axit, khó tiêu hóa và đau đầu, cũng như thị giác mờ và bị biến dạng, đói quá mức, đau cổ, trầm cảm, khó chịu và rối loạn thị giác."
Thần kinh,"Ngoài đau đầu, khó tiêu hóa, trào ngược axit, sự thèm ăn quá mức, đau cổ, buồn bã, thiếu kiên nhẫn và rối loạn thị giác, tôi cũng bị mờ và bị suy giảm thị lực."
Thần kinh,"Ngoài đau đầu, khó tiêu hóa, trào ngược axit, sự thèm ăn quá mức, đau cổ, buồn bã, thiếu kiên nhẫn và rối loạn thị giác, tôi cũng cảm thấy mờ và bị suy giảm thị lực."
Thần kinh,"Tôi đã gặp vấn đề tiêu hóa, bao gồm tính axit và khó tiêu hóa, cũng như đau đầu thường xuyên và suy giảm thị lực, đói quá mức, cổ cứng, trầm cảm, kích thích và rối loạn thị lực"
Thần kinh,"Ác và khó tiêu hóa là một trong những vấn đề tiêu hóa mà tôi đã có, cùng với đau đầu thường xuyên, thị giác mờ, tăng đói, cổ cứng, buồn bã, thiếu kiên nhẫn và rối loạn thị giác."
Thần kinh,"Tôi bị bệnh trào ngược axit, khó tiêu hóa, và đau đầu thường xuyên, cũng như thị giác bị biến dạng, đói quá mức, đau cổ, trầm cảm, khó chịu và rối loạn thị giác."
Thần kinh,"Ngoài sự rối loạn thị lực, sự thèm ăn quá mức, đau cổ, buồn bã, khó chịu và đau đầu thường xuyên, tôi cũng bị suy giảm axit, khó tiêu hóa và đau đầu thường xuyên."
Thần kinh,"Ngoài sự rối loạn thị lực, sự thèm ăn quá mức, đau cổ, lo lắng, kích thích và đau đầu thường xuyên, tôi cũng phải đối mặt với bệnh trào ngược axit, khó tiêu hóa và đau đầu thường xuyên."
Thần kinh,"Tôi bị bệnh axit, khó tiêu hóa, và thường xuyên bị đau đầu, cũng như bị mờ và bị suy giảm thị lực, đói quá mức, cứng cổ, trầm cảm, khó chịu và rối loạn thị lực."
Thần kinh,"Ác dạ dày, khó tiêu hóa, đau đầu thường xuyên, thị giác mờ nhạt và bị biến dạng, sự tăng khẩu vị, cứng cổ, trầm cảm, kích thích và rối loạn thị giác đều làm tôi khó chịu."
Thần kinh,"Tôi đã phải vật lộn với các vấn đề tiêu hóa, bao gồm trào ngược axit và khó tiêu hóa, cũng như đau đầu thường xuyên và suy giảm thị lực, đói quá mức, đau cổ, trầm cảm, kích thích và rối loạn thị lực"
Thần kinh,"Tôi thường xuyên bị đau đầu, mắt không rõ ràng, ăn uống quá nhiều, đau cổ, buồn bã, khó chịu và bị tiêu hóa, bao gồm khó tiêu hóa và trào ngược axit."
Thần kinh,"Tôi thường xuyên bị đau đầu, mắt không rõ ràng, ăn uống quá nhiều, đau cổ, lo lắng, khó chịu và khó tiêu hóa, bao gồm khó tiêu hóa và trào ngược axit."
Thần kinh,"Tôi bị axit, khó tiêu hóa, đau đầu, cũng như thị giác mờ và bị biến dạng, đói quá mức, cổ cứng, trầm cảm, khó chịu và rối loạn thị giác"
Thần kinh,"Cùng với sự thèm ăn quá mức, khó chịu, đau đầu, khó tiêu hóa và suy giảm axit, tôi cũng bị buồn bã, thiếu kiên nhẫn và bị suy giảm thị lực."
Thần kinh,"Cùng với sự thèm ăn quá mức, khó chịu, đau đầu, khó tiêu hóa và suy giảm axit, tôi cũng bị buồn bã, thiếu kiên nhẫn và bị suy giảm thị lực."
Thần kinh,"Tôi bị bệnh trào ngược axit, khó tiêu hóa, và đau đầu thường xuyên, cũng như thị giác bị biến dạng, đói quá mức, đau cổ, trầm cảm, khó chịu và rối loạn thị giác."
Thần kinh,"Cùng với chứng bị suy giảm thị lực, tăng khẩu vị, đau cổ, buồn chán, thiếu kiên nhẫn và đau đầu thường xuyên, tôi cũng bị đau dạ dày, trào ngược axit và khó tiêu hóa."
Thần kinh,"Ngoài việc nhìn thấy suy giảm, ăn quá nhiều, đau cổ, buồn chán, không kiên nhẫn và đau đầu liên tục, tôi cũng đang chiến đấu với cơn đau dạ dày, trào ngược axit và khó tiêu hóa."
Thần kinh,"Tôi bị bệnh axit, khó tiêu hóa, đau đầu, thị giác mờ và bị biến dạng, cũng như đói quá mức, cổ cứng, trầm cảm, kích thích và rối loạn thị giác."
Thần kinh,"Ngoài sự thèm ăn quá mức, cứng cổ, trầm cảm, thiếu kiên nhẫn và rối loạn thị giác, tôi cũng bị tiêu hóa, đau đầu, thị giác mờ và trào ngược axit."
Thần kinh,"Ngoài sự thèm ăn quá mức, căng thẳng cổ, trầm cảm, kích thích và rối loạn thị giác, tôi cũng bị tiêu hóa khó chịu, đau đầu, thị giác mờ và trào ngược axit."
Thần kinh,"Tôi bị bệnh trào ngược axit, khó tiêu hóa, đau đầu thường xuyên, suy giảm thị lực, đói quá mức, đau cổ, trầm cảm, kích thích và rối loạn thị lực."
Thần kinh,"Ngoài những vấn đề về thị lực, sự tăng sự thèm ăn, đau cổ, buồn chán, kích thích và đau đầu thường xuyên, tôi cũng bị suy giảm axit, khó tiêu hóa và đau nửa đầu thường xuyên."
Thần kinh,"Ngoài những vấn đề về thị lực, sự tăng sự thèm ăn, đau cổ, buồn chán, kích thích và đau đầu thường xuyên, tôi cũng bị suy giảm axit, khó tiêu hóa và chóng mặt thường xuyên."
Thần kinh,"Tôi bị bệnh axit, khó tiêu hóa, đau đầu, thị giác mờ và bị biến dạng, cũng như đói quá mức, cổ cứng, trầm cảm, kích thích và rối loạn thị giác."
Thần kinh,"Tôi đã phải vật lộn với bệnh trào ngược axit, khó tiêu hóa, đau đầu, thị giác mờ và bị biến dạng, đói quá mức, đau cổ, trầm cảm, kích thích, và rối loạn thị giác."
Cơ xương khớp,"Tôi bị đau lưng nặng, ho thường xuyên, và các chi nhánh yếu, cổ cũng đau, chóng mặt và mất cân bằng."
Cơ xương khớp,"Cùng với ho mãn tính và yếu đuối chân, tôi cũng phải đối mặt với những khó chịu đau lưng, đau cổ, chóng mặt và bất ổn."
Cơ xương khớp,"Tôi bị đau lưng, ho sưng, và bị yếu đuối trong tay và chân, cũng như đau cổ và bị chóng mặt và cân bằng."
Cơ xương khớp,"Vết lưng đau, ho sưng và ngực trong tay và chân làm tôi khó chịu, cổ cũng đau, và tôi gặp khó khăn trong việc giữ cân bằng và không bị sốc."
Cơ xương khớp,"Vết đau lưng, ho sương, ngực trong tay và chân, cổ cũng đau, và tôi không thể cân bằng và không bị ngốc."
Cơ xương khớp,"Thường như tôi bị đau đớn, ho và ngứa trong tay và chân, cũng như đau cổ, và tôi gặp khó khăn trong việc giữ cân bằng và không bị ngập ngập."
Cơ xương khớp,"Tôi đã phải vật lộn với đau lưng, ho không thể biến mất, và yếu đuối chân, cổ đau, chóng mặt và mất cân bằng."
Cơ xương khớp,"Vũ vẹn lưng, ho thường xuyên và yếu đuối của chân đã làm tôi khó chịu."
Cơ xương khớp,"Lưng khó chịu, khó thở và các chiên yếu đã làm tôi đau đớn."
Cơ xương khớp,"Tôi bị đau lưng nặng, ho khô và không có sức mạnh trong các chi nhánh, cổ đau và tôi bị chóng mặt và bất ổn trên chân."
Cơ xương khớp,"Tôi đã phải vật lộn với đau lưng nặng, ho khô và yếu đuối chi, tôi cảm thấy bị sốc và lắc lắc trên chân, và cổ tôi đau."
Cơ xương khớp,"Tôi đã phải vật lộn với đau lưng, ho khô và yếu đuối chi, tôi bị chóng mặt và bất ổn ở chân, và cổ tôi đau."
Cơ xương khớp,"Tôi đã phải vật lộn với đau lưng, ho mãn tính, và yếu đuối chi, tôi cảm thấy mất phương hướng và yếu đuối trên chân, và cổ tôi đau."
Cơ xương khớp,"Tôi bị đau lưng, ho rụng, và các chi nhánh yếu, cổ đau, chóng mặt và cân bằng."
Cơ xương khớp,"Vấn đề về sự cân bằng và chóng mặt, và cổ đau."
Cơ xương khớp,"Tôi bị đau lưng, khó thở và nhịp xương bị yếu, tôi bị cân bằng, chóng mặt và cổ bị đau."
Cơ xương khớp,"Tôi đã phải vật lộn với đau lưng, ho liên tục, và cơ bắp yếu, cổ đau và bị chóng mặt và mất cân bằng."
Cơ xương khớp,"Vấn đề về lưng, ho kéo dài và cơ bắp yếu đã làm tôi khó chịu."
Cơ xương khớp,"Vấn đề về lưng, ho mãn tính và cơ bắp yếu đã làm tôi khó chịu."
Cơ xương khớp,"Tôi bị đau lưng nặng, ho thường xuyên và yếu đuối, cổ cũng đau, chóng mặt và mất cân bằng."
Cơ xương khớp,"Tôi bị ho ngột ngột, đau lưng và xương chân yếu, đau cổ cũng như chóng mặt và cảm giác bất ổn."
Cơ xương khớp,"Tôi bị ho thường xuyên, đau lưng và xương chân yếu, đau cổ cũng như chóng mặt và cảm giác không ổn định."
Cơ xương khớp,"Tôi đã phải đối phó với đau lưng, ho không thể biến mất, và yếu đuối trong tay và chân, cổ đau và tôi gặp vấn đề về chóng mặt và giữ cân bằng."
Cơ xương khớp,"Vấn đề về lưng, ho liên tục, ngực ngực trong tay và chân đã làm tôi khó chịu, tôi có vấn đề về sự cân bằng và chứng kinh chóng mặt, và cổ tôi đau."
Cơ xương khớp,"Vấn đề về lưng, ho khô và cứng tay và chân đã làm tôi khó chịu, tôi có vấn đề về sự cân bằng, chóng mặt và đau cổ."
Cơ xương khớp,"Tôi bị đau lưng, ho liên tục, ngứa ngực trong cánh tay và chân, khó giữ cân bằng và điều khiển chóng mặt, và cổ tôi đau."
Cơ xương khớp,"Tay và chân tôi yếu, đau lưng và ho thường xuyên. Ngoài đau cổ và cân bằng, tôi cũng bị chóng mặt."
Cơ xương khớp,"Vấn đề này liên tục là đau lưng, ho và yếu đuối cánh tay và chân, đau cổ, cân bằng và chóng mặt."
Cơ xương khớp,"Vấn đề về lưng, ho liên tục, ngực ngực trong tay và chân đã làm tôi khó chịu, tôi có vấn đề về sự cân bằng và chứng kinh chóng mặt, và cổ tôi đau."
Cơ xương khớp,"Tôi bị đau lưng, ho khô và cơ bắp không mạnh mẽ, cổ đau, chân chóng mặt và không ổn định"
Cơ xương khớp,"Vết lưng đau, ho khô và thiếu cơ bắp làm tôi khó chịu, cổ tôi đau, tôi cảm thấy chán và rúng động."
Cơ xương khớp,"Các cơ bắp của tôi thiếu sức mạnh, và tôi bị đau lưng và ho khô, đau cổ, và cảm thấy bị sốc và bất ổn trên chân."
Cơ xương khớp,"Các cơ bắp của tôi không mạnh lắm, và tôi bị đau lưng, tôi cảm thấy bị sốc và rắc rối trên chân, và cổ tôi đau."
Cơ xương khớp,"Tôi bị đau lưng, ho khô và cơ bắp yếu, đau cổ, bị sốc và khó đứng."
Cơ xương khớp,"Tôi đã phải vật lộn với đau lưng nặng, ho mãn tính, và yếu đuối trong tay và chân, cổ đau và bị chóng mặt và mất cân bằng."
Cơ xương khớp,"Tôi bị đau lưng khủng khiếp, ho liên tục, và bị yếu đuối trong cánh tay và chân, tôi bị chóng mặt và mất cân bằng, và cổ tôi đau."
Cơ xương khớp,"Tôi bị đau lưng nặng, ho liên tục, ngực ngực trong cánh tay và chân, chóng mặt và cân bằng, và cổ đau."
Cơ xương khớp,"Cùng với ho kéo dài, yếu đuối trong cánh tay và chân, và đau lưng nặng, tôi đã gặp nhiều vấn đề. Tôi đã gặp vấn đề về chóng mặt và mất cân bằng, và cổ tôi đau."
Cơ xương khớp,"Tôi bị đau lưng nặng, ho gây ra nhăn nhăn, cơ bắp yếu, cổ cũng đau và chân bị chóng mặt và không ổn định."
Cơ xương khớp,"Ngoài đau lưng đau đớn, tôi cũng ho và cảm thấy yếu đuối, đầu óc và chân không ổn định, và cổ cũng đau."
Cơ xương khớp,"Các cơ bắp của tôi khá yếu, và tôi bị ho và vú cùng với sự khó chịu đáng kể của lưng."
Cơ xương khớp,"Ngoài hoạn và cơ bắp yếu, tôi cũng bị đau lưng nặng, và tôi cũng bị đau cổ."
Cơ xương khớp,"Tôi đã phải đối phó với đau lưng, ho liên tục, và yếu đuối của các chi nhánh, cổ đau và bị chóng mặt và mất cân bằng."
Cơ xương khớp,"Vết lưng đau, ho mãn tính và xương chân yếu, tôi bị mất phương hướng và mất cân bằng, và cổ đau."
Cơ xương khớp,"Tôi bị đau lưng, ho không thể biến mất, và xương chân yếu, đau cổ, mất ổn định và lo lắng về cân bằng."
Cơ xương khớp,"Tôi bị đau lưng, ho mãn tính, và bị yếu đuối trong tay và chân, cổ đau, chóng mặt và mất cân bằng"
Cơ xương khớp,"Vết lưng đau, ho thường xuyên, và ngực trong tay và chân đã làm tôi khó chịu, cổ tôi đau, và tôi cảm thấy bị sốc và bất ổn."
Cơ xương khớp,"Tôi bị đau lưng, ho liên tục, và bị yếu đuối trong tay và chân, cổ đau, và tôi cảm thấy mất cân bằng và ngập ngập."
Cơ xương khớp,"Tôi đã phải vật lộn với đau lưng, ho rụi và cơ bắp yếu, cổ đau và bị chóng mặt và cân bằng không ổn định."
Cơ xương khớp,"Vấn đề về lưng, ho và cơ bắp yếu đã làm tôi khó chịu, tôi bị chóng mặt, cân bằng không bình đẳng và cổ đau."
Tiêu hóa,"Tôi bị ngứa, nôn và mệt mỏi, giảm cân và bị sốt cao, da đỏ và nước tiểu đen, đau bụng."
Tiêu hóa,"Tôi cảm thấy rất xước, bệnh tật và mệt mỏi. Ngoài ra, tôi giảm cân và bị nhiệt độ."
Tiêu hóa,"Tôi cảm thấy rất xước, buồn nôn, mệt mỏi, cũng bị sốt cao, giảm cân, da và nước tiểu của tôi trở nên vàng, bột đau."
Tiêu hóa,"Tôi bị ngứa, bệnh tật và mệt mỏi nặng, và tôi bị sốt và giảm cân, nước tiểu đen, phát triển phơi nhiễm vàng, đau dạ dày."
Tiêu hóa,"Tôi bị ngứa và nôn nặng, cũng rất mệt mỏi và giảm cân, sốt cao, da vàng, nước tiểu tối và đau bụng."
Tiêu hóa,"Tôi bị ngứa và buồn nôn nặng, giảm cân và cũng rất mệt mỏi, da tôi trở nên vàng, tôi bị sốt nặng, nước tiểu tối, và đau dạ dày."
Tiêu hóa,"Tôi đã nôn và bị ngứa dữ dội. Cùng với việc giảm cân, tôi cũng thực sự mệt mỏi. làn da của tôi đã trở nên vàng, và sốt của tôi rất cao. Tôi đã bị đau dạ dày và nước tiểu của tôi đen."
Tiêu hóa,"Tôi bị ngứa và buồn nôn nặng, tôi cũng giảm cân và rất mệt mỏi, bị sốt cao, da đỏ, đau bụng, nước tiểu đen."
Tiêu hóa,"Tôi bị ngứa và buồn nôn rất tệ, tôi giảm cân và cũng rất mệt mỏi, da tôi đã trở nên vàng và tôi bị nhiệt độ nặng, nước tiểu tối và đau dạ dày."
Tiêu hóa,"Tôi bị ngứa và nôn, cũng rất mệt mỏi và giảm cân, sốt cao và da vàng, nước tiểu tối và đau bụng."
Tiêu hóa,"Tôi bị nếp nhăn và nôn. Tôi giảm cân và cũng rất mệt mỏi. Da tôi đã trở nên vàng, tôi bị sốt nặng. Tôi bị đau dạ dày và nước tiểu đen."
Tiêu hóa,"Tôi bị ngứa và ngửa. Tôi giảm cân, tôi cũng rất mệt mỏi. Da tôi đã trở nên vàng, sốt cao."
Tiêu hóa,"Tôi bị nếp nhăn và ngửa. Tôi giảm cân, tôi cũng rất mệt mỏi. Tôi bị sốt cao và da vàng. Ngoài đau dạ dày, nước tiểu của tôi còn đen."
Tiêu hóa,"Tôi bị ngứa và ngửa, ngoài ra tôi giảm cân và cảm thấy rất mệt mỏi, da tôi trở nên vàng và tôi bị nhiệt độ nặng, đau bụng và nước tiểu đen."
Tiêu hóa,"Tôi đã mệt mỏi, bị buồn nôn và ngứa, giảm cân và bị nhiệt độ, nước tiểu đen, da vàng, đau dạ dày."
Tiêu hóa,"Tôi bị ngứa, nôn và mệt mỏi. Tôi cũng giảm cân và bị sốt cao. Da tôi đã trở nên vàng và nước tiểu của tôi tối. Tôi cũng bị đau bụng"
Tiêu hóa,"Tôi cảm thấy bị nứt, bệnh tật, mệt mỏi, cũng bị sốt cao và giảm cân, cả da và nước tiểu của tôi đều trở nên vàng, đau dạ dày bổ sung mà tôi đã có"
Tiêu hóa,"Chứa, buồn nôn và mệt mỏi đã làm tôi khó chịu. Ngoài ra, tôi bị sốt và giảm cân."
Tiêu hóa,"Tôi bị buồn nôn, nôn nôn và mệt mỏi, tôi giảm cân và bị nhiệt độ, nước tiểu đen, da vàng, đau dạ dày."
Tiêu hóa,"Tôi bị ngứa, nôn và mệt mỏi, giảm cân và bị sốt cao, da đỏ và nước tiểu đen, đau bụng."
Tiêu hóa,"Tôi cảm thấy rất xước, bệnh tật và mệt mỏi. Ngoài ra, tôi giảm cân và bị nhiệt độ."
Tiêu hóa,"Tôi cảm thấy rất xước, bệnh tật và mệt mỏi. Ngoài ra, tôi giảm cân và bị nhiệt độ."
Tiêu hóa,"Tôi cảm thấy rất xước, bệnh tật và mệt mỏi. Ngoài ra, tôi giảm cân và bị nhiệt độ."
Tiêu hóa,"Tôi luôn cảm thấy bị nếp nhăn, bệnh tật và mệt mỏi. Ngoài ra, tôi giảm cân và bị nhiệt độ."
Tiêu hóa,"Tôi cảm thấy rất xước, buồn nôn, mệt mỏi, cũng bị sốt cao, giảm cân, da và nước tiểu của tôi trở nên vàng, tôi cũng bị đau dạ dày."
Tiêu hóa,"Tôi bị ngứa, nôn và mệt mỏi nặng, tôi cũng giảm cân và bị sốt cao, da đỏ, nước tiểu đen, đau bụng."
Tiêu hóa,"Tôi cảm thấy rất xước, chóng mặt và mệt mỏi. Ngoài ra, tôi giảm cân và bị nhiệt độ."
Tiêu hóa,"Tôi bị ngứa, buồn nôn, kiệt sức, sốt cao, giảm cân, da và nước tiểu vàng, đau dạ dày."
Tiêu hóa,"Tôi bị ngứa, buồn nôn và mệt mỏi nặng, và tôi bị sốt và giảm cân, nước tiểu đen, phát triển phơi nhiễm vàng, đau bụng."
Tiêu hóa,"Tôi bị ngứa, buồn nôn và mệt mỏi, và tôi bị sốt và giảm cân, nước tiểu đen, phát triển phơi nhiễm vàng, đau bụng."
Tiêu hóa,"Tôi bị ngứa và nôn, cũng rất mệt mỏi và giảm cân, sốt cao, da vàng, đau bụng."
Tiêu hóa,"Tôi bị ngứa và ngửa. Tôi giảm cân, tôi cũng rất mệt mỏi. Da tôi đã trở nên vàng, sốt cao."
Tiêu hóa,"Tôi bị nếp nhăn và nôn, tôi cũng giảm cân và rất mệt mỏi, tôi bị sốt cao, da vàng, cũng như bạn, tôi cũng bị đau dạ dày."
Tiêu hóa,Tôi bị ngứa và ngửa. Tôi giảm cân và cũng rất mệt mỏi. Da tôi trở nên vàng và tôi bị nhiệt độ nặng. Cục dạ dày cũng đau.
Tiêu hóa,"Tôi đã mệt mỏi, bị buồn nôn và ngứa, giảm cân và bị nhiệt độ, nước tiểu đen, da vàng, đau dạ dày."
Tiêu hóa,"Tôi bị ngứa, nôn và mệt mỏi. Tôi cũng giảm cân và bị sốt cao. Da tôi đã trở nên vàng và nước tiểu của tôi tối. Tôi cũng bị đau bụng"
Tiêu hóa,"Tôi cảm thấy bị nứt, bệnh tật, mệt mỏi, cũng bị sốt cao và giảm cân, cả da và nước tiểu của tôi đều trở nên vàng, đau dạ dày bổ sung mà tôi đã có"
Tiêu hóa,"Chứa, buồn nôn và mệt mỏi đã làm tôi khó chịu. Ngoài ra, tôi bị sốt và giảm cân."
Tiêu hóa,"Tôi bị ngứa, nôn và mệt mỏi, giảm cân và bị sốt cao, da đỏ và nước tiểu đen, đau bụng."
Tiêu hóa,"Tôi cảm thấy rất xước, bệnh tật và mệt mỏi. Ngoài ra, tôi giảm cân và bị nhiệt độ."
Tiêu hóa,"Tôi cảm thấy rất xước, buồn nôn, mệt mỏi, cũng bị sốt cao, giảm cân, da và nước tiểu của tôi trở nên vàng, tôi cũng bị đau dạ dày."
Tiêu hóa,"Tôi bị ngứa, nôn và mệt mỏi nặng, tôi cũng giảm cân và bị sốt cao, da đỏ, nước tiểu đen, đau bụng."
Tiêu hóa,"Tôi cảm thấy rất xước, chóng mặt và mệt mỏi. Ngoài ra, tôi giảm cân và bị nhiệt độ."
Tiêu hóa,"Tôi bị ngứa, buồn nôn, kiệt sức, sốt cao, giảm cân, da và nước tiểu vàng, đau dạ dày."
Tiêu hóa,"Tôi bị ngứa, nôn, mệt mỏi và giảm cân. Bệnh sốt cao, da vàng, nước tiểu tối và đau bụng."
Tiêu hóa,"Tôi giảm cân và bị buồn nôn, ngứa và mệt mỏi, da tôi đã trở nên vàng, và tôi bị sốt nặng, nước tiểu đen và đau dạ dày."
Tiêu hóa,"Tôi bị ngứa, nôn, mệt mỏi và giảm cân nặng nặng. Bệnh sốt cao, da vàng, nước tiểu tối và đau bụng."
Tiêu hóa,"Tôi giảm cân và bị ngứa, buồn nôn và mệt mỏi nặng, da tôi trở nên vàng, tôi bị sốt nặng, nước tiểu đen và đau dạ dày."
Tiêu hóa,"Tôi bị ngứa, nôn, mệt mỏi và giảm cân nặng nặng. Bệnh sốt cao, da vàng, nước tiểu tối và đau bụng."
Tiêu hóa,"Tôi đã giảm cân, cảm thấy rất mệt mỏi, và nôn quá nhiều. Da tôi đã trở nên vàng, và tôi bị sốt nặng. Tôi có nước tiểu tối, và tôi bị đau dạ dày."
Truyền nhiễm,"Tôi bị ngứa, chớp lạnh, nôn và sốt cao, tôi đổ mồ hôi rất nhiều và đau đầu, tôi buồn nôn và cơ bắp tôi rất đau."
Truyền nhiễm,"Tôi bị nồng nhiệt cao, nôn, chớp lạnh, ngứa dữ dội, cũng bị đau đầu, đổ mồ hôi nhiều, buồn nôn và cơ bắp đau rất nhiều."
Truyền nhiễm,"Tôi bị nồng nhiệt cao, nôn, chớp lạnh, ngứa dữ dội, cũng bị đau đầu, đổ mồ hôi nhiều, buồn nôn và cơ bắp đau rất nhiều."
Truyền nhiễm,"Tôi bị ngứa, chớp lạnh, buồn nôn và nhiệt độ cao, ngoài đau đầu, tôi cũng đổ mồ hôi rất nhiều, cơ bắp tôi rất đau và tôi cảm thấy đau."
Truyền nhiễm,"Cùng với sự gào xước, chớp lạnh, buồn nôn và sốt cao, tôi cũng cảm thấy rất không khỏe. Cùng với đau đầu và đổ mồ hôi quá mức, cơ bắp tôi rất đau, và tôi cảm thấy buồn nôn."
Truyền nhiễm,"Tôi bị sốt cao, chớp lạnh, ngứa dữ dội, đau đầu, đổ mồ hôi nhiều, cơ bắp đau nhiều và cảm thấy đau."
Truyền nhiễm,"Tôi bị ngứa dữ dội trên toàn thân, đi kèm với chớp lạnh và nôn. Tôi có sốt rất cao và đổ mồ hôi quá mức. Tôi cũng bị đau đầu và buồn nôn. Hàm cơ tôi rất đau."
Truyền nhiễm,"Tôi bị ngứa, chớp lạnh và nôn nặng, có sốt cao, đổ mồ hôi nhiều, cũng buồn nôn và đau đầu, cơ bắp của tôi rất khó chịu."
Truyền nhiễm,"Cùng với sự ngứa gắt, chớp lạnh và buồn nôn, tôi đã trải qua. Tôi đã đổ mồ hôi nặng và bị sốt rất cao. Tôi cảm thấy buồn nôn và cũng bị đau đầu. Tôi thực sự đau cơ."
Truyền nhiễm,"Tôi bị ngứa, chớp lạnh và nôn nặng, có sốt cao, đổ mồ hôi nhiều, cũng buồn nôn và đau đầu, cơ bắp của tôi rất khó chịu."
Truyền nhiễm,"Tôi bị ngứa cơ thể nặng, cùng với cảm lạnh và buồn nôn. Tôi đổ mồ hôi nhiều và bị sốt cực cao. Tôi bị đau bụng và đau đầu. Hàm cơ tôi đau rất nhiều."
Truyền nhiễm,"Tôi bị ngứa, chớp lạnh, nôn và sốt cao, tôi cũng đổ mồ hôi nhiều và đau đầu, buồn nôn và đau cơ cũng làm tôi khó chịu."
Truyền nhiễm,"Tôi bị sốt cao, ngứa, chớp lạnh và nôn, cũng bị đau đầu và đổ mồ hôi nhiều, cũng bị buồn nôn và đau cơ bắp."
Truyền nhiễm,"Tôi bị nồng độ cao, nôn, chớp lạnh, ngứa dữ dội, ngơ ngơ, đau đầu, buồn nôn và đau cơ bắp."
Truyền nhiễm,"Chứng ngứa, chớp lạnh, buồn nôn và sốt cao đều là một phần của tình trạng hiện tại của tôi."
Truyền nhiễm,"Tôi bị sốt cao, chớp lạnh, ngứa nặng, đau đầu, đổ mồ hôi nhiều, buồn nôn và đau cơ bắp."
Truyền nhiễm,"Tôi bị sốt cao, ngứa, chớp lạnh và nôn, cũng bị đau đầu và đổ mồ hôi nhiều, cũng bị buồn nôn và đau cơ bắp."
Truyền nhiễm,"Tôi bị nồng độ cao, nôn, chớp lạnh, ngứa dữ dội, ngơ ngơ, đau đầu, buồn nôn và đau cơ bắp."
Truyền nhiễm,"Tôi bị ngứa, chớp lạnh, nôn và sốt cao, ngơ quá mức, đau đầu, buồn nôn và đau cơ bắp cũng gây khó chịu."
Truyền nhiễm,"Tôi bị nồng độ cao, nôn, chớp lạnh, ngứa dữ dội, cũng bị đau đầu và đổ mồ hôi nhiều, cũng bị buồn nôn và đau cơ."
Truyền nhiễm,"Tôi bị ngứa, chớp lạnh, buồn nôn và nhiệt độ cao, ngoài đau đầu, tôi cũng đổ mồ hôi rất nhiều, cũng bị buồn nôn và đau cơ bắp."
Truyền nhiễm,"Ngoài sự gào xước, chớp lạnh, buồn nôn và sốt cao, tôi cũng cảm thấy rất không khỏe. Tôi bị đau đầu và đổ mồ hôi rất nhiều. Tôi cũng cảm thấy khó chịu vì buồn nôn và đau cơ."
Truyền nhiễm,"Tôi bị sốt cao, chớp lạnh, ngứa dữ dội, đau đầu, đổ mồ hôi nhiều, buồn nôn và đau cơ bắp."
Truyền nhiễm,"Tôi bị nồng độ cao, nôn, chớp lạnh, ngứa dữ dội, cũng bị đau đầu và đổ mồ hôi nhiều, cũng bị buồn nôn và đau cơ."
Truyền nhiễm,"Tôi bị ngứa, chớp lạnh, nôn và sốt cao, tôi đổ mồ hôi nhiều và đau đầu, buồn nôn và đau cơ khiến tôi cảm thấy đau khổ."
Truyền nhiễm,"Tôi đã trải qua rất nhiều vết rác, ch chém, nôn nôn, và sốt. Tôi cũng bị đau đầu và đổ mồ hôi rất nhiều. Tôi đã kinh hoàng với buồn nôn và đau cơ bắp."
Truyền nhiễm,"Tôi bị ngứa, chớp lạnh, buồn nôn, và sốt cao, ngoài đau đầu, tôi cũng đổ mồ hôi rất nhiều, tôi bị buồn nôn và đau cơ."
Truyền nhiễm,"Tôi bị sốt cao, chớp lạnh, ngứa nặng, đau đầu và đổ mồ hôi quá mức, tôi bị buồn nôn và đau cơ."
Truyền nhiễm,"Tôi bị sốt cao, chớp lạnh, ngứa nặng, ngoài ra, tôi bị đau đầu và đổ mồ hôi nhiều."
Truyền nhiễm,"Tôi bị ngứa, chớp lạnh, nôn và sốt cao, ngơ và đau đầu, buồn nôn và đau cơ gây ra nhiều khó chịu."
Truyền nhiễm,"Tôi bị nồng độ cao, nôn, chớp lạnh, ngứa dữ dội, cũng bị đau đầu và đổ mồ hôi nhiều."
Truyền nhiễm,"Tôi bị ngứa, chớp lạnh, buồn nôn và nhiệt độ cao, ngoài đau đầu, tôi cũng đổ mồ hôi rất nhiều, đau cơ nặng và buồn nôn."
Truyền nhiễm,"Ngoài sự gào xước, chớp lạnh, buồn nôn và sốt cao, tôi cũng cảm thấy rất không khỏe, đau đầu và đổ mồ hôi quá mức, tôi cũng bị đau cơ nặng và buồn nôn."
Truyền nhiễm,"Tôi bị sốt cao, chớp lạnh, ngứa dữ dội, ngoài ra, tôi bị đau đầu và đổ mồ hôi nhiều, tôi bị đau đớn bởi đau cơ bắp và buồn nôn."
Truyền nhiễm,"Tôi bị ngứa, chớp lạnh, nôn và sốt cao, ngơ quá mức, đau đầu, buồn nôn và đau cơ cũng làm tôi khó chịu."
Truyền nhiễm,"Tôi bị nứt gàng, chớp lạnh, nôn và sốt, cũng đau đầu và đổ mồ hôi nhiều, cũng bị buồn nôn và đau cơ bắp."
Truyền nhiễm,"Tôi bị ngứa, chớp lạnh, buồn nôn và sốt cao, ngoài đau đầu, tôi cũng đổ mồ hôi rất nhiều, cũng bị buồn nôn và đau cơ bắp."
Truyền nhiễm,"Tôi bị sốt cao, chớp lạnh, ngứa nặng, đau đầu và đổ mồ hôi nhiều, bị buồn nôn cũng như đau cơ bắp."
Truyền nhiễm,"Tôi bị ngứa, chớp lạnh, nôn và sốt cao, ngoài ra tôi bị đau đầu và đổ mồ hôi nhiều, cũng bị buồn nôn và đau cơ bắp."
Truyền nhiễm,"Tôi bị ngứa, chớp lạnh, nôn và sốt cao, tôi cũng đổ mồ hôi nhiều và đau đầu, buồn nôn và đau cơ cũng gây khó chịu."
Truyền nhiễm,"Tôi bị sốt cao, ngứa, chớp lạnh và nôn, cũng bị đau đầu và đổ mồ hôi nhiều, cũng bị buồn nôn và đau cơ."
Truyền nhiễm,"Tôi bị sốt cao, ngứa, chớp lạnh và nôn, ngoài ra, tôi đổ mồ hôi nhiều và đau đầu, cũng bị buồn nôn và đau cơ bắp."
Truyền nhiễm,"Chứa ngứa mạnh, chớp lạnh, buồn nôn và sốt cao đều là một phần của tình trạng hiện tại của tôi. Ngoài đau đầu, tôi cũng đổ mồ hôi rất nhiều."
Truyền nhiễm,"Chứng ngứa, chớp lạnh, buồn nôn và sốt cao là một phần của tình trạng hiện tại của tôi."
Truyền nhiễm,"Tôi bị sốt cao, ngứa, chớp lạnh và nôn, cũng bị đau đầu và đổ mồ hôi nhiều, cũng bị buồn nôn và đau cơ."
Truyền nhiễm,"Tôi bị ngứa, chớp lạnh, nôn và sốt cao, ngơ và đau đầu, buồn nôn và đau cơ khiến tôi cảm thấy đau khổ."
Truyền nhiễm,"Tôi bị nếp nhăn, chớp lạnh, buồn nôn và nhiệt độ cao, cũng đau đầu và đổ mồ hôi rất nhiều, tôi bị buồn nôn và đau cơ."
Truyền nhiễm,"Ngoài sốt cao, tôi cũng bị cảm lạnh, nôn nôn và ngứa nặng, ngoài đau đầu, tôi cũng đổ mồ hôi rất nhiều, buồn nôn và đau cơ."
Truyền nhiễm,"Cùng với sốt cao, tôi bị chớp lạnh, nôn nôn và ngứa nặng, cùng với đau đầu và đổ mồ hôi quá mức, tôi cảm thấy buồn nôn và đau cơ."
Truyền nhiễm,"Tôi bị ngứa, chớp lạnh, nôn và sốt cao, ngơ quá mức và đau đầu, buồn nôn và đau cơ cũng gây ra nhiều khó chịu."
Tiết niệu,"Tăng lực thường xuyên để đi tiểu với lượng ít, đau khi đi tiểu, nước tiểu có mây hoặc máu, nước tiểu mạnh hoặc có mùi xấu, đau vùng xương chậu, sốt thấp, buồn nôn và nôn"
Tiết niệu,Tôi thường xuyên muốn đi tiểu vào ban đêm với ít sản lượng và rất nhiều đau khi đi tiểu.
Tiết niệu,"Tôi có cảm giác cháy khi đi tiểu, đôi khi rất đau và mùi nước tiểu xấu."
Tiết niệu,"Tôi đã bị máu trong nước tiểu, đôi khi tôi buồn nôn khi đi tiểu."
Tiết niệu,"Bị nước tiểu của tôi trông có mây và có mùi bão và mùi xấu. Tôi thường có sự thôi thúc để đi tiểu vào ban đêm, và đã có nhiệt độ cao kể từ khi các triệu chứng này tăng lên cho thấy"
Tiết niệu,"Tôi bị đau bụng, thường bị sốt, có những cơn khát và muốn đi tiểu đột ngột."
Tiết niệu,"Tôi thường bị thôi thúc nước tiểu đột ngột, đôi khi nước tiểu của tôi có máu và mùi rất khó chịu. Tôi nghĩ tôi bị nhiễm trùng, tôi phải làm gì?"
Tiết niệu,Tôi có máu trong nước tiểu đôi khi và đôi khi tôi bị buồn nôn vì đi tiểu.
Tiết niệu,"Tôi bị đau bụng dưới, và cảm giác chém trong nước tiểu. Tôi cũng bị nhiệt độ thấp kể từ khi bắt đầu bị các triệu chứng khác. Tôi đã yếu vì điều này."
Tiết niệu,"Tôi có máu trong nước tiểu và tôi bị sốt thấp, đầu tôi đau gần như mọi lúc và tôi có những mong muốn không thể kiểm soát được rất mạnh để đi tiểu. Tôi cũng bị đau lưng dưới."
Tiết niệu,"Tôi đã có nhiệt độ thấp và nước tiểu máu từ vài ngày nay, đầu tôi đau như điên và nước tiểu cũng mùi rất xấu, tôi gần như không kiểm soát được nước tiểu của tôi và có những mong muốn rất đột ngột"
Tiết niệu,Tôi bị đau gần vùng xương chậu và nôn rất nhiều. Đôi khi có máu trong nước tiểu và có mùi rất xấu trong nước tiểu. Đôi khi tôi bị ngứa và gặp khó khăn trong giấc ngủ do điều này.
Tiết niệu,"Tôi phải đi vệ sinh liên tục để tự cứu mình, nhưng dường như không thể làm trống bàng quang của tôi. Tôi có những mong muốn rất mạnh mẽ và không thể kiểm soát được để đi tiểu và đôi khi có thể bị đen tối hoặc máu đi tiểu"
Tiết niệu,Tôi có một số cơn sốt rất thấp và mùi nước tiểu rất xấu. Khu vực gần thận tôi đau rất nhiều và tôi dường như không thể giữ nước tiểu của tôi. Tôi thường có những mong muốn không kiểm soát được
Tiết niệu,"Tôi phải đi vệ sinh mọi lúc, nhưng lượng nước tiểu rất thấp, thường chỉ vài giọt."
Tiết niệu,Bôi của tôi là tối và thường máu và thường có mùi rất khó hiểu. Tôi đã có biến động nhiệt độ khá thường xuyên và thường không thể ngủ vào ban đêm vì điều này
Tiết niệu,Tôi đã bị đau ở bàng quang và đã bị 
Tiết niệu,"Tôi đã đi tiểu với máu trong đó, đôi khi tôi cảm thấy buồn nôn khi đi tiểu, thường gần như cũng bị sốt cùng lúc."
Tiết niệu,"Khi những triệu chứng này bắt đầu xuất hiện, tôi thường xuyên cảm thấy muốn đi tiểu vào ban đêm và cảm thấy nhiệt độ cao"
Tiết niệu,"Tôi bị đau bụng, thường bị nhiệt độ, cảm thấy muốn đi tiểu đột ngột, rất nóng bỏng, khó chịu gần như luôn luôn ở đó và thường trở nên tồi tệ hơn vào ban đêm, nước tiểu của tôi hầu như luôn mùi xấu."
Tiết niệu,"Tôi đã trải qua những cơn thèm muốn đi tiểu thường xuyên, mạnh mẽ, đột ngột đôi khi tôi có máu trong nước tiểu và nó mùi khủng khiếp. Tôi nên làm gì nếu tôi nghĩ mình bị nhiễm trùng?"
Tiết niệu,Tôi thỉnh thoảng đi tiểu với máu trong đó và thỉnh thoảng cảm thấy buồn nôn khi làm như vậy.
Tiết niệu,"Tôi bị đau bụng dưới và cảm giác bùng nổ khi đi tiểu. Kể từ khi bắt đầu trải nghiệm những triệu chứng bổ sung này, tôi cũng đã trải qua nhiệt độ cơ thể thấp."
Tiết niệu,"Tôi bị nhiệt độ nhẹ và nước tiểu máu. Đầu tôi đau gần như liên tục, và tôi thường gặp những ham muốn đi tiểu."
Tiết niệu,"Từ vài ngày trước, tôi bị nhiệt độ thấp và nước tiểu máu. Đầu tôi đau nặng, nước tiểu tôi mùi khủng khiếp. Tôi khó kiểm soát khi nước tiểu, và xung đột xuất hiện đột ngột."
Tiết niệu,"Tôi thường nôn và bị khó chịu ở vùng xương chậu, đôi khi nước tiểu của tôi có mùi khó chịu, đôi khi có máu, đôi khi tôi có vấn đề ngủ vì đau đầu."
Tiết niệu,"Tôi thường đi vệ sinh để tự giải tỏa, nhưng dường như không thể làm trống bàng quang, đôi khi tôi bị ham muốn đi tiểu, cũng như nước tiểu màu đen hoặc đỏ."
Tiết niệu,"Tôi đã trải qua một tâm trạng rất thấp và mùi nước tiểu rất tồi tệ. Tôi dường như không thể giữ nước tiểu của mình lại, và khu vực gần thận của tôi đau rất nhiều. Tôi thường gặp những ham muốn vô lý này."
Tiết niệu,"Tôi thường đi vệ sinh, nhưng thường chỉ có vài giọt nước tiểu, dạ dày đau rất nhiều và tôi dường như không thể kiểm soát được ham muốn đi tiểu."
Tiết niệu,"Phổi nước tiểu thường đen, đỏ và có mùi lạ. Tôi thường xuyên bị biến đổi nhiệt độ, thường khiến tôi không ngủ được vào ban đêm."
Tiết niệu,"Tôi thường thấy máu trong khi đi tiểu, đôi khi tôi buồn nôn khi đi tiểu, thường cảm thấy như tôi gần như bị sốt."
Tiết niệu,"Tôi có mùi nước tiểu mạnh mẽ và có vẻ mây, và tôi có nhiệt độ cao và muốn đi tiểu thường xuyên vào ban đêm kể từ khi những triệu chứng này xuất hiện."
Tiết niệu,"Tôi thường xuyên, mạnh mẽ, đột ngột muốn đi tiểu, đôi khi tôi đi tiểu với máu trong đó, và mùi hương là khủng khiếp. Tôi nên làm gì nếu tôi nghĩ mình bị nhiễm trùng?"
Tiết niệu,Đôi khi tôi đi tiểu trong máu và buồn nôn nhẹ. Tôi cũng thỉnh thoảng cảm thấy nhiệt độ cao ban đêm và mùi nước tiểu khủng khiếp.
Tiết niệu,"Tôi bị đau bụng dưới, và khi đi tiểu, cảm giác như nó đang nổ ra. Tôi đã có nhiệt độ cơ thể thấp kể từ khi bắt đầu có những triệu chứng mới này. Do đó, tôi đã yếu."
Tiết niệu,"Tôi có máu trong nước tiểu, và nhiệt độ cơ thể thấp, tôi có đau đầu gần như liên tục và thường cần đi tiểu mạnh mẽ, không thể kiểm soát được."
Tiết niệu,"Tôi đã có nồng độ thấp và nước tiểu đẫm máu trong bốn ngày qua, nước tiểu của tôi mùi khủng khiếp, và đầu tôi đau như một cái chết, tôi hầu như không kiểm soát được khi tôi đi tiểu, và sự thúc giục tấn công mà không cần cảnh báo."
Tiết niệu,"Tôi thường nôn và bị đau xương chậu. Đôi khi nước tiểu của tôi có máu, đôi khi nó có mùi vô cùng khó chịu. Đôi khi tôi gặp khó khăn trong việc ngủ vì đau nửa đầu."
Tiết niệu,"Tôi cần phải tự giải tỏa mình thường xuyên, nhưng dường như không thể làm cho bàng quang của tôi trống rỗng. Đôi khi, tôi có những cảm giác khó kiểm soát, mạnh mẽ để đi tiểu, cùng với nước tiểu đen hoặc đỏ."
Tiết niệu,"Tôi cảm thấy rất yếu, nước tiểu của tôi mùi khốc liệt, vùng thận của tôi đau rất nhiều, và tôi không thể giữ nước tiểu. Tôi luôn có những cảm giác khó hiểu."
Tiết niệu,Tôi thường đi vệ sinh nhưng thường chỉ có vài giọt nước tiểu ra. Tôi bị đau dạ dày nặng và muốn đi tiểu quá nhiều.
Tiết niệu,"Phổi nước tiểu của tôi thường có mùi kỳ lạ, màu đỏ hoặc đen, và cả hai. Nhiệt độ cơ thể của tôi thường dao động, điều này thường khiến tôi tỉnh táo vào ban đêm."
Tiết niệu,"Tôi nhận thấy máu trong khi đi tiểu, đôi khi tôi cảm thấy ốm khi đi tiểu, thường cảm thấy như thể tôi bị sốt."
Tiết niệu,"Khi những triệu chứng này bắt đầu, tôi bị nhiệt độ cao và thường xuyên muốn đi tiểu vào ban đêm."
Tiết niệu,Tôi thỉnh thoảng đi tiểu với máu trong đó và cảm thấy hơi buồn bã.
Tiết niệu,"Tôi bị đau bụng dưới và cảm giác như nó có thể nổ ra khi tôi đi tiểu. Kể từ khi tôi bắt đầu trải nghiệm những triệu chứng mới này, nhiệt độ cơ thể tôi đã liên tục thấp. Đó là lý do tại sao tôi yếu."
Tiết niệu,"Trong bốn ngày qua, tôi đã trải qua nhiệt độ thấp và máu trong nước tiểu, đầu tôi đau quá nhiều và nước tiểu tôi mùi khủng khiếp, những ham muốn đi tiểu hiếm khi xuất hiện, và tôi hầu như không bao giờ có bất kỳ kiểm soát nào về khi nào chúng xảy ra."
Tiết niệu,Thường thì nước tiểu của tôi có mùi kỳ lạ và có màu đỏ hoặc đen hoặc cả hai.
Tiết niệu,Tôi có sốt và thường xuyên đi tiểu qua đêm kể từ khi những triệu chứng này bắt đầu.
Tiết niệu,"Tôi đã có nhiệt độ thấp và máu trong nước tiểu trong ba ngày qua. nước tiểu của tôi mùi khủng khiếp, và đầu tôi đau quá nhiều."
Dị ứng - Miễn dịch,"Tôi có mũi chảy và tôi luôn kháy, mắt tôi ngứa và thường chảy nước, và tôi luôn ho."
Dị ứng - Miễn dịch,Tôi bị đau cổ họng và kháy liên tục. Đôi khi tôi bị sưng trên khuôn mặt như môi và gần mắt. Tôi chỉ không thể ngừng kháy một khi tôi bắt đầu kháy
Dị ứng - Miễn dịch,"Tôi bị khó thở và khó thở, ho không kiểm soát được, mắt ngứa, mặt và các bộ phận khác của cơ thể bị sưng"
Dị ứng - Miễn dịch,Tôi bị tắc nghẽn mũi và bị mũi bị tắc nghẽn. Đôi khi vào ban đêm tôi bị đau ngực và bị ngắt ngực. Tôi cũng mất đi giác quan ngửi và nếm mùi
Dị ứng - Miễn dịch,"Tôi bị hen suyễn, khó thở, thường bị sốt, đau đầu, cảm thấy mệt mỏi."
Dị ứng - Miễn dịch,"Tôi luôn mệt mỏi, cảm thấy mất hương vị và đau cổ họng, cũng bị sốt và thường bị đau cơ bắp, đôi khi toàn bộ cơ thể tôi chỉ bị núng."
Dị ứng - Miễn dịch,"Tôi bị mất thèm ăn, khó nuốt thức ăn, đau cổ họng và chảy mũi."
Dị ứng - Miễn dịch,"Tôi luôn mệt mỏi, có cảm giác ngứa trong cổ họng, da cũng bị vùi, đôi khi mắt bị phồng và đôi khi cũng bị phồng."
Dị ứng - Miễn dịch,"Tôi bị nấm dạ dày, buồn nôn và tiêu chảy, cổ họng bị sưng và khó thở, đôi khi vào ban đêm tôi bị đau ngực và buồn nôn."
Dị ứng - Miễn dịch,Tôi có ngứa và da đỏ. Đôi khi chúng làm cho tôi bị nhăn nhăn. khuôn mặt và môi của tôi thổi phồng và gây ra rất nhiều khó chịu. đôi khi tôi có mắt nước mắt và đầu khi thổi phồng trở nên nặng
Dị ứng - Miễn dịch,"Tôi thường kháy và chảy mũi, mắt bị nếp nhăn và chảy thường xuyên, ho thường xuyên, đầu tôi liên tục đau."
Dị ứng - Miễn dịch,"Tôi thường kháy và bị đau cổ họng, đôi khi môi và vùng xung quanh mắt của tôi bị sưng, một khi kháy, tôi không thể dừng lại."
Dị ứng - Miễn dịch,"Tôi khó thở và thở khó, ho khô, ngứa mắt và sưng trên cả mặt và cơ thể."
Dị ứng - Miễn dịch,"Tôi bị ngắt mũi và bị tắc nghẽn mũi, đôi khi bị cứng và ngực khó chịu vào ban đêm, tôi cũng mất khả năng nếm và ngửi."
Dị ứng - Miễn dịch,"Tôi bị chứng suyễn, chẳng hạn như khó thở và thở, thường bị đau đầu và sốt, tôi luôn cảm thấy mệt mỏi."
Dị ứng - Miễn dịch,"Tôi luôn cảm thấy mệt mỏi, có mùi vị xấu, cổ họng rất xước, đau cơ bắp và nóng."
Dị ứng - Miễn dịch,"Tôi đang mất thèm ăn, cũng bị khó nuốt, mũi chảy và cổ họng đau."
Dị ứng - Miễn dịch,"Tôi luôn mệt mỏi và bị nháy cổ, da tôi cũng khô, đôi khi mắt tôi bị sưng."
Dị ứng - Miễn dịch,"Tôi cảm thấy buồn nôn, buồn nôn, chóng mặt, cổ họng bị sưng và khó thở, đôi khi ngực khó chịu và buồn nôn vào ban đêm."
Dị ứng - Miễn dịch,"Da tôi đỏ và xước, đôi khi chúng có thể mờ, đôi mặt và môi của tôi bùng phát, điều này thật sự khó chịu, đôi khi tôi bị đau đầu và mắt chảy vì hơi thổi phồng."
Dị ứng - Miễn dịch,"Tôi thường kháy, mũi chảy, ho liên tục, mắt đau và nước chảy, đầu tôi luôn đau."
Dị ứng - Miễn dịch,"Tôi bị đau cổ họng và thường kháy, đôi khi da quanh mắt và môi của tôi bốc lên, tôi chỉ không thể ngừng kháy một khi tôi bắt đầu."
Dị ứng - Miễn dịch,"Tôi bị khó thở, ngực và mặt bị sưng, mắt ngứa, và ho khô."
Dị ứng - Miễn dịch,"Tôi bị tắc nghẽn mũi và bị tắc nghẽn mũi, đôi khi trong đêm, tôi bị cứng, đau ngực, và tôi cũng mất cảm giác hương vị và mùi."
Dị ứng - Miễn dịch,"Tôi bị khó thở và thở khô, đây là triệu chứng của bệnh hen suyễn. Tôi thường bị sốt và đau đầu. Tôi liên tục cảm thấy mệt mỏi."
Dị ứng - Miễn dịch,"Tôi luôn cảm thấy mệt mỏi, có hương vị khó chịu trong miệng, và có ngứa cổ họng."
Dị ứng - Miễn dịch,"Ngoài việc mất thèm ăn, tôi cũng bị ngâm, đau cổ họng và mũi chảy."
Dị ứng - Miễn dịch,"Tôi luôn cảm thấy mệt mỏi, cổ họng tôi bị gầm gầm, da tôi cũng bắt đầu khô và đôi khi mắt tôi bị sưng."
Dị ứng - Miễn dịch,"Tôi chóng mặt, buồn nôn, rúng động, khó thở vì cổ họng bị sưng, đôi khi cả đêm ngực đau và tôi cảm thấy đau."
Dị ứng - Miễn dịch,"Da tôi bị kích thích và viêm, đôi khi chúng có thể mờ, môi và má tôi mở rộng, và thật khó chịu."
Dị ứng - Miễn dịch,"Tôi có mũi chạy, kháy nhiều, mắt ướt và đau, ho thường xuyên, đầu tôi đau liên tục."
Dị ứng - Miễn dịch,"Tôi kháy nhiều và bị đau cổ họng, đôi khi môi và da xung quanh mắt của tôi sẽ bốc lên."
Dị ứng - Miễn dịch,"Tôi bị khó thở và dễ bị mất hơi thở, mắt đau, ho khô và bị nở lên mặt và cơ thể."
Dị ứng - Miễn dịch,"Tôi bị ngắt mũi và bị tắc nghẽn mũi, đôi khi bị cứng và ngực khó chịu vào ban đêm, tôi cũng mất khả năng ngửi và nếm."
Dị ứng - Miễn dịch,"Tôi bị thở khó khăn và thở khó, đó là triệu chứng bệnh hen suyễn, tôi thường bị đau đầu và sốt, tôi liên tục mệt mỏi."
Dị ứng - Miễn dịch,"Tôi luôn cảm thấy mệt mỏi, miệng tôi bị mùi vị xấu, cổ họng tôi ngứa rất nhiều, cơ bắp tôi cũng nóng và đau."
Dị ứng - Miễn dịch,"Tôi đang mất thèm ăn và khó nuốt, mũi tôi đang chảy, và tôi bị đau cổ họng."
Dị ứng - Miễn dịch,"Tôi luôn bị ngứa cổ và cảm thấy mệt mỏi, da tôi cũng bắt đầu khô và đôi khi bị viêm mắt."
Dị ứng - Miễn dịch,"Tôi cảm thấy buồn nôn, bệnh tật, và rắc rối. cổ họng tôi lớn và khiến tôi khó thở. Đôi khi ngực tôi đau suốt đêm, và đôi khi tôi cảm thấy đau."
Dị ứng - Miễn dịch,"Da tôi bị sưng và ngứa, đôi khi chúng có thể bị mờ, rất đau khi da và mái của tôi bị sưng, đôi khi tôi bị đau đầu và mắt nước chảy vì hơi sưng."
Dị ứng - Miễn dịch,"Tôi ngáy nhiều, mũi chảy, mắt đau, ướt, thường xuyên nháy, đầu tôi luôn đau."
Dị ứng - Miễn dịch,"Tôi bị đau cổ họng và kháy nhiều, đôi khi da quanh mắt và môi của tôi bùng phát, tôi thấy rằng một khi tôi bắt đầu, tôi không thể dừng lại."
Dị ứng - Miễn dịch,"Tôi khó thở và dễ bị mất hơi thở, mặt và thân bị sưng, mắt đau, và ho khô và ngắt."
Dị ứng - Miễn dịch,"Tôi bị tắc nghẽn mũi và bị tắc nghẽn mũi, đôi khi, trong đêm, tôi bị cứng và đau ngực, tôi cũng mất đi giác quan hương vị và mùi vị."
Dị ứng - Miễn dịch,"Tôi bị khó thở và thở khô, đó là triệu chứng bệnh hen suyễn. Tôi thường xuyên bị sốt và đau đầu. Tôi luôn mệt mỏi."
Dị ứng - Miễn dịch,"Tôi thường bị mệt mỏi, miệng tôi có mùi vị tồi tệ, cổ họng tôi ngứa, cơ bắp tôi cũng bị cháy và không thoải mái."
Dị ứng - Miễn dịch,"Thức thèm ăn của tôi đã giảm, và tôi đang có vấn đề nuốt, tôi bị đau cổ họng, và mũi tôi đang chảy."
Dị ứng - Miễn dịch,"Thân tôi luôn nếp nhăn, tôi mệt mỏi, da tôi cũng bắt đầu khô và đôi khi bị viêm mắt."
Dị ứng - Miễn dịch,"Tôi buồn nôn, bị bệnh, rúng động, có cổ họng rất lớn khiến tôi khó thở, đôi khi ngực đau vào ban đêm và đôi khi bị bệnh."
Dị ứng - Miễn dịch,"Da tôi ngứa và sưng, đôi khi chúng có thể bị mờ, môi và má bị sưng rất đau, hơi bốc đôi khi làm tôi đau đầu và mắt chảy."
Tiêu hóa,Tôi thường có cảm giác khó chịu trong cổ họng trong khi và đặc biệt là sau khi ăn.
Tiêu hóa,"Tôi bị đau dạ dày và khó tiêu hóa. Tôi thường nôn bất cứ thứ gì tôi ăn và khó nuốt thức ăn, vì thức ăn bị kẹt trong cổ họng tôi. Tôi bị đau bụng nặng."
Tiêu hóa,"Tôi thường nháy nháy và thổi nháy, đau ngực thường xuyên phát ra ở lưng cổ, hàm và cánh tay, tôi cảm thấy bị căng thẳng và áp lực trên ngực."
Tiêu hóa,"Tôi có một hương vị chua mặn trong miệng, ngay cả khi tôi không ăn bất cứ thứ gì axit. Tôi thường bị ngứa và cảm giác nứt trong cổ họng."
Tiêu hóa,"Tôi có hơi thở xấu và mùi vị chua trong miệng, đôi khi khó nuốt thức ăn vì cảm giác nháy nháy trong cổ họng."
Tiêu hóa,"Tôi thường bị đau dạ dày và khó tiêu hóa, đặc biệt là ăn những thực phẩm cay hoặc chất béo. Tôi bị đau ngực nặng hơn khi nằm xuống hoặc cúi xuống."
Tiêu hóa,"Tôi thường bị mất thèm ăn và khó nuốt. Tôi thường thường cảm thấy ốm, ngay cả sau khi ăn những bữa ăn nhỏ."
Tiêu hóa,"Tôi bị đau cổ họng hoặc bị nháy, đặc biệt là vào buổi sáng. Tôi bị đau cổ họng và hơi thở khó chịu. Tôi cũng thường nháy"
Tiêu hóa,Tôi có cảm giác thức ăn hoặc axit quay lại cổ họng tôi có đau ngực trở nên tồi tệ hơn nếu tôi nằm xuống tôi có đau dạ dày thường xuyên hoặc khó tiêu hóa sau khi ăn thức ăn và nôn nó ra
Tiêu hóa,Tôi cảm thấy khó chịu sau khi ăn và thường nôn bất cứ thứ gì tôi đã ăn. Tôi luôn có cơn đau ở bụng và bị trào ngược axit rất tồi
Tiêu hóa,"Thường thì cổ họng tôi bị cháy, đặc biệt là sau khi ăn."
Tiêu hóa,"Tôi bị tiêu hóa và đau dạ dày, thường nôn hết mọi thứ tôi ăn, và tôi gặp khó khăn trong việc nuốt thức ăn vì nó bị mắc kẹt trong cổ họng."
Tiêu hóa,"Tôi thường xuyên nháy và nháy nháy, thường bị khó chịu ngực, kéo dài đến cổ, hàm và cánh tay, và bị áp lực và căng thẳng trong ngực."
Tiêu hóa,"Ngay cả khi tôi không có gì axit trong dạ dày, tôi luôn có một hương vị chua trong miệng."
Tiêu hóa,"Tôi luôn có hơi thở xấu và mùi vị chua trong miệng, và đôi khi, nháy nháy trong cổ họng khiến tôi khó nuốt thức ăn."
Tiêu hóa,"Tôi thường bị đau dạ dày và khó tiêu hóa, đặc biệt là sau khi ăn những loại thực phẩm cay hoặc béo."
Tiêu hóa,"Tôi không muốn ăn, và nuốt là một thách thức. Ngay cả sau khi ăn ít bữa ăn, tôi thường cảm thấy đầy đủ."
Tiêu hóa,"Tôi thường thức dậy đau cổ họng hoặc có giọng cào, cổ họng tôi liên tục đau, hơi thở khó chịu, và thổi phồng thường xuyên."
Tiêu hóa,"Tôi cảm thấy như thể axit hay thức ăn đang đập vào cổ họng tôi. ngực tôi đau, và nằm xuống làm cho nó tồi tệ hơn."
Tiêu hóa,"Sau khi ăn, tôi bị buồn nôn và thường nôn hết mọi thứ tôi đã ăn, tôi luôn bị đau bụng nặng và bị trào ngược axit khủng khiếp."
Tiêu hóa,"Đặc biệt sau khi ăn, cổ họng tôi thường bị cháy, đôi khi tôi cũng bị ngứa hoặc chua, khiến tôi cảm thấy buồn bã."
Tiêu hóa,"Tôi bị đau dạ dày và khó tiêu hóa. Tôi thường nôn mọi thứ tôi ăn, và thức ăn bị kẹt trong cổ họng, khiến tôi khó nuốt."
Tiêu hóa,"Tôi thường bị đau ngực, đau đớn đến cổ, hàm và cánh tay, và ở ngực tôi có áp lực và căng thẳng."
Tiêu hóa,"Tôi luôn có một vị chua trong miệng, ngay cả khi không có gì axit trong dạ dày. Tôi thường bị ngứa và có một khối ở cổ họng."
Tiêu hóa,"Tôi thường xuyên thấy khó nuốt thức ăn do nháy cổ họng, hơi thở khó chịu và mùi vị khó chịu trong miệng."
Tiêu hóa,"Tôi thường bị khó tiêu hóa và bị đau dạ dày, đặc biệt là sau khi ăn những món ngon hoặc chất béo."
Tiêu hóa,"Tôi không có tâm trạng ăn, và nuốt khó. Tôi thường có cảm giác ấp đầy kéo dài ngay cả sau khi ăn ít."
Tiêu hóa,"Tôi thường bị nếp nhăn hoặc đau cổ họng khi thức dậy, hơi thở khó chịu và đau cổ họng liên tục, tôi cũng nôn rất nhiều."
Tiêu hóa,"Tôi cảm thấy như thức ăn hay axit đang lùi lại, nằm xuống chỉ làm cho đau ngực của tôi thêm, tôi thường bị đau dạ dày hoặc khó tiêu hóa sau khi ăn và nôn."
Tiêu hóa,"Tôi thường cảm thấy ốm khi ăn và nôn hết bữa ăn, tôi liên tục bị trào ngược axit và đau dạ dày nặng."
Tiêu hóa,"Thường thì cổ họng tôi bị cháy, đặc biệt là sau khi ăn."
Tiêu hóa,"Tôi bị tiêu hóa và đau dạ dày, thường nôn hết mọi thứ tôi ăn, và tôi khó nuốt vì thức ăn bị mắc kẹt trong cổ họng."
Tiêu hóa,"Tôi thường nháy và nháy nháy, thường bị đau ngực, kéo dài đến cánh tay, hàm và cổ."
Tiêu hóa,"Ngay cả khi tôi không có bất cứ chất axit nào trong dạ dày, tôi luôn có một hương vị chua trong miệng."
Tiêu hóa,"Đôi khi, nháy cổ họng, hơi thở khó chịu và mùi vị khó chịu khiến tôi khó nuốt thức ăn."
Tiêu hóa,"Tôi thường bị đau dạ dày và khó tiêu hóa, đặc biệt là sau khi ăn những loại thực phẩm cay hoặc béo. Khi tôi ngửa về phía trước hoặc nằm xuống, tình trạng khó chịu ngực của tôi trở nên tồi tệ hơn."
Tiêu hóa,"Tôi không muốn ăn, và nuốt là một thách thức. Ngay cả sau khi ăn ít, tôi thường cảm thấy đầy đủ."
Tiêu hóa,"Tôi thường thức dậy với giọng nói nhăn nhăn hoặc đau cổ họng, cổ họng tôi liên tục bị kích thích, hơi thở khủng khiếp, thường nôn."
Tiêu hóa,"Tôi cảm thấy như thức ăn hoặc axit đang trở lại cổ họng tôi. Khác cảm ngực của tôi chỉ trở nên tồi tệ hơn khi tôi nằm xuống. Sau khi ăn, tôi thường bị đau dạ dày hoặc khó tiêu hóa và nôn."
Tiêu hóa,"Sau khi ăn, tôi thường cảm thấy không khỏe và ngửa hết bữa ăn."
Tiêu hóa,"Đặc biệt sau khi ăn, cổ họng tôi thường bị cháy, đôi khi tôi có một vị đắng hoặc chua khiến tôi cảm thấy buồn bã."
Tiêu hóa,"Tôi bị đau dạ dày và khó tiêu hóa. Tôi thường nôn hết mọi thứ tôi ăn, và tôi khó nuốt vì thức ăn bị kẹt trong cổ họng. Tôi bị đau bụng."
Tiêu hóa,"Tôi thường xuyên nháy nháy và nháy nháy, thường bị khó chịu ngực, phát ra đến cánh tay, hàm và cổ, ngực bị căng thẳng và căng thẳng."
Tiêu hóa,"Tôi luôn có một hương vị chua trong miệng, ngay cả khi tôi không có bất cứ thứ gì axit trong dạ dày. Tôi thường xuyên có hiccups và một nút thắt trong cổ họng."
Tiêu hóa,"Đôi khi tôi gặp khó khăn trong việc nuốt thức ăn vì bị nháy cổ họng, hơi thở khó chịu và mùi vị xấu trong miệng."
Tiêu hóa,"Tôi thường bị khó tiêu hóa và bị cháy dạ dày, đặc biệt là sau khi ăn những loại thực phẩm cay hoặc béo. Vú đau khi ngửa về phía trước hoặc nằm xuống."
Tiêu hóa,"Tôi thường bị bệnh sau khi ăn và nôn hết bữa ăn, tôi liên tục bị đau đớn về trào ngược axit và khó chịu dạ dày."
Tiêu hóa,"Thân tôi thường cảm thấy như là bị cháy, đặc biệt là sau khi ăn."
Tiêu hóa,"Ngay cả khi tôi không có bất cứ chất axit nào trong dạ dày, tôi luôn có một hương vị chua trong miệng."
Tiêu hóa,"Tôi không có tâm trạng ăn, và nuốt khó. Tôi thường có cảm giác ấp đầy kéo dài ngay cả sau khi ăn ít."
Dị ứng - Miễn dịch,"Tôi có một hương vị kim loại trong miệng, và cũng có một cảm giác thay đổi hương vị và mùi vị. Đôi khi có đau khớp và đau cơ rất khó chịu"
Dị ứng - Miễn dịch,"Tôi bị đau đầu và đau nửa đầu, khó ngủ, nhịp cơ và rung động, đôi khi tôi bị sốc."
Dị ứng - Miễn dịch,Tôi bị sốt và cảm thấy chóng mặt và chóng mặt. Tim tôi đập rất nhanh và tôi cảm thấy rất bối rối. Tôi không thể suy nghĩ rõ ràng và mọi thứ cảm thấy rất sương mù.
Dị ứng - Miễn dịch,"Tôi bị phát ban trên da và đôi khi bị lột mờ, khiến tôi dễ bị nhiễm trùng, ngón tay bắt đầu rúng động và đôi khi tôi bị rung động."
Dị ứng - Miễn dịch,Tôi cảm thấy buồn nôn và đau ngực. Gần đây tôi đã trải qua đau ngực. Tôi cảm thấy rất khó chịu và thường đổ mồ hôi rất nhiều
Dị ứng - Miễn dịch,"Tôi bị ngứa trên khắp cơ thể, phát ban ở ngực và lưng, đôi khi da mỏng và thường để lại dấu vết trên cơ thể."
Dị ứng - Miễn dịch,Tôi bị rụng tóc và có sự thay đổi đáng kể về kết cấu tóc. Tôi bị khô và ngứa và bị nôn hơn. Da của tôi cũng đang trở nên khô rất nhiều
Dị ứng - Miễn dịch,Tôi đang trải qua sự giảm bớt trong ham muốn tình dục của tôi và khó khăn để hoạt động tình dục. Tôi cảm thấy rất nhẹ nhàng và bối rối và thường trải nghiệm sương mù não
Dị ứng - Miễn dịch,Tôi có những thay đổi trong chu kỳ kinh nguyệt và sự xuất phát âm đạo bất ngờ.
Dị ứng - Miễn dịch,Tôi đã có kinh nghiệm tăng cân đáng kể và trở nên béo phì rất nhiều.
Dị ứng - Miễn dịch,Tôi gặp khó khăn trong việc duy trì sự tập trung và sự rõ ràng tinh thần rất thấp. Tôi thường quên đi những thứ và nói chung có khó khăn trong việc nhớ những thứ
Dị ứng - Miễn dịch,"Ngoài việc thay đổi hương vị và mùi thơm, tôi cũng có một mùi vị kim loại trong lưỡi."
Dị ứng - Miễn dịch,"Tôi bị đau nửa đầu, đau đầu, khó ngủ, cơ bắp rung, ngập, đôi khi chóng mặt."
Dị ứng - Miễn dịch,"Tôi cảm thấy rất chóng mặt và chóng mặt khi có nhiệt độ, tâm trí tôi hoàn toàn lộn xộn, và tim tôi đang đập vào. Tôi thấy khó nghĩ rõ ràng, và mọi thứ dường như khá mờ nhạt."
Dị ứng - Miễn dịch,"Đôi khi da tôi bị trổ ra khỏi vết phát ban, khiến tôi dễ bị nhiễm trùng hơn, tay tôi bắt đầu run rẩy và đôi khi tôi bị rung."
Dị ứng - Miễn dịch,"Tôi bị buồn nôn và khó chịu ngực nặng, gần đây tôi cũng bị khó chịu ngực, thường rùng mình và cảm thấy rất lo lắng."
Dị ứng - Miễn dịch,"Tôi bị phát ban ở ngực và lưng, ngứa trên toàn cơ thể, đôi khi da mỏng, thường tạo ra dấu vết trên cơ thể."
Dị ứng - Miễn dịch,"Dòng tóc của tôi đã thay đổi đáng kể, và tôi đang bị rụng tóc. da đầu tôi khô và ngứa, và da tràng của tôi đang trở nên tồi tệ hơn. Da của tôi cũng đang trở nên rất khô."
Dị ứng - Miễn dịch,"Tham muốn tình dục của tôi đã giảm, và tôi thấy khó hoạt động tình dục, tôi thường bị sương mù não và cảm thấy chóng mặt và mất phương hướng."
Dị ứng - Miễn dịch,"Chu kỳ kinh nguyệt của tôi đã thay đổi, và tôi bị chảy ra âm đạo bất ngờ."
Dị ứng - Miễn dịch,"Tôi đã tăng cân rất nhiều và bây giờ khá béo, sự thèm ăn của tôi thay đổi, và tôi có những ham muốn cho nhiều thứ khác nhau."
Dị ứng - Miễn dịch,"Tôi gặp khó khăn trong việc tập trung, và trí tuệ của tôi rất yếu, tôi gặp khó khăn trong việc nhớ và thường quên đi."
Dị ứng - Miễn dịch,Ngôn ngữ của tôi cũng có một hương vị kim loại ngoài việc thay đổi hương vị và mùi vị. Đôi khi bị đau cơ và khớp cấp tính
Dị ứng - Miễn dịch,"Tôi bị đau đầu, đau nửa đầu, khó ngủ, cả cơ thể tôi rung động, rung động, đôi khi tôi bị sốc."
Dị ứng - Miễn dịch,"Khi bị sốt, tôi cảm thấy hơi ngốc và ngốc nghếch, tim đập và đầu bị sương mù, khả năng suy nghĩ của tôi bị suy yếu, mọi thứ dường như hơi mờ nhạt."
Dị ứng - Miễn dịch,"Đôi khi, mụn trứng cá làm da của tôi bị trục trặc, do đó, tôi dễ bị bệnh hơn, đôi khi tôi bắt đầu run rẩy và tay tôi bắt đầu run rẩy."
Dị ứng - Miễn dịch,"Gần đây, ngực tôi đau, tôi thường rùng rợn và rất lo lắng."
Dị ứng - Miễn dịch,"Cơ thể tôi ngứa khắp nơi, và tôi bị phát ban ở lưng và ngực. da của tôi đôi khi có thể bị vùi, thường dẫn đến dấu vết trên cơ thể."
Dị ứng - Miễn dịch,"Tôi đang bị rụng tóc, và kết cấu tóc của tôi đã thay đổi đáng kể, nón tóc của tôi đang trở nên tồi tệ hơn, da đầu khô và ngứa, da tôi cũng đang trở nên khá khô."
Dị ứng - Miễn dịch,"Thói quen tình dục của tôi đã giảm dần, và tôi gặp khó khăn khi quan hệ tình dục."
Dị ứng - Miễn dịch,"Tôi nhận thấy sự khác biệt trong chu kỳ kinh nguyệt và một sự ra ngoài âm đạo bất ngờ, tôi trở nên bực bội và tâm trạng của tôi thay đổi rất nhiều."
Dị ứng - Miễn dịch,Tôi đã tăng cân nhiều và bây giờ tôi rất béo phì. Tôi có những ham muốn và sự thèm ăn khác nhau.
Dị ứng - Miễn dịch,"Tôi có tinh thần rất rõ ràng và khó tập trung, thường quên đi và khó nhớ."
Dị ứng - Miễn dịch,"Cùng với sự thay đổi trong hương vị và mùi vị, lưỡi tôi cũng có một hương vị kim loại. Đôi khi bị đau khớp và cơ nặng"
Dị ứng - Miễn dịch,"Tôi bị đau nửa đầu, đau đầu, khó ngủ, cả cơ thể đều run rẩy, rung rẩy, đôi khi bị chóng mặt."
Dị ứng - Miễn dịch,"Tôi khá buồn nôn và chóng mặt khi có nhiệt độ, não tôi hoàn toàn mây, tim tôi đang đập, tôi gặp khó khăn trong việc suy nghĩ thẳng thắn, và mọi thứ dường như hơi mờ nhạt."
Dị ứng - Miễn dịch,"Đôi khi da tôi bắt đầu mờ dần vì phát ban, tôi dễ bị bệnh hơn, đôi khi tay tôi bắt đầu rúng rúng và tôi bắt đầu run rẩy."
Dị ứng - Miễn dịch,"Tôi bị buồn nôn và đau ngực nặng, ngực tôi đau gần đây, tôi rất lo lắng và rùng rợn nhiều lúc."
Dị ứng - Miễn dịch,"Tôi bị phát ban ở lưng và ngực, và toàn bộ cơ thể ngứa, đôi khi da tôi có thể khô và vùi, thường để lại dấu vết trên cơ thể."
Dị ứng - Miễn dịch,"Tôi đang rụng tóc, và kết cấu tóc của tôi đã thay đổi đáng kể da đầu khô, ngứa và nôn của tôi đang trở nên tồi tệ hơn. Da của tôi cũng đang trở nên khá khô."
Dị ứng - Miễn dịch,"Tôi không muốn quan hệ tình dục nữa, và điều đó rất khó khăn đối với tôi."
Dị ứng - Miễn dịch,"Chu kỳ kinh nguyệt của tôi đã thay đổi, và tôi đã có một sự ra ngoài âm đạo bất ngờ."
Dị ứng - Miễn dịch,Tôi đã tăng cân rất nhiều và hiện nay tôi khá béo phì. Tôi có nhiều khuynh hướng và ham muốn.
Dị ứng - Miễn dịch,"Tôi có tinh thần rất rõ ràng và không tập trung, thường quên đi và khó nhớ."
Dị ứng - Miễn dịch,"Ngôn ngữ của tôi cũng thay đổi hương vị và mùi vị, để lại một hương vị kim loại."
Dị ứng - Miễn dịch,"Tôi bị đau đầu, đau nửa đầu, khó ngủ, rung lắc và run rẩy khắp nơi, đôi khi tôi bị sốc đầu."
Dị ứng - Miễn dịch,"Khi tôi có nhiệt độ, tôi cảm thấy buồn nôn và bị sốc. Tim tôi đập, và tâm trí tôi hoàn toàn mờ nhạt. Mọi thứ cảm thấy hơi mờ nhạt cho tôi, và tôi gặp khó khăn trong việc suy nghĩ rõ ràng."
Dị ứng - Miễn dịch,"Đôi khi, mụn trứng cá làm da của tôi rơi ra, có nhiều khả năng bị bệnh, đôi khi tay tôi run và tôi bắt đầu run."
Dị ứng - Miễn dịch,"Gặp đau ngực và buồn nôn nặng, gần đây ngực tôi đau, tôi run rẩy rất nhiều và rất lo lắng."
Dị ứng - Miễn dịch,"Cả cơ thể tôi ngứa, và tôi bị phát ban ở lưng và ngực."
Tiêu hóa,"Tôi có cảm giác cháy ở bụng trên, thường xuyên giữa hoặc vào ban đêm."
Tiêu hóa,Tôi bị phồng và cảm giác khó chịu. Tôi đã giảm cân và mất thèm ăn. Đôi khi tôi có phân đen và vôi và máu trong nôn
Tiêu hóa,Tôi gặp khó khăn trong việc nuốt thức ăn và thường cảm thấy thức ăn bị kẹt trong cổ họng. Tôi liên tục bốc lên và bốc lên.
Tiêu hóa,"Tôi đã bị máu xuất phát trong phân, dẫn đến mất nước và mất sắt."
Tiêu hóa,"Tôi bị đói và đói khát liên tục, đôi khi tôi bị đau bụng và đau nhức, bốc hơi và khí sau khi ăn khiến tôi cảm thấy khó chịu."
Tiêu hóa,"Tôi có những thay đổi trong quá trình ruột, chẳng hạn như bị ngập bụng và tiêu chảy."
Tiêu hóa,Tôi bị đau bụng và nó chỉ tồi tệ hơn nếu tôi cúi hoặc nằm xuống. Tôi cảm thấy khó chịu khi ăn một số loại thực phẩm nhất định như thức ăn cay hoặc axit. Đôi khi tôi bị phân lỏng do điều này.
Tiêu hóa,Tôi gặp khó khăn trong giấc ngủ do đau bụng hoặc khó chịu. Tôi mất thèm ăn và cảm thấy mệt mỏi sau khi đi vệ sinh. Tôi cảm thấy rất chán suốt thời gian
Tiêu hóa,Tôi có một hương vị axit chua trong miệng tôi có thường xuyên nháy và thổi phồng tôi có cảm giác bị áp lực hoặc đầy đủ trong bụng tôi kéo dài trong vài giờ
Tiêu hóa,Tôi giảm cân không mong muốn và khó tăng cân. Tôi có đau và khó chịu được giảm bằng cách dùng thuốc kháng axit. miệng tôi rất khó chịu.
Tiêu hóa,"Đôi khi trong suốt cả ngày hay đêm, tôi bị đốt cháy ở bụng, bị tiêu hóa, bị cháy dạ dày và thường xuyên bị buồn nôn nặng."
Tiêu hóa,"Tôi bị nôn nôn và khó chịu, tôi giảm cân và mất hứng thú với thức ăn, đôi khi bị nôn, phân đen và nôn có chứa máu."
Tiêu hóa,"Tôi có vấn đề nuốt, thường cảm thấy thức ăn bị kẹt trong cổ họng, tôi luôn bị phồng và bồn chồn, miệng tôi luôn có mùi vị chua."
Tiêu hóa,"Trong số những thứ khác, phân máu của tôi khiến tôi mất sắt và nồng độ chảy máu."
Tiêu hóa,"Tôi luôn đói và thèm ăn, thường xuyên có thể bị núng dập và kinh nguyệt, sau khi ăn, tôi bị bốc hơi và bị xăng, khiến tôi cảm thấy khá khó chịu."
Tiêu hóa,"Tôi bị nghẹt và tiêu chảy, thiếu năng lượng, thiếu thèm ăn, và thường cảm thấy rất mệt mỏi."
Tiêu hóa,"Tôi bị đau bụng, và khi ngửa hoặc nằm xuống, nó chỉ làm cho nó tồi tệ hơn. Khi ăn một số món ăn, chẳng hạn như món ăn cay hoặc axit, tôi cảm thấy khó chịu."
Tiêu hóa,"Tôi gặp khó khăn khi ngã hoặc ngủ vì đau bụng. Sau khi đi vệ sinh, tôi cảm thấy mệt mỏi và mất thèm ăn."
Tiêu hóa,"Mồm tôi đầy hương vị chua, axit, ngáy và sưng thường xuyên, trong vài giờ, tôi bị áp lực hoặc đầy bụng."
Tiêu hóa,Tôi giảm cân không cố ý và thấy khó khăn khi tăng cân. Tôi dùng thuốc chống axit để giảm đau và khó chịu.
Tiêu hóa,"Đôi khi tôi bị đốt cháy ở bụng trong suốt cả ngày hoặc đêm. Tôi bị cháy dạ dày, khó tiêu hóa và thường xuyên bị buồn nôn nặng."
Tiêu hóa,"Tôi cảm thấy bốc hơi và khó chịu cùng lúc, tôi đã giảm cân, và tôi không thích ăn nữa, đôi khi tôi bị nôn máu và phân đen."
Tiêu hóa,"Tôi thường cảm thấy như thức ăn bị mắc kẹt trong cổ họng và bị khó nuốt, tôi bị phồng và thường xuyên nháy nháy, tôi liên tục có một vị đắng sau."
Tiêu hóa,"Tôi đã mất rất nhiều thứ vì phân máu của mình, bao gồm cả sắt và bơm."
Tiêu hóa,"Thức thèm ăn và đói khát của tôi đều rất dữ dội, đôi khi bụng tôi có thể đau và đau nhức, sau khi ăn tôi bị xăng và bốc hơi, điều này thật đau đớn."
Tiêu hóa,Tôi thường cảm thấy khá mệt mỏi và thiếu năng lượng và thèm ăn.
Tiêu hóa,"Khi ngửa xuống hoặc nằm xuống, bụng tôi chỉ cảm thấy đau hơn. Tôi bị đau sau khi ăn một số loại thực phẩm, chẳng hạn như thức ăn nóng hoặc axit."
Tiêu hóa,"Do khó chịu dạ dày, tôi có vấn đề ngủ hoặc không ngủ, tôi mệt mỏi sau khi đi vệ sinh và mất thèm ăn, tôi khá lo lắng mọi lúc."
Tiêu hóa,"Tôi có một hương vị chua, axit khắp miệng, ngứa và thổi phồng thường xảy ra, tôi bị áp lực hoặc đầy bụng trong vài giờ."
Tiêu hóa,"Tôi không biết mình đang giảm cân và khó tăng cân, để giảm đau và khó chịu, tôi dùng thuốc chống axit."
Tiêu hóa,"Đôi khi, cả ngày hay đêm, tôi bị đốt cháy ở bụng, thường bị buồn nôn, đau dạ dày và khó tiêu hóa."
Tiêu hóa,"Tôi bị nôn và không thoải mái, không thích ăn vì tôi đã giảm cân, đôi khi tôi nôn máu và có phân đen."
Tiêu hóa,"Tôi thường bị ngâm và cảm giác thức ăn bị kẹt trong cổ họng, thường xuyên nháy và bị phổi lên, mùi vị sau của tôi không dễ chịu."
Tiêu hóa,"Tôi bị thiếu máu vì phân máu đã khiến tôi mất nhiều thứ, bao gồm cả sắt và bơm."
Tiêu hóa,"Tôi có cơn thèm ăn và đói không ngừng, đôi khi dạ dày đau và bị núng, sau bữa ăn tôi bị bị xăng và bốc hơi rất đau."
Tiêu hóa,"Tôi bị nghẹt và tiêu chảy, thường thiếu năng lượng và thèm ăn."
Tiêu hóa,"Khi ngã hoặc ngã xuống, tôi chỉ cảm thấy đau bụng hơn. Sau khi ăn một số bữa ăn đặc biệt, chẳng hạn như món ăn cay hoặc axit, tôi cảm thấy khó chịu."
Tiêu hóa,"Tôi bị đau bụng khiến tôi không rơi hoặc ngủ. Sau khi đi vệ sinh, tôi cảm thấy mệt mỏi và mất hứng thú với thức ăn. Tôi liên tục rất lo lắng."
Tiêu hóa,"Mồm tôi đầy hương vị chua chua, ngáy và sưng phẽ thường xuyên, trong vài giờ, bụng tôi bị áp lực hoặc đầy."
Tiêu hóa,"Tôi vô tình giảm cân và khó có thể lấy lại, dùng thuốc chống axit để giảm đau và khó chịu."
Tiêu hóa,Đôi khi tôi bị đốt cháy ở bụng trong suốt cả ngày hoặc đêm.
Tiêu hóa,"Tôi cảm thấy hơi bùng nổ và khó chịu vì tôi đã giảm cân, tôi không thích ăn nữa, đôi khi tôi bị nôn, phân đen và máu trong nôn."
Tiêu hóa,"Tôi thường gặp khó khăn trong việc nuốt và đôi khi cảm thấy thức ăn bị mắc kẹt trong cổ họng, thường bị phồng và bồn chồn."
Tiêu hóa,"Tôi đã mất rất nhiều thứ vì phân máu của mình, bao gồm cả sắt và bơm, do đó, bây giờ tôi bị thiếu máu và thường cảm thấy khá yếu."
Tiêu hóa,"Tôi có một sự thèm ăn mạnh mẽ và liên tục đói, bụng tôi đôi khi đau và bị núng, tôi bị xăng và bốc hơi rất đau sau khi ăn."
Tiêu hóa,"Tôi đã trải qua những cơn nghẹt và tiêu chảy, tôi thường thiếu ý muốn ăn và năng lượng."
Tiêu hóa,"Chỉ khi ngã xuống hoặc nằm xuống mà bụng đau hơn. Tôi đau sau khi ăn một số loại thực phẩm, chẳng hạn như thức ăn nóng hoặc axit."
Tiêu hóa,"Tôi không thể ngủ được hoặc ngủ được vì tôi bị đau bụng, tôi mệt mỏi sau khi đi vệ sinh và không còn đói nữa. Tôi lo lắng nhiều lúc."
Tiêu hóa,"Mồm tôi đầy hương vị chua, axit, thường xuyên nháy và thổi phồng, và phần trên bụng tôi đã bị cồn hoặc đầy trong vài giờ qua."
Tiêu hóa,"Tôi vô tình giảm cân và thấy khó để lấy lại nó. Để giảm đau và khó chịu, tôi uống thuốc chống axit. miệng tôi đau quá nặng ngay bây giờ."
Nội tiết,Tôi đã tăng khát và thường xuyên đi tiểu. Tôi thường bị khô miệng và cổ họng.
Nội tiết,Tôi có thị giác mờ và dường như chỉ trở nên tồi tệ hơn. Tôi cảm thấy mệt mỏi và mệt mỏi mọi lúc. Tôi cũng cảm thấy rất chóng mặt và nhẹ nhàng đôi khi
Nội tiết,Tôi có miệng khô và cổ họng. Tôi cũng có sự gia tăng sự thèm ăn và đói.
Nội tiết,"Tôi bị thương và vết thương lành lại chậm, cảm giác ngứa ran trong tay và ngứa ran trong cả hai bàn tay và chân."
Nội tiết,Tôi có những thay đổi tâm trạng và khó tập trung.Thức óc tôi đôi khi bị mờ mờ và khó làm việc nhà thường xuyên
Nội tiết,"Tôi có cảm giác rung động và nhịp cơ, cảm giác ngửi hoặc nếm bị giảm, cảm thấy mệt mỏi, đôi khi tôi có cảm giác nhịp tai nhanh hoặc bị nhịp nhàng"
Nội tiết,Tôi bị phát ban và kích thích da đặc biệt là ở các lớp gấp của da.
Nội tiết,Tôi thường xuyên cần đi tiểu và thường có những cơn thôi thúc không thể kiểm soát được. Tôi bị chóng mặt và thường bị bối rối.
Nội tiết,"Tôi khó thở, đặc biệt là khi tập thể dục, ngơ và đỏ mặt bất thường, thường bị nhiễm trùng nấm men"
Nội tiết,"Tôi bị ho khô kéo dài, nhiễm trùng của tôi dường như không lành và tôi nhịp nhịp. Tôi cũng bị đau cổ họng mà dường như biến mất."
Nội tiết,"Tôi uống nhiều nước và đi tiểu thường xuyên hơn, cổ họng và miệng thường khô, gần đây, sự thèm ăn và đói của tôi đều tăng lên."
Nội tiết,"Tôi có thị giác mờ, và dường như đang trở nên tồi tệ hơn, tôi liên tục cảm thấy mệt mỏi và mệt mỏi, đôi khi tôi bị sốc sưng và chóng mặt."
Nội tiết,"Tôi bị khô và miệng khô, tôi cũng cảm thấy đói hơn, nhưng đôi khi tôi cảm thấy khá mệt mỏi."
Nội tiết,"Tôi bị thương chậm và giảm tốc độ chữa lành, cả bàn tay và chân đều bị tê liệt và có cảm giác ngứa."
Nội tiết,"Đôi khi tôi có vẻ mờ nhạt và mờ nhạt, khiến tôi khó làm những việc đơn giản."
Nội tiết,"Tôi cảm thấy cơ bắp của tôi run rẩy, rung rẩy, tôi cảm thấy mệt mỏi, và cảm giác nếm mùi và hương vị của tôi đã giảm đi."
Nội tiết,"Tôi bị kích ứng và phát ban da, đặc biệt là ở các vết nếp nhăn của da."
Nội tiết,"Tôi thường cảm thấy muốn đi tiểu và thường có những cơn thèm nắng mạnh mẽ, thường cảm thấy bực bội và bối rối."
Nội tiết,"Tôi có vấn đề về hơi thở, đặc biệt là khi tập thể dục, tôi đỏ mặt và đổ mồ hôi một cách bất ngờ, tôi bị nhiễm trùng nấm rất nhiều."
Nội tiết,"Tôi bị ho khô mãn tính, nhịp nhịp và nhiễm trùng dường như không được tốt hơn, tôi cũng bị đau cổ họng, mặc dù dường như nó biến mất."
Nội tiết,"Tôi uống nhiều nước và thường xuyên đi tiểu, miệng và cổ họng thường xuyên khô, nướng ăn và đói vừa tăng gần đây."
Nội tiết,"Tôi có thị giác mờ, và dường như nó đang trở nên tồi tệ hơn, tôi liên tục mệt mỏi và mệt mỏi, đôi khi tôi cũng bị sốc sáp và chóng mặt."
Nội tiết,"Thậm chí, tôi cũng cảm thấy đói hơn, nhưng đôi khi tôi cảm thấy khá mệt mỏi."
Nội tiết,"Bàn thương của tôi đang lành dần và chậm hơn, tay và chân tôi bị ngứa và ngứa cùng một lúc."
Nội tiết,"Tôi có vấn đề tập trung và cảm xúc thay đổi, đôi khi não tôi có vẻ mờ nhạt và vờ nhạt, khiến tôi khó hoàn thành những công việc ngay cả khi đơn giản."
Nội tiết,"Cơ thể tôi rung động, rung động, giác quan hương vị và mùi đã suy yếu, tôi cảm thấy mệt mỏi, đôi khi nhịp tim nhịp hoặc nhịp tim nhanh."
Nội tiết,"Tôi bị phát ban và kích thích da, đặc biệt là ở các vết nứt da."
Nội tiết,Tôi thường cảm thấy muốn đi tiểu và cảm thấy những ham muốn dữ dội này.
Nội tiết,"Tôi có vấn đề về hô hấp, đặc biệt là khi tập thể dục, bất ngờ, tôi đổ mồ hôi và đỏ mặt, thường bị viêm nấm và viêm đường tiểu"
Nội tiết,"Tôi thường bị ho khô, nhiễm trùng không lành, nhịp tim nhúng, cổ họng bị đau đôi khi nhưng dường như đã trở nên tốt hơn."
Nội tiết,"Tôi uống nhiều nước và đi tiểu thường xuyên hơn, cổ họng và miệng thường khô và gần đây, cả cơn đói và sự thèm ăn của tôi đã tăng lên."
Nội tiết,"Tôi có thị giác mờ, và dường như đang trở nên tồi tệ hơn, tôi luôn cảm thấy mệt mỏi và mệt mỏi, đôi khi cũng bị chóng mặt và chóng mặt nặng."
Nội tiết,"Tôi bị khô và miệng khô, tôi cũng càng ngày càng đói, nhưng đôi khi tôi cảm thấy khá mệt mỏi."
Nội tiết,Bàn thương của tôi đang hồi phục chậm hơn bây giờ cả hai bàn tay và chân của tôi đều bị rít và trở nên tê liệt. Tôi cảm thấy rất yếu
Nội tiết,"Đôi khi tâm trí tôi có thể bị mờ mờ và khó khăn, khiến tôi khó thực hiện những công việc đơn giản."
Nội tiết,"Cả cơ thể tôi đều run rẩy và rung rẩy, tôi mất khả năng nếm mùi và mệt mỏi, đôi khi tôi bị tim đập hoặc nhịp tim."
Nội tiết,"Tôi bị kích ứng da và phát ban, đặc biệt là ở các vết nứt da."
Nội tiết,Tôi thường cảm thấy muốn đi tiểu và có những ham muốn mạnh mẽ này. Tôi bị điên rồ và mất phương hướng rất nhiều.
Nội tiết,"Tôi có vấn đề về hô hấp, đặc biệt là khi tôi ở ngoài trời. Tôi đột nhiên đỏ và đổ mồ hôi. Tôi có nhiễm trùng nấm men và nhiễm trùng đường tiết niệu khá thường xuyên."
Nội tiết,"Tôi bị ho khô không ngừng, nhịp tim và nhiễm trùng của tôi dường như không được tốt hơn, đôi khi cổ họng tôi đau nhưng dường như nó được tốt hơn."
Nội tiết,"Cả lượng nước uống và tẩy nước tăng lên, miệng và cổ họng tôi cảm thấy khô rất nhiều, đói và thèm ăn của tôi cũng tăng lên gần đây."
Nội tiết,"Tôi có thị giác mờ, và cảm giác như nó đang trở nên tồi tệ hơn. Tôi luôn cảm thấy mệt mỏi và mệt mỏi. Đôi khi tôi cũng bị sốc và chóng mặt."
Nội tiết,"Ngoài ra, tôi đang ngày càng đói, nhưng tôi cũng thường xuyên bị kiệt sức."
Nội tiết,"Những ngày nay vết thương của tôi đang lành chậm hơn, bàn chân và bàn tay tôi bị nháy nháy và trở nên ngứa, tôi cảm thấy rất yếu đuối."
Nội tiết,"Cảm xúc của tôi thay đổi, và tôi khó tập trung, tâm trí của tôi đôi khi bị sương mù, khiến tôi khó thực hiện những công việc đơn giản."
Nội tiết,"Tôi đang run rẩy và run rẩy khắp nơi, tôi đã mất đi giác quan hương vị và mùi và tôi mệt mỏi, đôi khi tôi bị nhịp tim hoặc tim tăng tốc."
Nội tiết,"Đặc biệt là ở những vết nứt trên da, tôi bị phát ban và kích thích, và vết bầm tím và vết cắt cũng mất một thời gian để lành."
Nội tiết,"Tôi thường xuyên cảm thấy những cảm giác này, và tôi muốn đi tiểu, thường thấy buồn ngủ, mất thị lực, và mất thị lực đáng kể."
Nội tiết,"Tôi có vấn đề về hô hấp, đặc biệt là bên ngoài, cảm thấy nóng và đổ mồ hôi, thường bị nhiễm trùng đường tiết niệu và nhiễm trùng nấm."
Nội tiết,"Tôi thường kháy và ho khô, nhiễm trùng không lành, nhịp tim nhúng, cổ họng đôi khi đau nhưng thường sẽ tốt hơn."
