label,text
Da liễu,"Da tôi bị bong tróc, đặc biệt là ở đầu gối, khuỷu tay và da đầu. Tình trạng bong tróc này thường đi kèm với cảm giác nóng rát hoặc châm chích."
Da liễu,"Tôi bị đau khớp ở các ngón tay, cổ tay và đầu gối. Cơn đau thường âm ỉ và nhói, và càng nặng hơn khi tôi cử động các khớp."
Da liễu,"Trên da tôi có một lớp bụi màu bạc, đặc biệt là ở vùng lưng dưới và da đầu. Lớp bụi này được tạo thành từ những vảy nhỏ, dễ dàng bong ra khi tôi gãi."
Da liễu,"Móng tay của tôi có những vết lõm nhỏ, và thường có cảm giác viêm và đau khi chạm vào. Thậm chí trên cánh tay tôi còn có những vết phát ban nhỏ."
Da liễu,Da ở lòng bàn tay và lòng bàn chân tôi bị dày lên và có những vết nứt sâu. Những vết nứt này rất đau và dễ chảy máu.
Da liễu,"Vùng da quanh miệng, mũi và mắt của tôi bị đỏ và viêm. Thường xuyên bị ngứa và khó chịu. Móng tay của tôi cũng bị viêm rõ rệt."
Da liễu,"Da tôi rất nhạy cảm và dễ bị ảnh hưởng bởi sự thay đổi nhiệt độ hoặc độ ẩm. Vì vậy, tôi thường phải cẩn thận trong việc lựa chọn sản phẩm sử dụng cho da."
Da liễu,"Tôi nhận thấy da mình đột nhiên bị bong tróc ở nhiều vùng trên cơ thể, chủ yếu là tay, chân và lưng. Ngoài ra, tôi còn bị đau khớp dữ dội và phát ban da."
Da liễu,"Vùng da sinh dục của tôi bị đỏ và viêm. Thường xuyên bị ngứa, rát và khó chịu. Ngoài ra còn có phát ban ở nhiều bộ phận khác trên cơ thể."
Da liễu,"Tôi bị mệt mỏi và cảm giác khó chịu toàn thân. Tôi thường cảm thấy kiệt sức và thiếu năng lượng, ngay cả sau một giấc ngủ ngon."
Da liễu,"Vết phát ban trên da tôi đã lan sang các bộ phận khác trên cơ thể, bao gồm cả ngực và bụng. Nó gây ngứa và khó chịu, và thường nặng hơn vào ban đêm. Tôi cũng đang bị bong tróc da."
Da liễu,Tình trạng phát ban trên da tôi trở nên tồi tệ hơn vào những tháng mùa đông khi không khí khô. Tôi thấy mình phải dưỡng ẩm thường xuyên hơn và sử dụng máy tạo độ ẩm để giữ cho da luôn đủ nước.
Da liễu,"Tôi gặp khó khăn trong việc ngủ do ngứa ngáy và khó chịu do phát ban gây ra. Móng tay của tôi có những vết lõm nhỏ, điều này thực sự đáng lo ngại."
Da liễu,Da tôi dễ bị nhiễm trùng do các mảng da khô và bong tróc. Tôi đang bị đau dữ dội ở các khớp. Da ở đầu gối và khuỷu tay của tôi bắt đầu bị bong tróc.
Da liễu,"Tôi bắt đầu bị nổi mẩn trên da. Vết mẩn thường chảy máu khi tôi gãi hoặc cọ xát. Hơn nữa, tôi nhận thấy những vết lõm nhỏ trên móng tay của mình."
Da liễu,"Tôi nhận thấy da mình trở nên nhạy cảm hơn trước. Có một lớp bụi màu bạc bám trên da, đặc biệt là ở lưng và khuỷu tay."
Da liễu,"Tôi lo lắng về tình trạng da ở lòng bàn tay, khuỷu tay và đầu gối liên tục bị bong tróc. Tôi bị nổi mẩn ngứa ở cánh tay, mỗi khi chạm vào đều rất ngứa. Tất cả những điều này khiến cuộc sống của tôi khá khó chịu và khổ sở."
Da liễu,"Tôi bị đau nhức lạ ở các khớp. Ngoài ra, tôi nhận thấy da ở nhiều vùng trên cơ thể bị bong tróc bất thường. Tôi sợ rằng có điều gì đó không ổn với cơ thể mình."
Da liễu,"Móng tay tôi có những vết lõm nhỏ. Ngay cả các khớp của tôi cũng bắt đầu đau dữ dội. Có một lớp bụi màu bạc trên da tôi, đặc biệt là ở lưng."
Da liễu,"Các vết phát ban trên da tôi không lành lại. Hơn nữa, tôi nhận thấy da đột nhiên bị bong tróc, đặc biệt là da ở khuỷu tay và đầu gối. Tôi thực sự lo lắng về điều này."
Da liễu,"Trong vài tuần qua, tôi bị phát ban da ở tay, chân và ngực. Vùng da bị phát ban có màu đỏ, gây ngứa, khô và có vảy. Tôi cũng bị đau nhức lạ ở các khớp."
Da liễu,"Da tôi bị bong tróc, đặc biệt là ở đầu gối, khuỷu tay và da đầu. Tình trạng bong tróc này thường đi kèm với cảm giác châm chích hoặc nóng rát."
Da liễu,"Tôi bị đau khớp ở các ngón tay, cổ tay và đầu gối. Cơn đau thường âm ỉ và nhức nhối, và trở nên tồi tệ hơn khi tôi cử động các khớp."
Da liễu,"Da tôi có một lớp màng bạc, đặc biệt là ở lưng, cánh tay và da đầu. Lớp bụi này được cấu tạo từ những vảy nhỏ li ti, dễ dàng bong ra khi gãi."
Da liễu,"Tôi bị viêm da quanh miệng, mũi và mắt. Tình trạng này thường xuyên gây khó chịu và ngứa rát. Gần đây, nó còn trở nên rất đau."
Da liễu,Da tôi cực kỳ nhạy cảm và dễ bị kích ứng bởi sự thay đổi nhiệt độ hoặc độ ẩm. Móng tay tôi xuất hiện những vết lõm. Tôi lo lắng về sự thay đổi đột ngột này.
Da liễu,"Tôi nhận thấy da mình đột nhiên bong tróc ở nhiều vùng trên cơ thể, chủ yếu là tay, chân và lưng. Ngoài ra, tôi còn bị đau khớp dữ dội và phát ban da. Phát ban đang lan rộng ra các bộ phận khác trên cơ thể."
Da liễu,"Vùng da sinh dục của tôi bị đỏ và kích ứng. Thường xuyên bị ngứa, rát và khó chịu. Ngoài ra còn có phát ban ở nhiều nơi trên cơ thể. Tôi cũng bị đau nhức lạ ở các khớp."
Da liễu,"Tôi khó ngủ vì ngứa và đau do phát ban gây ra. Móng tay tôi có những vết lõm nhỏ, điều này thực sự đáng lo ngại. Có dấu hiệu viêm rõ rệt ở móng tay."
Da liễu,Do da bị khô và bong tróc nên tôi dễ bị nhiễm trùng. Các khớp của tôi đau nhức dữ dội. Da ở đầu gối và khuỷu tay của tôi bắt đầu bong tróc.
Da liễu,"Da tôi bị nổi mẩn ngứa. Mỗi khi gãi hoặc chà xát vùng da bị mẩn, nó thường chảy máu. Ngoài ra, tôi nhận thấy những vết lõm nhỏ trên móng tay. Móng tay tôi có dấu hiệu viêm nhiễm rõ rệt."
Da liễu,"Tôi nhận thấy da mình giờ nhạy cảm hơn trước. Da tôi có một lớp màng bạc, đặc biệt là ở lưng và khuỷu tay."
Da liễu,"Lòng bàn tay và lòng bàn chân của tôi bị nứt nẻ nghiêm trọng. Những vết nứt này rất khó chịu và thường xuyên chảy máu. Ngoài ra, da cũng bắt đầu bong tróc."
Da liễu,"Móng tay của tôi bắt đầu xuất hiện những vết lõm nhỏ. Tôi rất lo lắng và không biết nguyên nhân là gì. Ngoài ra, các khớp của tôi cũng bị đau và có phát ban trên cánh tay và lưng."
Da liễu,"Trên da tôi có một lớp bụi màu bạc. Hơn nữa, da ở cánh tay và lưng tôi bắt đầu bong tróc. Điều này thật kỳ lạ và khiến tôi rất lo lắng."
Da liễu,"Phát ban trên da của tôi đã lan sang các vùng khác trên cơ thể, bao gồm cả ngực và bụng. Nó gây khó chịu và ngứa ngáy, và thường nặng hơn vào ban đêm. Tôi cũng đang bị bong tróc da."
Da liễu,"Tình trạng phát ban trên da của tôi trở nên tồi tệ hơn vào mùa đông khi không khí khô. Để giữ ẩm cho da, tôi phải dưỡng ẩm thường xuyên hơn và sử dụng máy tạo độ ẩm. Tôi cũng đang bị đau khớp."
Da liễu,Tôi khó ngủ vì ngứa và đau do phát ban gây ra. Móng tay tôi có những vết lõm nhỏ. Tôi cũng bị bong tróc da ở nhiều vùng trên cơ thể.
Da liễu,"Da tôi bị bong tróc ở một số chỗ, đặc biệt là ở đầu gối, khuỷu tay và cánh tay. Tình trạng bong tróc này thường đi kèm với cảm giác đau hoặc nóng rát. Tôi cũng bắt đầu xuất hiện những vết lõm nhỏ trên móng tay, điều này thực sự đáng lo ngại."
Da liễu,"Da tôi có một lớp phủ màu bạc, đặc biệt là ở lưng và cánh tay. Lớp phủ này được tạo thành từ những vảy nhỏ, dễ dàng bong ra khi chà xát. Ngoài ra, tôi còn bị nổi mẩn khắp cơ thể."
Da liễu,"Tay, mặt và lưng tôi đều đỏ và bị kích ứng. Tình trạng này thường xuyên gây khó chịu và phiền toái. Móng tay tôi bị viêm nhiễm lạ và xuất hiện những vết lõm nhỏ. Tôi chưa từng thấy trường hợp nào như thế này trước đây."
Da liễu,"Tôi khó ngủ vì ngứa và đau do phát ban gây ra. Móng tay tôi có những vết lõm nhỏ, điều này thực sự đáng lo ngại. Hơn nữa, các khớp của tôi đau nhức mỗi ngày và tôi không biết nguyên nhân là gì."
Da liễu,Da ở ngón tay và lòng bàn chân tôi khá dày và bị nứt nẻ nghiêm trọng. Những vết nứt này thường xuyên gây đau và chảy máu. Chúng ngứa và có vảy.
Da liễu,"Da tôi đã thay đổi từ ít nhạy cảm sang nhạy cảm hơn. Da tôi có một lớp phủ màu bạc, đặc biệt là ở lưng, khuỷu tay và đầu gối."
Da liễu,"Móng tay tôi hơi bị lõm. Ngay cả các khớp của tôi giờ cũng đau nhức kinh khủng. Da tôi có một lớp bột màu bạc, đặc biệt là ở lưng và khuỷu tay."
Da liễu,"Tôi khó ngủ vì phát ban gây đau và ngứa. Da ở các ngón tay của tôi bắt đầu bong tróc. Móng tay tôi có một vài vết nứt nhỏ, điều này thực sự đáng lo ngại."
Da liễu,"Tôi đang gặp phải tình trạng khó chịu bất thường ở các khớp. Thêm vào đó, tôi bị bong tróc da ở nhiều chỗ trên cơ thể. Tôi lo lắng rằng có điều gì đó không ổn với cơ thể mình."
Da liễu,"Tôi bắt đầu bị phát ban ở cánh tay và cổ. Vết phát ban thường chảy máu và rất đau khi tôi gãi. Tôi cũng bị thêm những vết lõm nhỏ trên móng tay, điều này rất kỳ lạ."
Da liễu,Do da tôi bị khô và bong tróc nên dễ bị nhiễm trùng. Các khớp của tôi đau dữ dội. Da ở đầu gối và khuỷu tay bắt đầu bị lột.
Ngoại mạch máu,"Tôi bị phát ban ở chân và rất khó chịu. Có vẻ như tôi bị chuột rút và có thể nhìn thấy các tĩnh mạch nổi rõ ở bắp chân. Ngoài ra, mấy ngày nay tôi cảm thấy rất mệt mỏi và kiệt sức."
Ngoại mạch máu,"Tôi bị chuột rút ở bắp chân khi đi bộ hoặc đứng lâu. Có những vết bầm tím trên bắp chân, điều này khiến tôi lo lắng. Tôi cảm thấy rất nhanh mệt mỏi."
Ngoại mạch máu,"Tôi có những vết bầm tím trên chân mà tôi không thể giải thích được. Tôi có thể nhìn thấy những mạch máu lạ dưới da. Ngoài ra, tôi hơi béo phì và tôi thực sự lo lắng."
Ngoại mạch máu,Tôi bị thừa cân và nhận thấy chân mình bị sưng phù và các mạch máu lộ rõ. Chân tôi bị sưng và tôi có thể nhìn thấy một dòng tĩnh mạch nổi phồng trên bắp chân.
Ngoại mạch máu,"Các tĩnh mạch ở bắp chân của tôi trở nên rất nổi rõ và gây khó chịu. Tôi không thể đứng lâu vì nó gây đau chân, giống như chuột rút."
Ngoại mạch máu,Vùng da xung quanh các tĩnh mạch ở chân tôi bị đỏ và viêm. Tôi nghĩ mình có thể nhìn thấy một số mạch máu bị sưng. Tôi thực sự rất lo lắng về điều đó.
Ngoại mạch máu,Đứng hoặc đi bộ trong thời gian dài khiến chân tôi rất đau. Tôi bị chuột rút khi vận động. Trên chân tôi cũng có những vết bầm tím.
Ngoại mạch máu,Tôi bị chuột rút ở bắp chân khiến việc đi lại khó khăn. Tôi cảm thấy mệt mỏi sau khi làm việc một thời gian. Tôi tin rằng béo phì là nguyên nhân dẫn đến điều này.
Ngoại mạch máu,"Tình trạng sưng phù ở chân tôi đã trở nên tồi tệ hơn trong vài tuần qua. Hiện tại, tôi thấy rất nhiều tĩnh mạch nổi rõ trên bắp chân, điều này khiến tôi lo lắng."
Ngoại mạch máu,Các tĩnh mạch trên chân tôi rất dễ thấy và gây khó chịu. Có vẻ như có một vết bầm tím lớn và tôi bị chuột rút khi chạy.
Ngoại mạch máu,Da ở bắp chân tôi bị viêm và đỏ. Chân tôi đau nếu tôi cố gắng chạy hoặc thực hiện bất kỳ hoạt động thể chất nào.
Ngoại mạch máu,"Gần đây, tôi bị đau bắp chân liên tục và cơn đau càng nặng hơn khi đứng hoặc đi bộ lâu. Chân tôi bắt đầu sưng lên và một số mạch máu cũng khá rõ."
Ngoại mạch máu,Các tĩnh mạch ở chân tôi gây khó chịu và khiến tôi khó ngủ vào ban đêm. Tôi không biết tại sao lại xảy ra chuyện này. Tôi bị chuột rút khi chạy nước rút.
Ngoại mạch máu,Tình trạng sưng phù ở chân khiến tôi khó mang giày. Tôi không thể chạy nước rút hoặc đứng lâu. Tôi có thể nhìn thấy một số mạch máu bị sưng.
Ngoại mạch máu,Tôi nhận thấy mình bị chuột rút ở bắp chân ngày càng thường xuyên và dữ dội hơn. Điều này gây ra cho tôi rất nhiều khó chịu. Tôi cũng bị thừa cân và chân bắt đầu sưng lên.
Ngoại mạch máu,Các tĩnh mạch ở chân gây ra rất nhiều khó chịu khi tôi ngồi lâu.
Ngoại mạch máu,Vết phát ban trên chân tôi đang lan rộng và trở nên nghiêm trọng hơn. Việc chạy bộ trở nên rất khó khăn đối với tôi.
Ngoại mạch máu,Tôi cảm thấy rất khó chịu ở chân khi tập thể dục. Tôi thường xuyên bị chuột rút và các mạch máu trở nên khá rõ rệt.
Ngoại mạch máu,Các mạch máu nổi rõ trên bắp chân khiến tôi tự ti và xấu hổ. Tôi tin rằng vấn đề là do tôi thừa cân.
Ngoại mạch máu,Vùng da xung quanh các tĩnh mạch ở chân tôi bị khô và bong tróc. Có vẻ như tôi bị một vết bầm tím lớn và chân tôi bắt đầu sưng lên.
Ngoại mạch máu,"Tôi bị phát ban ở chân, gây kích ứng và khó chịu rất nhiều. Vùng da bị phát ban đỏ, viêm và có vẻ đang lan rộng."
Ngoại mạch máu,"Gần đây, bắp chân của tôi thường xuyên bị chuột rút, đặc biệt là khi đi bộ hoặc đứng lâu. Ngoài ra, các tĩnh mạch cũng rất dễ nhìn thấy."
Ngoại mạch máu,Tôi nhận thấy trên chân mình có những vết bầm tím mà tôi không hiểu lý do. Chúng không gây đau nhưng khiến tôi lo lắng.
Ngoại mạch máu,"Vì thừa cân, tôi nhận thấy chân mình bị sưng và các mạch máu nổi rõ hơn bình thường. Tình trạng sưng dường như ngày càng nặng hơn theo thời gian."
Ngoại mạch máu,Các tĩnh mạch ở bắp chân của tôi rất nổi rõ và gây cho tôi nhiều khó chịu. Chúng bị sưng và lồi ra khỏi da.
Ngoại mạch máu,"Vùng da xung quanh các tĩnh mạch ở chân tôi bị đỏ, viêm và ngứa. Điều này gây ra rất nhiều khó chịu và tôi bắt đầu bị chuột rút thường xuyên."
Ngoại mạch máu,Việc đứng hoặc đi bộ trong thời gian dài khiến chân tôi rất đau. Cảm giác như bị chuột rút và càng đau hơn khi tôi đứng càng lâu.
Ngoại mạch máu,Những cơn chuột rút ở bắp chân khiến tôi khó đi lại và thực hiện các hoạt động hàng ngày. Chúng xuất hiện đột ngột và kéo dài vài phút.
Ngoại mạch máu,Tình trạng sưng phù ở chân của tôi đã trở nên tồi tệ hơn trong vài tuần qua và khiến tôi khó mang giày. Nó cũng gây khó chịu khi tôi ngồi lâu.
Ngoại mạch máu,"Các tĩnh mạch trên chân tôi rất dễ nhận thấy và gây cho tôi nhiều khó chịu. Chúng bị sưng và nổi lên trên da, khiến tôi có thể nhìn thấy chúng qua quần áo."
Ngoại mạch máu,"Da ở bắp chân tôi bị ngứa và viêm, gây khó chịu và khó ngủ vào ban đêm. Các mạch máu bắt đầu nổi lên, điều này đáng lo ngại."
Ngoại mạch máu,Tôi bị đau bắp chân liên tục và cơn đau càng nặng hơn khi đứng hoặc đi bộ lâu. Tôi bị chuột rút thường xuyên và không thể chạy trong thời gian dài.
Ngoại mạch máu,"Các tĩnh mạch ở chân tôi gây khó chịu và khó ngủ vào ban đêm. Chúng bị sưng và nổi lên khỏi da, khiến chúng dễ nhận thấy và gây đau."
Ngoại mạch máu,Tình trạng sưng phù ở chân khiến tôi khó mang giày và cảm thấy khó chịu khi ngồi lâu.
Ngoại mạch máu,"Tôi bị chuột rút ở bắp chân ngày càng thường xuyên và dữ dội hơn, khiến việc đi lại và thực hiện các hoạt động hàng ngày trở nên khó khăn."
Ngoại mạch máu,"Các tĩnh mạch ở chân tôi gây ra rất nhiều khó chịu khi tôi ngồi lâu. Chúng bị sưng và nổi lên khỏi da, khiến chúng đau và dễ nhận thấy."
Ngoại mạch máu,"Vết phát ban trên chân tôi đang lan rộng và ngày càng nghiêm trọng hơn. Nó đỏ, sưng tấy và ngứa ngáy, gây ra rất nhiều khó chịu và khiến tôi khó ngủ vào ban đêm."
Ngoại mạch máu,"Chân tôi thường xuyên bị khó chịu khi tập thể dục. Chúng cảm thấy nặng nề và sưng tấy, các tĩnh mạch nổi rõ và đau. Tôi luôn cảm thấy mệt mỏi."
Ngoại mạch máu,"Các tĩnh mạch nổi rõ trên bắp chân khiến tôi cảm thấy tự ti và xấu hổ. Chúng bị sưng và lồi ra khỏi da, rất dễ nhận thấy."
Ngoại mạch máu,"Vùng da xung quanh các tĩnh mạch ở chân tôi bị khô và bong tróc, gây khó chịu và kích ứng. Tôi cũng bắt đầu bị chuột rút thường xuyên."
Ngoại mạch máu,"Tôi bị phát ban ở chân và rất đau. Có vẻ như tôi bị chuột rút, và có thể nhìn thấy rõ các tĩnh mạch ở bắp chân."
Ngoại mạch máu,Các tĩnh mạch ở chân tôi trở nên rõ hơn và sưng to hơn bình thường. Chúng có thể nhìn thấy qua da và gây đau khi tôi cử động.
Ngoại mạch máu,"Việc đi bộ rất khó khăn đối với tôi vì tôi bị chuột rút ở bắp chân. Tôi tin rằng béo phì là nguyên nhân gây ra điều này. Sau một thời gian làm việc, tôi rất mệt mỏi."
Ngoại mạch máu,Các mạch máu ở chân tôi khá rõ và gây đau nhức dữ dội. Chúng to và lồi ra khỏi da. Điều này khá bất thường và tôi rất lo lắng.
Ngoại mạch máu,"Tôi nhận thấy các mạch máu ở chân mình trở nên rõ hơn bình thường. Điều này khiến tôi hơi lo lắng. Hơn nữa, tôi bị chuột rút mỗi ngày."
Ngoại mạch máu,Tình trạng sưng phù ở chân của tôi đã trở nên tồi tệ hơn trong vài ngày qua. Tôi có thể nhìn thấy các mạch máu nổi lên trên da. Điều này khá bất thường.
Ngoại mạch máu,"Việc đứng hoặc đi bộ trong thời gian dài gây ra sự khó chịu nghiêm trọng ở chân tôi. Đó là một cơn đau nhức như bỏng rát, càng kéo dài thì tình trạng càng trở nên tồi tệ hơn."
Ngoại mạch máu,"Vùng da quanh tĩnh mạch ở chân tôi có gì đó bất thường. Có vẻ như có một vết bầm tím lớn. Gần đây, tôi thường xuyên bị chuột rút khi chạy nước rút hoặc chạy."
Ngoại mạch máu,"Mấy ngày nay tôi bị chuột rút nhiều quá. Tôi nghĩ có gì đó không ổn. Tôi hình như có một vết bầm nhỏ ở bắp chân, nhưng tôi không chắc lắm."
Ngoại mạch máu,"Các tĩnh mạch ở bắp chân của tôi nổi lên khá bất thường. Tôi rất lo lắng về điều đó. Ngoài ra, tôi bị thừa cân và tôi tin rằng đây là nguyên nhân gây ra tất cả những điều này."
Truyền nhiễm,"Tôi bị táo bón và đau bụng, rất khó chịu. Cơn đau bụng ngày càng nặng hơn và bắt đầu ảnh hưởng đến sinh hoạt hàng ngày của tôi. Thêm vào đó, tôi bị ớn lạnh mỗi đêm, sau đó là sốt nhẹ."
Truyền nhiễm,"Tôi cũng bị tiêu chảy, rất khó chịu. Tình trạng này cứ tái phát rồi lại khỏi, kèm theo đau bụng và đầy hơi."
Truyền nhiễm,"Tôi bị ớn lạnh và sốt, kèm theo đau bụng dữ dội. Tôi cảm thấy vô cùng khó chịu và không thể nào hết các triệu chứng này."
Truyền nhiễm,"Tôi gặp rất nhiều khó khăn trong việc giữ đủ nước cho cơ thể vì bị nôn mửa và tiêu chảy. Tôi cũng bị sốt nhẹ, táo bón và đau đầu."
Truyền nhiễm,"Tôi đã giảm cân rất nhiều trong tuần qua vì không thể ăn uống gì nhiều do buồn nôn và nôn mửa. Sau đó, tôi bị sốt nhẹ, đau đầu và đau bụng. Tôi thực sự lo lắng cho sức khỏe của mình."
Truyền nhiễm,"Cảm giác mệt mỏi thực sự khó chịu, và tôi gặp rất nhiều khó khăn trong việc thực hiện các hoạt động thường ngày. Tôi cũng cảm thấy rất chán nản và dễ cáu gắt. Ngoài ra còn có cảm giác đau nhẹ ở vùng bụng."
Truyền nhiễm,"Tôi bị đau đầu dai dẳng suốt tuần qua, và tình trạng ngày càng tệ hơn. Kèm theo đó là đau bụng, táo bón và tiêu chảy."
Truyền nhiễm,"Tôi bị sốt cao, đặc biệt là vào ban đêm. Cảm giác rất khó chịu. Tôi cũng bị đau đầu nhẹ, táo bón và tiêu chảy."
Truyền nhiễm,Tôi gặp rất nhiều khó khăn trong việc thở và cảm thấy buồn nôn liên tục. Tôi cũng bị đau bụng nhẹ. Có những lúc điều này thật đáng sợ.
Truyền nhiễm,"Tôi bị tiêu chảy rất nhiều nước và có mùi hôi khó chịu, kèm theo đau bụng. Tôi cảm thấy buồn nôn hầu hết thời gian."
Truyền nhiễm,"Tôi bị sốt cao, đau đầu và ớn lạnh nên rất khó ngủ. Mỗi sáng thức dậy tôi đều đau bụng dữ dội."
Truyền nhiễm,"Tôi cũng bị tiêu chảy và táo bón, điều này thực sự đáng lo ngại. Tôi cảm thấy như có một cơn đau nhói ở vùng bụng. Tôi luôn cảm thấy mệt mỏi."
Truyền nhiễm,"Tôi bị táo bón và đau bụng, rất khó chịu. Cơn đau ngày càng nặng hơn và ảnh hưởng nghiêm trọng đến cuộc sống hàng ngày của tôi."
Truyền nhiễm,"Tôi bị đau bụng và táo bón rất nhiều, điều này thực sự rất khó chịu. Thỉnh thoảng, tôi cảm thấy buồn nôn dữ dội, và vì tất cả những điều này, tôi cảm thấy rất yếu."
Truyền nhiễm,"Tôi bị đau bụng từng cơn, rất khó chịu. Kèm theo đó là táo bón và nôn mửa. Tôi thực sự lo lắng cho sức khỏe của mình."
Truyền nhiễm,"Tôi bị đầy hơi và táo bón rất nhiều, điều này thực sự khó chịu. Tôi cảm thấy như có áp lực và đau ở vùng bụng."
Truyền nhiễm,"Tôi bị đau bụng dữ dội và táo bón. Mỗi đêm, tôi đều bị sốt cao kèm theo ớn lạnh và đau đầu. Mấy ngày qua thực sự rất khó chịu."
Truyền nhiễm,"Tôi cảm thấy kiệt sức và yếu ớt, và dường như không thể thoát khỏi tình trạng này. Do nôn mửa và buồn nôn, tôi hoàn toàn mất cảm giác thèm ăn. Tôi cũng rất lo lắng vì những cơn đau bụng."
Truyền nhiễm,"Tôi bị táo bón và đau bụng, điều này thực sự rất khó chịu. Tình trạng khó chịu ngày càng trầm trọng và ảnh hưởng nghiêm trọng đến cuộc sống hàng ngày của tôi."
Truyền nhiễm,"Do bị nôn mửa và tiêu chảy, tôi gặp rất nhiều khó khăn trong việc giữ đủ nước cho cơ thể. Tôi bị sốt cao, táo bón và đau đầu."
Truyền nhiễm,Tôi bị đau bụng thường xuyên và rất dữ dội. Tôi cũng bị táo bón và nôn mửa. Tôi khá lo lắng cho sức khỏe của mình.
Truyền nhiễm,"Tôi bị đau bụng dữ dội và táo bón. Mỗi đêm, tôi đều bị đau đầu và ớn lạnh. Mấy ngày gần đây thực sự rất đau đớn."
Truyền nhiễm,Tôi cảm thấy đau nhói ở vùng bụng. Tôi không chắc đó là gì. Tôi cũng liên tục nôn mửa và cảm thấy buồn nôn.
Truyền nhiễm,"Tôi bị tiêu chảy phân lỏng và có mùi hôi, kèm theo đau bụng dữ dội và đau đầu. Hầu hết thời gian tôi đều cảm thấy muốn nôn."
Truyền nhiễm,Tôi bị sốt vài ngày nay rồi. Giờ thì tôi bắt đầu thấy đau bụng dữ dội và bị táo bón.
Truyền nhiễm,"Tôi bị buồn nôn và nôn rất nhiều, và việc ăn uống cũng trở nên rất khó khăn. Tôi hoàn toàn mất cảm giác thèm ăn, và kết quả là tôi trở nên rất yếu."
Truyền nhiễm,"Tôi bị sốt cao và đau đầu nên rất khó ngủ. Thêm vào đó, tôi bị đau bụng liên tục, vì thế không thể đi làm được."
Truyền nhiễm,"Tôi cảm thấy rất mệt mỏi và yếu ớt, và dường như không thể thoát khỏi tình trạng này. Tôi bị sốt nhẹ và đau bụng lạ. Tôi không hiểu chuyện gì đang xảy ra."
Truyền nhiễm,"Tôi bị táo bón và khó chịu ở dạ dày, điều này thực sự rất khó chịu. Tối qua, tôi cũng bị sốt nhẹ."
Truyền nhiễm,"Tôi cũng bị tiêu chảy, rất khó chịu. Tình trạng này cứ tái phát rồi lại khỏi, kèm theo đau bụng và nôn mửa."
Truyền nhiễm,"Tôi bị ớn lạnh, sốt và đau bụng dữ dội. Tôi cảm thấy không khỏe và dường như không thể hết các triệu chứng này."
Truyền nhiễm,"Do bị nôn mửa và tiêu chảy, tôi gặp rất nhiều khó khăn trong việc giữ đủ nước cho cơ thể. Tôi cũng bị sốt nhẹ và đau bụng."
Truyền nhiễm,"Tôi bị tiêu chảy. Kèm theo đó là đau bụng dữ dội. Tôi không muốn ăn gì cả, và hầu hết thời gian tôi đều bị đau đầu nhẹ."
Truyền nhiễm,"Tôi bị đầy hơi và táo bón rất nhiều, rất đau đớn. Vùng bụng của tôi bị đau và khó chịu. Tôi bị sốt cao và ớn lạnh mỗi đêm."
Truyền nhiễm,"Tôi bị đau bụng dai dẳng suốt tuần qua, và dù đã dùng thuốc vẫn không đỡ. Tôi cảm thấy buồn nôn và không thể ăn uống gì, vì thế mà tôi trở nên vô cùng yếu ớt."
Truyền nhiễm,Tôi bị đau bụng dữ dội và tiêu chảy. Tôi bị sốt cao kèm theo đau đầu. Mấy ngày qua thực sự rất khó chịu.
Truyền nhiễm,Tôi bị đau bụng dữ dội và cảm thấy rất buồn nôn. Tôi cũng bị sốt nhẹ. Tôi thực sự rất lo lắng.
Truyền nhiễm,Tôi bị táo bón và đau bụng. Tình trạng khó chịu ngày càng trầm trọng và ảnh hưởng nghiêm trọng đến cuộc sống hàng ngày của tôi. Tôi cảm thấy như mình mất hết cảm giác thèm ăn.
Truyền nhiễm,"Hầu hết thời gian tôi đều cảm thấy mệt mỏi. Tôi không muốn ăn gì cả. Tôi bị sốt cao và ớn lạnh mỗi đêm. Hơn nữa, tôi đã nôn mửa từ hôm qua."
Truyền nhiễm,"Tôi bị mất cảm giác thèm ăn và sụt cân đáng kể. Tôi bị đau bụng, đặc biệt là ở vùng dạ dày và ruột. Tôi rất lo lắng cho sức khỏe của mình."
Truyền nhiễm,Tôi bị đau bụng dữ dội và thường xuyên. Tôi cũng bị nôn mửa và táo bón. Tôi lo lắng cho sức khỏe của mình.
Truyền nhiễm,"Tôi bị tiêu chảy và đi ngoài phân lỏng, nhiều nước nhiều lần trong ngày. Tôi mất cảm giác thèm ăn và luôn cảm thấy buồn nôn. Tôi cũng bắt đầu bị sốt nhẹ."
Truyền nhiễm,"Tôi cảm thấy khá yếu. Tôi bị đau bụng và táo bón nhiều, điều này thực sự làm tôi khó chịu. Thỉnh thoảng tôi lại có cảm giác buồn nôn dữ dội, và kết quả là tôi không thể ăn uống gì được."
Truyền nhiễm,"Tôi cảm thấy đau bụng lạ. Tôi không biết nguyên nhân là gì. Thêm vào đó, tôi bắt đầu bị sốt nhẹ kèm theo ớn lạnh và đau đầu."
Truyền nhiễm,"Tôi bị sốt cao, đặc biệt là vào ban đêm. Khá khó chịu. Tôi cũng bị đau đầu nhẹ, táo bón và tiêu chảy. Tôi không muốn ăn gì cả."
Truyền nhiễm,"Tôi gặp rất nhiều khó khăn trong việc giữ đủ nước cho cơ thể vì bị nôn mửa và tiêu chảy. Tôi bị sốt cao, táo bón và đau đầu. Tôi cũng bắt đầu cảm thấy đau bụng khó chịu và không thể làm bất cứ việc gì."
Truyền nhiễm,"Tôi bị đau đầu suốt tuần nay và cơn đau ngày càng nặng hơn. Kèm theo đó là đau bụng, táo bón và tiêu chảy. Tôi không biết chuyện gì đang xảy ra và thực sự rất lo lắng."
Truyền nhiễm,"Tôi đã giảm cân rất nhiều trong tuần vừa qua vì không thể ăn nhiều do buồn nôn và nôn mửa. Sau đó, tôi bị sốt cao, đau đầu và đau bụng."
Truyền nhiễm,"Tôi bị tiêu chảy và táo bón, điều này khá đáng lo ngại. Bụng tôi đau dữ dội. Tôi luôn cảm thấy mệt mỏi và không muốn ăn gì cả."
Truyền nhiễm,"Tôi bị tiêu chảy và đi ngoài phân lỏng, nhiều lần trong ngày. Tôi mất cảm giác thèm ăn và luôn cảm thấy buồn nôn. Tôi cũng bị sốt nhẹ. Ngoài ra, vùng bụng của tôi rất đau. Tôi không biết nguyên nhân của tất cả những triệu chứng này là gì."
Da liễu,"Tôi bị ngứa dữ dội khắp người, và điều đó khiến tôi phát điên. Tôi cũng bị nổi mẩn đỏ và viêm."
Da liễu,"Tôi cảm thấy mệt mỏi và không có chút năng lượng nào. Tôi hầu như không thể mở mắt nổi suốt cả ngày, và tôi cảm thấy uể oải, không thể tự tạo động lực cho bản thân."
Da liễu,"Tôi bị sốt cao mấy ngày nay rồi. Tôi không biết nguyên nhân là gì. Ngoài ra, tôi còn thấy nổi mẩn ngứa trên da và rất khó để cưỡng lại việc gãi."
Da liễu,Tôi bị mất cảm giác thèm ăn và không thể ăn bất cứ thứ gì. Tôi lo lắng cho sức khỏe của mình.
Da liễu,Trên người tôi xuất hiện những đốm đỏ nhỏ mà tôi không hiểu lý do. Điều đó khiến tôi lo lắng. Tôi cảm thấy vô cùng mệt mỏi và bị sốt nhẹ mỗi đêm.
Da liễu,"Các hạch bạch huyết của tôi bị sưng, gây khó chịu ở cổ và nách. Tôi không biết nguyên nhân là gì."
Da liễu,"Tôi cảm thấy rất khó chịu và mệt mỏi, như thể có vấn đề gì đó bên trong cơ thể. Tôi không biết đó là gì. Tôi nhận thấy có những đốm đỏ nhỏ trên cánh tay, mỗi khi chạm vào đều thấy ngứa."
Da liễu,"Cơn ngứa khiến tôi khó ngủ vào ban đêm. Tôi không thể nghỉ ngơi được chút nào. Tôi cũng mất cảm giác thèm ăn và cảm thấy mệt mỏi, uể oải."
Da liễu,Tôi rất lo lắng về vết phát ban trên da. Nó đang lan nhanh và gây ra rất nhiều khó chịu. Tôi hầu như không ngủ được vào ban đêm vì ngứa ngáy.
Da liễu,Tôi không có chút năng lượng nào và mất cả cảm giác thèm ăn. Tôi cảm thấy rất khó chịu và không biết mình bị làm sao.
Da liễu,"Tôi bị phát ban da đỏ và viêm, lan khắp cơ thể. Tôi bị ngứa dữ dội, đặc biệt là ở tay và chân."
Da liễu,"Tôi bị sốt cao mấy ngày nay rồi, và điều đó bắt đầu khiến tôi lo lắng. Tôi không biết nguyên nhân là gì. Ngoài ra, tôi còn bị nổi mẩn đỏ khắp tay và chân, một số chỗ bị sưng."
Da liễu,"Tôi bị phát ban da đỏ và sưng tấy, lan rộng khắp cơ thể. Tôi bị sốt nhẹ và rất khó chịu."
Da liễu,"Trên người tôi xuất hiện những đốm đỏ nhỏ li ti mà tôi không hiểu lý do. Những nốt mụn này ngứa ngáy, khó chịu và dường như lan rộng rất nhanh. Điều này khiến tôi lo lắng."
Da liễu,Cơn ngứa khiến tôi khó ngủ vào ban đêm. Tôi không thể nào nghỉ ngơi được vì phát ban quá ngứa và khó chịu. Tôi cảm thấy rất mệt mỏi và kiệt sức.
Da liễu,"Tôi không có chút năng lượng nào và mất cả cảm giác thèm ăn. Tôi bị sốt cao và đau đầu dữ dội, không biết mình bị làm sao."
Da liễu,"Tôi bị sốt cao và sưng hạch bạch huyết, rất khó chịu. Tôi bị đau đầu, cảm thấy yếu và mệt mỏi. Vì sốt nên tôi khó tập trung."
Da liễu,"Vết phát ban trên da khiến tôi rất khó chịu. Nó đỏ và viêm, lan khắp cơ thể. Phát ban còn kèm theo ngứa dữ dội, đặc biệt là ở tay và chân."
Da liễu,"Trên người tôi xuất hiện những đốm đỏ không rõ nguyên nhân. Các đốm này ngứa, bắt đầu sưng lên và lan rộng rất nhanh."
Da liễu,Tôi có các hạch bạch huyết nhỏ ở cánh tay và mặt. Cảm giác ngứa ngáy khiến tôi rất khó chịu suốt cả ngày.
Da liễu,"Tôi không có chút năng lượng nào và mất cả cảm giác thèm ăn. Tôi cảm thấy rất khó chịu và không biết mình bị làm sao. Ngoài ra, trên da tôi bắt đầu xuất hiện những đốm đỏ nhỏ."
Da liễu,Tôi bị sốt nhẹ vài ngày nay và điều đó bắt đầu khiến tôi lo lắng. Cơn sốt còn kèm theo đau đầu dữ dội. Tôi cảm thấy yếu ớt và mệt mỏi.
Da liễu,"Tôi bị sưng hạch bạch huyết và nổi các nốt đỏ khắp cơ thể, gây khó chịu. Tôi cũng bị sốt nhẹ và cảm thấy mệt mỏi hầu hết thời gian."
Da liễu,"Tôi bị ngứa dữ dội khắp người, và điều đó khiến tôi phát điên. Tôi cũng bị nổi mẩn đỏ và ngứa rát."
Da liễu,"Tôi thấy da mình nổi mẩn ngứa và rất khó để không gãi. Ngoài ra, tôi còn bị sốt cao mấy ngày nay. Tôi không chắc nguyên nhân là gì."
Da liễu,Tôi có những đốm đỏ nhỏ li ti khắp người mà tôi không hiểu lý do. Điều đó khiến tôi lo lắng. Tôi bị mất cảm giác thèm ăn và mỗi đêm đều cảm thấy mệt mỏi và đau đầu dữ dội.
Da liễu,"Tôi cảm thấy rất khó chịu và mất cảm giác thèm ăn. Tôi thấy những đốm đỏ nhỏ trên tay, cổ và mặt, mỗi khi chạm vào đều ngứa."
Da liễu,"Tôi bị nổi mẩn đỏ trên tay và chân, và việc gãi khiến tôi khó ngủ vào ban đêm. Tôi cũng bị đau đầu dữ dội và sốt nhẹ."
Da liễu,Tôi bị sưng hạch bạch huyết và rất đau. Toàn thân tôi bị phát ban nên không ngủ được cả đêm.
Da liễu,"Vết phát ban trên da đang gây cho tôi rất nhiều đau đớn và khó chịu. Nó đỏ và sưng tấy, và đang lan rộng khắp cơ thể tôi."
Da liễu,Tôi bị sốt cao và đau đầu nhẹ. Tôi luôn cảm thấy mệt mỏi và hoàn toàn mất cảm giác thèm ăn.
Da liễu,"Cánh tay và mặt tôi có những hạch bạch huyết nhỏ, chúng đang bắt đầu sưng lên. Cả ngày của tôi trở nên vô cùng khổ sở vì ngứa ngáy và đau nhức liên tục."
Da liễu,"Tôi có các hạch bạch huyết lớn ở cánh tay và cổ, chúng rất ngứa khi tôi chạm vào. Cơn ngứa đã khiến cả ngày của tôi vô cùng khó chịu."
Da liễu,"Tôi bị phát ban da và rất đau. Ngoài ra, còn có những đốm đỏ nhỏ xuất hiện gần cổ. Từ hôm qua, tôi bị sốt cao, đau đầu và mệt mỏi."
Da liễu,"Tôi bắt đầu nổi những đốm đỏ li ti khắp mặt và cổ, và khi chạm vào thì rất ngứa. Cơn ngứa khiến tôi cảm thấy rất khó chịu cả ngày."
Da liễu,"Tôi hoàn toàn mất cảm giác thèm ăn và không thể ăn bất cứ thứ gì. Tôi cảm thấy buồn nôn và kiệt sức. Tôi nhận thấy có những vết phát ban trên da, điều này thực sự khiến tôi lo lắng."
Da liễu,Tôi bị sốt cao và đau đầu dữ dội. Tôi không thể ăn uống gì và cảm thấy buồn nôn. Trên cánh tay tôi cũng xuất hiện một số đốm đỏ. Tôi thực sự rất lo lắng.
Da liễu,Tôi lo lắng về những đốm đỏ trên da. Chúng đang lan rộng nhanh chóng và gây ra nhiều vấn đề. Tôi cũng bị sốt nhẹ và đau đầu mỗi đêm.
Da liễu,Tôi cảm thấy rất buồn nôn và khó chịu. Tôi không chắc đó là bệnh gì. Tôi thấy nổi mẩn trên tay và chân. Tôi bị mất cảm giác thèm ăn và cảm thấy kiệt sức mỗi ngày.
Da liễu,"Tôi bị sưng hạch bạch huyết đỏ ở tay và chân, ngứa khi chạm vào. Tôi cũng bị đau đầu dữ dội và sốt nhẹ. Tôi không muốn ăn gì cả và mất cảm giác thèm ăn."
Da liễu,Tôi thực sự rất mệt mỏi và thiếu năng lượng. Tôi hầu như không thể mở mắt nổi suốt cả ngày. Tôi bị sốt nhẹ và không muốn ăn gì cả. Tôi nghĩ mình đã mất cảm giác thèm ăn.
Da liễu,"Tôi rất mệt mỏi và mất hết cảm giác thèm ăn. Tôi cảm thấy buồn nôn và không thể ăn bất cứ thứ gì. Thêm vào đó, những đốm đỏ nhỏ bắt đầu xuất hiện trên da và gần cổ. Tôi thực sự lo lắng cho sức khỏe của mình."
Da liễu,Trên người tôi xuất hiện những đốm đỏ nhỏ. Các đốm này ngứa và khó chịu. Tôi cũng bị sốt nhẹ và đau đầu.
Da liễu,"Tôi bị ngứa dữ dội khắp cơ thể, kèm theo sốt và đau đầu. Các nốt mẩn đỏ bắt đầu sưng lên và ngày càng khó chịu hơn."
Da liễu,Tôi cảm thấy mệt mỏi mỗi ngày. Trên cánh tay và lưng tôi xuất hiện những đốm đỏ và rất ngứa khi chạm vào. Tôi thực sự lo lắng và không biết phải làm gì.
Da liễu,"Sốt cao, sưng hạch bạch huyết và đau đầu đang gây cho tôi rất nhiều khó khăn. Tôi không muốn ăn gì cả và cảm thấy yếu ớt, mệt mỏi. Tôi khó tập trung vào công việc hàng ngày."
Da liễu,"Tôi bị sốt cao và nổi mẩn đỏ khắp người. Tôi cảm thấy kiệt sức và hoàn toàn mất cảm giác thèm ăn, khiến tôi yếu ớt và mệt mỏi. Tôi thực sự lo lắng."
Da liễu,"Tôi thấy nổi mẩn đỏ trên tay và cổ, và mỗi khi gãi thì rất ngứa. Tôi cũng bị sốt cao vài ngày nay. Tôi không biết nguyên nhân là gì. Cơn ngứa khiến tôi rất khó chịu."
Da liễu,"Trên người tôi xuất hiện những nốt mẩn đỏ sưng tấy. Chạm vào chúng rất ngứa. Ngoài ra, tôi còn bị sốt cao, đau đầu và luôn cảm thấy mệt mỏi."
Da liễu,"Tôi bị phát ban trên mặt và cổ. Phát ban gồm những vết loét đỏ, nổi mụn nước. Tôi lo lắng cho sức khỏe của mình."
Da liễu,"Tôi bị phát ban da với những vết loét phồng rộp. Những vết loét phồng rộp này nổi lên, chứa đầy dịch và rất đau khi chạm vào. Tôi cũng đang bị sốt cao."
Da liễu,Tôi bị sốt cao. Gần mũi tôi xuất hiện những vết loét đỏ. Các vết loét rất đau và có dịch màu vàng gỉ chảy ra.
Da liễu,"Tôi bị nổi mẩn đỏ quanh mũi, kèm theo những vết loét lớn màu đỏ. Tôi nhận thấy mẩn đỏ đang lan sang các bộ phận khác trên cơ thể. Ngoài ra, tôi bị sốt cao mỗi đêm."
Da liễu,Tôi bị sốt cao trong vài ngày qua. Gần mũi tôi đang xuất hiện những vết loét. Những vết loét này rất đau và tôi cảm thấy rất khó chịu những ngày này.
Da liễu,"Da tôi bị nổi mẩn, chủ yếu ở gần mũi. Vết mẩn đang lan sang các bộ phận khác trên cơ thể. Tôi thực sự rất lo lắng về điều này."
Da liễu,Tôi bị mệt mỏi cực độ và sốt cao. Có những vết phát ban gần mũi và miệng. Vết phát ban rất ngứa và khiến tôi khó ngủ.
Da liễu,Tôi bị sốt cao và suy nhược nghiêm trọng. Trên mặt tôi xuất hiện các vết loét. Các vết loét ngứa ngáy và khó chịu. Thường xuyên có dịch màu vàng chảy ra từ các vết loét.
Da liễu,"Tôi nhận thấy các vết loét lâu lành hơn và dễ bị nhiễm trùng hơn. Các vết loét trên mặt tôi sưng tấy, đau khi chạm vào và rất khó chịu."
Da liễu,Trên mặt và gần mũi tôi có những vết loét đỏ. Tôi nhận thấy phát ban đang lan nhanh hơn ở cổ và ngực.
Da liễu,"Các vết loét quanh mũi tôi đã đóng vảy và rất khó chạm vào. Trước đây, có một chất dịch màu vàng gỉ chảy ra từ các vết loét. Giờ đây, việc điều trị mất nhiều thời gian hơn."
Da liễu,"Vài ngày trước, tôi bị nổi mẩn nhẹ gần mũi. Giờ thì mẩn ngứa kèm theo cảm giác nóng rát và da bị đỏ. Tôi nghĩ có thể là do nhiễm trùng."
Da liễu,"Ban đầu, tôi bị nổi những vết loét nhỏ màu đỏ gần mũi và cổ. Hiện tại, tôi bị sốt cao và các vết loét đã trở nên đau hơn và sưng tấy hơn trong vài ngày qua."
Da liễu,"Tôi nhận thấy trên mặt mình xuất hiện phát ban da. Đó là những vết loét phồng rộp. Hôm nay tôi thấy có chất dịch màu vàng chảy ra từ các vết loét, tôi không chắc đó là chất gì."
Da liễu,"Các vết loét trên mặt tôi bắt đầu chảy dịch trong suốt. Ngoài ra, mỗi đêm tôi đều bị sốt cao và ớn lạnh, vì vậy tôi không thể ngủ được cả đêm."
Da liễu,Ban đầu tôi bị nổi mẩn trên mặt và gần mũi. Nhưng giờ thì mẩn đang lan xuống tay và chân.
Da liễu,"Tôi bị sốt cao mỗi đêm và nổi mụn trên mặt, đặc biệt là gần mũi. Tôi nhận thấy các vết loét lâu lành hơn và dễ bị nhiễm trùng hơn."
Da liễu,"Các vết loét quanh mũi tôi giờ đã bị bao phủ bởi vùng da đỏ và viêm. Phát ban khiến da tôi trở nên khô và bong tróc, có dịch màu vàng chảy ra từ các vết loét."
Da liễu,"Tôi cũng đang gặp phải các triệu chứng giống cúm, như sốt và đau nhức cơ thể. Tôi nhận thấy có những vết phát ban đỏ và vết loét phồng rộp gần mũi và môi. Cảm giác ngứa ngáy và khó chịu."
Da liễu,Tôi bị sốt nhẹ và đau đầu. Có những vết loét nhỏ gần mũi và phát ban ở cổ. Tôi đang trải qua một thời gian rất khó khăn.
Da liễu,"Tôi bị phát ban rất nặng quanh mũi, với những vết loét lớn màu đỏ, gây đau và có dịch màu vàng gỉ chảy ra."
Da liễu,"Trên mặt tôi có những vết loét, chủ yếu là gần mũi và môi. Những vết loét này gây khó chịu hoặc đau, và có dịch tiết màu vàng hoặc màu gỉ sắt chảy ra."
Da liễu,"Gần đây tôi bị nổi mụn nhọt trên mặt và vùng mũi. Tôi không chắc nguyên nhân là gì. Các vết mụn trên mặt sưng tấy và đau khi chạm vào, đồng thời tôi cảm thấy nóng rát và da bị đỏ."
Da liễu,"Vết phát ban trên mặt tôi ngày càng đau và sưng tấy hơn trong vài ngày qua, và các vết loét bắt đầu chảy dịch trong suốt. Cơn đau ngày càng dữ dội."
Da liễu,Tôi bị nổi mẩn trên mặt. Tôi bắt đầu xuất hiện những vết loét nhỏ quanh mũi và thường có dịch màu vàng chảy ra từ các vết loét. Các vết loét ngày càng đau dữ dội.
Da liễu,"Tôi cảm thấy rất khó chịu. Tôi bị sốt cao và đau đầu. Tôi nhận thấy có phát ban trên tay và mặt. Tôi vô cùng lo lắng về điều này. Hôm nay, tôi thấy những vết loét đỏ gần mũi."
Da liễu,"Mấy ngày nay tôi bị sốt cao. Có những vết loét quanh mũi và phát ban ở nhiều nơi trên cơ thể. Các vết loét khá nặng, và dạo này tôi cảm thấy rất khó chịu."
Da liễu,Tôi bị sốt cao và rất yếu. Mặt tôi nổi mụn nước. Các vết phồng rộp ngứa và đau. Thường xuyên có dịch màu vàng chảy ra từ các vết thương.
Da liễu,"Tôi bị phát ban da kèm theo các vết loét nóng rát. Các vết loét phồng rộp có chứa dịch, nổi lên, màu đỏ và rất khó chịu khi chạm vào. Tôi cũng bị sốt cao."
Da liễu,"Tôi nghĩ mình bị bệnh ngoài da. Trên mặt tôi có nổi mẩn và những vết loét nhỏ gần mũi. Các vết loét chuyển sang màu đỏ, đau và có dịch màu vàng chảy ra."
Da liễu,"Tôi nhận thấy các vết loét trên mặt mình lành chậm hơn và dễ bị nhiễm trùng hơn. Các vết loét ở má khá lớn, chạm vào rất đau và cực kỳ khó điều trị. Tôi dường như không thể chữa khỏi được những vết loét này."
Da liễu,"Tôi bị sốt cao. Tôi bị phát ban trên mặt, cổ và tay. Phát ban gồm những vết đỏ rát. Tôi lo lắng cho sức khỏe của mình."
Da liễu,"Tôi bị phát ban da kèm theo các vết loét phồng rộp. Các vết loét phồng rộp là những tổn thương nổi lên, chứa đầy dịch và rất khó chịu khi chạm vào. Tôi cũng đang bị sốt cao."
Da liễu,"Tôi bị sốt cao. Gần mũi, xuất hiện những vết loét đỏ. Các vết loét rất đau và có dịch màu vàng gỉ rỉ ra."
Da liễu,"Tôi bị phát ban quanh mũi, kèm theo những vết loét đỏ lớn. Tôi thấy phát ban đang lan sang các vùng khác trên cơ thể. Ngoài ra, tôi bị sốt cao mỗi đêm."
Da liễu,Má và mũi tôi nổi đầy những vết loét đỏ. Tôi nhận thấy phát ban ở cổ và ngực đang lan nhanh hơn. Tôi cũng đang bị sốt nhẹ.
Da liễu,"Các vết loét ở mũi của tôi đã đóng vảy và trở nên khó chạm vào. Trước đây, các vết thương thường chảy ra chất dịch màu vàng gỉ. Việc điều trị bằng thuốc mất nhiều thời gian hơn."
Da liễu,"Vài ngày trước, tôi bị nổi mẩn nhỏ quanh mũi. Hiện tại, mẩn ngứa kèm theo cảm giác nóng rát, da đỏ và chảy dịch. Tôi nghĩ đó là một loại nhiễm trùng nào đó."
Da liễu,"Ban đầu, những vết loét nhỏ màu đỏ xuất hiện gần mũi và cổ tôi. Hiện tại tôi bị sốt cao, và các vết loét ngày càng đau và sưng tấy hơn trong những ngày gần đây."
Da liễu,"Tôi bị phát ban quanh mũi và môi, với những vết mẩn đỏ lớn, gây đau và tiết ra chất dịch màu vàng gỉ."
Da liễu,"Mặt tôi đầy những vết loét. Hầu hết chúng đều ở gần mũi và môi. Các vết loét gây khó chịu hoặc đau đớn, và có chất dịch màu vàng hoặc màu gỉ sắt chảy ra từ chúng."
Da liễu,"Gần đây tôi bắt đầu bị nổi mụn nhọt trên mặt và mũi. Tôi không biết nguyên nhân là gì. Các vết mụn trên má khá lớn và gây ngứa khi chạm vào, kèm theo cảm giác nóng rát và da bị đỏ."
Da liễu,"Hai ngày nay, phát ban trên mặt tôi trở nên nặng hơn và viêm nhiễm hơn, các vết phồng rộp bắt đầu chảy mủ trong suốt. Thật sự rất đau đớn."
Da liễu,"Tôi cảm thấy mình bị bệnh ngoài da. Mặt tôi nổi mẩn và có những mụn nước nhỏ quanh mũi. Các vết thương đã chuyển sang màu đỏ và rất đau, và có chất dịch màu vàng chảy ra từ chúng."
Da liễu,"Tôi nhận thấy các vết thương trên mặt mình lành chậm hơn và dễ bị nhiễm trùng hơn. Các vết thương trên má rất to, sờ vào thấy khó chịu và cực kỳ khó điều trị. Tôi dường như không thể làm cho những vết loét này biến mất."
Da liễu,"Tôi bị sốt cao. Tôi bị nổi mẩn đỏ trên mặt, cổ và tay. Vết mẩn gồm những nốt đỏ gây đau. Tôi rất lo lắng cho sức khỏe của mình."
Da liễu,"Trong tuần vừa qua, phát ban trên mặt tôi trở nên nghiêm trọng và đau hơn, các vết loét bắt đầu tiết ra chất dịch màu vàng. Cơn đau ngày càng dữ dội hơn."
Da liễu,"Tôi bị nổi mẩn trên mặt. Tôi đang bị nổi những vết loét nhỏ quanh mũi, và thường xuyên có dịch màu vàng chảy ra từ chúng. Các vết thương ngày càng đau hơn."
Da liễu,Tôi cảm thấy khá khó chịu. Tôi bị sốt cao và đau đầu. Phát ban xuất hiện trên tay và mặt. Tôi khá lo lắng về điều này. Hôm nay tôi thấy những vết loét đỏ quanh mũi và môi.
Da liễu,"Các vết phát ban trên mặt tôi không lành. Tôi đã thử một số loại thuốc nhưng không hiệu quả lắm. Gần đây, tôi nhận thấy những vết loét nhỏ gần mũi. Chúng rất đau và khó điều trị."
Truyền nhiễm,"Tôi đang bị đau khớp dữ dội và nôn mửa. Tôi bị phát ban toàn thân, kèm theo ngứa dữ dội."
Truyền nhiễm,"Tôi bị ớn lạnh và run rẩy, dù đang ở trong môi trường ấm áp. Lưng tôi đau liên tục và có những đốm đỏ trên cánh tay."
Truyền nhiễm,"Tôi bị đau khớp dữ dội khiến tôi khó di chuyển và thực hiện các hoạt động hàng ngày. Ngoài ra, tôi còn bị mất cảm giác thèm ăn, dẫn đến cảm thấy yếu ớt."
Truyền nhiễm,Tôi thường xuyên bị nôn mửa và mất cảm giác thèm ăn. Tôi cũng bị đau khớp và đau lưng liên tục.
Truyền nhiễm,"Tôi bị sốt cao kèm theo đau đầu dữ dội và đau nhức toàn thân. Tôi bị ớn lạnh mỗi đêm. Ngoài ra, tôi còn cảm thấy đau nhức rõ rệt phía sau mắt."
Truyền nhiễm,"Tôi cảm thấy vô cùng mệt mỏi và kiệt sức, không có năng lượng để làm bất cứ việc gì. Tôi bị nổi mẩn ngứa ở cổ, khi chạm vào thì rất ngứa."
Truyền nhiễm,Tôi bị đau đầu dữ dội kèm theo đau phía sau mắt. Tôi mất cảm giác thèm ăn và bị ớn lạnh mỗi đêm.
Truyền nhiễm,Tôi cảm thấy buồn nôn và liên tục muốn nôn. Tôi bị đau dữ dội phía sau mắt và có những đốm đỏ nhỏ khắp cánh tay.
Truyền nhiễm,"Tôi bị nổi mẩn đỏ trên cơ thể, ngứa và viêm. Tôi cũng bị sốt cao kèm theo ớn lạnh và run rẩy."
Truyền nhiễm,Tôi bị đau cơ khiến tôi khó di chuyển. Tôi mất cảm giác thèm ăn và buồn nôn. Chân và lưng tôi đau rất nhiều.
Truyền nhiễm,"Tôi bị đau lưng, cơn đau càng nặng hơn khi ngồi hoặc đứng lâu. Ngoài ra, toàn thân tôi còn nổi mẩn ngứa. Tôi cũng bị đau phía sau mắt."
Truyền nhiễm,Tôi bị phát ban da kèm theo đỏ và sưng. Tôi cảm thấy không khỏe vì bị sốt cao kèm theo đau nhức toàn thân.
Truyền nhiễm,"Tôi bị ớn lạnh và run rẩy, kèm theo cảm giác lạnh và sốt cao. Tôi cũng bị nổi mẩn đỏ trên cánh tay và các đốm đỏ trên cổ."
Truyền nhiễm,"Tôi bị đau khớp dữ dội và cảm giác như đau nhức liên tục. Đầu tôi thường xuyên đau và tôi bắt đầu bị sốt nhẹ, kèm theo ớn lạnh."
Truyền nhiễm,"Tôi bị nôn mửa kèm theo đau bụng và chóng mặt. Tôi mất cảm giác thèm ăn và cảm thấy yếu ớt. Ngoài ra, tôi còn bị đau phía sau mắt."
Truyền nhiễm,Tôi bị sốt cao kèm theo đổ mồ hôi và suy yếu. Cơ bắp của tôi đau nhức nên tôi không thể làm việc cả ngày.
Truyền nhiễm,"Tôi cảm thấy vô cùng mệt mỏi và khó khăn ngay cả trong việc thực hiện những công việc đơn giản nhất. Tôi cảm thấy buồn nôn và nổi mẩn đỏ trên tay, cổ và chân."
Truyền nhiễm,Tôi bị đau đầu dữ dội và kèm theo cảm giác tức ngực. Tôi cũng bị sốt nhẹ cùng với đau đầu. Trên lưng tôi có những đốm đỏ nhỏ.
Truyền nhiễm,Tôi bị buồn nôn kèm theo chán ăn và cảm giác khó chịu. Tôi cũng bị đau lưng và đau cơ.
Truyền nhiễm,Tôi bị đau cơ dữ dội và cảm giác như đau nhức liên tục. Trên người tôi xuất hiện nhiều vết đỏ và ngứa ngáy rất khó chịu.
Truyền nhiễm,"Tôi bị phát ban toàn thân, kèm theo ngứa dữ dội. Tôi bị đau nhức cơ thể, sốt nhẹ, đau đầu và ớn lạnh."
Truyền nhiễm,"Tôi đang bị đau nhức toàn thân dữ dội, đau đầu và nôn mửa. Toàn thân tôi nổi những đốm đỏ và ngứa dữ dội."
Truyền nhiễm,"Tôi đau lưng liên tục, tay và cổ bị nổi mẩn. Vùng đáy mắt cũng rất đau. Tôi còn bị sốt, điều này khiến tôi lo lắng cho sức khỏe của mình."
Truyền nhiễm,"Tôi bị đau khớp dữ dội, khiến tôi khó đi lại và thực hiện các công việc hàng ngày. Tôi cũng bị mất cảm giác thèm ăn, khiến tôi cảm thấy yếu ớt và buồn nôn."
Truyền nhiễm,"Tôi cảm thấy có điều gì đó khó chịu quanh mắt. Trên cổ và mặt tôi xuất hiện những đốm đỏ, cùng với phát ban ở cánh tay. Tay và chân tôi rất đau. Những nốt mẩn ngứa, khó chịu và khiến tôi lo lắng."
Truyền nhiễm,"Tôi cảm thấy khó chịu trong người và rất muốn nôn. Có một cơn đau nhói phía sau mắt, và những chấm đỏ sưng tấy khắp lưng."
Truyền nhiễm,"Tôi bị ớn lạnh và run rẩy, kèm theo cảm giác lạnh run và sốt rất cao. Phát ban cũng xuất hiện trên cánh tay và các mảng đỏ trên cổ."
Truyền nhiễm,"Tôi bị đau khớp dữ dội. Tôi thường xuyên cảm thấy buồn nôn, và đang bị sốt nhẹ kèm theo ớn lạnh. Cơn sốt không hạ ngay cả khi đã uống thuốc."
Truyền nhiễm,"Tôi bị nôn mửa liên tục, sau đó là đau bụng và chóng mặt. Tôi mất cảm giác thèm ăn và do đó cảm thấy yếu ớt. Tay, lưng và cổ tôi thường xuyên bị đau."
Truyền nhiễm,"Tôi bị nổi mẩn đỏ trên tay và chân, ngứa và viêm. Tôi cảm thấy buồn nôn và luôn có cảm giác muốn nôn. Kèm theo đó là sốt nhẹ."
Truyền nhiễm,"Tôi bị phát ban toàn thân. Vết phát ban đỏ và sưng tấy, nặng hơn ở một số vùng như tay và chân. Tôi cũng bị mất cảm giác thèm ăn."
Truyền nhiễm,Tôi bị ớn lạnh và run rẩy. Tôi bị đau dữ dội ở lưng và phía sau mắt. Tôi cũng nhận thấy những đốm đỏ nhỏ trên lưng và cổ.
Truyền nhiễm,Tôi bị đau khớp dữ dội khiến cuộc sống hàng ngày của tôi rất khó khăn. Tôi luôn cảm thấy buồn nôn và cũng bị đau đầu nhẹ.
Truyền nhiễm,"Tôi thường xuyên bị nôn mửa và do đó mất cảm giác thèm ăn. Da tôi bị nổi mẩn và mắt bị đau, vì vậy tôi không thể ngủ ngon giấc."
Truyền nhiễm,Tôi bị sốt cao kèm theo đau đầu dữ dội. Cơn sốt còn kèm theo đau nhức toàn thân và ớn lạnh. Tôi rất lo lắng cho sức khỏe của mình và không biết phải làm gì.
Truyền nhiễm,"Tôi cảm thấy vô cùng mệt mỏi và kiệt sức, không có chút năng lượng nào để làm bất cứ việc gì. Tình trạng mệt mỏi nghiêm trọng đến mức tôi khó khăn lắm mới ra khỏi giường. Tôi cũng nhận thấy những đốm đỏ nhỏ trên tay và chân."
Truyền nhiễm,Tôi bị đau đầu dữ dội kèm theo đau phía sau mắt. Tôi cảm thấy mệt mỏi và kiệt sức nên không thể làm việc cả ngày. Tôi rất lo lắng cho sức khỏe của mình.
Truyền nhiễm,"Tôi cảm thấy buồn nôn và liên tục muốn nôn, kèm theo đó là sốt nhẹ và đau đầu."
Truyền nhiễm,Tôi bị nổi mẩn ngứa khắp người. Tôi cũng mất cảm giác thèm ăn và mệt mỏi suốt cả ngày. Tôi cảm thấy có điều gì đó không ổn với cơ thể mình.
Truyền nhiễm,"Tôi bị đau cơ và đau đầu. Cơn đau cơ âm ỉ, dai dẳng và nặng hơn khi tôi cố gắng vận động các cơ bị ảnh hưởng. Trên mặt, cổ và cánh tay tôi xuất hiện những đốm đỏ nhỏ."
Truyền nhiễm,"Tôi bị đau lưng, và nổi mẩn đỏ ở cánh tay và nách. Phía sau nhãn cầu cũng rất đau. Tôi cũng bị sốt nhẹ, điều này khiến chúng tôi lo lắng cho sức khỏe của tôi."
Truyền nhiễm,"Tôi bị sốt cao và ớn lạnh mỗi đêm. Điều này thực sự khiến tôi lo lắng. Hơn nữa, tôi không muốn ăn gì cả và lưng, tay, chân tôi rất đau. Có một cơn đau lạ phía sau mắt. Tôi không thể làm bất kỳ hoạt động thể chất nào."
Truyền nhiễm,"Do nôn mửa thường xuyên, tôi bị mất cảm giác thèm ăn. Cơ bắp, khớp và lưng tôi liên tục đau nhức. Tôi cũng bắt đầu bị sốt. Tôi thực sự lo lắng và không biết phải làm gì."
Truyền nhiễm,Tôi bị sốt cao kèm theo đau nhức phía sau mắt và đau đầu. Tôi cảm thấy mệt mỏi và kiệt sức nên không thể làm việc được.
Truyền nhiễm,"Toàn thân tôi đau nhức dữ dội và không muốn ăn gì cả. Tôi bị sốt nhẹ và ớn lạnh mỗi đêm. Ngoài ra, trên lưng và cổ tôi xuất hiện một số đốm đỏ."
Truyền nhiễm,"Tôi bị đau khớp và đau lưng mỗi ngày. Tôi cảm thấy buồn nôn và điều này khiến tôi rất yếu. Vì đau nhức toàn thân, tôi không thể tập trung vào công việc và không muốn làm bất cứ điều gì."
Truyền nhiễm,Tôi bị đau nhức toàn thân dữ dội. Tôi mất cảm giác thèm ăn và nổi mẩn đỏ trên tay và mặt. Vùng sau mắt cũng rất đau.
Truyền nhiễm,Tôi bị nổi mẩn khắp người. Tôi cũng bị sốt cao kèm theo ớn lạnh và đau đầu. Các khớp và lưng của tôi bị đau và có một cơn đau lạ ở phía sau mắt.
Truyền nhiễm,"Tôi cảm thấy buồn nôn và luôn có cảm giác muốn nôn. Tôi bị sốt cao và ớn lạnh mỗi đêm và cảm thấy rất khó chịu vì điều đó. Ngoài ra, tôi cảm thấy mình bị mất cảm giác thèm ăn."
Truyền nhiễm,"Trên da tôi nổi mẩn ngứa, mỗi khi chạm vào đều thấy ngứa. Tôi cảm thấy không khỏe vì các khớp xương đau nhức cả ngày. Ban đêm, tôi bị sốt nhẹ và ớn lạnh, vì thế mà không ngủ được."
Da liễu,"Tôi bị nổi mụn, phát ban đỏ và viêm, các vùng da đổi màu khác với phần còn lại của da, và ngứa da."
Da liễu,"Khắp cơ thể tôi bị ngứa dữ dội, sau đó xuất hiện phát ban đỏ, nổi mụn. Da tôi cũng có một vài đốm sẫm màu và một vài nốt mụn nhỏ li ti. Tình trạng này đã kéo dài vài ngày và ngày càng trở nên tồi tệ hơn."
Da liễu,"Tôi bị phát ban trên da, trông giống như những mảng da đổi màu, kèm theo nhiều nốt sẩn và ngứa dữ dội. Tình trạng này đã trở nên tồi tệ hơn trong tuần qua."
Da liễu,"Tôi bị phát ban không khỏi và ngứa ngáy khó chịu trên da. Ngoài ra, tôi còn thấy một số vùng da đổi màu và nổi mụn, trông giống như cục u hoặc bướu trên da."
Da liễu,"Tôi bị phát ban khắp người và không thể ngừng gãi vì da rất ngứa. Da tôi cũng có một vài vùng da đổi màu, một số cục u và mụn nhỏ."
Da liễu,"Gần đây, da tôi bị ngứa khá nhiều và nổi mẩn khắp người. Da tôi cũng có một vài vùng da đổi màu, một số cục u và mụn nhỏ."
Da liễu,"Da tôi bị ngứa rất nhiều và nổi mẩn. Thêm vào đó, một vài vùng da của tôi có màu khác với phần còn lại. Ngoài ra, tôi còn có một vài nốt mụn cứng trên da."
Da liễu,"Toàn thân tôi ngứa ngáy dữ dội, và giờ thì xuất hiện nhiều vùng da đỏ. Thêm vào đó, một số vùng da bị đỏ có màu khác với màu da tự nhiên của tôi. Và trên da tôi còn nổi lên những cục u hoặc mụn nhọt."
Da liễu,"Gần đây da tôi bị kích ứng, ngứa dữ dội và dễ nổi mẩn. Thêm vào đó, có một số vùng da có màu sắc khác với màu da tự nhiên của tôi. Và giờ da tôi lại xuất hiện những cục u hoặc nốt sần mà trước đây không có."
Da liễu,Trên tay và chân tôi có rất nhiều mụn đỏ và da bị ngứa. Da tôi cũng có một vài tổn thương trông kỳ lạ. Và thỉnh thoảng có những cục u hơi khó chịu.
Da liễu,Tôi bị ngứa da và có rất nhiều nốt mẩn đỏ trên tay và chân. Trên da tôi cũng có một số đốm trông kỳ lạ. Và đôi khi có những nốt sần sờ vào thấy hơi cứng.
Da liễu,"Bác sĩ, tôi bị phát ban rất ngứa trên da và có một số đốm lạ có màu khác thường. Trên da tôi cũng có một số nốt sần trông giống như những cục u nhỏ."
Da liễu,"Bác sĩ, da tôi bị nổi mẩn ngứa rất khó chịu, kèm theo một vài mảng da lạ có màu khác thường. Da tôi cũng có vài nốt mụn nhỏ trông giống như những cục u."
Da liễu,"Tôi có rất nhiều nốt ngứa trên da, và đôi khi chúng chuyển sang màu đỏ hoặc nổi mụn. Ngoài ra còn có một số mảng da kỳ lạ có màu khác với phần da còn lại, và đôi khi tôi bị nổi những cục u kỳ lạ trông giống như những viên bi nhỏ."
Da liễu,"Da tôi thường xuyên nổi những nốt mụn ngứa, thỉnh thoảng chuyển sang màu đỏ hoặc sần sùi. Ngoài ra, da tôi thỉnh thoảng còn nổi những nốt mụn kỳ lạ trông giống như những viên bi nhỏ và một số đốm lạ có màu sắc khác với phần da còn lại."
Da liễu,"Bác sĩ, tôi bị nổi mẩn đỏ liên tục và da tôi ngứa không ngừng. Ngoài ra, tôi còn thấy một số đốm màu lạ trên da, cũng như một số nốt nhỏ trên da có vẻ đang to ra."
Da liễu,"Gần đây tôi bị ngứa dữ dội khắp cơ thể, kèm theo mẩn đỏ và nổi mụn trên da. Ngoài ra còn có những mảng da kỳ lạ có màu khác với phần da còn lại, và đôi khi tôi bị nổi những nốt sần nhỏ."
Da liễu,"Tôi gãi khắp người đến nỗi da bị đỏ và nổi mụn. Thêm vào đó, thỉnh thoảng tôi còn bị nổi những nốt sần nhỏ giống như mụn trứng cá, cũng như những mảng da lạ có màu khác với phần da còn lại."
Da liễu,"Tôi bị ngứa rất nhiều, kèm theo phát ban ngày càng nặng hơn. Ngoài ra, một số vùng da có màu khác biệt so với phần còn lại, và tôi phát hiện một vài cục u nhỏ giống như các nốt sần."
Da liễu,"Tôi đang gặp rất nhiều vấn đề về ngứa ngáy, và nó đi kèm với phát ban ngày càng nặng hơn. Ngoài ra, có một số mảng da có màu khác với phần còn lại, và tôi cũng nhận thấy một số nốt sần nhỏ trông giống như những cục u."
Da liễu,"Bác sĩ, da tôi bị nổi mẩn ngứa khó chịu và có một vài mảng da lạ màu. Trên da tôi có vài nốt mụn nhỏ trông giống như những cục u."
Da liễu,"Tôi bị ngứa rất nhiều, kèm theo đó là phát ban ngày càng nặng hơn. Ngoài ra, còn có một số mảng da có màu khác với phần da còn lại, cũng như một số cục u nhỏ giống như nốt sần."
Da liễu,"Dạo này da tôi hay bị kích ứng, ngứa dữ dội và dễ nổi mẩn. Hơn nữa, một số vùng da có màu khác với màu da bình thường của tôi. Và giờ tôi lại xuất hiện những cục u hoặc nốt sần trên da mà trước đây không có."
Da liễu,"Gần đây, tôi bị phát ban lan rộng khắp da, kèm theo những cơn ngứa ngáy và khó chịu dữ dội. Trên da tôi cũng xuất hiện một số đốm đổi màu và những cục nhỏ li ti khắp nơi."
Da liễu,"Da tôi luôn bị ngứa, thỉnh thoảng lại trở nên khá thô ráp và đỏ. Thêm vào đó, thỉnh thoảng tôi bị nổi những nốt mụn nhỏ li ti trông như những viên bi nhỏ và một số đốm có màu khác với phần da còn lại. Điều này khiến tôi rất khó chịu và ngứa ngáy."
Da liễu,"Tôi bị ngứa khắp người, thỉnh thoảng da còn đỏ ửng và nổi mụn. Có những vùng da có màu khác với phần còn lại, và đôi khi tôi bị nổi những nốt nhỏ li ti trông như những viên bi. Thật khó chịu và ngứa ngáy."
Da liễu,"Tôi bị ngứa khắp người khá khó chịu, và da tôi cũng có một vài vùng da đỏ, nổi mụn. Tôi cũng bị nổi một số nốt mụn nhỏ trông giống như những viên bi và những đốm khác có màu khác với phần da còn lại."
Da liễu,"Tôi bị ngứa khắp người khá khó chịu, kèm theo những vùng da đỏ và nổi mụn. Ngoài ra, một số vùng da của tôi có màu khác với phần còn lại, và tôi còn bị nổi một vài nốt mụn nhỏ trông giống như những viên bi."
Da liễu,"Tôi bị ngứa khắp người rất khó chịu, và trên da còn xuất hiện những nốt đỏ và sần sùi. Một số vùng da còn có màu khác với phần còn lại, và có những nốt sần trông giống như những viên bi nhỏ."
Da liễu,"Tôi bị ngứa khắp người khá khó chịu, kèm theo những vùng da đỏ và nổi mụn. Ngoài ra, một số vùng da của tôi có màu sắc khác biệt so với phần còn lại, và tôi còn bị nổi một vài nốt mụn nhỏ trông giống như những viên bi."
Da liễu,"Dạo này tôi bị ngứa dữ dội và nổi mẩn đỏ khắp da. Một số vùng da có màu khác so với phần còn lại, và tôi còn bị nổi vài cục u hơi cứng."
Da liễu,"Gần đây tôi bị ngứa khá nhiều, và trên da xuất hiện những mảng phát ban. Một số vùng da cũng sẫm màu hơn so với phần còn lại, và tôi có một vài cục u cứng."
Da liễu,"Gần đây tôi bị ngứa khá nhiều, và trên da xuất hiện những mảng phát ban. Một số vùng da cũng sẫm màu hơn so với phần còn lại, và tôi có một vài cục u gây đau."
Da liễu,"Gần đây, tôi hay gãi rất nhiều, và da tôi nổi đầy mẩn đỏ. Thêm vào đó, tôi còn bị vài nốt mụn khá cứng, và một số vùng trên cơ thể có màu nâu khác với phần da còn lại."
Da liễu,"Da tôi bị ngứa dữ dội và nổi mẩn đỏ khắp nơi. Ngoài ra, còn có một số mảng da có màu khác với phần còn lại, và tôi cũng có một vài nốt sần khá cứng."
Da liễu,"Da tôi bị ngứa rát dữ dội, và nổi mẩn khắp người. Có những nốt sần khá cứng, cũng như một số vùng da sẫm màu hơn so với phần còn lại. Thật vô cùng khó chịu."
Da liễu,"Trên da tôi xuất hiện những vùng da bị nổi mẩn, rất khó chịu. Thêm vào đó, tôi có một số nốt sần khá cứng và một số mảng da có màu khác với phần còn lại."
Da liễu,"Gần đây, tôi gãi rất nhiều, và da tôi nổi đầy mẩn đỏ. Ngoài ra, có một vài chỗ da tôi không còn màu sắc bình thường, và tôi bị nổi một vài cục u khá đau."
Da liễu,"Dạo này tôi bị ngứa dữ dội và nổi mẩn đỏ khắp người. Một số vùng da cũng có màu khác bình thường, và tôi còn bị nổi vài cục u cứng."
Da liễu,"Gần đây tôi bị ngứa khá nhiều, và nổi mẩn khắp người. Một số vùng da có màu sắc không bình thường, và tôi còn thấy một vài cục u cứng."
Da liễu,"Gần đây tôi bị ngứa và nổi mẩn khắp da. Một số vùng da có màu không bình thường, và tôi bị nổi những nốt mụn đau."
Da liễu,"Gần đây, tôi bị ngứa rất nhiều và da tôi nổi đầy những mảng mẩn đỏ. Hơn nữa, có một vài vùng da của tôi trông không được bình thường, và tôi bị nổi một vài cục u rất đau."
Da liễu,"Tôi bị ngứa liên tục và có những nốt đỏ, sần sùi trên da. Ngoài ra còn có một số mảng da có màu khác với phần còn lại, và tôi cũng có một vài cục u nhỏ."
Da liễu,"Trên da tôi có những vùng da đỏ, sần sùi và tôi cứ gãi liên tục. Thêm vào đó, tôi có một số nốt sần nhỏ và một số đốm da có màu khác với phần còn lại của cơ thể."
Da liễu,"Tôi bị ngứa da rất nhiều, thỉnh thoảng còn nổi mẩn. Ngoài ra còn có một số mảng da có màu sắc khác lạ so với phần còn lại của cơ thể, và thỉnh thoảng tôi bị nổi những nốt mụn nhỏ trông giống như nốt sần."
Da liễu,"Tôi thường bị ngứa da, và tình trạng này thường xuyên biến thành phát ban. Ngoài ra, còn có một số mảng da lạ có màu khác với phần da còn lại, và tôi thường xuyên bị nổi những cục nhỏ giống như nốt sần."
Da liễu,"Tôi bị ngứa da rất nhiều, và đôi khi nó biến thành phát ban. Ngoài ra còn có một số mảng da lạ có màu khác với phần còn lại của cơ thể, và đôi khi tôi bị nổi những nốt nhỏ trông giống như mụn thịt."
Da liễu,"Toàn thân tôi bị ngứa dữ dội, và giờ xuất hiện rất nhiều đốm đỏ. Một số mảng đỏ còn có màu khác với màu da tự nhiên của tôi. Và trên da tôi còn xuất hiện những cục u hoặc mụn nhọt."
Da liễu,"Dạo này da tôi rất ngứa, thỉnh thoảng lại nổi mẩn. Thêm vào đó, tôi có một vài vùng da có màu sắc khác lạ so với phần còn lại của cơ thể, và thỉnh thoảng lại xuất hiện những nốt nhỏ trông giống như mụn thịt."
Da liễu,Hiện giờ trên khắp cơ thể tôi xuất hiện những vết đỏ do gãi ngứa dữ dội. Một vài mảng đỏ còn có màu khác với màu da tự nhiên của tôi. Và những cục u hoặc nốt sần này đã nổi lên trên da tôi.
Nội tổng quát,"Tôi hắt hơi liên tục và sổ mũi rất nhiều. Tôi cũng cảm thấy lạnh và mệt mỏi suốt ngày, và ho rất nhiều. Sốt của tôi cũng rất cao, cao hơn bình thường rất nhiều."
Nội tổng quát,"Tôi bị chảy nước mũi rất nhiều và liên tục hắt hơi. Thêm vào đó, tôi luôn cảm thấy lạnh, mệt mỏi và ho rất nhiều. Tôi cũng bị sốt rất cao, cao hơn bình thường rất nhiều."
Nội tổng quát,"Tôi hắt hơi liên tục và dường như không khỏi bị ớn lạnh. Tôi cảm thấy rất yếu và mệt mỏi, và cơn ho vẫn không dứt. Tôi bị sốt rất cao."
Nội tổng quát,"Tôi hắt hơi liên tục và không thể hết cảm lạnh. Tôi cảm thấy rất yếu và mệt mỏi, và cơn ho thì không dứt. Tôi cũng rất sốt."
Nội tổng quát,Tôi liên tục hắt hơi và toàn thân run rẩy vì lạnh. Tôi mệt mỏi đến nỗi hầu như không thể cử động được và đầu đau như búa bổ. Tôi sốt cao ngất trời.
Nội tổng quát,"Tôi liên tục hắt hơi, và cảm lạnh khiến toàn thân tôi run rẩy. Tôi mệt mỏi đến nỗi hầu như không thể cử động được, và đầu tôi đau nhức. Tôi sốt khá cao."
Nội tổng quát,"Tôi cảm thấy rất mệt mỏi và ốm yếu. Tôi hắt hơi liên tục và bị cảm lạnh. Đầu tôi đau nhức và tôi không có năng lượng. Thêm vào đó, tôi bị sốt rất cao và cảm thấy như toàn thân đang bốc cháy."
Nội tổng quát,"Tôi cảm thấy rất mệt mỏi và ốm yếu. Tôi hắt hơi liên tục và không thể nào ấm lên được. Tôi rất mệt và đầu đau như búa bổ. Và tôi sốt rất cao, như thể đang bị luộc vậy."
Nội tổng quát,"Tôi cảm thấy rất mệt mỏi và ốm yếu. Cổ họng tôi rất đau, và tôi bị ho khá nặng. Tôi bị ớn lạnh và sốt khá cao. Cảm thấy vô cùng suy nhược và yếu ớt."
Nội tổng quát,Tôi cảm thấy rất mệt mỏi và ốm yếu. Tôi hắt hơi rất nhiều và khó khởi động. Tôi kiệt sức và đau đầu. Và tôi cảm thấy như mình đang bị sốt cao.
Nội tổng quát,"Tôi cứ hắt hơi liên tục và cảm thấy rất mệt mỏi, khó chịu. Cổ họng tôi rất đau và có rất nhiều chất nhầy trong mũi và họng. Cổ tôi cũng cảm thấy sưng phù."
Nội tổng quát,"Tôi hắt hơi không ngừng, và tôi cảm thấy kiệt sức và ốm yếu. Cổ họng tôi rất khó chịu, và có rất nhiều chất nhầy trong mũi và họng. Cổ tôi cũng bị sưng phù."
Nội tổng quát,"Tôi cứ hắt hơi liên tục, cảm thấy khó chịu và kiệt sức. Mũi và họng tôi có rất nhiều chất nhầy, và cổ họng tôi rất đau. Cổ tôi cũng cảm thấy sưng phù."
Nội tổng quát,Tôi cảm thấy vô cùng mệt mỏi và buồn nôn. Tôi bị ho rất nặng và cổ họng rất đau. Tôi bị áp lực xoang đáng kể và nghẹt mũi. Tôi thực sự khó chịu và kiệt sức.
Nội tổng quát,"Tôi hắt hơi rất nhiều và cảm thấy rất mệt mỏi và ốm yếu. Ngoài ra, có rất nhiều chất nhầy khó chịu chảy ra từ mũi và cổ họng tôi cảm thấy rất ngứa rát. Và cổ tôi cũng có cảm giác sưng lên."
Nội tổng quát,"Tôi bị khò khè rất nhiều và cảm thấy mệt mỏi, kiệt sức. Cổ họng tôi rất rát, và có rất nhiều chất bẩn chảy ra từ mũi. Cổ tôi cũng cảm thấy sưng phù."
Nội tổng quát,"Tôi cảm thấy xoang bị nghẹt vô cùng, và mắt tôi liên tục đỏ. Tôi luôn cảm thấy kiệt sức và mệt mỏi. Thêm vào đó, tôi có rất nhiều đờm khó chịu trong cổ họng. Các hạch bạch huyết của tôi có cảm giác sưng phù, và việc thở trở nên khó khăn."
Nội tổng quát,Mắt tôi rất đỏ và xoang mũi cảm thấy nghẹt. Tôi không có chút năng lượng nào và cổ họng rất ngứa. Tôi cũng nhận thấy các hạch bạch huyết của mình bị sưng và tôi ho ra rất nhiều đờm.
Nội tổng quát,"Tôi cảm thấy nghẹt mũi và mắt khá đỏ. Tôi thiếu năng lượng và cổ họng rất rát. Cùng với việc sưng hạch bạch huyết, tôi cũng ho ra rất nhiều đờm."
Nội tổng quát,"Mắt tôi lúc nào cũng đỏ và ngứa, mũi thì nghẹt và khó thở. Tôi cảm thấy mệt mỏi và ốm yếu suốt ngày, và cứ ho ra rất nhiều đờm. Cổ họng tôi đau rát, và tôi nhận thấy các nốt sần ở cổ mình to hơn bình thường."
Nội tổng quát,"Mũi tôi lúc nào cũng nghẹt và khó thở, mắt thì lúc nào cũng đỏ và ngứa. Tôi cảm thấy không khỏe và mệt mỏi, và cứ ho ra đờm liên tục. Cổ họng tôi bị ngứa rát, và tôi nhận thấy các cục u ở cổ mình to hơn bình thường."
Nội tổng quát,"Tôi cứ hắt hơi liên tục, và mắt tôi không ngừng chảy nước. Tôi rất khó thở vì cảm giác như có thứ gì đó mắc kẹt trong cổ họng. Tôi thường xuyên cảm thấy kiệt sức, và gần đây, tôi bị đờm rất nhiều. Hơn nữa, các hạch bạch huyết của tôi bị sưng to."
Nội tổng quát,Mắt tôi luôn đỏ và chảy nước mắt. Tôi cũng bị áp lực ở xoang mũi dai dẳng không khỏi. Tôi luôn cảm thấy mệt mỏi và khó thở. Tôi cũng bị nhiều đờm trong cổ họng và các hạch bạch huyết bị sưng.
Nội tổng quát,"Mắt tôi liên tục đỏ và chảy nước mắt. Tôi cũng cảm thấy nghẹt mũi dai dẳng. Tôi thường xuyên khó thở và luôn cảm thấy mệt mỏi. Ngoài ra, tôi còn bị chảy nhiều dịch nhầy ở cổ họng và sưng hạch bạch huyết."
Nội tổng quát,"Tôi cảm thấy mũi mình bị nghẹt, mắt thì liên tục đỏ và chảy nước mắt. Ngoài ra, ngực tôi đau và tôi gặp rất nhiều khó khăn trong việc thở. Thêm vào đó, các cơ bắp của tôi cũng rất đau nhức, và tôi không ngửi thấy bất cứ mùi gì."
Nội tổng quát,"Mắt tôi thường xuyên đỏ và chảy nước mắt, mũi thì luôn bị nghẹt. Gần đây tôi cũng khó thở và đau ngực. Thêm vào đó, tôi không ngửi thấy mùi gì và các cơ bắp cũng rất đau nhức."
Nội tổng quát,"Mắt tôi thường đỏ và sưng tấy, và tôi có cảm giác như có thứ gì đó đang làm tắc nghẽn xoang mũi. Tôi ho ra rất nhiều đờm, và ngực tôi đau. Tôi không ngửi thấy mùi gì cả, và các cơ bắp của tôi đều đau nhức."
Nội tổng quát,"Mắt tôi luôn đỏ và sưng húp, và tôi cảm thấy như có thứ gì đó làm tắc nghẽn xoang mũi. Tôi ho ra rất nhiều đờm và ngực cảm thấy rất nặng. Tôi không ngửi thấy mùi gì cả và các cơ bắp rất đau nhức."
Nội tổng quát,"Tôi bị ho nhiều và cảm thấy lạnh run. Mũi tôi bị nghẹt khá nặng, và tôi cảm thấy tức vùng mặt. Tôi cũng có rất nhiều đờm, và ho khiến tôi đau ngực. Tôi không ngửi thấy mùi gì cả, và các cơ bắp của tôi bị đau nhức."
Nội tổng quát,"Mấy ngày nay tôi bị ho và cảm lạnh nặng. Xoang mũi bị nghẹt, và tôi cảm thấy tức ngực. Tôi cũng bị đờm, và ho khiến ngực đau. Tôi không ngửi thấy mùi gì cả, và các cơ bắp thì đau nhức."
Nội tổng quát,"Tôi bị ho và cảm lạnh nặng mấy ngày nay rồi. Xoang mũi bị nghẹt, và tôi cảm thấy tức ngực. Tôi cũng ho ra đờm, và ngực tôi đau. Tôi không ngửi thấy mùi gì cả và các cơ bắp thì đau nhức."
Nội tổng quát,"Tôi bị ho và cảm lạnh rất nặng mấy ngày nay. Xoang mũi bị nghẹt, mặt thì đau nhức. Thêm vào đó, tôi ho ra đờm và đau ngực. Tôi không ngửi được mùi gì cả, và các cơ bắp thì đau nhức dữ dội."
Nội tổng quát,"Tôi ho không ngừng và run rẩy dữ dội. Tôi bị nghẹt mũi và mặt đau nhức. Thêm vào đó, cổ họng tôi ho ra chất nhầy khó chịu, và ngực tôi đau. Cơ bắp của tôi đau nhức dữ dội, và tôi không ngửi thấy mùi gì cả."
Nội tổng quát,Tôi ho không ngừng và cảm thấy rất lạnh. Xoang mũi bị tắc nghẽn và có rất nhiều dịch nhầy. Ngực tôi đau và tôi không ngửi thấy mùi gì cả. Cơ bắp của tôi cũng rất đau nhức.
Nội tổng quát,Tôi ho không ngừng và cảm thấy rất lạnh. Tôi tiết ra quá nhiều dịch nhầy và xoang mũi bị tắc nghẽn hoàn toàn. Tôi không ngửi thấy mùi gì cả và ngực tôi đau. Cơ bắp của tôi cũng khá đau nhức.
Nội tổng quát,"Tôi ho không ngừng và người thì lạnh cóng. Xoang mũi bị tắc hoàn toàn, và tôi bị ngập trong dịch nhầy. Ngực tôi đau, và tôi không ngửi thấy mùi gì cả. Cơ bắp của tôi cũng rất đau nhức."
Nội tổng quát,Tôi bị ho rất nhiều và khó thở. Cổ họng tôi đau và tôi cảm thấy như có rất nhiều đờm mắc kẹt trong ngực. Mũi tôi chảy nước nhiều và tôi cảm thấy rất nghẹt mũi.
Nội tổng quát,Tôi cảm thấy vô cùng mệt mỏi và ốm yếu. Cổ họng rất đau và tôi bị ho khá nặng. Mũi bị nghẹt và tôi bị áp lực xoang đáng kể. Tôi thực sự rất khổ sở và cực kỳ kiệt sức.
Nội tổng quát,Tôi cảm thấy rất ốm và mệt mỏi. Tôi bị ho rất nặng và cổ họng rất đau. Tôi bị áp lực xoang và nghẹt mũi. Tôi cảm thấy rất kiệt sức và khó chịu.
Nội tổng quát,"Tôi cảm thấy khá mệt mỏi và ốm yếu. Cổ họng tôi rất đau, và tôi bị ho khá nặng. Tôi bị ớn lạnh và sốt khá cao. Nói tóm lại, tôi cảm thấy rất suy nhược và yếu ớt."
Nội tổng quát,Tôi cảm thấy rất mệt mỏi và ốm yếu. Tôi bị ho nặng và đau họng. Tôi bị ớn lạnh và sốt khá cao. Tôi chỉ cảm thấy mệt mỏi và kiệt sức.
Nội tổng quát,"Tôi không ngừng hắt hơi và sổ mũi. Tôi cũng liên tục cảm thấy lạnh và mệt mỏi, và ho rất nhiều. Sốt của tôi cũng rất cao, cao hơn bình thường rất nhiều."
Nội tổng quát,"Tôi cảm thấy rất khó chịu, nghẹt mũi và chảy nước mũi nhiều. Tôi ho liên tục và đau ngực dữ dội. Tôi bị sốt cao và đau nhức cơ bắp nghiêm trọng."
Nội tổng quát,"Cổ tôi sưng tấy và tôi rất mệt mỏi. Họng tôi ngứa rát, mắt tôi đỏ hoe và cay xè. Mũi tôi bị nghẹt nặng, và tôi cảm thấy đau tức vùng mặt. Ngực tôi đau, và tôi không ngửi thấy mùi gì cả."
Nội tổng quát,"Tôi thiếu năng lượng và cảm thấy cổ mình bị sưng phù. Mắt tôi đỏ hoe, và cổ họng có cảm giác ngứa rát. Tôi bị nghẹt mũi nghiêm trọng, và mặt tôi có cảm giác như bị đè nặng. Tôi không ngửi thấy mùi gì cả, và ngực tôi đau."
Nội tổng quát,"Tôi cảm thấy rất yếu, và các hạch bạch huyết của tôi bị sưng to. Mắt tôi cay xót, và cổ họng tôi đau. Xoang mũi tôi bị căng tức, và mũi tôi bị nghẹt. Tôi không ngửi thấy mùi gì cả, và ngực tôi đau."
Nội tổng quát,"Tôi bị ho và cảm lạnh nặng mấy ngày nay rồi. Mặt tôi mệt mỏi và xoang bị nghẹt. Thêm vào đó, ngực tôi đau vì đờm ho ra. Tôi không ngửi được mùi gì cả, và các cơ bắp thì đau nhức kinh khủng."
Nội tổng quát,"Mắt tôi luôn đỏ và chảy nước mắt. Xoang mũi cũng bị khó chịu, luôn có cảm giác nghẹt mũi. Tôi thở rất khó khăn và luôn cảm thấy mệt mỏi. Hạch bạch huyết bị kích ứng, và tôi cũng có rất nhiều dịch nhầy ở cổ họng."
Nội tổng quát,"Tôi luôn bị nóng mắt, sưng húp và cảm giác như có vật gì đó làm tắc nghẽn xoang mũi. Ngực tôi cảm thấy rất nặng, và tôi ho ra rất nhiều đờm. Tôi không ngửi được mùi gì cả, và các cơ bắp của tôi rất đau nhức."
Hô hấp,"Dạo này tôi cảm thấy rất lạnh và mệt mỏi, lại còn ho nhiều kèm theo đau ngực. Tim tôi cũng đập rất nhanh, và khi ho, đờm có màu hơi gỉ sắt."
Hô hấp,"Gần đây tôi bị ho nhiều, đau ngực, cảm thấy lạnh và mệt mỏi vô cùng. Thêm vào đó, tim tôi đập nhanh, và đờm tôi ho ra có màu đỏ."
Hô hấp,"Tôi cảm thấy rất mệt mỏi và lạnh, và tôi không thể ngừng ho. Mỗi khi ho, tôi lại thấy đau ngực và tim đập nhanh. Chất nhầy tôi ho ra có màu nâu khó coi."
Hô hấp,"Tôi cảm thấy kiệt sức và lạnh run, lại còn ho không ngừng. Mỗi khi ho, tôi lại thấy đau ngực và tim đập nhanh. Chất nhầy trong dịch ho có màu nâu rất khó chịu."
Hô hấp,"Tôi bị ớn lạnh và cảm thấy kiệt sức, và không thể hết ho. Ngực tôi đau khi ho, và tim tôi đập nhanh như muốn vỡ. Đờm tôi ho ra có màu gỉ sắt bẩn."
Hô hấp,"Tôi bị ớn lạnh, cảm thấy mệt mỏi và không thể hết ho. Mỗi khi ho, ngực tôi đau nhói và tim đập nhanh như muốn vỡ. Tôi ho ra đờm màu gỉ sắt rất khó chịu."
Hô hấp,"Dạo này tôi cảm thấy rất yếu và lạnh, lại còn bị ho dai dẳng. Khi ho, tôi bị đau ngực và tim đập thình thịch. Chất nhầy tôi khạc ra có màu nâu gỉ."
Hô hấp,"Tôi bị ớn lạnh và cảm thấy rất mệt mỏi, và cơn ho này không dứt. Ngực tôi đau khi ho, và tim đập nhanh. Chất nhầy tôi khạc ra có màu nâu khó coi."
Hô hấp,"Tôi bị ớn lạnh, cảm thấy rất mệt mỏi, và cơn ho cứ dai dẳng không dứt. Mỗi khi ho, ngực tôi đau nhói và tim đập thình thịch. Chất nhầy tôi khạc ra có màu nâu kinh khủng."
Hô hấp,"Tôi bị sốt rất cao và khó thở. Tôi đổ mồ hôi nhiều, cảm thấy rất lạnh và mệt mỏi. Tim tôi đập rất nhanh và có đờm màu nâu."
Hô hấp,"Tôi đang gặp khó khăn trong việc thở và bị sốt rất cao. Tôi đổ mồ hôi nhiều, cảm thấy vô cùng mệt mỏi và ớn lạnh. Tim tôi đập nhanh và tôi ho ra chất nhầy màu nâu."
Hô hấp,Tôi bị sốt cao và khó thở. Tôi đổ mồ hôi rất nhiều và run rẩy vì ớn lạnh. Tôi rất mệt và tim đập rất nhanh. Tôi cũng có một ít đờm màu nâu.
Hô hấp,"Tôi khó thở và sốt rất cao. Tôi ướt đẫm mồ hôi và run rẩy vì lạnh. Tim đập nhanh, và tôi khá mệt mỏi. Thêm vào đó, tôi sắp có đờm màu nâu."
Hô hấp,"Tôi bị sốt rất cao và khó thở. Tôi đổ mồ hôi nhiều, cảm thấy lạnh và mệt mỏi, tim đập rất nhanh. Tôi cũng có một ít đờm màu nâu tiết ra."
Hô hấp,"Tôi bị sốt rất cao và khó thở. Tim tôi đập rất nhanh, tôi đổ mồ hôi nhiều, cảm thấy lạnh và mệt mỏi. Tôi cũng sắp ho ra đờm màu nâu."
Hô hấp,"Tôi cảm thấy rất ốm với các triệu chứng như sốt cao, khó thở, đổ mồ hôi, ớn lạnh và mệt mỏi cực độ. Nhịp tim nhanh và tôi ho ra rất nhiều đờm màu nâu."
Hô hấp,"Tôi bị sốt cao, khó thở, đổ mồ hôi, ớn lạnh và kiệt sức nghiêm trọng, cảm thấy rất khó chịu. Tôi ho ra nhiều đờm màu nâu và nhịp tim đập nhanh."
Hô hấp,Tôi đang rất khó thở và đổ mồ hôi nhiều. Tôi cảm thấy rất mệt mỏi và có nhiều đờm trong cổ họng. Ngực tôi đau và tim đập nhanh. Chất nhầy tôi ho ra có màu sẫm và trông giống như rỉ sét.
Hô hấp,"Tôi đổ mồ hôi rất nhiều và khó thở. Tôi cảm thấy khá mệt mỏi, cổ họng đầy đờm. Tim đập thình thịch, ngực đau nhức. Tôi ho ra chất nhầy đặc quánh giống như rỉ sét."
Hô hấp,"Tôi đang gặp rất nhiều khó khăn trong việc thở và cảm thấy rất khó chịu. Tôi cảm thấy không khỏe và đổ mồ hôi rất nhiều. Ngực tôi đau và có rất nhiều đờm trong cổ họng. Tim tôi đập nhanh, và màu sắc của chất nhầy tôi ho ra có màu bất thường."
Hô hấp,Tôi cảm thấy khó thở và đổ mồ hôi rất nhiều. Tôi thấy không khỏe và có rất nhiều đờm trong cổ họng. Ngực tôi đau và tim đập nhanh. Chất nhầy tôi ho ra có màu đỏ.
Hô hấp,"Tôi đổ mồ hôi rất nhiều và dường như không thể thở đủ. Cổ họng tôi đầy đờm, và tôi cảm thấy không khỏe. Tim tôi đập thình thịch, ngực đau nhức. Tôi ho ra chất nhầy màu đỏ."
Hô hấp,Tôi không thể thở nổi và đổ mồ hôi rất nhiều. Tôi cảm thấy rất khó chịu và có nhiều đờm trong cổ họng. Ngực tôi đau và tim đập nhanh. Chất nhầy tôi ho ra có màu vàng.
Hô hấp,"Tôi ướt đẫm mồ hôi và khó thở. Cổ họng đầy đờm, cảm giác rất tệ. Tim đập thình thịch, ngực đau nhức. Tôi ho ra chất nhầy màu nâu."
Hô hấp,Tôi khó thở và cảm thấy rất khó chịu. Tôi đổ mồ hôi nhiều và có rất nhiều đờm trong cổ họng. Ngực tôi đau và tim đập nhanh. Chất nhầy tôi ho ra có màu nâu.
Hô hấp,"Tôi khó thở và cảm thấy rất khó chịu. Cổ họng tôi đầy đờm, và tôi đổ mồ hôi rất nhiều. Tim tôi đập nhanh, và ngực tôi đau nhức. Tôi ho ra chất nhầy màu đỏ."
Hô hấp,Tôi không thể thở nổi và đổ mồ hôi rất nhiều. Tôi cảm thấy rất khó chịu và có nhiều đờm trong cổ họng. Ngực tôi đau và tim đập nhanh. Chất nhầy tôi ho ra có màu nâu và dai.
Hô hấp,"Tôi ướt đẫm mồ hôi và dường như không thể thở nổi. Cổ họng tôi đầy đờm, và tôi cảm thấy rất tệ. Tim tôi đập thình thịch, ngực đau nhức. Tôi ho ra chất nhầy màu nâu, dạng sợi."
Hô hấp,Tôi ướt đẫm mồ hôi và khó thở. Tôi cảm thấy không khỏe và có rất nhiều chất nhầy trong cổ họng. Ngực tôi đau nhức và tim đập nhanh. Tôi ho ra chất nhầy màu đỏ tươi.
Hô hấp,"Tôi cảm thấy rất khó chịu, sốt cao, khó thở, đổ mồ hôi, ớn lạnh và cực kỳ mệt mỏi. Tim đập nhanh và tôi ho ra rất nhiều đờm màu nâu."
Hô hấp,Tôi sốt rất cao và khó thở. Tôi ướt đẫm mồ hôi và run rẩy vì ớn lạnh. Tôi khá mệt mỏi và tim đập nhanh. Tôi cũng cảm thấy có đờm màu nâu.
Hô hấp,"Tôi bị ớn lạnh, cảm thấy mệt mỏi, và không thể hết ho. Ngực tôi đau nhức và tim đập nhanh như muốn vỡ mỗi khi ho. Tôi ho ra đờm có mùi hôi, màu gỉ sắt."
Hô hấp,Tôi đang khó thở và cảm thấy rất khó chịu. Tôi đổ mồ hôi rất nhiều và có rất nhiều chất nhầy trong cổ họng. Ngực tôi đau nhức và tim đập nhanh. Tôi ho ra chất nhầy màu sẫm.
Hô hấp,"Tôi bị sốt cao và khó thở. Tôi đổ mồ hôi rất nhiều và cảm thấy mệt mỏi, yếu ớt. Tôi cũng có một ít đờm đặc và đen. Ngực tôi đau nhức và tim đập nhanh."
Hô hấp,"Dạo gần đây tôi bị ớn lạnh, mệt mỏi, ho, sốt cao và khó thở. Tôi đổ mồ hôi nhiều và cảm thấy rất ốm yếu. Tôi cũng bị đờm đặc và sẫm màu."
Hô hấp,"Gần đây tôi bị ớn lạnh, mệt mỏi, ho, sốt cao và khó thở. Tôi đổ mồ hôi nhiều và cảm thấy ốm yếu. Tôi cũng bị khạc ra đờm đặc và đen."
Hô hấp,"Gần đây tôi bị ớn lạnh, mệt mỏi, ho, sốt cao và khó thở. Tôi đổ mồ hôi nhiều và cảm thấy ốm yếu. Tôi cũng có một ít đờm đặc và đỏ."
Hô hấp,"Gần đây tôi bị ớn lạnh, mệt mỏi, ho, sốt cao và khó thở. Tôi đổ mồ hôi nhiều và cảm thấy ốm yếu. Tôi cũng bị đờm đặc và đen."
Hô hấp,"Dạo gần đây tôi gặp rất nhiều vấn đề về hô hấp, kèm theo ớn lạnh, mệt mỏi, ho và sốt cao. Tôi đổ mồ hôi nhiều và cảm thấy ốm yếu. Ngực tôi đau nhức và tim đập nhanh."
Hô hấp,"Gần đây tôi bị ớn lạnh, mệt mỏi và ho. Tôi đổ mồ hôi rất nhiều và cảm thấy không khỏe, yếu ớt. Tôi cũng bị đờm đặc, màu đen. Ngực tôi đau và tim đập nhanh."
Hô hấp,"Tôi bị sốt và khó thở. Tôi đổ mồ hôi rất nhiều và cảm thấy không khỏe, yếu ớt. Tôi cũng có một ít đờm đặc, màu đen. Tim tôi đập nhanh dữ dội và ngực tôi đau."
Hô hấp,"Tôi ướt đẫm mồ hôi và dường như không thể thở nổi. Cổ họng tôi nghẹn ứ dịch nhầy, và tôi cảm thấy vô cùng khó chịu. Tim tôi đập nhanh, ngực đau nhức. Tôi ho ra một chất nhầy màu nâu, dai như sợi."
Hô hấp,"Tôi ướt đẫm mồ hôi và khó thở. Cổ họng tôi bị tắc nghẽn bởi chất nhầy, và tôi cảm thấy khó chịu. Tim tôi đập nhanh, ngực tôi đau nhức. Tôi ho ra một chất nhầy sẫm màu, dạng sợi."
Hô hấp,"Tôi đang gặp rất nhiều khó khăn trong việc thở. Tôi cảm thấy không khỏe và đổ mồ hôi rất nhiều. Tôi có nhiều chất nhầy trong cổ họng và đau ngực. Tôi thở khó nhọc, và đờm tôi ho ra có màu lạ."
Hô hấp,Tôi rất khó thở. Tôi cảm thấy không khỏe và đổ mồ hôi rất nhiều. Ngực tôi đau và có rất nhiều đờm trong cổ họng. Tôi thở khó khăn và chất đờm tôi ho ra có màu lạ.
Hô hấp,"Tôi bị ho rất nhiều, cảm thấy lạnh run và kiệt sức. Tôi bị sốt khá cao và khó thở. Tôi đổ mồ hôi nhiều và cảm thấy yếu ớt, mệt mỏi. Tôi có đờm đặc và đen."
Hô hấp,"Gần đây tôi bị ớn lạnh, mệt mỏi, ho, sốt cao và khó thở. Tôi đổ mồ hôi nhiều và cảm thấy yếu ớt, ốm yếu. Tôi có đờm đặc và đen. Tim tôi đập rất nhanh."
Hậu môn - Trực tràng,"Gần đây tôi bị táo bón, khó chịu khi đi đại tiện và đau hậu môn. Hậu môn của tôi bị viêm khá nặng, và phân có rất nhiều máu."
Hậu môn - Trực tràng,"Gần đây tôi bị táo bón, đau khi đi đại tiện và đau hậu môn. Phân của tôi cũng có rất nhiều máu và hậu môn bị kích ứng."
Hậu môn - Trực tràng,"Gần đây, tôi gặp rất nhiều khó khăn khi đi vệ sinh. Việc đi đại tiện trở nên vô cùng khó chịu và vất vả. Hậu môn của tôi bị viêm khá nặng, và phân có rất nhiều máu."
Hậu môn - Trực tràng,"Dạo này tôi gặp rất nhiều khó khăn khi đi vệ sinh. Mỗi lần đi vệ sinh đều rất đau, và có cả máu trong phân. Tôi cũng bị đau và rát vùng hậu môn."
Hậu môn - Trực tràng,"Gần đây, tôi gặp rất nhiều khó khăn khi đi vệ sinh. Mỗi khi đi, tôi đều rất đau và nhận thấy có máu trong phân. Vùng hậu môn của tôi cũng bị khó chịu và ngứa."
Hậu môn - Trực tràng,"Dạo gần đây tôi bị táo bón nặng, và mỗi lần đi vệ sinh đều rất đau. Tôi cũng nhận thấy có máu trong phân, và hậu môn của tôi bị kích ứng rất nhiều."
Hậu môn - Trực tràng,"Dạo gần đây tôi bị táo bón nặng, và mỗi khi đi vệ sinh đều rất đau. Ngoài ra, hậu môn của tôi còn rất ngứa, và tôi thấy có lẫn máu trong phân."
Hậu môn - Trực tràng,"Dạo này tôi gặp rất nhiều khó khăn khi đi vệ sinh, và rất đau. Tôi cũng nhận thấy phân của mình có lẫn máu và hậu môn bị kích ứng rất nhiều."
Hậu môn - Trực tràng,"Gần đây, tôi cảm thấy rất khó chịu và gặp nhiều khó khăn khi đi vệ sinh. Thêm vào đó, tôi nhận thấy hậu môn của mình khá đau và phân có lẫn máu."
Hậu môn - Trực tràng,"Dạo này tôi bị táo bón rất nặng, và mỗi khi đi vệ sinh đều rất đau. Ngoài ra, hậu môn của tôi còn bị ngứa dữ dội, và tôi thấy có lẫn máu trong phân."
Hậu môn - Trực tràng,"Dạo này tôi bị táo bón khá nặng, và việc đi vệ sinh rất khó chịu. Tôi cũng thấy có máu trong phân, và hậu môn của tôi bị kích ứng."
Hậu môn - Trực tràng,Dạo này tôi gặp rất nhiều khó khăn khi đi vệ sinh. Tôi bị đau dữ dội và đau cả hậu môn. Phân của tôi cũng có máu và hậu môn bị kích ứng rất nhiều.
Hậu môn - Trực tràng,"Gần đây tôi gặp rất nhiều vấn đề khi đi vệ sinh. Cảm giác vô cùng khó chịu, và tôi bị đau dữ dội ở hậu môn. Phân của tôi cũng có máu, và hậu môn bị viêm rất nặng."
Hậu môn - Trực tràng,"Gần đây tôi gặp khó khăn khi đi vệ sinh. Mỗi khi cố gắng đi, tôi đều cảm thấy rất khó chịu và hậu môn rất đau. Tôi cũng thấy có máu trong phân, và hậu môn càng ngày càng khó chịu."
Hậu môn - Trực tràng,"Dạo này tôi đi vệ sinh rất khó khăn. Mỗi lần cố gắng đi vệ sinh đều rất đau và hậu môn cũng rất khó chịu. Ngoài ra, trong phân còn có lẫn máu và hậu môn cũng rất ngứa."
Hậu môn - Trực tràng,Gần đây tôi gặp vấn đề về việc đi vệ sinh. Tôi đi tiểu rất khó khăn và bị đau khi đi. Tôi cũng bị đau mông và đi ngoài ra máu. Hậu môn của tôi cũng bị ngứa và nhạy cảm.
Hậu môn - Trực tràng,"Gần đây, tôi gặp vấn đề khi đi vệ sinh. Việc đi vệ sinh vô cùng khó khăn và gây đau. Thêm vào đó, tôi bị đau rát vùng hậu môn và phân có lẫn máu. Hậu môn của tôi cũng rất ngứa và bị kích ứng."
Hậu môn - Trực tràng,"Tôi bị táo bón và rất khó đi vệ sinh. Mỗi khi đi được thì lại đau và phân có lẫn máu. Tôi cũng bị đau ở mông, ngứa và rát hậu môn."
Hậu môn - Trực tràng,"Từ khi bị táo bón, việc đi vệ sinh trở nên khá khó khăn. Mỗi khi đi vệ sinh, tôi đều cảm thấy đau và có máu trong phân. Hậu môn của tôi cũng bị ngứa và khó chịu, đồng thời tôi cũng cảm thấy không thoải mái ở vùng mông."
Hậu môn - Trực tràng,"Táo bón khiến tôi gặp rất nhiều khó khăn khi đi vệ sinh. Phân của tôi có lẫn máu mỗi khi đi ngoài và rất đau. Thêm vào đó, hậu môn của tôi bị ngứa và viêm, và tôi cũng bị đau rát vùng mông."
Hậu môn - Trực tràng,"Tôi gặp rất nhiều khó khăn khi đi vệ sinh, và mỗi khi đi được thì lại rất đau. Phân của tôi có lẫn máu, và mông tôi cũng bị đau. Hậu môn của tôi cũng rất ngứa và bị kích ứng."
Hậu môn - Trực tràng,Tôi gặp rất nhiều khó khăn khi đi vệ sinh và mỗi lần đi đều rất đau. Phân của tôi có lẫn máu và tôi bị đau ở hậu môn. Hậu môn của tôi cũng rất ngứa và bị kích ứng.
Hậu môn - Trực tràng,Tôi gặp khó khăn khi đi vệ sinh. Rất khó để đi và mỗi khi đi đều rất đau. Hậu môn của tôi rất đau và bị chảy máu khi đi ngoài. Thật sự rất đau và tôi rất khó chịu.
Hậu môn - Trực tràng,"Tôi gặp rất nhiều khó khăn khi đi vệ sinh. Việc đi ngoài rất khó khăn và bị đau khi đi. Sau khi đi, hậu môn của tôi bị chảy máu và rất khó chịu. Tôi cảm thấy rất khó chịu và đau đớn vô cùng."
Hậu môn - Trực tràng,"Tôi gặp khó khăn khi đi vệ sinh. Rất khó để đi ngoài, và mỗi lần đi đều bị đau. Hậu môn của tôi khá đau và bị chảy máu mỗi khi đi ngoài. Cơn đau dữ dội và tôi cảm thấy rất khó chịu."
Hậu môn - Trực tràng,Dạo gần đây tôi bị táo bón và đau khi đi đại tiện. Hậu môn của tôi rất đau và bị chảy máu mỗi khi đi ngoài. Tôi rất đau và cảm thấy rất khó chịu.
Hậu môn - Trực tràng,Gần đây tôi bị táo bón và khó chịu đường tiêu hóa. Hậu môn của tôi khá đau và bị chảy máu mỗi khi đi vệ sinh. Cơn đau dữ dội và tôi cảm thấy rất khó chịu.
Hậu môn - Trực tràng,"Dạo gần đây tôi bị táo bón và đau rát khi đi đại tiện. Mỗi lần đi vệ sinh, hậu môn tôi bị chảy máu và rất khó chịu. Tôi cảm thấy rất khó chịu và đau đớn vô cùng."
Hậu môn - Trực tràng,Dạo này tôi gặp rất nhiều vấn đề về việc đi đại tiện. Rất khó đi và mỗi lần đi đều rất đau. Hậu môn của tôi rất đau và bị chảy máu khi đi ngoài. Tôi cảm thấy rất đau và khó chịu.
Hậu môn - Trực tràng,"Dạo gần đây việc đi đại tiện của tôi rất khó khăn. Đi ngoài rất khó, và mỗi lần đi đều bị đau. Khi đi ngoài, hậu môn của tôi bị chảy máu và rất khó chịu. Tôi cảm thấy rất khó chịu và đau đớn vô cùng."
Hậu môn - Trực tràng,Gần đây tôi gặp rất nhiều vấn đề về đại tiện. Đi ngoài rất khó khăn và đau khi đi. Hậu môn của tôi khá đau và bị chảy máu mỗi khi đi ngoài. Cơn đau dữ dội và tôi cảm thấy rất khó chịu.
Hậu môn - Trực tràng,Dạo này tôi gặp rất nhiều vấn đề về đại tiện. Đi ngoài rất khó và đau. Hậu môn của tôi rất đau và bị chảy máu mỗi khi đi ngoài. Thật sự rất đau và tôi rất khó chịu.
Hậu môn - Trực tràng,Gần đây tôi gặp rất nhiều vấn đề về đại tiện. Đi ngoài rất khó khăn và đau khi đi. Hậu môn của tôi khá đau và bị chảy máu mỗi khi đi ngoài. Cơn đau dữ dội và tôi cảm thấy rất khó chịu.
Hậu môn - Trực tràng,"Việc đi đại tiện của tôi hiện đang gây ra rất nhiều vấn đề. Đi vệ sinh rất khó khăn, và mỗi lần đi đều rất đau. Khi đi vệ sinh, hậu môn của tôi bị chảy máu và rất khó chịu. Tôi đang rất khó chịu và đau đớn vô cùng."
Hậu môn - Trực tràng,"Gần đây tôi bị táo bón và đi đại tiện rất đau. Mỗi lần đi vệ sinh, hậu môn của tôi bị chảy máu và rất khó chịu. Tôi cảm thấy rất khó chịu và đau đớn vô cùng."
Hậu môn - Trực tràng,Gần đây tôi gặp rất nhiều vấn đề về đại tiện. Đi ngoài rất khó khăn và đau khi đi. Hậu môn của tôi khá đau và bị chảy máu mỗi khi đi ngoài. Thật sự rất đau và tôi rất khó chịu.
Hậu môn - Trực tràng,Gần đây tôi gặp rất nhiều vấn đề về đường ruột. Tôi đi vệ sinh khó khăn và rất đau. Hậu môn của tôi khá đau và thường xuyên bị chảy máu mỗi khi đi ngoài. Cơn đau dữ dội và tôi cảm thấy rất khó chịu.
Hậu môn - Trực tràng,Dạo này tôi đi vệ sinh rất khó khăn. Rất đau và tôi chỉ đi được vài ngày một lần. Tôi cũng rất đau ở hậu môn và vùng xung quanh đó. Phân của tôi có lẫn máu và hậu môn cảm thấy rất khó chịu.
Hậu môn - Trực tràng,"Gần đây tôi gặp rất nhiều khó khăn khi đi vệ sinh. Tôi chỉ đi được thỉnh thoảng vì quá đau. Hậu môn và vùng xung quanh cũng rất đau. Hậu môn tôi cảm thấy rất khó chịu, và phân có rất nhiều máu."
Hậu môn - Trực tràng,Tôi đang gặp rất nhiều khó khăn với chứng táo bón và đau khi đi vệ sinh. Tôi bị đau dữ dội ở hậu môn và vùng xung quanh. Phân của tôi có lẫn máu và hậu môn bị kích ứng rất nhiều.
Hậu môn - Trực tràng,"Gần đây tôi thường xuyên bị táo bón và khó chịu khi đi đại tiện. Vùng xung quanh hậu môn và toàn thân tôi đều rất đau. Hậu môn của tôi rất ngứa, và phân có lẫn máu."
Cơ xương khớp,Tôi cảm thấy cơ bắp rất yếu và cổ cực kỳ căng cứng. Tôi bị cứng khớp khi đi lại và các khớp bị sưng. Việc đi lại cũng rất khó chịu.
Cơ xương khớp,Tôi cảm thấy cơ bắp rất yếu và cổ rất cứng. Các khớp của tôi bị sưng lên và tôi bị cứng khớp rất nhiều khi di chuyển. Đi lại cũng rất đau.
Cơ xương khớp,"Cơ bắp của tôi khá yếu, và cổ tôi rất cứng. Các khớp của tôi bị sưng và tôi cảm thấy rất cứng khi di chuyển. Đi bộ cũng vô cùng khó chịu."
Cơ xương khớp,Tôi cảm thấy cơ bắp rất yếu và cổ rất cứng. Các khớp của tôi bị sưng lên và rất khó cử động. Đi lại rất đau đớn.
Cơ xương khớp,"Cơ bắp của tôi rất yếu, và cổ tôi cực kỳ cứng. Các khớp của tôi bị sưng, khiến việc đi lại trở nên khó khăn. Đi bộ rất khó chịu."
Cơ xương khớp,Tôi bị yếu cơ nghiêm trọng và cổ rất cứng. Việc đi lại trở nên khó khăn vì các khớp bị sưng. Đi bộ rất khó chịu.
Cơ xương khớp,"Tôi cảm thấy cơ bắp rất yếu và cổ cực kỳ cứng. Các khớp của tôi bị sưng, khiến tôi khó cử động. Đi lại rất đau."
Cơ xương khớp,Cổ tôi bị căng cứng và tôi cảm thấy các cơ bắp của mình rất yếu. Tôi gặp khó khăn khi di chuyển vì các khớp bị sưng to. Đi lại rất đau đớn.
Cơ xương khớp,Cổ tôi bị cứng đờ và cơ bắp yếu đi rất nhiều. Do các khớp bị sưng nên việc đi lại rất khó khăn. Đi bộ cũng rất khó chịu.
Cơ xương khớp,Dạo này tôi cảm thấy cơ bắp rất yếu và cổ thì cứng đờ. Các khớp của tôi bị sưng lên và tôi khó di chuyển mà không cảm thấy cứng đờ. Đi lại cũng rất đau.
Cơ xương khớp,"Gần đây, tôi cảm thấy cơ bắp khá yếu và cổ rất cứng. Các khớp của tôi bị sưng và tôi khó cử động mà không bị cứng đờ. Việc đi lại cũng rất khó chịu."
Cơ xương khớp,"Gần đây tôi bị yếu cơ và cứng cổ. Các khớp của tôi bị sưng, khiến tôi khó đi lại mà không bị cứng khớp. Việc đi lại cũng vô cùng khó chịu."
Cơ xương khớp,"Gần đây, tôi bị yếu và cứng cơ cổ. Các khớp của tôi bị sưng to và tôi khó đi lại mà không cảm thấy cứng khớp. Việc đi lại cũng vô cùng khó chịu."
Cơ xương khớp,"Gần đây, cổ tôi bị cứng và các cơ bắp bị yếu đi. Các khớp của tôi bị sưng khiến tôi khó di chuyển mà không bị cứng khớp. Việc đi lại cũng rất đau đớn."
Cơ xương khớp,Tôi cảm thấy cơ bắp rất yếu và cổ rất cứng. Các khớp của tôi bị sưng lên và tôi khó di chuyển mà không cảm thấy cứng đờ. Đi lại cũng rất đau đớn.
Cơ xương khớp,Tôi cảm thấy cơ bắp rất yếu và cổ cực kỳ cứng. Các khớp của tôi bị sưng và tôi rất khó cử động mà không bị cứng đờ. Việc đi lại cũng rất khó chịu.
Cơ xương khớp,"Cơ bắp của tôi khá yếu, và cổ tôi rất cứng. Các khớp của tôi bị sưng, khiến tôi khó đi lại mà không bị cứng khớp. Việc đi lại cũng vô cùng khó chịu."
Cơ xương khớp,"Cơ bắp của tôi rất yếu, và cổ tôi cực kỳ cứng. Các khớp của tôi bị sưng, khiến tôi khó đi lại mà không cảm thấy cứng đờ. Việc đi lại cũng rất khó chịu."
Cơ xương khớp,"Cơ bắp của tôi khá yếu, và cổ tôi rất cứng. Các khớp của tôi bị sưng, khiến tôi khó cử động mà không bị cứng khớp. Đi lại cũng rất khó chịu."
Cơ xương khớp,"Cổ tôi rất cứng và cơ bắp khá yếu. Các khớp của tôi bị sưng khiến tôi khó cử động mà không bị cứng khớp. Thêm vào đó, việc đi lại cũng khá khó chịu."
Cơ xương khớp,Cổ tôi bị cứng đờ và các cơ bắp rất yếu. Tôi khó di chuyển mà không bị cứng khớp do các khớp bị sưng. Đi lại cũng rất khó chịu.
Cơ xương khớp,"Cổ tôi bị cứng đờ và cơ bắp rất yếu. Do các khớp bị sưng, tôi cảm thấy khó khăn khi di chuyển mà không bị cứng khớp. Thêm vào đó, việc đi lại cũng rất khó khăn."
Cơ xương khớp,"Gần đây tôi bị cứng và yếu cơ cổ. Vì các khớp của tôi đã phát triển nên tôi khó đi lại mà không bị cứng khớp. Thêm vào đó, việc đi lại trở nên vô cùng khó chịu."
Cơ xương khớp,"Cổ tôi bị căng cứng dữ dội và các cơ bắp thì yếu ớt. Các khớp bị sưng và tôi đi lại rất cứng khớp. Thêm vào đó, việc đi lại vô cùng khó khăn."
Cơ xương khớp,"Cơ bắp của tôi khá yếu, và cổ tôi rất cứng. Các khớp của tôi bị sưng, khiến tôi khó đi lại mà không cảm thấy cứng đờ. Việc đi lại cũng rất khó chịu."
Cơ xương khớp,Tôi bị yếu cơ nghiêm trọng và cổ rất cứng. Các khớp của tôi bị sưng và tôi rất khó cử động mà không bị cứng đờ. Việc đi lại cũng rất khó chịu.
Cơ xương khớp,Dạo này tôi cảm thấy cơ bắp rất yếu và cổ rất cứng. Các khớp của tôi bị sưng và tôi rất khó cử động. Đi lại cũng rất đau.
Cơ xương khớp,Gần đây tôi cảm thấy cơ bắp mình rất yếu và cổ thì cứng đờ. Các khớp bị sưng khiến tôi khó di chuyển. Đi lại cũng khó khăn.
Cơ xương khớp,"Gần đây, tôi cảm thấy cơ bắp khá yếu và cổ rất cứng. Các khớp của tôi bị sưng, khiến tôi khó cử động. Đi lại cũng rất đau."
Cơ xương khớp,"Gần đây tôi bị yếu cơ và cứng cổ. Các khớp của tôi bị sưng to, khiến tôi khó cử động. Đi lại cũng khó khăn."
Cơ xương khớp,Gần đây tôi cảm thấy cơ bắp rất yếu và cổ thì cứng đờ. Tôi khó di chuyển vì các khớp bị sưng. Đi lại cũng rất đau đớn.
Cơ xương khớp,"Gần đây, cơ bắp của tôi cảm thấy yếu ớt, nhưng cổ thì lại cứng đờ. Các khớp của tôi bị sưng lên, khiến tôi khó di chuyển. Đi lại cũng khá khó chịu."
Cơ xương khớp,"Dạo này cơ bắp của tôi khá yếu, nhưng cổ thì vẫn rất khỏe. Các khớp của tôi bị sưng, khiến tôi khó di chuyển. Việc đi lại cũng vô cùng khó khăn."
Cơ xương khớp,Gần đây cổ tôi rất cứng và các cơ bắp cũng yếu đi đáng kể. Tôi khó di chuyển mà không bị cứng khớp do các khớp bị sưng. Đi lại cũng rất khó chịu.
Cơ xương khớp,"Gần đây tôi bị cứng và yếu cơ cổ. Vì các khớp của tôi đã phát triển, nên việc chạy mà không bị cứng khớp rất khó khăn. Thêm vào đó, việc đi bộ cũng rất khó chịu."
Cơ xương khớp,"Gần đây tôi bị yếu cơ và cứng cổ. Các khớp của tôi bị sưng, khiến tôi khó chạy mà không bị cứng khớp. Đi bộ cũng rất khó chịu."
Cơ xương khớp,"Cơ bắp của tôi khá yếu, và cổ tôi rất cứng. Các khớp của tôi bị sưng, khiến tôi khó điều khiển phương tiện vì cảm giác cứng đờ. Việc đi lại cũng rất khó chịu."
Cơ xương khớp,"Cơ bắp của tôi khá yếu, và cổ tôi bị cứng đờ. Các khớp của tôi bị sưng, khiến tôi khó điều khiển phương tiện mà không cảm thấy cứng đờ. Việc đi lại cũng rất khó chịu."
Cơ xương khớp,"Gần đây tôi bị cứng và yếu cơ cổ. Vì các khớp của tôi đã phát triển, nên việc chạy bộ rất khó khăn mà không bị cứng khớp. Thêm vào đó, việc đi bộ cũng vô cùng khó chịu."
Cơ xương khớp,Gần đây cổ tôi rất cứng và các cơ bắp cảm thấy khá yếu. Tôi gặp khó khăn khi di chuyển vì các khớp bị sưng nên dễ bị cứng khớp. Đi lại cũng rất khó chịu.
Cơ xương khớp,"Gần đây, mỗi khi cố gắng đi lại, tôi đều bị cứng khớp, cứng cổ, sưng khớp và yếu cơ. Việc đi lại cũng rất khó chịu."
Cơ xương khớp,"Gần đây tôi bị yếu cơ, cứng cổ, sưng khớp và cứng khớp sau khi cố gắng di chuyển. Việc lái xe cũng rất đau đớn."
Cơ xương khớp,"Gần đây, các cơ ở cổ tôi trở nên căng cứng và yếu đi. Giờ đây tôi khó chạy vì các khớp của tôi đã già mà không muốn bị cứng lại. Việc đi bộ cũng khá khó chịu."
Cơ xương khớp,"Gần đây tôi bị cứng và yếu cơ cổ. Vì các khớp của tôi đã phát triển, nên việc chạy mà không bị cứng khớp rất khó khăn. Thêm vào đó, việc đi bộ cũng rất khó chịu."
Cơ xương khớp,"Gần đây, các cơ ở cổ tôi trở nên căng cứng và yếu đi. Vì các khớp của tôi đã phát triển hoàn thiện, nên việc chạy bộ trở nên khó khăn và dễ bị cứng khớp. Đi bộ cũng khá khó chịu."
Cơ xương khớp,"Gần đây, tôi bị cứng và yếu cơ cổ. Vì các khớp của tôi đã phát triển hoàn thiện, nên việc vận động trở nên khó khăn và dễ bị cứng khớp. Hơn nữa, việc đi lại cũng khá đau đớn."
Da liễu,Dạo này da tôi bị nổi mẩn ngứa rất nặng. Có rất nhiều mụn mủ và mụn đầu đen. Da tôi cũng bị bong tróc rất nhiều.
Da liễu,Tôi vừa bị nổi mẩn ngứa nghiêm trọng trên da. Da tôi đầy mụn mủ và mụn đầu đen. Da tôi cũng khá nhạy cảm.
Da liễu,"Dạo gần đây da tôi bị nổi mẩn ngứa rất nhiều. Mụn đầu đen và mụn mủ mọc đầy trên da. Thêm vào đó, da tôi còn bị sần sùi rất nhiều."
Da liễu,"Gần đây tôi bị phát ban da nghiêm trọng. Mụn đầu đen và mụn mủ mọc khắp nơi. Thêm vào đó, da tôi bị nổi mụn rất nhiều."
Da liễu,"Gần đây da tôi bị nổi mẩn ngứa rất khó chịu. Nó đầy mụn mủ và mụn đầu đen. Ngoài ra, da tôi còn bị nổi rất nhiều mụn."
Da liễu,Da tôi vừa bị nổi mẩn ngứa khó chịu. Nó đầy mụn mủ và mụn đầu đen. Da tôi cũng rất nhạy cảm.
Da liễu,"Tôi vừa bị nổi mẩn ngứa khó chịu. Mụn đầu đen và mụn mủ mọc khắp nơi. Thêm vào đó, da tôi trở nên cực kỳ nhạy cảm."
Da liễu,"Gần đây tôi bị phát ban da nghiêm trọng. Mụn đầu đen và mụn mủ đang làm tắc nghẽn lỗ chân lông. Thêm vào đó, da tôi cũng bị kích ứng khá nhiều."
Da liễu,Gần đây da tôi bị nổi mẩn ngứa nghiêm trọng. Mụn đầu đen và mụn mủ làm tắc nghẽn lỗ chân lông. Da tôi cũng khá nhạy cảm.
Da liễu,Gần đây tôi bị phát ban da với rất nhiều mụn mủ và mụn đầu đen. Da tôi cũng bị nổi nhiều mụn.
Da liễu,"Gần đây, tôi bị phát ban da với nhiều mụn mủ và mụn đầu đen. Thêm vào đó, da tôi cũng nổi nhiều mụn."
Da liễu,Da tôi giờ bị nổi mẩn ngứa kinh khủng. Khắp nơi đều là mụn mủ và mụn đầu đen. Da tôi cũng trở nên rất nhạy cảm.
Da liễu,"Da tôi bị nổi mẩn ngứa khủng khiếp. Mụn đầu đen và mụn mủ mọc khắp nơi. Hơn nữa, da tôi trở nên cực kỳ nhạy cảm."
Da liễu,"Da tôi bị phát ban khó chịu, không phải do di truyền. Nó đầy những nốt mụn mủ và mụn đầu đen. Hơn nữa, da tôi rất nhạy cảm."
Da liễu,"Da tôi bị nổi mẩn ngứa khủng khiếp, không phải do di truyền. Có rất nhiều mụn đầu đen và mụn mủ. Hơn nữa, da tôi trở nên cực kỳ nhạy cảm."
Da liễu,"Gần đây, tôi bị nổi mụn rất nhiều, mụn có mủ. Tôi cũng đang phải vật lộn với mụn đầu đen."
Da liễu,"Sáng nay thức dậy, tôi phát hiện mình bị nổi mẩn ngứa rất khó chịu khắp người. Có rất nhiều mụn đầu đen và mụn mủ. Da tôi cũng ngứa rát dữ dội."
Da liễu,Dạo gần đây tôi nhận thấy da mình bị nổi mẩn ngứa rất khó chịu. Da bị đầy mụn đầu đen và mụn mủ. Da tôi cũng bị kích ứng rất nhiều.
Da liễu,Tôi vừa bị nổi mẩn ngứa rất khó chịu trên da. Có rất nhiều mụn đầu đen và mụn mủ. Da tôi cũng ngứa rát dữ dội.
Da liễu,Dạo này da tôi bị nổi mẩn ngứa rất khó chịu. Da đầy mụn đầu đen và mụn mủ. Da tôi cũng bị kích ứng rất nhiều.
Da liễu,"Sáng nay thức dậy, tôi phát hiện da mình bị nổi mẩn ngứa rất khó chịu. Có rất nhiều mụn đầu đen và mụn mủ. Da tôi cũng ngứa rát dữ dội."
Da liễu,Dạo này da tôi bị nổi mẩn ngứa rất khó chịu. Da đầy mụn đầu đen và mụn mủ. Da tôi cũng bị kích ứng rất nhiều.
Da liễu,Gần đây da tôi bị nổi mẩn ngứa khủng khiếp. Nó đầy mụn đầu đen và mụn mủ. Da tôi cũng nổi mụn khắp nơi.
Da liễu,Gần đây da tôi bị nổi mẩn ngứa khủng khiếp. Có nhiều mụn đầu đen và mụn mủ. Da tôi cũng hay bị xáo trộn.
Da liễu,"Sáng nay khi thức dậy, tôi phát hiện mình bị phát ban rất nặng khắp người. Có nhiều mụn mủ và mụn đầu đen khắp nơi. Da tôi cũng hay bị xê dịch liên tục."
Da liễu,"Sáng nay thức dậy, tôi thấy toàn thân nổi mẩn đỏ kinh khủng. Có nhiều mụn đầu đen và mụn mủ. Da tôi cũng ngứa ngáy khó chịu."
Da liễu,Tôi vừa bị phát ban da với nhiều nốt mụn mủ và mụn đầu đen. Da tôi cũng khá nhạy cảm.
Da liễu,"Sáng nay thức dậy, tôi phát hiện mình bị phát ban khủng khiếp khắp người. Mụn đầu đen và mụn mủ mọc đầy khắp nơi. Thêm vào đó, da tôi cũng thay đổi rất nhiều."
Da liễu,"Sáng nay khi thức dậy, tôi nhận ra mình bị phát ban nghiêm trọng khắp người. Có rất nhiều mụn mủ và mụn đầu đen khắp nơi. Da tôi cũng bị nổi mụn rất nhiều."
Da liễu,Gần đây da tôi bị nổi mẩn ngứa khủng khiếp. Nó đầy mụn đầu đen và mụn mủ. Da tôi cũng đang bị kích ứng.
Da liễu,"Sáng nay thức dậy, tôi thấy da mình nổi mẩn đỏ kinh khủng. Có nhiều mụn đầu đen và mụn mủ. Da tôi cũng đang bị kích ứng dữ dội."
Da liễu,"Sáng nay khi thức dậy, tôi phát hiện da mình bị nổi mẩn ngứa rất nặng. Có nhiều mụn mủ và mụn đầu đen khắp nơi. Da tôi cũng hay bị xê dịch liên tục."
Da liễu,Gần đây tôi bị phát ban ngứa dữ dội trên da. Có nhiều mụn mủ và mụn đầu đen khắp nơi. Da tôi cũng nổi nhiều mụn hơn.
Da liễu,"Sáng nay, tôi nhận ra mình bị phát ban khắp người. Có rất nhiều mụn mủ và mụn đầu đen khắp nơi, và da tôi ngứa ngáy khó chịu."
Da liễu,"Sáng nay thức dậy, tôi phát hiện toàn thân bị phát ban nghiêm trọng. Có rất nhiều mụn mủ và mụn đầu đen khắp nơi, da tôi ngứa ngáy khó chịu."
Da liễu,"Sáng nay thức dậy, tôi phát hiện toàn thân bị nổi mẩn đỏ nghiêm trọng. Da tôi chi chít mụn mủ và mụn đầu đen, và cảm giác ngứa ngáy khó chịu."
Da liễu,"Sáng nay, tôi thấy nổi mẩn đỏ khắp người. Trên mặt có rất nhiều mụn mủ và mụn đầu đen, da tôi ngứa ngáy khó chịu."
Da liễu,"Sáng nay tôi phát hiện mình bị phát ban khắp người. Mụn đầu đen và mụn mủ mọc nhiều, da tôi ngứa ngáy khó chịu."
Da liễu,"Hôm qua, tôi nhận thấy một vết phát ban lớn khắp da. Có rất nhiều mụn mủ và mụn đầu đen trên mặt, và da tôi ngứa ngáy khó chịu."
Da liễu,"Hôm qua tôi phát hiện một vết phát ban lớn trên da. Mặt tôi đầy mụn đầu đen và mụn mủ, và da tôi cứ ngứa ran khó chịu."
Da liễu,"Da tôi bị phát ban khủng khiếp, hoàn toàn không phải do di truyền. Mụn đầu đen và mụn mủ mọc đầy trên da. Thêm vào đó, da tôi khá nhạy cảm."
Da liễu,"Da tôi chỉ bị nổi mẩn ngứa không do di truyền. Có rất nhiều mụn mủ và mụn đầu đen. Hơn nữa, da tôi khá nhạy cảm."
Da liễu,"Sáng nay khi thức dậy, tôi thấy da mình bị phát ban nghiêm trọng. Có rất nhiều mụn mủ và mụn đầu đen khắp nơi. Da tôi cũng có nhiều biến chứng."
Da liễu,"Sáng nay khi thức dậy, tôi thấy da mình nổi mẩn đỏ khủng khiếp. Mụn đầu đen và mụn mủ mọc khắp nơi. Thêm vào đó, da tôi đang thay đổi rất nhiều."
Da liễu,"Gần đây tôi bị phát ban da rất khó chịu. Có mụn đầu đen và mụn mủ khắp nơi. Thêm vào đó, da tôi nổi nhiều mụn hơn."
Da liễu,Gần đây tôi bị phát ban ngứa trên da. Vùng da đó đầy mụn mủ và mụn đầu đen. Da tôi cũng khá nhạy cảm.
Hô hấp,"Tôi cảm thấy vô cùng mệt mỏi và yếu ớt, đồng thời ho rất nhiều và khó thở. Tôi bị sốt cao và ho ra rất nhiều đờm."
Hô hấp,Tôi bị ho dai dẳng và rất mệt mỏi. Tôi ho ra đờm đặc và sốt khá cao.
Hô hấp,"Tôi bị ho dai dẳng và cảm thấy rất mệt mỏi. Tôi bị sốt cao và khó thở. Mỗi khi ho, tôi cũng ho ra rất nhiều đờm."
Hô hấp,"Tôi đang gặp các vấn đề về mệt mỏi, ho khan và khó thở. Tôi bị sốt rất cao và ho ra rất nhiều đờm đặc, nhớt."
Hô hấp,"Tôi cảm thấy rất mệt mỏi và yếu ớt, lại còn bị ho nặng. Tôi bị sốt cao và thở nông. Mỗi khi ho, nước bọt cũng chảy ra rất nhiều."
Hô hấp,"Tôi bị buồn ngủ nhiều, ho dai dẳng và khó thở. Tôi ho ra rất nhiều đờm đặc và sốt cao."
Hô hấp,"Bác sĩ ơi, mấy ngày nay tôi bị sốt cao, nước bọt cũng đặc lại, ho khan, và thấy mệt mỏi."
Hô hấp,"Tôi bị ho kéo dài nhiều ngày, và tôi cảm thấy rất yếu và mệt mỏi. Tôi bị sốt cao, và khó thở. Mỗi khi ho, tôi cũng ho ra rất nhiều đờm."
Hô hấp,"Mẹ, bố, dạo này con thấy rất mệt mỏi và yếu, lại còn bị ho dai dẳng nữa. Con khó thở, lại còn sốt cao nữa. Mỗi khi ho con đều ra rất nhiều đờm."
Hô hấp,"Chào mẹ, chào bố, dạo này con thấy rất mệt mỏi và bị ho dai dẳng. Con thở nông, sốt cao. Con cũng ho ra rất nhiều đờm đặc, có chất nhầy."
Hô hấp,"Gần đây, tôi cảm thấy khá yếu và mệt mỏi, đồng thời bị ho dai dẳng không dứt. Tôi bị sốt rất cao, và khó thở. Tôi cũng ho ra rất nhiều đờm."
Hô hấp,"Tôi cảm thấy vô cùng yếu ớt và kiệt sức, đồng thời bị ho dai dẳng không dứt. Tôi bị sốt rất cao, và rất khó thở. Tôi ho ra rất nhiều đờm."
Hô hấp,"Dạo này tôi cảm thấy rất mệt mỏi và yếu ớt, lại còn bị ho dai dẳng không dứt. Tôi thở nông và sốt rất cao. Mỗi khi ho, tôi đều khạc ra rất nhiều đờm đặc, có chất nhầy."
Hô hấp,Tôi cảm thấy vô cùng mệt mỏi và bị ho dai dẳng. Tôi khó thở và sốt rất cao. Tôi cũng ho ra rất nhiều đờm.
Hô hấp,"Tôi đang phải vật lộn với tình trạng mệt mỏi và ho dai dẳng khiến tôi khó thở. Tôi bị sốt cao và ho ra rất nhiều đờm đặc, có chất nhầy."
Hô hấp,"Tôi bị ho dai dẳng không khỏi, và thở rất khó khăn. Tôi cũng bị sốt cao, và cảm thấy rất yếu và mệt mỏi. Tôi ho ra rất nhiều đờm."
Hô hấp,"Tôi bị sốt cao, ho dai dẳng và khó thở. Tôi cũng khạc ra rất nhiều đờm đặc, có chất nhầy, và cảm thấy rất mệt mỏi và yếu ớt."
Hô hấp,"Tôi bị khó thở, ho dai dẳng và kiệt sức. Tôi ho ra rất nhiều đờm đặc, có chất nhầy và bị sốt rất cao. Tôi cảm thấy vô cùng mệt mỏi và kiệt sức vì phải đối phó với tất cả những điều này."
Hô hấp,"Tôi bị ho dai dẳng mấy ngày nay và khó thở. Tôi sốt cao, lại còn cảm thấy rất yếu và mệt mỏi. Tôi cũng ho ra rất nhiều đờm, và việc phải đối phó với tất cả các triệu chứng này thật sự quá sức chịu đựng. Tôi đang rất bực bội vì tất cả những điều này."
Hô hấp,"Tôi bị ho dai dẳng mấy ngày nay rồi, và tôi cũng gặp khó khăn trong việc thở. Tôi rất yếu và kiệt sức, lại còn sốt cao nữa. Thật khó để chịu đựng tất cả những triệu chứng này, và tôi cũng ho ra rất nhiều đờm. Tôi đang ngày càng tức giận vì mọi chuyện."
Hô hấp,"Tôi đang gặp khó khăn trong việc thở, ho liên tục và mệt mỏi. Tôi bị sốt rất cao và ho ra rất nhiều đờm đặc, có chất nhầy. Thật khó để đối phó với tất cả những điều này, và tôi cảm thấy vô cùng kiệt sức và mệt mỏi."
Hô hấp,"Tôi bị khó thở, ho dai dẳng và kiệt sức. Tôi ho ra rất nhiều đờm đặc, có chất nhầy và bị sốt rất cao. Tôi cảm thấy vô cùng mệt mỏi và kiệt sức vì phải đối phó với tất cả những điều này."
Hô hấp,"Dạo này tôi cảm thấy rất khó chịu. Tôi bị ho dai dẳng, khó thở và sốt cao. Tôi cũng cảm thấy vô cùng mệt mỏi và ho ra rất nhiều đờm. Thật sự rất khó khăn để đối phó với tất cả các triệu chứng này."
Hô hấp,"Gần đây, tôi cảm thấy rất tệ. Tôi bị sốt cao, ho dai dẳng và khó thở. Tôi ho ra rất nhiều đờm và cũng cảm thấy rất mệt mỏi. Việc đối phó với tất cả các triệu chứng này khá khó khăn."
Hô hấp,"Tôi bị sốt, ho dai dẳng và khó thở. Thêm vào đó, tôi ho ra rất nhiều đờm đặc và cảm thấy rất mệt mỏi và yếu ớt."
Hô hấp,"Chào, tôi bị ho khan, khó thở, kèm theo sốt cao. Tôi cũng bị tiết nhiều đờm và cảm thấy vô cùng yếu ớt và mệt mỏi."""
Hô hấp,"Gần đây, tôi gặp phải một số triệu chứng đáng lo ngại, bao gồm ho khan, khó thở, sốt cao và nhiều đờm. Tôi cũng cảm thấy rất yếu và mệt mỏi."
Hô hấp,"Hiện tại tôi đang gặp phải một số vấn đề sức khỏe, bao gồm ho khan, khó thở, sốt cao và tăng tiết dịch nhầy. Tôi cũng cảm thấy rất yếu và mệt mỏi."
Hô hấp,"Đã một tuần rồi, tôi liên tục gặp các vấn đề về sức khỏe như ho khan, khó thở, mệt mỏi suốt cả ngày."
Hô hấp,"Bác sĩ ơi, mấy ngày nay tôi không thở được bình thường, phải nằm liệt giường vì sốt cao, ho ra rất nhiều đờm. Xin bác sĩ cho tôi vài loại thuốc ạ."
Hô hấp,"Tôi bị khó thở, ho dai dẳng và sốt cao. Tôi cũng khạc ra rất nhiều đờm đặc, có chất nhầy, và cảm thấy vô cùng mệt mỏi và kiệt sức. Thật khó để đối phó với tất cả những điều này."
Hô hấp,"Tôi rất yếu và kiệt sức, lại còn sốt cao nữa. Thật khó để chịu đựng tất cả những triệu chứng này, và tôi cũng ho ra rất nhiều đờm. Tôi đang trở nên rất tức giận vì mọi chuyện."
Hô hấp,"Tôi phải thú nhận rằng tôi đang bị khó thở, ho dai dẳng và sốt cao. Tôi cũng khạc ra rất nhiều đờm đặc, có chất nhầy, và cảm thấy khá mệt mỏi và kiệt sức. Tất cả những điều này khá khó khăn để đối phó, và hiện tại tôi đang cảm thấy khá ốm yếu."
Hô hấp,"Tôi phải thừa nhận rằng tôi bị sốt cao, ho dai dẳng và khó thở. Thêm vào đó, tôi ho ra rất nhiều nước bọt đặc và cảm thấy vô cùng mệt mỏi và kiệt sức."
Hô hấp,"Tôi đang gặp khó khăn với chứng ho dai dẳng, khó thở và mệt mỏi. Tôi bị sốt cao và ho ra rất nhiều đờm đặc, có chất nhầy. Tất cả những điều này khiến tôi khá kiệt sức và mệt mỏi, và hiện tại tôi đang cảm thấy rất ốm."
Hô hấp,"Tôi đang phải vật lộn với chứng ho dai dẳng, khó thở và kiệt sức. Tôi ho ra rất nhiều đờm đặc, có chất nhầy và bị sốt cao. Tất cả những điều này thực sự khiến tôi mệt mỏi và kiệt sức, và hiện tại tôi cảm thấy khá ốm yếu."
Hô hấp,"Tôi bị ho nặng, khó thở và buồn ngủ. Tôi ho ra rất nhiều đờm đặc, có chất nhầy và bị sốt cao. Tất cả những điều này thực sự khiến tôi mệt mỏi và kiệt sức, và hiện tại tôi cảm thấy khá ốm yếu."
Hô hấp,"Cơn ho dai dẳng, khó thở và mệt mỏi đang khiến mọi việc trở nên khó khăn đối với tôi. Tôi liên tục khạc ra rất nhiều đờm đặc, có chất nhầy, đồng thời bị sốt cao. Hiện tại tôi cảm thấy khá ốm yếu vì mọi thứ đều quá mệt mỏi và kiệt sức."
Hô hấp,"Tôi đang rất mệt mỏi vì ho dai dẳng, các vấn đề về hô hấp và kiệt sức. Tôi bị sốt cao và ho ra rất nhiều đờm đặc, có chất nhầy. Hiện tại tôi cảm thấy khá ốm yếu vì mọi thứ đều khiến tôi kiệt sức và mệt mỏi."
Hô hấp,"Tôi sốt cao, lại còn yếu ớt và mệt mỏi nữa. Tôi ho ra rất nhiều đờm, và việc chịu đựng tất cả những triệu chứng này thực sự rất khó khăn. Mọi thứ đều khiến tôi rất khó chịu."
Hô hấp,"Bác sĩ ơi, do sốt cao nên mấy ngày nay tôi không thở được bằng mũi hay miệng và cảm thấy rất mệt mỏi. Xin bác sĩ tư vấn cho tôi một số loại thuốc."
Hô hấp,"Chào mọi người, tôi bị ho khan, khó thở và sốt cao. Tôi tiết ra rất nhiều đờm và cảm thấy khá yếu và mệt mỏi."
Hô hấp,"Tôi bị ho không ngừng mấy ngày nay rồi, và tôi cũng gặp vấn đề về hô hấp. Tôi sốt cao, lại còn rất yếu và mệt mỏi. Tất cả những triệu chứng này thực sự rất khó kiểm soát đối với tôi."
Hô hấp,"Ngoài buồn ngủ, tôi còn gặp khó khăn trong việc thở do ho dai dẳng. Tôi ho ra rất nhiều đờm đặc, có chất nhầy và bị sốt cao."
Hô hấp,"Tôi bị khó thở, ho liên tục và cảm thấy kiệt sức. Tôi bị sốt rất cao và ho ra rất nhiều đờm đặc. Tôi cảm thấy vô cùng mệt mỏi và kiệt sức vì phải cố gắng đối phó với mọi thứ."
Hô hấp,"Tôi bị khó thở, ho mãn tính và mệt mỏi. Tôi ho ra rất nhiều đờm đặc, có chất nhầy, đồng thời bị sốt cao. Vì phải đối phó với tất cả những điều này, tôi cảm thấy vô cùng kiệt sức và mệt mỏi."
Hô hấp,"Chào mẹ và bố, dạo gần đây con cảm thấy vô cùng mệt mỏi và bị ho dai dẳng. Con bị sốt cao và thở nông. Thêm vào đó, con ho ra rất nhiều đờm đặc."
Hô hấp,"Bác sĩ ơi, do sốt cao, mấy ngày nay tôi không thở được bằng mũi hay miệng và cảm thấy rất mệt mỏi. Thỉnh thoảng cũng có dịch nhầy. Xin bác sĩ tư vấn cho tôi một số loại thuốc."
Hô hấp,"Tôi đã gặp các vấn đề sức khỏe kéo dài cả tuần nay, bao gồm ho khan, khó thở và suy nhược toàn thân."
Tim mạch,"Tôi bị đau đầu, đau ngực, chóng mặt và khó giữ thăng bằng. Tôi cũng cảm thấy khó tập trung."
Tim mạch,"Ngoài đau đầu, đau ngực, mất thăng bằng và các vấn đề về vận động, tôi còn cảm thấy chóng mặt. Tôi cũng nghĩ mình đang gặp khó khăn trong việc tập trung."
Tim mạch,"Ngoài đau đầu, đau ngực, mất thăng bằng và các vấn đề về vận động, tôi còn cảm thấy không khỏe. Tôi cũng nghĩ mình đang gặp khó khăn trong việc tập trung."
Tim mạch,"Ngoài đau đầu, đau ngực, mất thăng bằng và các vấn đề về vận động, tôi cũng cảm thấy không khỏe. Tôi nghĩ mình cũng đang gặp khó khăn trong việc tập trung."
Tim mạch,"Tôi đang gặp các vấn đề về thăng bằng, đau đầu, đau ngực và chóng mặt. Khả năng tập trung của tôi cũng trở nên khó khăn."
Tim mạch,"Tôi bị đau đầu, đau ngực, chóng mặt và mất thăng bằng. Tôi cũng khó tập trung."
Tim mạch,"Tôi gặp khó khăn khi đi lại, đau đầu, đau ngực và chóng mặt. Khả năng tập trung của tôi cũng bị ảnh hưởng."
Tim mạch,"Tôi bị mất thăng bằng, đau đầu, đau ngực và chóng mặt. Khả năng tập trung của tôi cũng gặp vấn đề."
Tim mạch,"Khả năng phối hợp của tôi bị suy giảm, và tôi bị đau đầu, đau ngực và chóng mặt. Thêm vào đó, tôi gặp khó khăn trong việc tập trung."
Tim mạch,"Các triệu chứng của tôi bao gồm đau đầu, đau ngực, chóng mặt, mất thăng bằng và khó tập trung."
Tim mạch,"Tôi đang gặp phải các triệu chứng như đau đầu, đau ngực, chóng mặt, mất thăng bằng và khó tập trung."
Tim mạch,"Tôi đang gặp phải các triệu chứng bao gồm đau đầu, đau ngực, chóng mặt, mất thăng bằng và khó tập trung."
Tim mạch,"Tôi đang gặp phải một số triệu chứng như đau đầu, khó chịu ở ngực, chóng mặt, mất thăng bằng và khó tập trung."
Tim mạch,"Ngoài đau đầu và đau ngực, tôi còn bị ngất xỉu và mất thăng bằng. Thêm vào đó, tôi nhận thấy mình khó tập trung."
Tim mạch,"Gần đây tôi bị mất thăng bằng, đau đầu, đau ngực và chóng mặt. Tôi cũng nhận ra mình khó tập trung hơn."
Tim mạch,"Tôi bị mất thăng bằng, đau đầu, đau ngực và chóng mặt. Tôi cũng nhận thấy mình khó tập trung."
Tim mạch,"Tôi đang gặp các vấn đề về thăng bằng, đau ngực, đau đầu và đau nhức toàn thân. Tôi cũng khó tập trung."
Tim mạch,"Tôi bị đau ngực, chóng mặt và đau đầu, cảm giác như có áp lực liên tục ở trán."
Tim mạch,"Tôi cảm thấy choáng váng và không vững, đồng thời nhận thấy khả năng tập trung của mình giảm sút."
Tim mạch,"Tôi bị chóng mặt và run rẩy, cũng như giảm khả năng tập trung."
Tim mạch,"Tôi bị chóng mặt và lo lắng, cũng như mất tập trung và khả năng chú ý kém."
Tim mạch,"Tôi bị đau ngực dữ dội, đau đầu dai dẳng và cảm thấy chóng mặt, không vững."
Tim mạch,"Tôi bị đau ngực dữ dội, đau đầu dai dẳng không dứt, và cảm thấy chóng mặt, không vững."
Tim mạch,"Ngoài đau ngực, chóng mặt và đau đầu dữ dội, tôi còn gặp rất nhiều khó khăn khác."
Tim mạch,"Tôi đang phải vật lộn với cơn đau đầu dữ dội, cảm giác như có một dải băng siết chặt quanh đầu, kèm theo đau ngực và chóng mặt."
Tim mạch,"Tôi đang gặp vấn đề về thăng bằng, ngoài ra còn cảm thấy mất phương hướng và chóng mặt. Tôi cũng bị đau đầu liên tục."
Tim mạch,"Tôi cảm thấy mất phương hướng và chóng mặt, đồng thời khó giữ thăng bằng. Cơn đau đầu cũng liên tục xuất hiện."
Tim mạch,"Tôi đang gặp vấn đề về thăng bằng, kèm theo cảm giác chóng mặt và choáng váng. Thêm vào đó, khả năng tập trung của tôi cũng giảm sút."
Tim mạch,"Ngoài cảm giác chóng mặt và choáng váng, tôi còn gặp khó khăn trong việc giữ thăng bằng. Tôi cũng nhận thấy khả năng tập trung của mình đang giảm sút."
Tim mạch,"Tôi bị đau đầu dữ dội ở thái dương, kèm theo đau ngực và chóng mặt."
Tim mạch,"Ngoài đau ngực và chóng mặt, tôi còn bị đau đầu, cảm giác như một cơn đau nhói ở trán."
Tim mạch,"Cả ngày hôm nay tôi vẫn cảm thấy khỏe, nhưng đột nhiên bị đau đầu, đau ngực và chóng mặt khi đang đi dạo. Từ đó đến giờ tôi khó tập trung."
Tim mạch,"Trong lúc đi dạo, tôi đột nhiên bị đau đầu, đau ngực và chóng mặt sau khi cả ngày hôm đó cảm thấy hoàn toàn khỏe mạnh. Từ đó, tôi gặp khó khăn trong việc tập trung."
Tim mạch,"Sáng nay tôi thức dậy với cơn đau đầu và đau ngực, và càng về cuối ngày, tôi càng cảm thấy chóng mặt và không vững."
Tim mạch,"Sáng nay tôi bị đau đầu và đau ngực, và càng về cuối ngày, tôi càng cảm thấy không vững và mất thăng bằng."
Tim mạch,"Tôi bị đau đầu và đau ngực mấy ngày nay rồi, nhưng hôm nay chứng chóng mặt và mất thăng bằng trở nên nghiêm trọng hơn nhiều."
Tim mạch,"Mấy ngày nay tôi bị đau đầu và đau ngực, nhưng hôm nay chứng chóng mặt và mất thăng bằng trở nên nghiêm trọng hơn nhiều."
Tim mạch,"Tôi đang làm việc thì bắt đầu cảm thấy đau đầu, đau ngực và chóng mặt. Từ đó đến nay, tôi khó tập trung vào công việc của mình."
Tim mạch,"Lần đầu tiên tôi bị đau đầu, đau ngực và chóng mặt là khi đang ở chỗ làm. Từ đó, tôi gặp khó khăn trong việc tập trung vào công việc."
Tim mạch,"Tôi đang tập luyện thì đột nhiên bị đau đầu, đau ngực và chóng mặt. Từ đó đến nay, tôi rất khó giữ thăng bằng."
Tim mạch,"Ngay khi đang tập luyện, tôi lập tức bị đau đầu, đau ngực và chóng mặt. Từ đó, việc giữ thăng bằng trở nên khó khăn đối với tôi."
Tim mạch,"Cả ngày hôm nay tôi vẫn cảm thấy khỏe, nhưng đột nhiên bị đau đầu, đau ngực và chóng mặt khi đang lái xe về nhà từ chỗ làm. Từ đó trở đi, tôi khó tập trung khi lái xe."
Tim mạch,"Tôi cảm thấy khỏe cả ngày, nhưng khi đang lái xe về nhà từ chỗ làm, tôi đột nhiên bắt đầu bị đau đầu, khó chịu ở ngực và chóng mặt. Từ đó, tôi gặp khó khăn trong việc tập trung khi lái xe."
Tim mạch,"Tôi đang đi mua sắm thì bắt đầu cảm thấy đau đầu, đau ngực và chóng mặt. Từ đó đến nay, tôi khó tập trung vào công việc của mình."
Tim mạch,"Lần đầu tiên tôi bị đau đầu, đau ngực và chóng mặt là khi đang đi mua sắm. Từ đó, tôi gặp khó khăn trong việc tập trung vào công việc."
Tim mạch,"Sáng nay tôi thức dậy cảm thấy khỏe khoắn, nhưng càng về cuối ngày, tôi bắt đầu bị đau đầu, đau ngực và chóng mặt. Từ đó, tôi khó tập trung vào công việc."
Tim mạch,"Tôi cảm thấy khỏe khoắn khi thức dậy sáng nay, nhưng càng về cuối ngày, tôi bắt đầu cảm thấy đau đầu, buồn nôn và chóng mặt. Từ đó, tôi gặp khó khăn trong việc tập trung vào công việc."
Tim mạch,"Tôi đang tham dự một cuộc họp thì đột nhiên bị đau đầu, đau ngực và chóng mặt. Từ đó đến nay, tôi khó tập trung vào cuộc thảo luận."
Tim mạch,"Tôi đột nhiên bị đau đầu, đau ngực và chóng mặt giữa chừng một hội nghị. Từ đó, tôi gặp khó khăn trong việc tập trung vào chủ đề."
Tim mạch,"Tôi cảm thấy khỏe cả ngày, nhưng đột nhiên bị đau đầu, đau ngực và chóng mặt khi đang chạy bộ. Từ đó trở đi, tôi khó giữ thăng bằng."
Thần kinh,"Tôi bị ợ chua và khó tiêu sau bữa ăn, cũng như thường xuyên đau đầu và nhìn mờ."
Thần kinh,"Gần đây tôi thường xuyên bị đau đầu và nhìn mờ, cũng như trào ngược axit và khó tiêu sau bữa ăn."
Thần kinh,"Tôi đang gặp vấn đề về thị lực, nhìn mọi vật bị méo mó và gặp các rối loạn thị giác."
Thần kinh,"Tôi đang gặp phải các vấn đề về thị giác, nhìn mọi vật bị méo mó và các vấn đề về thị lực."
Thần kinh,"Tôi đang gặp phải các vấn đề về thị giác, nhìn mọi vật bị méo mó và khó khăn về thị lực."
Thần kinh,"Tôi cảm thấy đói cồn cào, ngay cả sau khi đã ăn, và bị cứng cổ."
Thần kinh,"Dạo này tôi hay cáu kỉnh và ủ rũ, và tôi cũng nhận thấy thị lực của mình có sự thay đổi."
Thần kinh,"Tôi cảm thấy chán nản và dễ cáu gắt, đồng thời nhận thấy thị lực của mình cũng có sự thay đổi."
Thần kinh,"Dạo này tôi cảm thấy cáu kỉnh và chán nản, đồng thời cũng nhận thấy thị lực của mình có sự thay đổi."
Thần kinh,"Ngoài chứng đau đầu tái phát và mờ mắt, tôi còn bị trào ngược axit và khó tiêu hóa thức ăn."
Thần kinh,"Tôi bị trào ngược axit và khó tiêu, kèm theo đau đầu thường xuyên và thị lực suy giảm."
Thần kinh,"Tôi luôn cảm thấy đói và bị đau cổ, cũng như gặp vấn đề về thị lực."
Thần kinh,"Ngoài chứng cứng cổ và các vấn đề về mắt, tôi còn luôn cảm thấy đói."
Thần kinh,"Tôi đang gặp phải các vấn đề như ợ chua, khó tiêu, đau đầu, nhìn mờ và méo mó, cũng như cảm giác đói dữ dội, cứng cổ, trầm cảm, cáu gắt và rối loạn thị giác."
Thần kinh,"Bên cạnh chứng thèm ăn quá mức, cứng cổ, trầm cảm, thiếu kiên nhẫn và rối loạn thị giác, tôi còn bị khó tiêu, đau đầu, nhìn mờ và trào ngược axit."
Thần kinh,"Bên cạnh chứng thèm ăn quá mức, cứng cổ, trầm cảm, thiếu kiên nhẫn và rối loạn thị giác, tôi còn bị khó tiêu, đau đầu, nhìn mờ và các vấn đề về dạ dày."
Thần kinh,"Tôi bị trào ngược axit, khó tiêu, đau đầu thường xuyên, suy giảm thị lực, cũng như cảm giác đói quá mức, đau cổ, trầm cảm, cáu gắt và rối loạn thị giác."
Thần kinh,"Cùng với cảm giác đói cồn cào, đau cổ, buồn bã, thiếu kiên nhẫn và thị giác bị méo mó, tôi cũng bị trào ngược axit, khó tiêu, đau đầu thường xuyên và nhìn mờ."
Thần kinh,"Cùng với cảm giác đói tăng lên, đau cổ, lo lắng, cáu gắt và thị giác bị méo mó, tôi cũng đang gặp phải chứng trào ngược axit, khó tiêu, đau đầu thường xuyên và thị lực suy giảm."
Thần kinh,"Tôi đang gặp các vấn đề về tiêu hóa, bao gồm chứng ợ chua và khó tiêu, cũng như thường xuyên đau đầu và thị lực bị méo mó, cảm giác đói quá mức, cứng cổ, trầm cảm, cáu gắt và rối loạn thị giác."
Thần kinh,"Ngoài những cơn đau đầu tái phát và nhìn mờ, tôi còn bị tăng cảm giác thèm ăn, cứng cổ, buồn bã, cáu gắt và rối loạn thị giác, cùng với các vấn đề về dạ dày, bao gồm khó tiêu và ợ chua."
Thần kinh,"Ngoài những cơn đau đầu thường xuyên và mờ mắt, tôi còn bị tăng cảm giác thèm ăn, cứng cổ, lo lắng, cáu gắt và rối loạn thị giác, cùng với các vấn đề về dạ dày, bao gồm khó tiêu và trào ngược axit."
Thần kinh,"Tôi đang phải vật lộn với chứng trào ngược axit, khó tiêu và đau đầu, cũng như thị lực mờ và méo mó, cảm giác đói quá mức, đau cổ, trầm cảm, cáu gắt và rối loạn thị giác."
Thần kinh,"Bên cạnh các triệu chứng như đau đầu, khó tiêu, trào ngược axit, thèm ăn quá mức, đau cổ, buồn bã, thiếu kiên nhẫn và rối loạn thị giác, tôi cũng đang gặp phải tình trạng nhìn mờ và méo mó."
Thần kinh,"Cùng với các triệu chứng như đau đầu, khó tiêu, trào ngược axit, thèm ăn quá mức, đau cổ, buồn bã, thiếu kiên nhẫn và rối loạn thị giác, tôi cũng cảm thấy thị lực bị mờ và méo mó."
Thần kinh,"Tôi đang gặp các vấn đề về tiêu hóa, bao gồm chứng ợ chua và khó tiêu, cũng như thường xuyên đau đầu và suy giảm thị lực, cảm giác đói quá mức, cứng cổ, trầm cảm, cáu gắt và rối loạn thị giác."
Thần kinh,"Tôi đang gặp phải một số vấn đề về tiêu hóa như ợ chua và khó tiêu, cùng với các triệu chứng như đau đầu thường xuyên, nhìn mờ, tăng cảm giác đói, cứng cổ, buồn bã, thiếu kiên nhẫn và rối loạn thị giác."
Thần kinh,"Tôi bị trào ngược axit, khó tiêu, đau đầu thường xuyên, cũng như thị lực bị méo mó, cảm giác đói quá mức, đau cổ, trầm cảm, cáu gắt và rối loạn thị giác."
Thần kinh,"Cùng với thị lực bị suy giảm, thèm ăn quá mức, đau cổ, tâm trạng chán nản, dễ cáu gắt và đau đầu thường xuyên, tôi cũng bị trào ngược axit, khó tiêu và đau đầu liên tục."
Thần kinh,"Bên cạnh thị lực bị suy giảm, thèm ăn quá mức, đau cổ, lo lắng, cáu gắt và đau đầu thường xuyên, tôi cũng đang phải vật lộn với chứng trào ngược axit, khó tiêu và đau đầu thường xuyên."
Thần kinh,"Tôi bị chứng ợ chua, khó tiêu, đau đầu thường xuyên, cũng như nhìn mờ và méo mó, đói bụng quá mức, cứng cổ, trầm cảm, cáu gắt và rối loạn thị giác."
Thần kinh,"Tôi bị khó chịu do axit dạ dày, khó tiêu, đau đầu thường xuyên, thị lực mờ và méo mó, thèm ăn nhiều, cứng cổ, trầm cảm, cáu gắt và thị giác bị biến dạng."
Thần kinh,"Tôi đang gặp vấn đề về tiêu hóa, bao gồm trào ngược axit và khó tiêu, cũng như đau đầu thường xuyên và thị lực suy giảm, cảm giác đói quá mức, đau cổ, trầm cảm, cáu gắt và rối loạn thị giác."
Thần kinh,"Tôi thường xuyên bị đau đầu, nhìn mờ, thèm ăn quá mức, đau cổ, buồn bã, cáu gắt và các vấn đề về tiêu hóa bao gồm khó tiêu và trào ngược axit."
Thần kinh,"Tôi thường xuyên bị đau đầu, nhìn mờ, thèm ăn quá mức, đau cổ, lo lắng, cáu gắt và các vấn đề về tiêu hóa bao gồm khó tiêu và trào ngược axit."
Thần kinh,"Tôi đang gặp phải các vấn đề như ợ chua, khó tiêu, đau đầu, cũng như nhìn mờ và méo mó, đói bụng quá mức, cứng cổ, trầm cảm, cáu gắt và rối loạn thị giác."
Thần kinh,"Cùng với chứng thèm ăn quá mức, cứng cổ, đau đầu, khó tiêu và trào ngược axit, tôi cũng đang trải qua cảm giác buồn bã, thiếu kiên nhẫn và thị giác bị méo mó."
Thần kinh,"Tôi bị trào ngược axit, khó tiêu, đau đầu thường xuyên, cũng như thị lực bị méo mó, cảm giác đói quá mức, đau cổ, trầm cảm, cáu gắt và rối loạn thị giác."
Thần kinh,"Bên cạnh thị lực suy giảm, cảm giác thèm ăn tăng lên, đau cổ, tâm trạng chán nản, thiếu kiên nhẫn và thường xuyên đau đầu, tôi cũng bị ợ nóng, trào ngược axit và khó tiêu."
Thần kinh,"Bên cạnh thị lực suy giảm, ăn uống quá độ, đau cổ, tâm trạng chán nản, thiếu kiên nhẫn và đau đầu liên tục, tôi còn phải đối mặt với chứng ợ nóng, trào ngược axit và khó tiêu."
Thần kinh,"Tôi đang gặp phải các vấn đề như ợ chua, khó tiêu, đau đầu, nhìn mờ và méo mó, cũng như cảm giác đói quá mức, cứng cổ, trầm cảm, cáu gắt và rối loạn thị giác. Những triệu chứng này đang ảnh hưởng đến cuộc sống hàng ngày và gây khó chịu cho tôi."
Thần kinh,"Cùng với chứng thèm ăn quá mức, cứng cổ, trầm cảm, thiếu kiên nhẫn và rối loạn thị giác, tôi còn bị khó tiêu, đau đầu, nhìn mờ và trào ngược axit. Những triệu chứng này đang làm phiền tôi và ảnh hưởng đến các hoạt động thường ngày."
Thần kinh,"Bên cạnh chứng thèm ăn quá mức, căng cứng cổ, trầm cảm, cáu gắt và rối loạn thị giác, tôi còn bị khó tiêu, đau đầu, nhìn mờ và trào ngược axit. Những triệu chứng này làm tôi khó chịu và ảnh hưởng đến các hoạt động thường ngày."
Thần kinh,"Tôi bị trào ngược axit, khó tiêu, đau đầu thường xuyên, cũng như thị lực suy giảm, cảm giác đói quá mức, đau cổ, trầm cảm, cáu gắt và rối loạn thị giác. Những triệu chứng này gây ra cho tôi rất nhiều phiền toái và khiến tôi khó khăn trong các hoạt động hàng ngày."
Thần kinh,"Bên cạnh các vấn đề về thị lực, tăng cảm giác thèm ăn, đau cổ, tâm trạng chán nản, dễ cáu gắt và đau đầu thường xuyên, tôi còn bị trào ngược axit, khó tiêu và đau nửa đầu thường xuyên. Các hoạt động thường ngày của tôi trở nên khó khăn hơn do những triệu chứng này, gây ra cho tôi rất nhiều phiền muộn."
Thần kinh,"Bên cạnh các vấn đề về thị lực, tăng cảm giác thèm ăn, đau cổ, tâm trạng chán nản, dễ cáu gắt và đau đầu thường xuyên, tôi còn bị trào ngược axit, khó tiêu và chóng mặt thường xuyên. Các hoạt động thường ngày của tôi trở nên khó khăn hơn do những triệu chứng này, gây ra cho tôi rất nhiều phiền muộn."
Thần kinh,"Tôi đang phải vật lộn với chứng trào ngược axit, khó tiêu, đau đầu, cũng như thị lực mờ và méo mó, cảm giác đói quá mức, đau cổ, trầm cảm, cáu gắt và rối loạn thị giác. Những triệu chứng này đã gây ra cho tôi rất nhiều vấn đề và khiến tôi khó tập trung và hoạt động bình thường."
Cơ xương khớp,"Tôi bị đau lưng dữ dội, ho dai dẳng và yếu tay chân. Cổ tôi cũng đau và tôi cảm thấy chóng mặt, mất thăng bằng."
Cơ xương khớp,"Bên cạnh chứng ho mãn tính và yếu tay chân, tôi còn bị đau lưng dữ dội. Tôi cũng bị đau cổ, chóng mặt và mất thăng bằng."
Cơ xương khớp,"Tôi bị đau lưng, ho khan và yếu tay chân. Thêm vào đó, tôi bị đau cổ và gặp vấn đề về chóng mặt, khó giữ thăng bằng."
Cơ xương khớp,"Tôi bị đau lưng, ho khan và tê tay chân. Thêm vào đó, cổ tôi cũng đau, và tôi khó giữ thăng bằng, dễ bị chóng mặt."
Cơ xương khớp,"Tôi bị đau lưng, ho liên tục và tê tay chân. Thêm vào đó, cổ tôi cũng đau, và tôi khó giữ thăng bằng, dễ bị chóng mặt."
Cơ xương khớp,"Tôi thường xuyên bị đau nhức, ho và tê tay chân. Thêm vào đó, cổ tôi cũng đau, và tôi khó giữ thăng bằng, dễ bị chóng mặt."
Cơ xương khớp,"Tôi đang phải vật lộn với chứng đau lưng, ho dai dẳng và yếu tay chân. Cổ tôi cũng đau và tôi gặp vấn đề về chóng mặt và mất thăng bằng."
Cơ xương khớp,"Tôi bị đau lưng, ho dai dẳng và yếu chân tay. Tôi cũng bị chóng mặt, mất thăng bằng và đau cổ."
Cơ xương khớp,"Tôi bị đau lưng, khó thở và yếu tay chân. Tôi cũng bị chóng mặt, mất thăng bằng và đau cổ."
Cơ xương khớp,"Tôi bị đau lưng dữ dội, ho khan và yếu tay chân. Cổ tôi cũng đau và tôi cảm thấy chóng mặt, không vững khi đi lại."
Cơ xương khớp,"Tôi đang phải vật lộn với chứng đau lưng dữ dội, ho khan và yếu tay chân. Tôi cảm thấy chóng mặt và loạng choạng, cổ cũng đau."
Cơ xương khớp,"Tôi đang phải vật lộn với chứng đau lưng, ho khan và yếu tay chân. Tôi cảm thấy chóng mặt và không vững, cổ cũng đau."
Cơ xương khớp,"Tôi đang phải vật lộn với chứng đau lưng, ho mãn tính và yếu tay chân. Tôi cảm thấy mất phương hướng và yếu chân, cổ cũng đau."
Cơ xương khớp,"Tôi bị đau lưng, ho có đờm và yếu tay chân. Cổ tôi cũng bị đau và tôi gặp vấn đề về chóng mặt và mất thăng bằng."
Cơ xương khớp,"Tôi bị đau lưng, ho có đờm và yếu chân tay. Tôi cũng lo lắng về khả năng giữ thăng bằng, chóng mặt và đau cổ."
Cơ xương khớp,"Tôi bị đau lưng, khó thở và yếu tay chân. Tôi cũng gặp vấn đề về thăng bằng, chóng mặt và đau cổ."
Cơ xương khớp,"Tôi đang phải vật lộn với chứng đau lưng, ho dai dẳng và yếu cơ. Cổ tôi cũng đau và tôi gặp vấn đề về chóng mặt và mất thăng bằng."
Cơ xương khớp,"Tôi bị đau lưng, ho dai dẳng và yếu cơ. Tôi cũng bị chóng mặt, mất thăng bằng và đau cổ."
Cơ xương khớp,"Tôi bị đau lưng, ho mãn tính và yếu cơ. Tôi cũng lo lắng về tình trạng chóng mặt, mất thăng bằng và đau cổ."
Cơ xương khớp,"Tôi bị đau lưng dữ dội, ho dai dẳng và yếu tay chân. Cổ tôi cũng đau và tôi cảm thấy chóng mặt, mất thăng bằng."
Cơ xương khớp,"Tôi bị ho từng cơn, đau lưng dữ dội và yếu tay chân. Tôi cũng bị đau cổ, chóng mặt và mất thăng bằng."
Cơ xương khớp,"Tôi bị ho từng cơn, đau lưng dữ dội và yếu tay chân. Tôi cũng bị đau cổ, chóng mặt và mất thăng bằng."
Cơ xương khớp,"Tôi bị đau lưng, ho dai dẳng và yếu tay chân. Cổ tôi cũng đau và tôi gặp vấn đề về chóng mặt và mất thăng bằng."
Cơ xương khớp,"Tôi bị đau lưng, ho dai dẳng và tê tay chân. Tôi khó giữ thăng bằng, thường xuyên bị chóng mặt và đau cổ."
Cơ xương khớp,"Tôi bị đau lưng, ho khan và cứng khớp ở tay chân. Tôi gặp khó khăn trong việc giữ thăng bằng, bị chóng mặt và đau cổ."
Cơ xương khớp,"Tôi bị đau lưng, ho dai dẳng và tê tay chân. Tôi gặp khó khăn trong việc giữ thăng bằng và kiểm soát chứng chóng mặt, và cổ tôi cũng bị đau."
Cơ xương khớp,"Tay chân tôi bị yếu, và tôi bị đau lưng cùng với ho dai dẳng. Ngoài ra, tôi còn bị đau cổ và mất thăng bằng, cũng như chóng mặt."
Cơ xương khớp,"Tôi bị đau lưng, ho dai dẳng và yếu tay chân. Gần đây tôi cũng bị đau cổ, mất thăng bằng và chóng mặt."
Cơ xương khớp,"Tôi bị đau lưng, ho khan và yếu cơ. Cổ tôi cũng bị đau và tôi cảm thấy chóng mặt, không vững khi đi lại."
Cơ xương khớp,"Tôi bị đau lưng, ho khan và yếu cơ. Cổ tôi cũng đau, và tôi cảm thấy chóng mặt và run rẩy."
Cơ xương khớp,"Tôi bị suy yếu cơ bắp, đau lưng và ho khan. Tôi cũng bị đau cổ, cảm thấy chóng mặt và không vững khi đi lại."
Cơ xương khớp,"Cơ bắp của tôi không được khỏe lắm, và tôi bị đau lưng. Tôi cảm thấy chóng mặt và không vững, cổ cũng đau."
Cơ xương khớp,"Tôi bị đau lưng, ho khan và yếu cơ. Tôi cũng bị đau cổ, chóng mặt và khó đứng yên."
Cơ xương khớp,"Tôi đang phải vật lộn với chứng đau lưng dữ dội, ho mãn tính và yếu tay chân. Cổ tôi cũng bị đau và tôi gặp vấn đề về chóng mặt và mất thăng bằng."
Cơ xương khớp,"Tôi bị đau lưng dữ dội, ho dai dẳng và yếu tay chân. Tôi cũng bị chóng mặt, mất thăng bằng và đau cổ."
Cơ xương khớp,"Tôi bị đau lưng dữ dội, ho dai dẳng và tê tay chân. Tôi cũng gặp vấn đề về chóng mặt và mất thăng bằng, và đau cổ."
Cơ xương khớp,"Ngoài ho dai dẳng, yếu tay chân và đau lưng dữ dội, tôi còn gặp rất nhiều khó khăn. Tôi bị chóng mặt và mất thăng bằng, cổ cũng bị đau."
Cơ xương khớp,"Tôi bị đau lưng dữ dội, ho có đờm và yếu cơ. Cổ tôi cũng đau và tôi cảm thấy chóng mặt, không vững khi đi lại."
Cơ xương khớp,"Ngoài cơn đau lưng dữ dội, tôi còn bị ho ra đờm và cảm thấy yếu ớt toàn thân. Tôi cảm thấy chóng mặt và không vững, cổ cũng bị đau."
Cơ xương khớp,"Cơ bắp của tôi khá yếu, và tôi bị ho ra đờm kèm theo đau lưng dữ dội. Ngoài cảm giác yếu ớt và mất phương hướng, cổ tôi cũng bị đau."
Cơ xương khớp,"Cùng với ho có đờm và yếu cơ, tôi còn bị đau lưng dữ dội. Ngoài cảm giác choáng váng và run rẩy, cổ tôi cũng bị đau."
Cơ xương khớp,"Tôi bị đau lưng, ho dai dẳng và yếu tay chân. Cổ tôi cũng bị đau và tôi gặp vấn đề về chóng mặt và mất thăng bằng."
Cơ xương khớp,"Tôi bị đau lưng, ho mãn tính và yếu chân tay. Tôi gặp khó khăn trong việc định hướng và giữ thăng bằng, và cổ tôi cũng bị đau."
Cơ xương khớp,"Tôi bị đau lưng, ho dai dẳng và yếu tay chân. Gần đây tôi cũng bị đau cổ, mất thăng bằng và các vấn đề về giữ thăng bằng khác."
Cơ xương khớp,"Tôi bị đau lưng, ho mãn tính và yếu tay chân. Cổ tôi cũng đau và tôi cảm thấy chóng mặt, mất thăng bằng."
Cơ xương khớp,"Tôi bị đau lưng, ho dai dẳng và tê tay chân. Cổ tôi cũng đau, và tôi cảm thấy chóng mặt và không vững."
Cơ xương khớp,"Tôi bị đau lưng, ho dai dẳng và yếu tay chân. Cổ tôi cũng đau, và tôi cảm thấy mất thăng bằng và chóng mặt."
Cơ xương khớp,"Tôi đang phải vật lộn với chứng đau lưng, ho có đờm và yếu cơ. Cổ tôi cũng bị đau và tôi gặp vấn đề về chóng mặt và mất thăng bằng."
Cơ xương khớp,"Tôi bị đau lưng, ho có đờm và yếu cơ. Tôi cũng bị chóng mặt, mất thăng bằng và đau cổ."
Tiêu hóa,"Tôi bị ngứa dữ dội, nôn mửa và mệt mỏi. Tôi cũng bị sụt cân và sốt cao. Da tôi chuyển sang màu vàng và nước tiểu sẫm màu. Tôi cũng bị đau bụng."
Tiêu hóa,"Tôi cảm thấy vô cùng khó chịu, mệt mỏi và kiệt sức. Thêm vào đó, tôi bị sụt cân và sốt. Nước tiểu của tôi sẫm màu, và da tôi chuyển sang màu vàng. Ngoài ra, tôi còn bị đau bụng."
Tiêu hóa,"Tôi cảm thấy rất ngứa ngáy, buồn nôn và mệt mỏi. Tôi cũng bị sốt cao và sụt cân. Da và nước tiểu của tôi đều chuyển sang màu vàng. Thêm vào đó, tôi bị đau bụng."
Tiêu hóa,"Tôi bị ngứa dữ dội, ốm yếu và kiệt sức. Thêm vào đó, tôi bị sốt và sụt cân. Nước tiểu của tôi có màu đen, và tôi bị nổi mẩn vàng. Ngoài ra, tôi còn bị đau bụng."
Tiêu hóa,Tôi bị ngứa dữ dội và nôn mửa. Tôi cũng rất mệt mỏi và sụt cân. Tôi bị sốt cao và da chuyển sang màu vàng. Nước tiểu sẫm màu và tôi bị đau bụng.
Tiêu hóa,"Tôi bị ngứa dữ dội và buồn nôn. Tôi bị sụt cân và rất mệt mỏi. Da tôi chuyển sang màu vàng, và tôi bị sốt cao. Nước tiểu của tôi sẫm màu, và tôi bị đau bụng."
Tiêu hóa,"Tôi bị nôn mửa và ngứa dữ dội. Cùng với việc sụt cân, tôi cũng rất mệt mỏi. Da tôi chuyển sang màu vàng và sốt rất cao. Tôi bị đau bụng và nước tiểu có màu đen."
Tiêu hóa,"Tôi bị ngứa dữ dội và buồn nôn. Tôi cũng bị sụt cân và rất mệt mỏi. Tôi bị sốt cao và da đang chuyển sang màu vàng. Ngoài ra, tôi còn bị đau bụng và nước tiểu có màu đen."
Tiêu hóa,Tôi bị ngứa ngáy và buồn nôn dữ dội. Tôi bị sụt cân và rất mệt mỏi. Da tôi chuyển sang màu vàng và tôi bị sốt cao. Tôi bị tiểu ra nước tiểu sẫm màu và đau bụng.
Tiêu hóa,Tôi bị ngứa ngáy và nôn mửa. Tôi cũng rất mệt mỏi và sụt cân. Tôi bị sốt cao và da chuyển sang màu vàng. Nước tiểu sẫm màu và tôi bị đau bụng.
Tiêu hóa,"Tôi cảm thấy ngứa ngáy và nôn mửa. Tôi bị sụt cân và rất mệt mỏi. Da tôi chuyển sang màu vàng, và tôi bị sốt cao. Tôi bị đau bụng và nước tiểu có màu đen."
Tiêu hóa,"Tôi bị ngứa ngáy và nôn mửa. Cùng với việc sụt cân, tôi cũng rất mệt mỏi. Da tôi chuyển sang màu vàng và sốt cao. Thêm vào đó, tôi bị đau bụng và nước tiểu sẫm màu."
Tiêu hóa,"Tôi bị đau bụng và nôn mửa liên tục. Ngoài việc sụt cân, tôi còn rất mệt mỏi. Tôi bị sốt cao và da vàng. Bên cạnh đau bụng, nước tiểu của tôi có màu đen."
Tiêu hóa,"Tôi bị ngứa ngáy và nôn mửa. Ngoài ra, tôi bị sụt cân và cảm thấy rất mệt mỏi. Da tôi chuyển sang màu vàng và tôi bị sốt cao. Tôi bị đau bụng và nước tiểu có màu đen."
Tiêu hóa,"Tôi cảm thấy kiệt sức, buồn nôn và ngứa ngáy. Ngoài ra, tôi bị sụt cân và sốt. Nước tiểu của tôi có màu sẫm, và da tôi chuyển sang màu vàng. Thêm vào đó, tôi bị đau bụng."
Tiêu hóa,"Tôi bị ngứa, nôn mửa và mệt mỏi. Tôi cũng bị sụt cân và sốt cao. Da tôi chuyển sang màu vàng và nước tiểu sẫm màu. Tôi cũng bị đau bụng."
Tiêu hóa,"Tôi cảm thấy ngứa ngáy, khó chịu và mệt mỏi. Tôi cũng bị sốt cao và sụt cân. Da và nước tiểu của tôi đều chuyển sang màu vàng. Ngoài ra, tôi còn bị đau bụng."
Tiêu hóa,"Tôi bị ngứa, buồn nôn và mệt mỏi. Thêm vào đó, tôi bị sốt và sụt cân. Nước tiểu của tôi có màu đen, và tôi bị nổi mẩn vàng. Ngoài ra, tôi còn bị đau bụng."
Tiêu hóa,"Tôi bị buồn nôn, nôn mửa và kiệt sức. Thêm vào đó, tôi bị sụt cân và sốt. Nước tiểu của tôi có màu đen và da tôi chuyển sang màu vàng. Tôi cũng bị đau bụng."
Tiêu hóa,"Tôi bị ngứa dữ dội, nôn mửa và mệt mỏi. Tôi cũng bị sụt cân và sốt cao. Da tôi chuyển sang màu vàng và nước tiểu sẫm màu. Tôi cũng bị đau bụng."
Tiêu hóa,"Tôi cảm thấy vô cùng khó chịu, buồn nôn và mệt mỏi. Thêm vào đó, tôi bị sụt cân và sốt. Nước tiểu của tôi sẫm màu, và da tôi chuyển sang màu vàng. Ngoài ra, tôi còn bị đau bụng."
Tiêu hóa,"Tôi liên tục cảm thấy ngứa ngáy, khó chịu và mệt mỏi. Thêm vào đó, tôi bị sụt cân và sốt. Nước tiểu của tôi sẫm màu, và da tôi chuyển sang màu vàng. Hơn nữa, tôi còn bị đau bụng."
Tiêu hóa,"Tôi cảm thấy ngứa ngáy, buồn nôn và mệt mỏi rã rời. Tôi cũng bị sốt cao và sụt cân. Da và nước tiểu của tôi đều chuyển sang màu vàng. Tôi cũng bị đau bụng."
Tiêu hóa,"Tôi bị ngứa dữ dội, nôn mửa và mệt mỏi. Tôi cũng bị sụt cân và sốt cao. Da tôi chuyển sang màu vàng và nước tiểu sẫm màu. Tôi cũng bị đau bụng."
Tiêu hóa,"Tôi cảm thấy rất ngứa ngáy, chóng mặt và mệt mỏi. Thêm vào đó, tôi bị sụt cân và sốt. Nước tiểu của tôi sẫm màu, và da tôi chuyển sang màu vàng. Ngoài ra, tôi còn bị đau bụng."
Tiêu hóa,"Tôi bị ngứa dữ dội, buồn nôn và kiệt sức. Tôi cũng bị sốt cao và sụt cân. Da và nước tiểu của tôi đều chuyển sang màu vàng. Thêm vào đó, tôi bị đau bụng."
Tiêu hóa,"Tôi bị ngứa dữ dội, buồn nôn và mệt mỏi. Thêm vào đó, tôi bị sốt và sụt cân. Nước tiểu của tôi có màu đen, và tôi bị nổi mẩn vàng. Tôi cũng bị đau bụng."
Tiêu hóa,"Tôi bị ngứa dữ dội, buồn nôn và mệt mỏi. Thêm vào đó, tôi bị sốt và sụt cân. Nước tiểu của tôi có màu đen, và tôi bị phát ban vàng. Tôi cũng bị đau bụng."
Tiêu hóa,Tôi bị ngứa ngáy và nôn mửa. Tôi cũng rất mệt mỏi và sụt cân. Tôi bị sốt cao và da chuyển sang màu vàng. Tôi cũng bị đau bụng.
Tiêu hóa,"Tôi bị ngứa ngáy và nôn mửa. Cùng với việc sụt cân, tôi cũng rất mệt mỏi. Da tôi chuyển sang màu vàng và sốt cao. Gần đây tôi cũng bị đau bụng."
Tiêu hóa,"Tôi bị đau bụng và nôn mửa liên tục. Tôi cũng bị sụt cân và rất mệt mỏi. Tôi bị sốt cao và da vàng. Giống như bạn, tôi cũng bị đau bụng."
Tiêu hóa,Tôi bị ngứa ngáy và nôn mửa. Tôi bị sụt cân và cũng rất mệt mỏi. Da tôi chuyển sang màu vàng và tôi bị sốt cao. Bụng tôi cũng bị đau.
Tiêu hóa,"Tôi bị ngứa, nôn mửa, mệt mỏi và sụt cân. Tôi bị sốt cao và da chuyển sang màu vàng. Nước tiểu sẫm màu và tôi bị đau bụng."
Tiêu hóa,"Tôi bị sụt cân và buồn nôn, ngứa ngáy, mệt mỏi. Da tôi chuyển sang màu vàng, và tôi bị sốt cao. Nước tiểu của tôi có màu sẫm, và tôi bị đau bụng."
Tiêu hóa,"Tôi bị ngứa dữ dội, nôn mửa, mệt mỏi và sụt cân. Tôi bị sốt cao và da chuyển sang màu vàng. Nước tiểu sẫm màu và tôi bị đau bụng."
Tiêu hóa,"Tôi bị sụt cân và bị ngứa dữ dội, buồn nôn và mệt mỏi. Da tôi chuyển sang màu vàng, và tôi bị sốt cao. Nước tiểu của tôi có màu sẫm, và tôi bị đau bụng."
Tiêu hóa,"Tôi bị ngứa dữ dội, nôn mửa, mệt mỏi và sụt cân. Tôi bị sốt cao và da chuyển sang màu vàng. Nước tiểu sẫm màu và tôi bị đau bụng."
Tiêu hóa,"Tôi bị sụt cân, cảm thấy rất mệt mỏi và nôn mửa nhiều. Da tôi chuyển sang màu vàng và tôi bị sốt cao. Nước tiểu của tôi có màu sẫm và tôi bị đau bụng."
Truyền nhiễm,"Tôi bị ngứa dữ dội, ớn lạnh, nôn mửa và sốt cao. Tôi cũng đổ mồ hôi nhiều và bị đau đầu. Tôi cảm thấy buồn nôn và các cơ bắp rất đau nhức."
Truyền nhiễm,"Tôi bị sốt cao, nôn mửa, ớn lạnh và ngứa dữ dội. Tôi cũng bị đau đầu và đổ mồ hôi rất nhiều. Tôi cảm thấy buồn nôn và đau nhức cơ bắp."
Truyền nhiễm,"Tôi bị ngứa dữ dội, ớn lạnh, buồn nôn và sốt cao. Ngoài ra, tôi còn bị đau đầu và đổ mồ hôi rất nhiều. Cơ bắp của tôi khá đau nhức và tôi cảm thấy rất khó chịu."
Truyền nhiễm,"Cùng với triệu chứng ngứa dữ dội, ớn lạnh, buồn nôn và sốt cao, tôi cũng cảm thấy rất khó chịu. Ngoài ra còn có đau đầu và đổ mồ hôi nhiều. Cơ bắp của tôi cũng đau nhức và tôi cảm thấy buồn nôn."
Truyền nhiễm,"Tôi bị sốt cao, ớn lạnh và ngứa dữ dội. Ngoài ra, tôi còn bị đau đầu và đổ mồ hôi rất nhiều. Cơ bắp của tôi đau nhức dữ dội và tôi cảm thấy rất khó chịu."
Truyền nhiễm,"Tôi bị ngứa dữ dội khắp người, kèm theo ớn lạnh và nôn mửa. Tôi bị sốt rất cao và đổ mồ hôi nhiều. Tôi cũng bị đau đầu và buồn nôn. Cơ bắp của tôi rất đau nhức."
Truyền nhiễm,"Tôi bị ngứa toàn thân dữ dội, ớn lạnh và nôn mửa. Tôi bị sốt rất cao và đổ mồ hôi rất nhiều. Tôi cũng cảm thấy buồn nôn và đau đầu. Các cơ bắp của tôi đau nhức kinh khủng."
Truyền nhiễm,"Tôi bị ngứa toàn thân dữ dội, ớn lạnh và buồn nôn. Tôi đổ mồ hôi nhiều và sốt rất cao. Tôi cảm thấy buồn nôn và đau đầu. Cơ bắp của tôi cũng rất đau."
Truyền nhiễm,"Tôi bị ngứa toàn thân dữ dội, kèm theo ớn lạnh và buồn nôn. Tôi đổ mồ hôi rất nhiều và sốt cao. Tôi cảm thấy buồn nôn và đau đầu. Cơ bắp của tôi rất đau nhức."
Truyền nhiễm,"Tôi bị ngứa dữ dội, ớn lạnh, nôn mửa và sốt cao. Tôi cũng đổ mồ hôi nhiều và bị đau đầu. Buồn nôn và đau cơ cũng đang làm tôi khó chịu."
Truyền nhiễm,"Tôi bị sốt cao, ngứa dữ dội, ớn lạnh và nôn mửa. Tôi cũng bị đau đầu và đổ mồ hôi nhiều. Ngoài ra, tôi còn bị buồn nôn và đau nhức cơ bắp."
Truyền nhiễm,"Tôi bị sốt cao, nôn mửa, ớn lạnh và ngứa dữ dội. Ngoài ra, tôi còn đổ mồ hôi nhiều và bị đau đầu. Tôi cũng bị buồn nôn và đau nhức cơ bắp."
Truyền nhiễm,"Tôi đang bị ngứa dữ dội, ớn lạnh, buồn nôn và sốt cao. Ngoài ra, tôi còn bị đau đầu và đổ mồ hôi rất nhiều. Tôi cũng bị buồn nôn và đau nhức cơ bắp."
Truyền nhiễm,"Tôi bị sốt cao, ớn lạnh và ngứa dữ dội. Ngoài ra, tôi còn bị đau đầu và đổ mồ hôi nhiều. Tôi cũng bị buồn nôn và đau nhức cơ bắp."
Truyền nhiễm,"Tôi bị ngứa dữ dội, ớn lạnh, nôn mửa và sốt cao. Tôi cũng đổ mồ hôi nhiều và bị đau đầu. Buồn nôn và đau cơ cũng gây khó chịu cho tôi."
Truyền nhiễm,"Tôi bị sốt cao, nôn mửa, ớn lạnh và ngứa dữ dội. Tôi cũng bị đau đầu và đổ mồ hôi nhiều. Buồn nôn và đau nhức cơ bắp cũng gây ra sự khó chịu này."
Truyền nhiễm,"Tôi bị ngứa dữ dội, ớn lạnh, buồn nôn và sốt cao. Ngoài ra, tôi còn bị đau đầu và đổ mồ hôi rất nhiều. Tôi cũng bị buồn nôn và đau nhức cơ bắp."
Truyền nhiễm,"Cùng với triệu chứng ngứa dữ dội, ớn lạnh, buồn nôn và sốt cao, tôi cũng cảm thấy rất khó chịu. Tôi bị đau đầu và đổ mồ hôi nhiều. Tôi cũng cảm thấy khó chịu vì buồn nôn và đau nhức cơ bắp."
Truyền nhiễm,"Tôi bị sốt cao, ớn lạnh và ngứa dữ dội. Ngoài ra, tôi còn bị đau đầu và đổ mồ hôi nhiều. Tôi cũng bị buồn nôn và đau nhức cơ bắp."
Truyền nhiễm,"Tôi bị ngứa dữ dội, ớn lạnh, nôn mửa và sốt cao. Tôi cũng đổ mồ hôi nhiều và bị đau đầu. Buồn nôn và đau cơ khiến tôi cảm thấy rất khó chịu."
Truyền nhiễm,"Tôi bị ngứa dữ dội, ớn lạnh, nôn mửa và sốt. Tôi cũng bị đau đầu và đổ mồ hôi nhiều. Tôi cảm thấy rất buồn nôn và đau nhức cơ bắp."
Truyền nhiễm,"Tôi bị ngứa dữ dội, ớn lạnh, buồn nôn và sốt cao. Ngoài ra, tôi còn bị đau đầu và đổ mồ hôi rất nhiều. Tôi cũng bị buồn nôn và đau nhức cơ bắp rất khó chịu."
Truyền nhiễm,"Tôi bị sốt cao, ớn lạnh và ngứa dữ dội. Cùng với đau đầu và đổ mồ hôi nhiều, tôi còn bị buồn nôn và đau nhức cơ bắp rất nặng."
Truyền nhiễm,"Tôi bị sốt cao, ớn lạnh và ngứa dữ dội. Ngoài ra, tôi còn bị đau đầu và đổ mồ hôi nhiều. Tôi cảm thấy rất khó chịu với chứng buồn nôn và đau nhức cơ bắp."
Truyền nhiễm,"Tôi bị ngứa dữ dội, ớn lạnh, nôn mửa và sốt cao. Tôi cũng đổ mồ hôi nhiều và bị đau đầu. Buồn nôn và đau cơ khiến tôi rất khó chịu."
Truyền nhiễm,"Tôi bị sốt cao, nôn mửa, ớn lạnh và ngứa dữ dội. Tôi cũng bị đau đầu và đổ mồ hôi rất nhiều. Gần đây tôi cảm thấy rất khó chịu vì buồn nôn và đau nhức cơ bắp."
Truyền nhiễm,"Tôi bị ngứa dữ dội, ớn lạnh, buồn nôn và sốt cao. Ngoài ra, tôi còn bị đau đầu và đổ mồ hôi rất nhiều. Tôi cũng bị đau cơ dữ dội và buồn nôn."
Truyền nhiễm,"Cùng với triệu chứng ngứa dữ dội, ớn lạnh, buồn nôn và sốt cao, tôi cũng cảm thấy rất khó chịu. Bên cạnh đó, tôi còn bị đau đầu và đổ mồ hôi nhiều, đau cơ dữ dội và buồn nôn."
Truyền nhiễm,"Tôi bị sốt cao, ớn lạnh và ngứa dữ dội. Ngoài ra, tôi còn bị đau đầu và đổ mồ hôi nhiều. Tôi cũng rất đau nhức cơ bắp và buồn nôn."
Truyền nhiễm,"Tôi bị ngứa dữ dội, ớn lạnh, nôn mửa và sốt cao. Tôi cũng đổ mồ hôi nhiều và bị đau đầu. Buồn nôn và đau cơ cũng đang làm tôi khó chịu."
Truyền nhiễm,"Tôi bị ngứa dữ dội, ớn lạnh, nôn mửa và sốt. Tôi cũng bị đau đầu và đổ mồ hôi nhiều. Ngoài ra, tôi còn bị buồn nôn và đau nhức cơ bắp."
Truyền nhiễm,"Tôi bị ngứa dữ dội, ớn lạnh, buồn nôn và sốt cao. Ngoài ra, tôi còn bị đau đầu và đổ mồ hôi rất nhiều. Tôi cũng bị buồn nôn và đau nhức cơ bắp."
Truyền nhiễm,"Tôi bị sốt cao, ớn lạnh và ngứa dữ dội. Tôi bị đau đầu và đổ mồ hôi nhiều. Tôi cũng bị buồn nôn và đau nhức cơ bắp."
Truyền nhiễm,"Tôi bị ngứa dữ dội, ớn lạnh, nôn mửa và sốt cao. Ngoài ra, tôi còn bị đau đầu và đổ mồ hôi nhiều. Tôi cũng bị buồn nôn và đau nhức cơ bắp."
Truyền nhiễm,"Tôi bị ngứa dữ dội, ớn lạnh, nôn mửa và sốt cao. Tôi cũng đổ mồ hôi nhiều và bị đau đầu. Buồn nôn và đau cơ cũng khiến tôi khó chịu."
Truyền nhiễm,"Tôi bị sốt cao, ngứa dữ dội, ớn lạnh và nôn mửa. Tôi cũng bị đau đầu và đổ mồ hôi nhiều. Buồn nôn và đau nhức cơ bắp cũng khiến tôi khó chịu."
Truyền nhiễm,"Tôi bị sốt cao, ngứa dữ dội, ớn lạnh và nôn mửa. Ngoài ra, tôi còn đổ mồ hôi nhiều và bị đau đầu. Tôi cũng bị buồn nôn và đau nhức cơ bắp."
Truyền nhiễm,"Tôi đang bị ngứa dữ dội, ớn lạnh, buồn nôn và sốt cao. Ngoài ra, tôi còn bị đau đầu và đổ mồ hôi rất nhiều. Tôi cũng cảm thấy khó chịu vì buồn nôn và đau nhức cơ bắp."
Truyền nhiễm,"Tôi đang bị ngứa dữ dội, ớn lạnh, buồn nôn và sốt cao. Ngoài ra, tôi còn bị đau đầu và đổ mồ hôi nhiều. Tôi cũng bị buồn nôn và đau nhức cơ bắp."
Truyền nhiễm,"Tôi bị ngứa dữ dội, ớn lạnh, nôn mửa và sốt cao. Tôi cũng đổ mồ hôi nhiều và bị đau đầu. Buồn nôn và đau cơ khiến tôi cảm thấy rất khó chịu."
Truyền nhiễm,"Tôi bị ngứa dữ dội, ớn lạnh, buồn nôn và sốt cao. Tôi cũng bị đau đầu và đổ mồ hôi rất nhiều. Tôi cảm thấy rất buồn nôn và đau nhức cơ bắp."
Truyền nhiễm,"Ngoài sốt cao, tôi còn bị ớn lạnh, nôn mửa và ngứa dữ dội. Bên cạnh đó, tôi cũng bị đau đầu và đổ mồ hôi rất nhiều. Tôi bị buồn nôn và đau nhức cơ bắp rất nặng."
Truyền nhiễm,"Ngoài sốt cao, tôi còn bị ớn lạnh, nôn mửa và ngứa dữ dội. Bên cạnh đó, tôi còn bị đau đầu và đổ mồ hôi nhiều, buồn nôn và đau nhức cơ bắp."
Truyền nhiễm,"Tôi bị ngứa dữ dội, ớn lạnh, nôn mửa và sốt cao. Tôi cũng đổ mồ hôi nhiều và bị đau đầu. Buồn nôn và đau cơ cũng gây ra cho tôi rất nhiều khó chịu."
Tiết niệu,"Thường xuyên buồn tiểu nhưng lượng nước tiểu ít, đau khi đi tiểu, nước tiểu đục hoặc có máu, nước tiểu có mùi nồng hoặc hôi, đau vùng chậu, sốt nhẹ, buồn nôn và nôn."
Tiết niệu,"Tôi thường xuyên buồn tiểu vào ban đêm nhưng lượng nước tiểu ra rất ít, và rất đau khi đi tiểu. Nước tiểu có màu sẫm, lẫn máu và đôi khi có mùi hôi khó chịu, và tôi cảm thấy buồn nôn."
Tiết niệu,Tôi bị cảm giác nóng rát khi đi tiểu. Đôi khi rất đau và nước tiểu có mùi hôi. Gần đây tôi hay buồn tiểu vào ban đêm hơn.
Tiết niệu,Tôi bị tiểu ra máu. Thỉnh thoảng tôi cảm thấy buồn nôn khi đi tiểu. Tình trạng này thường trùng khớp với việc tôi bị sốt cao.
Tiết niệu,"Nước tiểu của tôi có màu đục và mùi hôi nồng nặc. Tôi thường xuyên bị buồn tiểu vào ban đêm, và bị sốt cao kể từ khi các triệu chứng này bắt đầu xuất hiện."
Tiết niệu,Tôi bị đau bụng và thường xuyên bị sốt. Tôi đột nhiên cảm thấy buồn tiểu dữ dội. Cơn đau gần như liên tục và thường tăng lên vào ban đêm. Nước tiểu của tôi hầu như lúc nào cũng có mùi hôi.
Tiết niệu,"Tôi thường xuyên bị buồn tiểu đột ngột và rất dữ dội. Thỉnh thoảng trong nước tiểu có lẫn máu và có mùi rất khó chịu. Tôi nghĩ mình bị nhiễm trùng, tôi phải làm gì đây?"
Tiết niệu,"Tôi thỉnh thoảng bị ra máu khi đi tiểu và đôi khi cảm thấy buồn nôn khi đi tiểu. Nước tiểu của tôi cũng có mùi khó chịu và đôi khi bị sốt cao vào ban đêm, hãy giúp tôi."
Tiết niệu,Tôi bị đau bụng dưới và có cảm giác nóng rát khi đi tiểu. Tôi cũng bị sốt thấp từ khi bắt đầu xuất hiện các triệu chứng khác. Tôi cảm thấy yếu vì điều này.
Tiết niệu,Tôi bị tiểu ra máu và sốt nhẹ. Đầu tôi đau gần như suốt ngày và tôi bị buồn tiểu dữ dội không kiểm soát được. Tôi cũng bị đau lưng dưới.
Tiết niệu,Tôi bị sốt thấp và tiểu ra máu vài ngày nay. Đầu tôi đau như búa bổ và nước tiểu có mùi rất khó chịu. Tôi gần như không kiểm soát được việc đi tiểu và thường xuyên buồn tiểu đột ngột.
Tiết niệu,Tôi bị đau ở vùng xương chậu và nôn rất nhiều. Thỉnh thoảng có máu trong nước tiểu và nước tiểu có mùi rất khó chịu. Tôi cũng thỉnh thoảng bị đau đầu và khó ngủ vì điều này.
Tiết niệu,"Tôi liên tục phải đi vệ sinh để giải tỏa nhu cầu, nhưng dường như không thể làm rỗng bàng quang. Tôi bị những cơn buồn tiểu rất mạnh và không thể kiểm soát, và đôi khi nước tiểu có màu sẫm hoặc lẫn máu."
Tiết niệu,Tôi bị sốt thấp và nước tiểu có mùi rất khó chịu. Vùng gần thận của tôi rất đau và tôi không thể nhịn tiểu được. Tôi thường xuyên cảm thấy buồn tiểu không kiểm soát được.
Tiết niệu,"Tôi liên tục phải đi vệ sinh, nhưng lượng nước tiểu rất ít, thường chỉ vài giọt. Bụng tôi đau nhiều và tôi không thể kiểm soát được cơn buồn tiểu."
Tiết niệu,"Nước tiểu của tôi có màu sẫm, thường lẫn máu và có mùi rất khó tả. Tôi thường xuyên bị sốt thất thường và không ngủ được vào ban đêm vì điều này."
Tiết niệu,Tôi bị đau bàng quang và đã bị...
Tiết niệu,"Tôi bị tiểu ra máu. Thỉnh thoảng tôi cảm thấy buồn nôn khi đi tiểu. Đồng thời, tôi thường xuyên bị sốt nhẹ."
Tiết niệu,"Nước tiểu của tôi có mùi nồng, khó chịu và có màu đục. Từ khi các triệu chứng này bắt đầu xuất hiện, tôi thường xuyên cảm thấy muốn đi tiểu vào ban đêm và bị sốt cao."
Tiết niệu,Tôi bị đau bụng và thường xuyên bị sốt. Tôi đột nhiên cảm thấy buồn tiểu dữ dội. Cảm giác khó chịu hầu như luôn hiện hữu và thường trở nên tồi tệ hơn vào ban đêm. Nước tiểu của tôi hầu như lúc nào cũng có mùi khó chịu.
Tiết niệu,"Tôi thường xuyên bị buồn tiểu dữ dội, đột ngột. Đôi khi tôi thấy có máu trong nước tiểu và mùi rất khó chịu. Tôi nên làm gì nếu nghi ngờ mình bị nhiễm trùng?"
Tiết niệu,Tôi thỉnh thoảng đi tiểu ra máu và thỉnh thoảng cảm thấy buồn nôn khi đi tiểu. Giúp tôi với! Tôi cũng thỉnh thoảng bị sốt cao vào ban đêm và nước tiểu có mùi rất khó chịu.
Tiết niệu,"Tôi bị đau bụng dưới và cảm giác căng tức khi đi tiểu. Từ khi bắt đầu xuất hiện thêm các triệu chứng này, tôi cũng bị hạ thân nhiệt. Do đó, tôi cảm thấy yếu."
Tiết niệu,"Tôi bị sốt nhẹ và có máu trong nước tiểu. Đầu tôi đau gần như liên tục, và tôi thường xuyên cảm thấy buồn tiểu dữ dội, không kiểm soát được. Ngoài ra, tôi còn bị đau lưng dưới."
Tiết niệu,"Vài ngày nay, tôi bị sốt thấp và tiểu ra máu. Đầu tôi đau dữ dội, và nước tiểu có mùi rất khó chịu. Tôi khó kiểm soát được việc đi tiểu, và cơn buồn tiểu đến đột ngột."
Tiết niệu,"Tôi thường xuyên nôn mửa và cảm thấy khó chịu ở vùng xương chậu. Nước tiểu của tôi thỉnh thoảng có mùi rất khó chịu, và đôi khi có lẫn máu. Do bị đau đầu nên tôi khó ngủ."
Tiết niệu,"Tôi phải đi vệ sinh thường xuyên để giải quyết nhu cầu cá nhân, nhưng dường như tôi không thể làm rỗng bàng quang. Thỉnh thoảng tôi bị buồn tiểu dữ dội, không kiểm soát được, và nước tiểu có màu đen hoặc đỏ thẫm."
Tiết niệu,Tôi thường xuyên cảm thấy tâm trạng rất tệ và nước tiểu có mùi rất khó chịu. Tôi không thể nhịn tiểu được và vùng gần thận rất đau. Tôi cũng thường xuyên thèm ăn những thứ không lý do.
Tiết niệu,"Tôi phải đi vệ sinh thường xuyên, nhưng thường chỉ ra được vài giọt nước tiểu. Bụng tôi đau rất nhiều, và tôi không thể kiểm soát được cơn buồn tiểu."
Tiết niệu,"Nước tiểu của tôi thường xuyên có màu đen, đỏ và có mùi rất lạ. Tôi thường xuyên bị thay đổi nhiệt độ cơ thể, điều này thường khiến tôi không ngủ được vào ban đêm."
Tiết niệu,Tôi phát hiện có máu trong nước tiểu. Thỉnh thoảng tôi bị buồn nôn khi đi tiểu. Tôi thường xuyên cảm thấy như mình sắp sốt.
Tiết niệu,Nước tiểu của tôi có mùi nồng và đục. Tôi bị sốt cao và thường xuyên buồn tiểu vào ban đêm kể từ khi các triệu chứng này xuất hiện.
Tiết niệu,"Gần đây tôi thường xuyên bị buồn tiểu dữ dội và đột ngột. Thỉnh thoảng tôi đi tiểu ra máu, và mùi rất kinh khủng. Tôi nên làm gì nếu nghi ngờ mình bị nhiễm trùng?"
Tiết niệu,"Thỉnh thoảng, tôi đi tiểu ra máu và hơi buồn nôn. Giúp tôi với! Tôi cũng thỉnh thoảng bị sốt cao vào ban đêm và nước tiểu có mùi rất khó chịu."
Tiết niệu,"Tôi bị đau bụng dưới, và khi đi tiểu, cảm giác như bụng sắp nổ tung. Tôi bị hạ thân nhiệt từ khi bắt đầu xuất hiện những triệu chứng mới này. Vì vậy, tôi cảm thấy yếu ớt."
Tiết niệu,"Tôi thấy có máu trong nước tiểu và thân nhiệt thấp. Tôi bị đau đầu gần như liên tục và thường xuyên có cảm giác buồn tiểu dữ dội, không thể kiểm soát. Ngoài ra, tôi bắt đầu bị đau lưng dưới."
Tiết niệu,"Bốn ngày nay tôi bị sốt thấp và tiểu ra máu. Nước tiểu có mùi rất khó chịu, và đầu tôi đau như búa bổ. Tôi hầu như không kiểm soát được việc đi tiểu, và cơn buồn tiểu ập đến bất ngờ."
Tiết niệu,"Tôi thường xuyên nôn mửa và bị đau vùng chậu. Thỉnh thoảng có máu trong nước tiểu, và đôi khi nước tiểu có mùi khó chịu không thể chịu nổi. Thỉnh thoảng tôi khó ngủ vì chứng đau nửa đầu."
Tiết niệu,"Tôi cần đi vệ sinh thường xuyên, nhưng dường như tôi không thể làm rỗng bàng quang. Thỉnh thoảng, tôi bị những cơn buồn tiểu dữ dội, không thể kiểm soát, kèm theo nước tiểu sẫm màu hoặc đỏ."
Tiết niệu,"Tinh thần tôi rất sa sút, và nước tiểu của tôi có mùi rất khó chịu. Vùng thận của tôi đau rất nhiều, và tôi dường như không thể nhịn tiểu được. Tôi liên tục có những cơn buồn tiểu bất thường."
Tiết niệu,"Tôi phải đi vệ sinh rất nhiều, nhưng thường chỉ ra vài giọt nước tiểu. Tôi bị đau bụng dữ dội và rất muốn đi tiểu."
Tiết niệu,"Nước tiểu của tôi thường có mùi lạ, màu đỏ thẫm hoặc đen, hoặc cả hai. Nhiệt độ cơ thể tôi thường xuyên dao động, điều này thường khiến tôi mất ngủ."
Tiết niệu,Tôi nhận thấy có máu trong nước tiểu. Thỉnh thoảng tôi cảm thấy buồn nôn sau khi đi tiểu. Tôi thường xuyên cảm thấy như mình bị sốt.
Tiết niệu,"Nước tiểu của tôi có mùi nồng và đục. Từ khi các triệu chứng này bắt đầu, tôi bị sốt cao và thường xuyên buồn tiểu vào ban đêm."
Tiết niệu,Thỉnh thoảng tôi đi tiểu ra máu và cảm thấy hơi buồn nôn. Giúp tôi với! Tôi cũng thỉnh thoảng bị mùi nước tiểu khó chịu và sốt cao vào ban đêm.
Tiết niệu,"Tôi bị đau bụng dưới, và cảm giác như bụng sắp nổ tung mỗi khi đi tiểu. Từ khi bắt đầu xuất hiện những triệu chứng mới này, thân nhiệt của tôi luôn ở mức thấp. Đó là lý do tại sao tôi cảm thấy yếu."
Tiết niệu,"Bốn ngày qua, tôi bị sốt thấp và tiểu ra máu. Đầu tôi đau dữ dội và nước tiểu có mùi rất khó chịu. Tôi hiếm khi có cảm giác muốn đi tiểu đúng lúc, và hầu như không thể kiểm soát được việc đó."
Tiết niệu,"Nước tiểu của tôi thường có mùi lạ và có màu đỏ hoặc đen, hoặc cả hai. Sự thay đổi nhiệt độ cơ thể thường xuyên khiến tôi mất ngủ."
Tiết niệu,Nước tiểu của tôi có mùi nồng và có vẻ đục. Tôi bị sốt và đi tiểu nhiều lần vào ban đêm kể từ khi các triệu chứng này bắt đầu.
Tiết niệu,"Ba ngày nay tôi bị sốt thấp và có máu trong nước tiểu. Nước tiểu có mùi rất khó chịu, và đầu tôi đau dữ dội. Tôi hiếm khi có cảm giác buồn tiểu theo ý muốn, và hầu như không bao giờ kiểm soát được khi nào mình buồn tiểu."
Dị ứng - Miễn dịch,"Tôi bị sổ mũi và hắt hơi liên tục. Mắt tôi ngứa và thường xuyên chảy nước mắt, và tôi ho liên tục. Tôi đau đầu suốt cả ngày."
Dị ứng - Miễn dịch,"Tôi bị đau họng và hắt hơi liên tục. Thỉnh thoảng mặt tôi bị sưng, đặc biệt là môi và quanh mắt. Tôi không thể ngừng hắt hơi một khi đã bắt đầu."
Dị ứng - Miễn dịch,"Tôi khó thở và hụt hơi. Tôi ho không kiểm soát được, mắt ngứa và mặt cùng các bộ phận khác trên cơ thể bị sưng."
Dị ứng - Miễn dịch,Tôi bị nghẹt mũi và tắc mũi. Thỉnh thoảng vào ban đêm tôi bị đau ngực và tức ngực. Tôi cũng bị mất khứu giác và vị giác.
Dị ứng - Miễn dịch,Tôi có các triệu chứng giống hen suyễn như thở khò khè và khó thở. Tôi thường xuyên bị sốt và đau đầu. Tôi luôn cảm thấy mệt mỏi.
Dị ứng - Miễn dịch,"Tôi luôn cảm thấy mệt mỏi, mất vị giác và bị đau họng dữ dội. Tôi cũng hay bị sốt và đau nhức cơ bắp. Thỉnh thoảng toàn thân tôi bị chuột rút."
Dị ứng - Miễn dịch,Tôi bị mất cảm giác thèm ăn và khó nuốt thức ăn. Tôi cũng bị đau họng và sổ mũi.
Dị ứng - Miễn dịch,Tôi luôn cảm thấy mệt mỏi và có cảm giác tê rát ở cổ họng. Da tôi cũng bị bong tróc. Thỉnh thoảng mắt tôi bị sưng húp và đôi khi mặt cũng bị phù nề.
Dị ứng - Miễn dịch,"Tôi bị đau bụng dữ dội, buồn nôn và tiêu chảy. Cổ họng tôi bị sưng và tôi khó thở. Thỉnh thoảng vào ban đêm tôi bị đau ngực và buồn nôn."
Dị ứng - Miễn dịch,"Tôi bị ngứa và mẩn đỏ da. Đôi khi tình trạng này dẫn đến bong tróc da. Mặt và môi tôi bị sưng phù, gây ra nhiều khó chịu. Thỉnh thoảng tôi bị chảy nước mắt và đau đầu khi tình trạng sưng phù trở nên nghiêm trọng."
Dị ứng - Miễn dịch,"Tôi thường xuyên hắt hơi và sổ mũi. Mắt tôi bị ngứa và thường xuyên chảy nước mắt, và tôi hay ho. Đầu tôi đau liên tục."
Dị ứng - Miễn dịch,"Tôi thường xuyên hắt hơi và bị đau họng. Môi và vùng quanh mắt thỉnh thoảng bị sưng. Một khi đã bắt đầu hắt hơi, tôi không thể nào ngừng lại được."
Dị ứng - Miễn dịch,"Tôi khó thở và bị hụt hơi. Tôi bị ho khan, ho từng cơn, ngứa mắt và sưng phù khắp mặt và toàn thân."
Dị ứng - Miễn dịch,Tôi bị nghẹt mũi và khó thở. Thỉnh thoảng tôi bị cứng cổ và khó chịu ở ngực vào ban đêm. Tôi cũng bị mất khả năng nếm và ngửi.
Dị ứng - Miễn dịch,"Tôi bị các triệu chứng hen suyễn, như thở khò khè và khó thở. Tôi thường xuyên bị đau đầu và sốt. Lúc nào tôi cũng cảm thấy kiệt sức."
Dị ứng - Miễn dịch,"Tôi luôn cảm thấy kiệt sức, vị giác kém và cổ họng cực kỳ ngứa rát. Tôi cũng bị đau nhức cơ bắp và nóng bừng. Toàn thân tôi thỉnh thoảng bị chuột rút."
Dị ứng - Miễn dịch,Tôi bị mất cảm giác thèm ăn và khó nuốt. Tôi cũng bị chảy nước mũi và đau họng.
Dị ứng - Miễn dịch,Tôi luôn cảm thấy mệt mỏi và cổ họng bị tê. Da tôi cũng bắt đầu bị khô. Mắt tôi thỉnh thoảng bị sưng.
Dị ứng - Miễn dịch,"Tôi cảm thấy buồn nôn, chóng mặt. Cổ họng tôi bị sưng và khó thở. Thỉnh thoảng tôi bị khó chịu ở ngực và buồn nôn vào ban đêm."
Dị ứng - Miễn dịch,"Da tôi bị đỏ và ngứa rát. Thỉnh thoảng da còn bong tróc. Má và môi tôi bị sưng, rất khó chịu. Thỉnh thoảng tôi bị đau đầu và chảy nước mắt do sưng phù."
Dị ứng - Miễn dịch,"Tôi thường xuyên hắt hơi và sổ mũi. Tôi ho liên tục, mắt thì đau và chảy nước mắt. Đầu tôi lúc nào cũng đau."
Dị ứng - Miễn dịch,Tôi bị đau họng và hắt hơi thường xuyên. Thỉnh thoảng vùng da quanh mắt và môi tôi bị sưng. Tôi không thể ngừng hắt hơi một khi đã bắt đầu.
Dị ứng - Miễn dịch,"Tôi bị các vấn đề về hô hấp và khó thở. Mặt và thân mình tôi bị sưng, mắt ngứa và tôi bị ho khan, ho từng cơn."
Dị ứng - Miễn dịch,"Tôi bị nghẹt mũi và tắc mũi. Thỉnh thoảng, vào ban đêm, tôi bị cứng người và đau ngực. Thêm vào đó, tôi bị mất vị giác và khứu giác."
Dị ứng - Miễn dịch,"Tôi bị khó thở và thở khò khè, đó là các triệu chứng của bệnh hen suyễn. Tôi thường xuyên bị sốt và đau đầu. Tôi luôn cảm thấy mệt mỏi."
Dị ứng - Miễn dịch,"Tôi luôn cảm thấy mệt mỏi, miệng có vị khó chịu và cổ họng rất ngứa. Cơ bắp của tôi cũng nóng và đau nhức. Thỉnh thoảng toàn thân tôi bị chuột rút."
Dị ứng - Miễn dịch,"Ngoài việc mất cảm giác thèm ăn, tôi còn gặp vấn đề khi nuốt. Tôi bị đau họng và chảy nước mũi."
Dị ứng - Miễn dịch,Tôi luôn cảm thấy mệt mỏi và ngứa họng. Da tôi cũng bắt đầu trở nên khô. Thỉnh thoảng tôi bị sưng mắt.
Dị ứng - Miễn dịch,"Tôi cảm thấy chóng mặt, buồn nôn và run rẩy. Tôi khó thở vì cổ họng bị sưng. Thỉnh thoảng, suốt đêm, tôi bị đau ngực và cảm thấy buồn nôn."
Dị ứng - Miễn dịch,"Da tôi bị kích ứng và viêm nhiễm. Thỉnh thoảng, da còn bị bong tróc. Môi và má tôi bị sưng lên, rất khó chịu. Do sưng tấy, thỉnh thoảng tôi bị đau đầu và chảy nước mắt."
Dị ứng - Miễn dịch,"Tôi bị sổ mũi và hắt hơi rất nhiều. Mắt tôi bị chảy nước và đau, và tôi ho liên tục. Đầu tôi đau nhức không ngừng."
Dị ứng - Miễn dịch,"Tôi hắt hơi rất nhiều và bị đau họng. Môi và vùng da quanh mắt thỉnh thoảng bị sưng. Một khi đã bắt đầu, tôi không thể ngừng hắt hơi được."
Dị ứng - Miễn dịch,"Tôi bị khó thở và dễ bị hụt hơi. Mắt tôi đau nhức, tôi bị ho khan, ho dữ dội, và mặt cùng toàn thân bị phù nề."
Dị ứng - Miễn dịch,Tôi bị nghẹt mũi và tắc nghẽn đường thở. Thỉnh thoảng tôi bị cứng người và khó chịu ở ngực vào ban đêm. Tôi cũng bị mất khả năng ngửi và nếm.
Dị ứng - Miễn dịch,"Tôi bị khò khè và khó thở, đó là các triệu chứng của bệnh hen suyễn. Tôi thường xuyên bị đau đầu và sốt. Tôi luôn cảm thấy kiệt sức."
Dị ứng - Miễn dịch,"Tôi luôn cảm thấy kiệt sức, miệng có vị khó chịu và cổ họng rất ngứa. Cơ bắp của tôi cũng nóng rát và đau nhức. Toàn thân tôi thỉnh thoảng bị chuột rút."
Dị ứng - Miễn dịch,Tôi bị mất cảm giác thèm ăn và khó nuốt. Tôi bị chảy nước mũi và đau họng.
Dị ứng - Miễn dịch,Tôi luôn cảm thấy ngứa cổ họng và mệt mỏi. Da tôi cũng bắt đầu trở nên khô. Thỉnh thoảng tôi bị phù mắt.
Dị ứng - Miễn dịch,"Tôi cảm thấy buồn nôn, khó chịu và chóng mặt. Cổ họng tôi sưng to khiến tôi khó thở. Thỉnh thoảng tôi bị đau ngực suốt đêm, và đôi khi cảm thấy không khỏe."
Dị ứng - Miễn dịch,Da tôi bị sưng và ngứa. Thỉnh thoảng chúng có thể bị bong tróc. Tôi rất đau khi má và môi bị sưng. Thỉnh thoảng tôi bị đau đầu và chảy nước mắt do sưng phù.
Dị ứng - Miễn dịch,"Tôi hắt hơi rất nhiều và sổ mũi. Mắt tôi đau và ướt, và tôi thường xuyên bị khàn giọng. Đầu tôi đau suốt."
Dị ứng - Miễn dịch,Tôi bị đau họng và hắt hơi rất nhiều. Thỉnh thoảng vùng da quanh mắt và môi tôi bị sưng. Tôi thấy rằng một khi đã bắt đầu thì không thể nào dừng lại được.
Dị ứng - Miễn dịch,"Tôi khó thở và dễ bị hụt hơi. Mặt và thân mình tôi bị sưng, mắt đau và tôi bị ho khan, ho từng cơn."
Dị ứng - Miễn dịch,"Tôi bị nghẹt mũi và tắc mũi. Thỉnh thoảng, vào ban đêm, tôi bị cứng người và đau ngực. Tôi cũng bị mất vị giác và khứu giác."
Dị ứng - Miễn dịch,"Tôi bị khó thở và thở khò khè, đó là các triệu chứng của bệnh hen suyễn. Tôi thường xuyên bị sốt và đau đầu. Tôi luôn cảm thấy mệt mỏi."
Dị ứng - Miễn dịch,"Tôi thường xuyên cảm thấy mệt mỏi, miệng có vị khó chịu và ngứa họng. Cơ bắp của tôi cũng bị đau rát và khó chịu. Thỉnh thoảng tôi bị chuột rút khắp cơ thể."
Dị ứng - Miễn dịch,Tôi bị giảm cảm giác thèm ăn và gặp khó khăn khi nuốt. Tôi bị đau họng và chảy nước mũi.
Dị ứng - Miễn dịch,"Cổ họng tôi luôn ngứa rát và tôi cảm thấy mệt mỏi. Thêm vào đó, da tôi bắt đầu trở nên khô. Thỉnh thoảng tôi bị viêm mắt."
Dị ứng - Miễn dịch,"Tôi cảm thấy buồn nôn, mệt mỏi và run rẩy. Cổ họng tôi rất to, khiến tôi khó thở. Thỉnh thoảng tôi bị đau ngực vào ban đêm và thỉnh thoảng bị ốm."
Dị ứng - Miễn dịch,"Da tôi bị ngứa và sưng. Thỉnh thoảng, chúng có thể bị bong tróc. Môi và má sưng tấy rất đau. Tình trạng sưng tấy đôi khi gây ra đau đầu và chảy nước mắt."
Tiêu hóa,Tôi thường bị nóng rát cổ họng trong và đặc biệt là sau khi ăn. Đôi khi điều này cũng để lại vị chua hoặc đắng trong miệng và khiến tôi buồn nôn.
Tiêu hóa,Tôi bị ợ nóng và khó tiêu. Tôi thường xuyên nôn mửa sau khi ăn và khó nuốt thức ăn vì thức ăn bị mắc kẹt trong cổ họng. Tôi bị đau âm ỉ ở vùng bụng trên.
Tiêu hóa,"Tôi thường xuyên ợ hơi. Tôi bị đau ngực, thường lan ra sau gáy, hàm và cánh tay. Tôi cảm thấy tức ngực và có cảm giác nặng nề."
Tiêu hóa,"Tôi luôn cảm thấy miệng mình có vị chua, ngay cả khi chưa ăn gì có tính axit. Tôi cũng thường xuyên bị nấc cụt và cảm giác vướng ở cổ họng."
Tiêu hóa,"Tôi bị hôi miệng mãn tính và có vị chua trong miệng. Đôi khi, việc nuốt thức ăn trở nên khó khăn vì cảm giác tê rát ở cổ họng."
Tiêu hóa,"Tôi thường xuyên bị ợ nóng và khó tiêu, đặc biệt là khi ăn đồ cay hoặc đồ béo. Tôi bị đau ngực, cơn đau càng nặng hơn khi nằm xuống hoặc cúi người. Tôi cũng thường xuyên bị đau ngực."
Tiêu hóa,"Tôi bị chán ăn và khó nuốt. Tôi thường xuyên có cảm giác no kéo dài, ngay cả sau khi ăn những bữa ăn nhỏ. Tôi thường bị nôn mửa, ợ nóng và cảm giác tê rát ở cổ họng."
Tiêu hóa,"Tôi bị đau họng hoặc khàn giọng, đặc biệt là vào buổi sáng. Tôi bị đau họng dai dẳng và hôi miệng. Tôi cũng thường xuyên ợ hơi."
Tiêu hóa,"Tôi có cảm giác như thức ăn hoặc axit trào ngược lên cổ họng. Tôi bị đau ngực, cơn đau càng nặng hơn nếu nằm xuống. Tôi thường xuyên bị ợ nóng hoặc khó tiêu sau khi ăn và nôn ra."
Tiêu hóa,Tôi cảm thấy khó chịu sau khi ăn và thường nôn hết những gì đã ăn. Tôi luôn bị đau bụng và trào ngược axit rất nặng.
Tiêu hóa,"Tôi thường xuyên cảm thấy cổ họng nóng rát, đặc biệt là sau khi ăn. Thêm vào đó, thỉnh thoảng tôi lại cảm thấy vị chua hoặc đắng sau khi ăn, khiến tôi buồn nôn."
Tiêu hóa,"Tôi bị khó tiêu và ợ nóng. Tôi thường xuyên nôn hết những gì mình ăn, và khó nuốt thức ăn vì nó bị mắc kẹt trong cổ họng. Vùng bụng trên của tôi cũng đang khó chịu."
Tiêu hóa,"Tôi thường xuyên ợ hơi. Tôi thường xuyên bị khó chịu ở ngực, cơn đau lan ra sau gáy, hàm và cánh tay. Tôi cảm thấy tức ngực và căng tức."
Tiêu hóa,"Ngay cả khi không có gì trong dạ dày gây khó chịu, tôi vẫn luôn cảm thấy vị chua trong miệng. Tôi thường xuyên bị nấc cụt và có cảm giác vướng ở cổ họng."
Tiêu hóa,"Tôi luôn bị hôi miệng và có vị chua trong miệng, thỉnh thoảng, cảm giác tê rát ở cổ họng khiến tôi khó nuốt thức ăn."
Tiêu hóa,"Tôi thường xuyên bị ợ nóng và khó tiêu, đặc biệt là sau khi ăn đồ ăn cay hoặc nhiều dầu mỡ. Khi nằm xuống hoặc cúi người, cảm giác khó chịu ở ngực càng nặng thêm. Ngực tôi cũng khá đau."
Tiêu hóa,"Tôi không có cảm giác muốn ăn, và việc nuốt cũng khó khăn. Ngay cả sau khi ăn những bữa nhỏ, tôi vẫn thường xuyên cảm thấy no kéo dài. Thông thường, tôi bị ợ nóng, buồn nôn và tê cổ họng."
Tiêu hóa,"Tôi thường thức dậy với cổ họng đau hoặc giọng khàn. Cổ họng tôi đau liên tục, và tôi cũng bị hôi miệng. Tôi cũng thường xuyên ợ hơi."
Tiêu hóa,"Tôi cảm thấy như có axit hoặc thức ăn trào ngược lên cổ họng. Ngực tôi đau, và nằm xuống càng đau hơn. Sau khi ăn, tôi thường bị ợ nóng hoặc khó tiêu và nôn mửa."
Tiêu hóa,"Sau khi ăn, tôi cảm thấy buồn nôn và thường xuyên nôn hết những gì đã ăn. Tôi luôn bị đau bụng dữ dội và trào ngược axit rất nặng."
Tiêu hóa,"Đặc biệt là sau khi ăn, cổ họng tôi thường xuyên có cảm giác nóng rát. Thỉnh thoảng tôi cũng cảm thấy vị đắng hoặc chua trong miệng, khiến tôi thấy buồn nôn."
Tiêu hóa,"Tôi bị ợ nóng và khó tiêu. Tôi thường xuyên nôn hết mọi thứ mình ăn, và thức ăn bị mắc kẹt trong cổ họng, khiến tôi khó nuốt. Tôi bị đau ở vùng bụng trên."
Tiêu hóa,"Tôi thường xuyên bị ợ hơi. Tôi cũng thường bị đau ngực, cơn đau lan ra sau gáy, hàm và cánh tay. Ngực tôi có cảm giác tức ngực và căng tức."
Tiêu hóa,"Tôi thường xuyên cảm thấy miệng mình có vị chua, ngay cả khi trong dạ dày không có gì chứa axit. Tôi cũng thường xuyên bị nấc cụt và có cảm giác vướng ở cổ họng."
Tiêu hóa,"Thỉnh thoảng tôi cảm thấy khó nuốt thức ăn do cổ họng bị tê, hơi thở hôi và miệng có vị khó chịu."
Tiêu hóa,"Tôi thường xuyên bị khó tiêu và ợ nóng, đặc biệt là sau khi ăn đồ ăn cay hoặc nhiều dầu mỡ. Cơn đau ngực của tôi nặng hơn khi tôi khom lưng hoặc nằm xuống. Thêm vào đó, ngực tôi rất đau."
Tiêu hóa,"Tôi không có tâm trạng ăn uống và việc nuốt cũng khó khăn. Tôi thường có cảm giác no kéo dài ngay cả sau khi ăn những bữa nhỏ. Các triệu chứng điển hình của tôi bao gồm ợ nóng, buồn nôn và tê cổ họng."
Tiêu hóa,Tôi thường xuyên bị khàn giọng hoặc đau họng khi thức dậy. Tôi bị hôi miệng và đau họng liên tục. Tôi cũng nôn rất nhiều.
Tiêu hóa,Tôi cảm thấy như cổ họng bị ứ đọng thức ăn hoặc axit. Nằm xuống chỉ làm cơn đau ngực thêm dữ dội. Tôi thường xuyên bị ợ nóng hoặc khó tiêu sau khi ăn và nôn mửa.
Tiêu hóa,Tôi thường cảm thấy buồn nôn sau khi ăn và nôn hết thức ăn ra. Tôi liên tục bị trào ngược axit dữ dội và đau bụng nghiêm trọng.
Tiêu hóa,"Tôi thường cảm thấy cổ họng nóng rát, đặc biệt là sau khi ăn. Thỉnh thoảng, vị đắng hoặc chua còn đọng lại sau khi ăn cũng khiến tôi cảm thấy khó chịu."
Tiêu hóa,"Tôi bị khó tiêu và ợ nóng. Tôi thường xuyên nôn hết những gì mình ăn, và rất khó nuốt vì thức ăn bị mắc kẹt trong cổ họng. Vùng bụng trên của tôi cũng khó chịu."
Tiêu hóa,"Tôi có xu hướng ợ hơi thường xuyên. Tôi thường xuyên bị đau ngực, cơn đau lan ra cánh tay, hàm và gáy. Tôi cảm thấy tức ngực và căng tức."
Tiêu hóa,"Ngay cả khi không có gì trong dạ dày gây khó chịu, tôi vẫn luôn cảm thấy vị chua trong miệng. Tôi thường xuyên bị vướng ở cổ họng và nấc cụt."
Tiêu hóa,"Thỉnh thoảng, cảm giác tê rát ở cổ họng, hơi thở hôi và vị khó chịu trong miệng khiến tôi khó nuốt thức ăn."
Tiêu hóa,"Tôi thường xuyên bị ợ nóng và khó tiêu, đặc biệt là sau khi ăn đồ ăn cay hoặc nhiều dầu mỡ. Khi cúi người về phía trước hoặc nằm xuống, cảm giác khó chịu ở ngực càng trở nên tồi tệ hơn. Ngực tôi cũng rất đau."
Tiêu hóa,"Tôi không có cảm giác muốn ăn, và việc nuốt cũng khó khăn. Ngay cả sau những bữa ăn nhỏ, tôi vẫn thường xuyên cảm thấy no kéo dài. Các triệu chứng thường gặp của tôi bao gồm buồn nôn, ợ nóng và tê cổ họng."
Tiêu hóa,Tôi thường xuyên thức dậy với giọng khàn hoặc đau họng. Cổ họng tôi liên tục bị kích ứng và hơi thở rất hôi. Tôi thường xuyên nôn mửa.
Tiêu hóa,"Tôi cảm thấy như có thức ăn hoặc axit trào ngược lên cổ họng. Cảm giác khó chịu ở ngực càng trở nên tồi tệ hơn khi tôi nằm xuống. Sau khi ăn, tôi thường xuyên bị ợ nóng hoặc khó tiêu và nôn mửa."
Tiêu hóa,"Sau khi ăn, tôi thường cảm thấy khó chịu và nôn hết thức ăn. Tôi bị trào ngược axit gây đau đớn và đau bụng dữ dội suốt ngày."
Tiêu hóa,"Đặc biệt là sau khi ăn, cổ họng tôi thường xuyên có cảm giác nóng rát. Thỉnh thoảng tôi còn cảm thấy vị đắng hoặc chua khó chịu sau khi ăn, khiến tôi thấy buồn nôn."
Tiêu hóa,"Tôi bị ợ nóng và khó tiêu. Tôi thường xuyên nôn hết mọi thứ mình ăn, và việc nuốt thức ăn rất khó khăn vì thức ăn bị mắc kẹt trong cổ họng. Tôi đang bị đau ở vùng bụng trên."
Tiêu hóa,"Tôi có thói quen ợ hơi thường xuyên. Tôi thường bị khó chịu ở ngực, cơn đau lan xuống cánh tay, hàm và cổ. Ngực tôi cảm thấy căng tức và khó chịu."
Tiêu hóa,"Tôi luôn cảm thấy miệng có vị chua, ngay cả khi trong dạ dày không có gì chứa axit. Tôi thường xuyên bị nấc cụt và nghẹn ở cổ họng."
Tiêu hóa,"Thỉnh thoảng tôi gặp khó khăn khi nuốt thức ăn vì cảm giác tê rát ở cổ họng, hơi thở hôi và vị khó chịu trong miệng."
Tiêu hóa,"Tôi thường xuyên bị khó tiêu và ợ nóng, đặc biệt là sau khi ăn đồ ăn cay hoặc nhiều dầu mỡ. Ngực tôi đau khi cúi người về phía trước hoặc khi nằm xuống. Thêm vào đó, ngực tôi đau rất nhiều."
Tiêu hóa,Tôi thường xuyên cảm thấy buồn nôn sau khi ăn và nôn hết thức ăn ra. Tôi liên tục bị đau quặn bụng và trào ngược axit dữ dội.
Tiêu hóa,"Cổ họng tôi thường có cảm giác như bị bỏng rát, đặc biệt là sau khi ăn. Thỉnh thoảng tôi lại cảm thấy vị chua hoặc đắng trong miệng, khiến tôi buồn nôn."
Dị ứng - Miễn dịch,"Tôi có vị kim loại trong miệng, và cũng cảm thấy vị giác và khứu giác thay đổi. Thỉnh thoảng tôi bị đau khớp và đau cơ rất dữ dội."
Dị ứng - Miễn dịch,"Tôi bị đau đầu và đau nửa đầu, khó ngủ. Tôi bị co giật và run cơ. Thỉnh thoảng tôi cảm thấy choáng váng."
Dị ứng - Miễn dịch,"Tôi bị sốt và cảm thấy rất chóng mặt, choáng váng. Tim tôi đập rất nhanh và tôi cảm thấy rất lẫn lộn. Tôi không thể suy nghĩ rõ ràng và mọi thứ đều mờ ảo."
Dị ứng - Miễn dịch,Tôi bị nổi mẩn trên da và những vết mẩn này thỉnh thoảng bong tróc. Điều này khiến tôi dễ bị nhiễm trùng. Các ngón tay của tôi bắt đầu co giật và đôi khi tôi bị run tay.
Dị ứng - Miễn dịch,Tôi cảm thấy rất buồn nôn và đau ngực. Gần đây tôi thường xuyên bị đau ngực. Tôi cảm thấy rất khó chịu và thường xuyên đổ mồ hôi nhiều.
Dị ứng - Miễn dịch,"Tôi bị ngứa khắp người, và nổi mẩn ở ngực và lưng. Da tôi thỉnh thoảng bị bong tróc và thường để lại vết thâm trên cơ thể."
Dị ứng - Miễn dịch,"Tôi bị rụng tóc và kết cấu tóc thay đổi đáng kể. Da đầu tôi khô, ngứa và gàu tăng lên. Da cũng trở nên rất khô."
Dị ứng - Miễn dịch,"Tôi đang gặp phải tình trạng giảm ham muốn tình dục và khó khăn trong hoạt động tình dục. Tôi cảm thấy rất chóng mặt, bối rối và thường xuyên bị ""sương mù não""."
Dị ứng - Miễn dịch,"Tôi đang gặp phải những thay đổi trong chu kỳ kinh nguyệt và hiện tượng ra dịch âm đạo bất thường. Tôi thường xuyên bị thay đổi tâm trạng và cảm thấy bồn chồn, khó chịu."
Dị ứng - Miễn dịch,Tôi đã tăng cân đáng kể và trở nên rất béo phì. Tôi cũng có những thay đổi về khẩu vị và thèm ăn nhiều loại thực phẩm khác nhau.
Dị ứng - Miễn dịch,Tôi gặp khó khăn trong việc duy trì sự tập trung và khả năng tư duy rất kém. Tôi thường xuyên quên mọi thứ và nhìn chung gặp khó khăn trong việc ghi nhớ.
Dị ứng - Miễn dịch,"Ngoài việc thay đổi vị giác và khứu giác, tôi còn cảm thấy vị kim loại đọng lại trên lưỡi sau khi ăn. Thỉnh thoảng tôi bị đau nhức khớp và cơ dữ dội."
Dị ứng - Miễn dịch,"Tôi bị chứng đau nửa đầu và đau đầu, và gần đây tôi khó ngủ. Cơ bắp của tôi bị run và co giật. Thỉnh thoảng tôi cảm thấy chóng mặt."
Dị ứng - Miễn dịch,"Tôi cảm thấy rất choáng váng và chóng mặt khi bị sốt. Đầu óc tôi hoàn toàn rối bời, tim đập nhanh. Tôi khó có thể suy nghĩ thấu đáo, mọi thứ dường như rất mờ ảo."
Dị ứng - Miễn dịch,"Da tôi thỉnh thoảng bị bong tróc những vết phát ban. Điều này khiến tôi dễ bị nhiễm trùng hơn. Tay tôi bắt đầu run, và thỉnh thoảng tôi bị run tay chân."
Dị ứng - Miễn dịch,Tôi bị buồn nôn dữ dội và khó chịu ở ngực. Gần đây tôi thường xuyên bị khó chịu ở ngực. Tôi hay bị run rẩy và cảm thấy rất lo lắng.
Dị ứng - Miễn dịch,"Tôi bị phát ban ở ngực và lưng, ngứa khắp người. Thỉnh thoảng da tôi bị bong tróc, thường tạo thành các vết hằn trên cơ thể."
Dị ứng - Miễn dịch,"Kết cấu tóc của tôi đã thay đổi đáng kể, và tôi đang bị rụng tóc. Da đầu tôi khô và ngứa, và gàu ngày càng nặng hơn. Da tôi cũng trở nên rất khô."
Dị ứng - Miễn dịch,"Ham muốn tình dục của tôi giảm sút, và tôi cảm thấy khó khăn hơn trong việc quan hệ tình dục. Tôi thường xuyên bị chứng ""sương mù não"", cảm thấy chóng mặt và mất phương hướng."
Dị ứng - Miễn dịch,"Chu kỳ kinh nguyệt của tôi đã thay đổi, và tôi bị ra dịch âm đạo bất thường. Tôi thường xuyên bị thay đổi tâm trạng và thỉnh thoảng cảm thấy bồn chồn."
Dị ứng - Miễn dịch,Tôi đã tăng cân rất nhiều và giờ khá béo. Tôi ăn uống thất thường và thèm đủ thứ.
Dị ứng - Miễn dịch,Tôi khó tập trung và khả năng tư duy của tôi rất kém. Tôi hay quên và gặp khó khăn trong việc ghi nhớ mọi thứ.
Dị ứng - Miễn dịch,"Lưỡi tôi còn có vị kim loại sau khi ăn, ngoài ra còn có sự thay đổi về vị giác và khứu giác. Thỉnh thoảng tôi bị đau nhức cơ và khớp dữ dội."
Dị ứng - Miễn dịch,"Tôi bị đau đầu và đau nửa đầu, và tôi khó ngủ. Toàn thân tôi run rẩy và co giật. Thỉnh thoảng tôi cảm thấy chóng mặt."
Dị ứng - Miễn dịch,"Khi bị sốt, tôi cảm thấy khá choáng váng và chóng mặt. Tim đập nhanh, đầu óc thì mờ mịt. Khả năng suy nghĩ mạch lạc bị suy giảm, mọi thứ dường như trở nên nh blurred."
Dị ứng - Miễn dịch,"Những vết phát ban thỉnh thoảng khiến da tôi bị bong tróc. Do đó, tôi dễ bị ốm hơn. Thỉnh thoảng tôi bắt đầu run rẩy, và tay tôi cũng bắt đầu run."
Dị ứng - Miễn dịch,"Tôi bị đau ngực và buồn nôn dữ dội. Gần đây, ngực tôi cứ đau. Tôi thường xuyên bị run rẩy và rất lo lắng."
Dị ứng - Miễn dịch,"Toàn thân tôi bị ngứa, và tôi bị nổi mẩn ở lưng và ngực. Da tôi đôi khi bị bong tróc, thường dẫn đến hình thành các vết thâm trên cơ thể."
Dị ứng - Miễn dịch,"Tôi bị rụng tóc và kết cấu tóc thay đổi đáng kể. Gàu ngày càng nhiều, da đầu khô và ngứa. Da tôi cũng trở nên khá khô."
Dị ứng - Miễn dịch,"Ham muốn tình dục của tôi giảm sút, và tôi gặp khó khăn trong việc quan hệ tình dục. Tôi thường xuyên bị chứng ""sương mù não"", cũng như cảm thấy hơi bối rối."
Dị ứng - Miễn dịch,Tôi nhận thấy có sự thay đổi trong chu kỳ kinh nguyệt hàng tháng và hiện tượng tiết dịch âm đạo bất thường. Tôi cũng hay cáu gắt và tâm trạng thất thường.
Dị ứng - Miễn dịch,Tôi đã tăng cân rất nhiều và hiện giờ bị béo phì nghiêm trọng. Tôi có những ham muốn và khẩu vị khác thường.
Dị ứng - Miễn dịch,Tôi có khả năng tập trung kém và khó giữ được sự chú ý. Tôi thường xuyên quên mọi thứ và gặp khó khăn trong việc ghi nhớ.
Dị ứng - Miễn dịch,"Cùng với sự thay đổi về vị giác và khứu giác, lưỡi tôi còn có vị kim loại sau khi ăn. Thỉnh thoảng tôi bị đau khớp và đau cơ dữ dội."
Dị ứng - Miễn dịch,"Tôi bị chứng đau nửa đầu và đau đầu, và gần đây tôi khó ngủ. Toàn thân tôi run rẩy và ớn lạnh. Thỉnh thoảng, tôi bị chóng mặt."
Dị ứng - Miễn dịch,"Tôi thường cảm thấy buồn nôn và chóng mặt khi bị sốt. Đầu óc tôi hoàn toàn mơ hồ, tim đập nhanh. Tôi khó suy nghĩ mạch lạc, và mọi thứ dường như hơi lờ mờ."
Dị ứng - Miễn dịch,"Đôi khi da tôi bắt đầu bong tróc do phát ban. Kết quả là tôi dễ bị ốm hơn. Thỉnh thoảng, tay tôi bắt đầu run và tôi bắt đầu run rẩy."
Dị ứng - Miễn dịch,Tôi bị buồn nôn dữ dội và khó chịu ở ngực. Gần đây ngực tôi cứ đau nhức. Tôi rất lo lắng và run rẩy liên tục.
Dị ứng - Miễn dịch,"Tôi bị phát ban ở lưng và ngực, và toàn thân ngứa ngáy. Da tôi đôi khi bị khô và bong tróc, thường để lại vết thâm trên cơ thể."
Dị ứng - Miễn dịch,"Tóc tôi rụng nhiều và kết cấu tóc thay đổi đáng kể. Da đầu khô, ngứa và gàu ngày càng nặng hơn. Da mặt tôi cũng trở nên khá khô."
Dị ứng - Miễn dịch,"Tôi không còn muốn quan hệ tình dục nữa, và việc đó cũng rất khó khăn đối với tôi. Tôi thường xuyên bị chứng ""sương mù não"" và cảm giác lẫn lộn."
Dị ứng - Miễn dịch,"Chu kỳ kinh nguyệt của tôi đã thay đổi, và tôi bị ra dịch âm đạo bất thường. Thỉnh thoảng tôi dễ nổi nóng, và tâm trạng của tôi thay đổi thất thường."
Dị ứng - Miễn dịch,Tôi đã tăng cân rất nhiều và hiện giờ khá béo. Tôi có rất nhiều sở thích và thèm muốn.
Dị ứng - Miễn dịch,Tôi có khả năng tập trung kém và đầu óc không minh mẫn. Tôi thường xuyên quên mọi thứ và trí nhớ không được tốt.
Dị ứng - Miễn dịch,"Lưỡi tôi cũng thay đổi về vị và mùi, để lại dư vị kim loại. Tôi cũng có thể bị đau nhức khớp và cơ dữ dội."
Dị ứng - Miễn dịch,"Tôi bị đau đầu và đau nửa đầu, và tôi khó ngủ. Tôi bị run rẩy toàn thân. Thỉnh thoảng tôi cảm thấy choáng váng."
Dị ứng - Miễn dịch,"Khi bị sốt, tôi cảm thấy khá buồn nôn và chóng mặt. Tim đập nhanh, đầu óc thì hoàn toàn mơ hồ. Mọi thứ đều có vẻ mờ ảo, và tôi khó có thể suy nghĩ minh mẫn."
Dị ứng - Miễn dịch,Những vết phát ban thỉnh thoảng khiến da tôi bắt đầu bong tróc. Điều này khiến tôi dễ bị ốm hơn. Tay tôi thỉnh thoảng bắt đầu run và toàn thân tôi bắt đầu run rẩy.
Dị ứng - Miễn dịch,"Tôi bị đau ngực và buồn nôn dữ dội. Gần đây, ngực tôi cứ đau nhức. Tôi run rẩy nhiều và khá lo lắng."
Dị ứng - Miễn dịch,"Toàn thân tôi bị ngứa, và tôi bị nổi mẩn ở lưng và ngực. Thỉnh thoảng da tôi bị khô và bong tróc, thường dẫn đến các vết bẩn trên cơ thể."
Tiêu hóa,"Tôi bị cảm giác nóng rát ở vùng bụng trên, thường xuyên xảy ra giữa đêm hoặc vào ban đêm. Tôi bị ợ nóng và khó tiêu, và thường xuyên cảm thấy rất buồn nôn."
Tiêu hóa,"Tôi bị đầy hơi và cảm giác khó chịu. Tôi bị sụt cân và chán ăn. Thỉnh thoảng phân của tôi sẫm màu và có lẫn máu, và tôi cũng nôn ra máu."
Tiêu hóa,Tôi gặp khó khăn khi nuốt thức ăn và thường có cảm giác thức ăn bị mắc kẹt trong cổ họng. Tôi bị ợ hơi và đầy bụng liên tục. Miệng tôi luôn có vị chua khó chịu.
Tiêu hóa,"Tôi bị đi ngoài ra máu, dẫn đến mất máu và mất sắt. Điều này khiến tôi bị thiếu máu và cảm thấy rất yếu."
Tiêu hóa,"Tôi luôn cảm thấy đói cồn cào và thèm ăn dữ dội. Thỉnh thoảng tôi bị đau bụng và co thắt. Sau khi ăn, tôi bị đầy hơi và chướng bụng, điều này khiến tôi rất khó chịu."
Tiêu hóa,"Tôi bị thay đổi thói quen đi tiêu, chẳng hạn như táo bón và tiêu chảy. Tôi bị mất cảm giác thèm ăn và thiếu năng lượng, đồng thời thường xuyên cảm thấy rất mệt mỏi."
Tiêu hóa,"Tôi bị đau bụng và cơn đau càng nặng hơn nếu tôi cúi người hoặc nằm xuống. Tôi cảm thấy khó chịu khi ăn một số loại thực phẩm nhất định, chẳng hạn như thức ăn cay hoặc chua. Đôi khi tôi bị tiêu chảy vì điều này."
Tiêu hóa,Tôi khó ngủ do đau bụng hoặc khó chịu. Tôi bị mất cảm giác thèm ăn và cảm thấy mệt mỏi sau khi đi vệ sinh. Tôi luôn cảm thấy rất nóng rát.
Tiêu hóa,Tôi có vị chua trong miệng. Tôi thường xuyên ợ hơi. Tôi cảm thấy tức bụng hoặc đầy bụng trên kéo dài vài giờ.
Tiêu hóa,"Tôi bị sụt cân không chủ ý và khó tăng cân. Tôi bị đau và khó chịu, chỉ giảm khi uống thuốc kháng axit. Miệng tôi có vị rất khó chịu."
Tiêu hóa,"Thỉnh thoảng, vào ban ngày hoặc ban đêm, tôi cảm thấy nóng rát ở vùng bụng trên. Tôi bị khó tiêu, ợ nóng và thường xuyên buồn nôn dữ dội."
Tiêu hóa,Tôi bị đầy hơi và khó chịu. Tôi đang sụt cân và mất hứng thú ăn uống. Thỉnh thoảng tôi bị tiêu chảy phân đen như nhựa đường và nôn ra máu.
Tiêu hóa,Tôi khó nuốt và thường xuyên cảm thấy thức ăn bị mắc kẹt trong cổ họng. Tôi cảm thấy đầy hơi và ợ hơi liên tục. Tôi luôn cảm thấy vị chua trong miệng.
Tiêu hóa,"Tình trạng đi ngoài ra máu đã khiến tôi mất sắt và máu, cùng nhiều chất khác. Hiện tại tôi bị thiếu máu và cảm thấy khá yếu."
Tiêu hóa,"Tôi luôn cảm thấy đói và thèm ăn dữ dội. Thỉnh thoảng, dạ dày tôi bị đau quặn và co thắt. Sau khi ăn, tôi bị đầy hơi và chướng bụng, khiến tôi khá khó chịu."
Tiêu hóa,"Tình trạng đi ngoài của tôi đã thay đổi; lúc thì táo bón, lúc thì tiêu chảy. Tôi thiếu năng lượng, chán ăn và thường xuyên cảm thấy rất mệt mỏi."
Tiêu hóa,"Tôi bị đau bụng, và việc cúi người hoặc nằm xuống chỉ làm cho cơn đau nặng thêm. Khi ăn một số món ăn nhất định, chẳng hạn như đồ ăn cay hoặc chua, tôi cảm thấy khó chịu. Điều này đôi khi khiến tôi bị tiêu chảy."
Tiêu hóa,"Tôi khó ngủ hoặc ngủ không sâu giấc vì đau bụng. Sau khi đi vệ sinh, tôi cảm thấy kiệt sức và mất cảm giác thèm ăn. Tôi luôn cảm thấy rất lo lắng."
Tiêu hóa,"Miệng tôi có vị chua gắt. Tôi ợ hơi thường xuyên. Trong vài giờ, tôi cảm thấy tức bụng hoặc đầy bụng."
Tiêu hóa,Tôi giảm cân ngoài ý muốn và rất khó tăng cân. Tôi dùng thuốc kháng axit để giảm đau và khó chịu. Miệng tôi cảm thấy rất tệ.
Tiêu hóa,"Tôi thỉnh thoảng bị nóng rát ở vùng bụng trên suốt cả ngày hoặc đêm. Tôi bị ợ nóng, khó tiêu và thường xuyên bị buồn nôn dữ dội."
Tiêu hóa,"Tôi cảm thấy đầy hơi và khó chịu cùng một lúc. Tôi đang giảm cân và không còn thích ăn nữa. Thỉnh thoảng tôi bị nôn ra máu và đi ngoài phân đen, sệt như nhựa đường."
Tiêu hóa,Tôi thường cảm thấy như thức ăn bị mắc kẹt trong cổ họng và khó nuốt. Tôi cảm thấy đầy hơi và thường xuyên ợ hơi. Tôi luôn có vị đắng trong miệng sau khi ăn.
Tiêu hóa,"Tôi bị mất rất nhiều chất dinh dưỡng do đi ngoài ra máu, bao gồm cả sắt và máu. Vì vậy, giờ tôi bị thiếu máu và thường xuyên cảm thấy khá yếu."
Tiêu hóa,"Tôi rất thèm ăn và luôn cảm thấy đói cồn cào. ​​Thỉnh thoảng bụng tôi cũng đau nhức và co thắt. Tôi bị đầy hơi và chướng bụng sau khi ăn, rất khó chịu."
Tiêu hóa,"Tôi bị táo bón và tiêu chảy. Tôi thường cảm thấy rất mệt mỏi, thiếu năng lượng và không có cảm giác thèm ăn."
Tiêu hóa,"Cúi người hoặc nằm ngửa chỉ làm tôi cảm thấy đau bụng hơn. Tôi bị đau sau khi ăn một số loại thực phẩm, chẳng hạn như thức ăn nóng hoặc có tính axit. Thỉnh thoảng tôi bị tiêu chảy do điều này."
Tiêu hóa,"Do khó chịu ở dạ dày, tôi gặp vấn đề về giấc ngủ hoặc ngủ không sâu giấc. Tôi cảm thấy kiệt sức sau khi đi vệ sinh và mất cảm giác thèm ăn. Tôi luôn cảm thấy khá lo lắng."
Tiêu hóa,"Miệng tôi có vị chua, chát. Tôi hay bị ợ hơi. Tôi cảm thấy tức bụng hoặc đầy bụng trong vài giờ."
Tiêu hóa,"Tôi không hề hay biết mình bị sụt cân và rất khó tăng cân. Để giảm đau và khó chịu, tôi phải uống thuốc kháng axit. Miệng tôi đau quá."
Tiêu hóa,"Thỉnh thoảng, suốt cả ngày hoặc đêm, tôi cảm thấy nóng rát ở vùng bụng trên. Tôi thường xuyên bị buồn nôn dữ dội, ợ nóng và khó tiêu."
Tiêu hóa,Tôi bị đầy hơi và khó chịu toàn thân. Tôi không còn thích ăn nữa vì tôi đang giảm cân. Thỉnh thoảng tôi nôn ra máu và đi ngoài phân đen như nhựa đường.
Tiêu hóa,Tôi thường xuyên gặp vấn đề khi nuốt và cảm giác thức ăn bị mắc kẹt trong cổ họng. Tôi thường xuyên ợ hơi và cảm thấy đầy bụng. Vị thức ăn sau khi ăn luôn khó chịu.
Tiêu hóa,"Tình trạng đi ngoài ra máu đã khiến tôi mất đi nhiều chất, bao gồm cả sắt và máu. Kết quả là tôi bị thiếu máu và thường xuyên cảm thấy yếu ớt."
Tiêu hóa,"Tôi vừa thèm ăn vừa luôn cảm thấy đói dữ dội. Có những lúc bụng tôi đau quặn và bị chuột rút. Sau bữa ăn, tôi bị đầy hơi và chướng bụng rất đau."
Tiêu hóa,Tôi thường xuyên bị táo bón và tiêu chảy. Tôi cũng thường xuyên cảm thấy thiếu năng lượng và chán ăn.
Tiêu hóa,"Tôi chỉ cảm thấy khó chịu ở bụng khi cúi người hoặc nằm ngửa. Sau khi ăn một số món ăn nhất định, chẳng hạn như đồ ăn cay hoặc chua, tôi bị khó chịu. Điều này thỉnh thoảng khiến tôi bị tiêu chảy."
Tiêu hóa,"Tôi bị đau bụng khiến tôi không thể ngủ được hoặc ngủ không sâu giấc. Sau khi đi vệ sinh, tôi cảm thấy mệt mỏi và mất hứng thú ăn uống. Tôi luôn trong trạng thái lo lắng."
Tiêu hóa,"Miệng tôi có vị chua chát. Tôi ợ hơi thường xuyên. Trong vài giờ qua, vùng bụng trên của tôi cảm thấy nặng nề hoặc đầy hơi."
Tiêu hóa,Tôi vô tình bị giảm cân và rất khó tăng cân trở lại. Tôi dùng thuốc kháng axit để giảm đau và khó chịu. Miệng tôi đau nhức kinh khủng.
Tiêu hóa,"Tôi thỉnh thoảng bị nóng rát ở vùng bụng trên suốt cả ngày hoặc đêm. Tôi thường xuyên bị ợ nóng dữ dội, khó tiêu và buồn nôn."
Tiêu hóa,Tôi cảm thấy vừa đầy hơi vừa khó chịu. Vì đang giảm cân nên tôi không còn thích ăn nữa. Thỉnh thoảng tôi bị tiêu chảy phân đen như nhựa đường và nôn ra máu.
Tiêu hóa,"Tôi thường xuyên gặp khó khăn khi nuốt, và đôi khi cảm thấy như thức ăn bị mắc kẹt trong cổ họng. Tôi thường xuyên cảm thấy đầy hơi và ợ hơi. Mỗi lần như vậy, tôi đều có vị khó chịu sau khi ăn."
Tiêu hóa,"Tôi bị mất rất nhiều chất dinh dưỡng do đi ngoài ra máu, bao gồm cả sắt và máu. Hậu quả là tôi bị thiếu máu và cảm thấy khá yếu."
Tiêu hóa,Tôi có khẩu vị rất tốt và luôn cảm thấy đói. Thỉnh thoảng tôi bị đau bụng và chuột rút. Tôi bị đầy hơi và chướng bụng rất đau sau khi ăn.
Tiêu hóa,Tôi bị táo bón và tiêu chảy liên tục. Tôi thường xuyên không muốn ăn và thiếu năng lượng.
Tiêu hóa,"Chỉ khi nào tôi khom lưng hoặc nằm xuống thì bụng tôi mới đau hơn. Tôi bị đau bụng sau khi ăn một số loại thực phẩm nhất định, chẳng hạn như thức ăn nóng hoặc có tính axit. Thỉnh thoảng tôi bị tiêu chảy do điều này."
Tiêu hóa,Tôi không thể ngủ được hoặc ngủ không sâu giấc vì bị đau bụng. Tôi cảm thấy kiệt sức sau khi đi vệ sinh và hết đói. Tôi hay lo lắng.
Tiêu hóa,Miệng tôi có vị chua gắt. Tôi thường xuyên ợ hơi. Vùng bụng trên của tôi có cảm giác bị ép hoặc đầy trong vài giờ qua.
Tiêu hóa,"Tôi vô tình giảm cân và rất khó tăng cân trở lại. Để giảm đau và khó chịu, tôi phải uống thuốc kháng axit. Miệng tôi đang đau dữ dội."
Nội tiết,"Tôi thường xuyên khát nước và đi tiểu nhiều. Miệng và họng tôi cũng thường xuyên bị khô. Gần đây, tôi lại cảm thấy đói và thèm ăn hơn bình thường."
Nội tiết,Tôi bị nhìn mờ và tình trạng này dường như ngày càng tệ hơn. Tôi luôn cảm thấy mệt mỏi và kiệt sức. Thỉnh thoảng tôi cũng cảm thấy rất chóng mặt và choáng váng.
Nội tiết,"Tôi bị khô miệng và họng. Gần đây tôi cũng cảm thấy thèm ăn và đói hơn bình thường. Tuy nhiên, đôi khi tôi cũng cảm thấy rất mệt mỏi."
Nội tiết,Tôi có khả năng lành vết thương và vết cắt rất chậm. Tôi bị cảm giác tê bì ở bàn tay và tê liệt cả hai tay lẫn chân.
Nội tiết,"Tôi hay thay đổi tâm trạng và khó tập trung. Đầu óc tôi đôi khi cảm thấy mơ hồ và khó nghe, ngay cả những việc thường ngày cũng trở nên khó khăn."
Nội tiết,"Tôi cảm thấy run rẩy và co giật cơ. Khứu giác và vị giác của tôi bị suy giảm, và tôi cảm thấy mệt mỏi. Thỉnh thoảng tôi cảm thấy tim đập nhanh hoặc hồi hộp."
Nội tiết,"Tôi bị phát ban và kích ứng da, đặc biệt là ở các nếp gấp da. Ngoài ra, các vết cắt và vết bầm tím trên da tôi cũng lành rất chậm."
Nội tiết,Tôi thường xuyên có nhu cầu đi tiểu và thường xuyên có những cơn buồn tiểu không kiểm soát được. Tôi cảm thấy chóng mặt và thường xuyên bị lẫn. Tôi cũng bị mất thị lực.
Nội tiết,"Tôi khó thở, đặc biệt là khi vận động mạnh. Tôi bị đổ mồ hôi và đỏ mặt bất thường. Tôi thường xuyên bị nhiễm trùng nấm men."
Nội tiết,"Tôi bị ho khan kéo dài. Các vết nhiễm trùng của tôi dường như không lành và tôi bị tim đập nhanh. Tôi cũng bị đau họng, nhưng tình trạng này dường như không tự khỏi."
Nội tiết,"Tôi uống nhiều nước hơn và đi tiểu thường xuyên hơn. Cổ họng và miệng tôi thường xuyên bị khô. Gần đây, cả cảm giác thèm ăn và đói bụng của tôi đều tăng lên."
Nội tiết,"Thị lực của tôi bị mờ và dường như ngày càng tệ hơn. Tôi liên tục cảm thấy mệt mỏi và kiệt sức. Thêm vào đó, thỉnh thoảng tôi bị chóng mặt và choáng váng dữ dội."
Nội tiết,Tôi bị khô họng và miệng. Tôi cũng cảm thấy đói bụng hơn bình thường. Nhưng đôi khi tôi cũng cảm thấy khá mệt mỏi.
Nội tiết,Vết thương của tôi lành rất chậm và tốc độ hồi phục kém. Tay và chân tôi đều bị tê và có cảm giác ngứa ran.
Nội tiết,"Tôi khó tập trung và cảm xúc thất thường. Đôi khi, đầu óc tôi trở nên mơ hồ và khó nắm bắt, khiến tôi gặp khó khăn ngay cả khi làm những việc đơn giản."
Nội tiết,"Tôi cảm thấy các cơ bắp của mình run rẩy. Tôi cảm thấy mệt mỏi và khứu giác, vị giác của tôi bị suy giảm. Thỉnh thoảng tôi bị tim đập nhanh hoặc hồi hộp."
Nội tiết,"Tôi thường bị kích ứng da và nổi mẩn, đặc biệt là ở các nếp gấp da. Bất kỳ vết thương và vết bầm tím nào trên da tôi cũng lành rất chậm."
Nội tiết,Tôi thường xuyên cảm thấy muốn đi tiểu và thường xuyên có những cơn thèm tiểu dữ dội. Tôi thường xuyên cảm thấy chóng mặt và hoang mang. Tôi cũng bị suy giảm thị lực.
Nội tiết,"Tôi khó thở, đặc biệt là khi tập thể dục. Tôi hay bị đỏ mặt và đổ mồ hôi bất thường. Tôi thường xuyên bị nhiễm trùng nấm âm đạo."
Nội tiết,"Tôi bị ho khan mãn tính. Tôi bị tim đập nhanh và các bệnh nhiễm trùng của tôi dường như không thuyên giảm. Tôi cũng bị đau họng, mặc dù cơn đau dường như tự khỏi."
Nội tiết,"Lượng nước uống và tần suất đi tiểu của tôi đều tăng lên. Miệng và họng tôi thường xuyên bị khô. Gần đây, cảm giác thèm ăn và đói bụng của tôi cũng tăng lên."
Nội tiết,"Tôi bị nhìn mờ, và dường như tình trạng này ngày càng tệ hơn. Tôi liên tục cảm thấy mệt mỏi và kiệt sức. Thỉnh thoảng tôi cũng bị chóng mặt và choáng váng dữ dội."
Nội tiết,"Miệng và cổ họng tôi bị khô. Thêm vào đó, tôi ngày càng cảm thấy đói. Nhưng thỉnh thoảng, tôi cũng cảm thấy khá mệt mỏi."
Nội tiết,Vết thương của tôi đang lành rất chậm và với tốc độ ngày càng chậm. Tay và chân tôi vừa bị tê vừa có cảm giác ngứa ran.
Nội tiết,"Tôi gặp khó khăn trong việc tập trung và cảm xúc của tôi hay thay đổi. Đôi khi đầu óc tôi có vẻ mờ mịt và không minh mẫn, khiến tôi khó hoàn thành ngay cả những việc đơn giản."
Nội tiết,"Toàn thân tôi run rẩy. Khứu giác và vị giác của tôi trở nên yếu dần, và tôi cảm thấy kiệt sức. Thỉnh thoảng tôi bị tim đập nhanh hoặc mạch đập mạnh."
Nội tiết,"Tôi bị phát ban và kích ứng da, đặc biệt là ở các kẽ da. Các vết bầm tím và vết cắt trên da của tôi cũng rất lâu lành."
Nội tiết,Tôi thường xuyên cảm thấy muốn đi tiểu và trải qua những cơn buồn tiểu dữ dội. Tôi thường cảm thấy chóng mặt và bối rối. Tôi cũng bị mất thị lực.
Nội tiết,"Tôi gặp vấn đề về hô hấp, đặc biệt là khi ra ngoài. Tôi thường xuyên đổ mồ hôi và đỏ mặt một cách bất ngờ. Tôi cũng thường xuyên bị nhiễm trùng nấm âm đạo và nhiễm trùng đường tiết niệu."
Nội tiết,"Tôi liên tục bị ho khan. Các vết nhiễm trùng của tôi dường như không lành lại, và tôi bị tim đập nhanh. Thỉnh thoảng cổ họng tôi bị đau, nhưng dường như nó sẽ đỡ hơn."
Nội tiết,Gần đây tôi uống nhiều nước hơn và đi tiểu thường xuyên hơn. Cổ họng và miệng tôi thường xuyên bị khô. Cả cảm giác đói và thèm ăn của tôi đều tăng lên.
Nội tiết,Thị lực của tôi bị mờ và dường như ngày càng tệ hơn. Tôi luôn cảm thấy kiệt sức và mệt mỏi. Thỉnh thoảng tôi cũng bị chóng mặt và choáng váng dữ dội.
Nội tiết,"Tôi bị khô họng và miệng. Tôi cũng ngày càng thấy đói nhiều hơn. Tuy nhiên, thỉnh thoảng tôi cũng cảm thấy khá mệt mỏi."
Nội tiết,Vết thương của tôi đang hồi phục chậm hơn. Cả hai tay và chân tôi đều bị tê và mất cảm giác. Tôi cảm thấy rất yếu.
Nội tiết,"Cảm xúc của tôi hay thay đổi, và tôi gặp khó khăn trong việc tập trung. Đôi khi, đầu óc tôi trở nên mơ hồ và không rõ ràng, khiến tôi khó thực hiện ngay cả những việc đơn giản."
Nội tiết,"Toàn thân tôi run rẩy và co giật. Tôi mất khả năng nếm và ngửi, và tôi rất mệt mỏi. Thỉnh thoảng tôi bị tim đập nhanh hoặc hồi hộp."
Nội tiết,"Tôi bị kích ứng da và nổi mẩn, đặc biệt là ở các kẽ da. Các vết cắt và vết bầm tím trên da tôi cũng mất khá lâu mới lành."
Nội tiết,"Tôi thường xuyên cảm thấy buồn tiểu và có những cơn thèm tiểu dữ dội. Tôi hay bị chóng mặt và mất phương hướng. Hơn nữa, thị lực của tôi đã giảm sút đáng kể."
Nội tiết,"Tôi gặp vấn đề về hô hấp, đặc biệt là khi ở ngoài trời. Tôi đột nhiên bị đỏ mặt và đổ mồ hôi. Tôi cũng thường xuyên bị nhiễm trùng nấm âm đạo và nhiễm trùng đường tiết niệu."
Nội tiết,"Tôi bị ho khan không dứt. Tôi bị tim đập nhanh và các bệnh nhiễm trùng của tôi dường như không thuyên giảm. Thỉnh thoảng cổ họng tôi đau, nhưng sau đó dường như lại đỡ hơn."
Nội tiết,"Lượng nước uống và tần suất đi tiểu của tôi đều tăng lên. Miệng và họng tôi thường xuyên bị khô. Gần đây, cảm giác đói và thèm ăn của tôi cũng tăng lên."
Nội tiết,"Thị lực của tôi bị mờ, và tôi cảm thấy tình trạng này ngày càng tệ hơn. Tôi luôn cảm thấy mệt mỏi và kiệt sức. Thỉnh thoảng tôi cũng bị chóng mặt và choáng váng dữ dội."
Nội tiết,"Miệng và cổ họng tôi bị khô. Thêm vào đó, tôi ngày càng cảm thấy đói. Tuy nhiên, thỉnh thoảng tôi cũng bị mệt mỏi."
Nội tiết,Vết thương của tôi dạo này lành chậm hơn. Tay chân tôi bị tê và mất cảm giác. Tôi cảm thấy mình rất yếu ớt.
Nội tiết,"Cảm xúc của tôi hay thay đổi, và tôi khó tập trung. Đầu óc tôi đôi khi rất mơ hồ, khiến tôi khó thực hiện ngay cả những việc đơn giản."
Nội tiết,"Tôi run rẩy toàn thân. Tôi mất vị giác và khứu giác, và tôi rất mệt mỏi. Thỉnh thoảng tôi bị tim đập nhanh hoặc hồi hộp."
Nội tiết,"Đặc biệt là ở các kẽ da, tôi thường bị phát ban và kích ứng. Các vết bầm tím và vết cắt trên da của tôi cũng mất khá lâu để lành."
Nội tiết,Tôi thường xuyên cảm thấy buồn tiểu dữ dội. Tôi thường xuyên cảm thấy buồn ngủ và mất phương hướng. Thị lực của tôi cũng giảm sút đáng kể.
Nội tiết,"Tôi khó thở, đặc biệt là khi ở ngoài trời. Tôi bắt đầu cảm thấy nóng và đổ mồ hôi. Tôi thường xuyên bị nhiễm trùng đường tiết niệu và nhiễm trùng nấm âm đạo."
Nội tiết,"Tôi liên tục hắt hơi và bị ho khan. Các vết nhiễm trùng của tôi dường như không lành lại, và tôi bị tim đập nhanh. Thỉnh thoảng cổ họng tôi cũng đau, nhưng thường thì sẽ đỡ hơn."