disease,symptom
abdominal_aortic_aneurysm,arm_swelling
abdominal_aortic_aneurysm,back_pain
abdominal_aortic_aneurysm,burning_abdominal_pain
abdominal_aortic_aneurysm,palpitations
abdominal_aortic_aneurysm,sharp_abdominal_pain
abdominal_aortic_aneurysm,shortness_of_breath
abdominal_hernia,ache_all_over
abdominal_hernia,groin_mass
abdominal_hernia,irregular_belly_button
abdominal_hernia,lower_abdominal_pain
abdominal_hernia,regurgitation
abdominal_hernia,regurgitation_1
abdominal_hernia,sharp_abdominal_pain
abdominal_hernia,swollen_abdomen
abdominal_hernia,symptoms_of_the_scrotum_and_testes
abdominal_hernia,upper_abdominal_pain
abscess_of_nose,coryza
abscess_of_nose,cough
abscess_of_nose,fever
abscess_of_nose,irritable_infant
abscess_of_nose,nasal_congestion
abscess_of_nose,sinus_congestion
abscess_of_nose,sore_throat
abscess_of_nose,vomiting
abscess_of_the_lung,cough
abscess_of_the_lung,depressive_or_psychotic_symptoms
abscess_of_the_lung,itchy_eyelid
abscess_of_the_lung,shortness_of_breath
abscess_of_the_pharynx,cough
abscess_of_the_pharynx,difficulty_in_swallowing
abscess_of_the_pharynx,fever
abscess_of_the_pharynx,headache
abscess_of_the_pharynx,nasal_congestion
abscess_of_the_pharynx,sharp_chest_pain
abscess_of_the_pharynx,sore_throat
abscess_of_the_pharynx,throat_swelling
acanthosis_nigricans,acne_or_pimples
acanthosis_nigricans,skin_growth
acanthosis_nigricans,skin_lesion
acanthosis_nigricans,weight_gain
acariasis,emotional_symptoms
acariasis,itching_of_skin
acariasis,skin_rash
acariasis,swelling_of_scrotum
achalasia,chest_tightness
achalasia,cough
achalasia,difficulty_in_swallowing
achalasia,sharp_chest_pain
achalasia,throat_feels_tight
acne,abnormal_appearing_skin
acne,acne_or_pimples
acne,irregular_appearing_scalp
acne,long_menstrual_periods
acne,or_roughness
acne,peeling
acne,scaliness
acne,skin_dryness
acne,skin_growth
acne,skin_moles
acne,skin_rash
acne,skin_swelling
actinic_keratosis,abnormal_appearing_skin
actinic_keratosis,irregular_appearing_scalp
actinic_keratosis,itching_of_skin
actinic_keratosis,or_roughness
actinic_keratosis,peeling
actinic_keratosis,scaliness
actinic_keratosis,skin_dryness
actinic_keratosis,skin_growth
actinic_keratosis,skin_irritation
actinic_keratosis,skin_lesion
actinic_keratosis,skin_moles
actinic_keratosis,skin_rash
actinic_keratosis,skin_swelling
actinic_keratosis,symptoms_of_the_face
acute_bronchiolitis,coryza
acute_bronchiolitis,cough
acute_bronchiolitis,decreased_appetite
acute_bronchiolitis,difficulty_breathing
acute_bronchiolitis,fever
acute_bronchiolitis,hurts_to_breath
acute_bronchiolitis,irritable_infant
acute_bronchiolitis,nasal_congestion
acute_bronchiolitis,pulling_at_ears
acute_bronchiolitis,shortness_of_breath
acute_bronchiolitis,vomiting
acute_bronchiolitis,wheezing
acute_bronchitis,congestion_in_chest
acute_bronchitis,coryza
acute_bronchitis,cough
acute_bronchitis,coughing_up_sputum
acute_bronchitis,difficulty_breathing
acute_bronchitis,fever
acute_bronchitis,headache
acute_bronchitis,nasal_congestion
acute_bronchitis,sharp_chest_pain
acute_bronchitis,shortness_of_breath
acute_bronchitis,sore_throat
acute_bronchitis,wheezing
acute_bronchospasm,chest_tightness
acute_bronchospasm,coryza
acute_bronchospasm,cough
acute_bronchospasm,difficulty_breathing
acute_bronchospasm,fever
acute_bronchospasm,nasal_congestion
acute_bronchospasm,sharp_chest_pain
acute_bronchospasm,shortness_of_breath
acute_bronchospasm,sore_throat
acute_bronchospasm,vomiting
acute_bronchospasm,wheezing
acute_fatty_liver_of_pregnancy_aflp,emotional_symptoms
acute_fatty_liver_of_pregnancy_aflp,sharp_abdominal_pain
acute_glaucoma,blindness
acute_glaucoma,diminished_vision
acute_glaucoma,double_vision
acute_glaucoma,eye_redness
acute_glaucoma,foreign_body_sensation_in_eye
acute_glaucoma,pain_in_eye
acute_glaucoma,spots_or_clouds_in_vision
acute_glaucoma,symptoms_of_eye
acute_kidney_injury,dizziness
acute_kidney_injury,kidney_mass
acute_kidney_injury,nausea
acute_kidney_injury,peripheral_edema
acute_kidney_injury,retention_of_urine
acute_kidney_injury,sharp_abdominal_pain
acute_kidney_injury,sharp_chest_pain
acute_kidney_injury,shortness_of_breath
acute_kidney_injury,symptoms_of_the_kidneys
acute_kidney_injury,vomiting
acute_kidney_injury,weakness
acute_otitis_media,coryza
acute_otitis_media,cough
acute_otitis_media,diminished_hearing
acute_otitis_media,ear_pain
acute_otitis_media,fever
acute_otitis_media,fluid_in_ear
acute_otitis_media,nasal_congestion
acute_otitis_media,plugged_feeling_in_ear
acute_otitis_media,redness_in_ear
acute_otitis_media,sore_throat
acute_pancreatitis,abusing_alcohol
acute_pancreatitis,back_pain
acute_pancreatitis,burning_abdominal_pain
acute_pancreatitis,diarrhea
acute_pancreatitis,hemoptysis
acute_pancreatitis,lower_body_pain
acute_pancreatitis,nausea
acute_pancreatitis,sharp_abdominal_pain
acute_pancreatitis,sharp_chest_pain
acute_pancreatitis,side_pain
acute_pancreatitis,upper_abdominal_pain
acute_pancreatitis,vomiting
acute_respiratory_distress_syndrome_ards,chest_tightness
acute_respiratory_distress_syndrome_ards,chills
acute_respiratory_distress_syndrome_ards,cough
acute_respiratory_distress_syndrome_ards,depressive_or_psychotic_symptoms
acute_respiratory_distress_syndrome_ards,difficulty_breathing
acute_respiratory_distress_syndrome_ards,fever
acute_respiratory_distress_syndrome_ards,sharp_chest_pain
acute_respiratory_distress_syndrome_ards,shortness_of_breath
acute_respiratory_distress_syndrome_ards,wheezing
acute_sinusitis,coryza
acute_sinusitis,cough
acute_sinusitis,coughing_up_sputum
acute_sinusitis,ear_pain
acute_sinusitis,facial_pain
acute_sinusitis,fever
acute_sinusitis,frontal_headache
acute_sinusitis,nasal_congestion
acute_sinusitis,painful_sinuses
acute_sinusitis,sinus_congestion
acute_sinusitis,sore_throat
adhesive_capsulitis_of_the_shoulder,ache_all_over
adhesive_capsulitis_of_the_shoulder,arm_pain
adhesive_capsulitis_of_the_shoulder,muscle_pain
adhesive_capsulitis_of_the_shoulder,neck_pain
adhesive_capsulitis_of_the_shoulder,shoulder_pain
adhesive_capsulitis_of_the_shoulder,shoulder_stiffness_or_tightness
adrenal_adenoma,anxiety_and_nervousness
adrenal_adenoma,back_weakness
adrenal_adenoma,sharp_abdominal_pain
adrenal_adenoma,shortness_of_breath
adrenal_cancer,diminished_hearing
adrenal_cancer,dizziness
alcoholic_liver_disease,abnormal_involuntary_movements
alcoholic_liver_disease,abusing_alcohol
alcoholic_liver_disease,diarrhea
alcoholic_liver_disease,peripheral_edema
alcoholic_liver_disease,sharp_abdominal_pain
alcoholic_liver_disease,stomach_bloating
alcoholic_liver_disease,weight_gain
allergy,abnormal_appearing_skin
allergy,allergic_reaction
allergy,cough
allergy,fluid_retention
allergy,itchiness_of_eye
allergy,itching_of_skin
allergy,lip_swelling
allergy,peripheral_edema
allergy,skin_rash
allergy,skin_swelling
allergy,swollen_eye
allergy_to_animals,allergic_reaction
allergy_to_animals,cough
allergy_to_animals,cross_eyed
allergy_to_animals,nasal_congestion
allergy_to_animals,sore_throat
alopecia,acne_or_pimples
alopecia,feeling_ill
alopecia,irregular_appearing_scalp
alopecia,itching_of_skin
alopecia,skin_growth
alopecia,skin_rash
alopecia,skin_swelling
alopecia,too_little_hair
alzheimer_disease,delusions_or_hallucinations
alzheimer_disease,depression
alzheimer_disease,depressive_or_psychotic_symptoms
alzheimer_disease,difficulty_speaking
alzheimer_disease,disturbance_of_memory
alzheimer_disease,eye_burns_or_stings
alzheimer_disease,hostile_behavior
alzheimer_disease,irregular_appearing_scalp
amblyopia,cross_eyed
amblyopia,diminished_vision
amblyopia,eye_deviation
amblyopia,pain_in_eye
amblyopia,pus_draining_from_ear
amyloidosis,anxiety_and_nervousness
amyloidosis,shortness_of_breath
amyloidosis,wrist_weakness
amyotrophic_lateral_sclerosis_als,abnormal_involuntary_movements
amyotrophic_lateral_sclerosis_als,difficulty_in_swallowing
amyotrophic_lateral_sclerosis_als,difficulty_speaking
amyotrophic_lateral_sclerosis_als,leg_cramps_or_spasms
amyotrophic_lateral_sclerosis_als,weakness
anal_fissure,blood_in_stool
anal_fissure,changes_in_stool_appearance
anal_fissure,constipation
anal_fissure,lower_body_pain
anal_fissure,pain_of_the_anus
anal_fissure,rectal_bleeding
anal_fissure,sharp_abdominal_pain
anal_fissure,vaginal_dryness
anal_fistula,blood_in_stool
anal_fistula,mass_in_scrotum
anal_fistula,pain_of_the_anus
anal_fistula,rectal_bleeding
anemia,changes_in_stool_appearance
anemia,dizziness
anemia,fatigue
anemia,melena
anemia,nosebleed
anemia,shortness_of_breath
anemia,vomiting_blood
anemia,weakness
anemia_due_to_chronic_kidney_disease,ankle_swelling
anemia_due_to_chronic_kidney_disease,fatigue
anemia_due_to_chronic_kidney_disease,peripheral_edema
anemia_due_to_chronic_kidney_disease,recent_weight_loss
anemia_due_to_chronic_kidney_disease,shortness_of_breath
anemia_due_to_chronic_kidney_disease,weakness
anemia_due_to_malignancy,difficulty_in_swallowing
anemia_due_to_malignancy,fatigue
anemia_due_to_malignancy,flatulence
anemia_due_to_malignancy,shortness_of_breath
anemia_of_chronic_disease,dizziness
anemia_of_chronic_disease,emotional_symptoms
anemia_of_chronic_disease,feeling_ill
anemia_of_chronic_disease,weakness
angina,arm_pain
angina,chest_tightness
angina,dizziness
angina,hot_flashes
angina,increased_heart_rate
angina,irregular_heartbeat
angina,lower_body_pain
angina,palpitations
angina,sharp_chest_pain
angina,shortness_of_breath
angina,sweating
ankylosing_spondylitis,ache_all_over
ankylosing_spondylitis,back_pain
ankylosing_spondylitis,elbow_pain
ankylosing_spondylitis,hip_pain
ankylosing_spondylitis,knee_pain
ankylosing_spondylitis,leg_pain
ankylosing_spondylitis,low_back_pain
ankylosing_spondylitis,lower_body_pain
ankylosing_spondylitis,paresthesia
ankylosing_spondylitis,stiffness_all_over
aortic_valve_disease,difficulty_breathing
aortic_valve_disease,fainting
aortic_valve_disease,groin_mass
aortic_valve_disease,irregular_heartbeat
aortic_valve_disease,lymphedema
aortic_valve_disease,palpitations
aortic_valve_disease,peripheral_edema
aortic_valve_disease,sharp_chest_pain
aortic_valve_disease,shortness_of_breath
aphakia,diminished_vision
aphakia,eye_burns_or_stings
aphakia,spots_or_clouds_in_vision
aphakia,symptoms_of_eye
aphthous_ulcer,cough
aphthous_ulcer,fever
aphthous_ulcer,headache
aphthous_ulcer,mouth_pain
aphthous_ulcer,mouth_ulcer
aphthous_ulcer,sore_throat
aphthous_ulcer,tongue_lesions
aphthous_ulcer,toothache
aplastic_anemia,fatigue
aplastic_anemia,fever
aplastic_anemia,lack_of_growth
aplastic_anemia,nausea
aplastic_anemia,slurring_words
aplastic_anemia,weakness
appendicitis,burning_abdominal_pain
appendicitis,decreased_appetite
appendicitis,diarrhea
appendicitis,fever
appendicitis,lower_abdominal_pain
appendicitis,nausea
appendicitis,sharp_abdominal_pain
appendicitis,side_pain
appendicitis,stomach_bloating
appendicitis,upper_abdominal_pain
appendicitis,vomiting
arrhythmia,chest_tightness
arrhythmia,dizziness
arrhythmia,fainting
arrhythmia,fatigue
arrhythmia,leg_cramps_or_spasms
arrhythmia,palpitations
arrhythmia,sharp_chest_pain
arrhythmia,shortness_of_breath
arthritis_of_the_hip,ache_all_over
arthritis_of_the_hip,back_pain
arthritis_of_the_hip,groin_pain
arthritis_of_the_hip,hip_pain
arthritis_of_the_hip,hip_stiffness_or_tightness
arthritis_of_the_hip,joint_pain
arthritis_of_the_hip,knee_pain
arthritis_of_the_hip,leg_pain
arthritis_of_the_hip,low_back_pain
arthritis_of_the_hip,lower_body_pain
arthritis_of_the_hip,pelvic_pain
arthritis_of_the_hip,problems_with_movement
ascending_cholangitis,fever
ascending_cholangitis,jaundice
ascending_cholangitis,retention_of_urine
ascending_cholangitis,sharp_abdominal_pain
ascending_cholangitis,shortness_of_breath
aspergillosis,knee_lump_or_mass
aspergillosis,shortness_of_breath
asthma,allergic_reaction
asthma,chest_tightness
asthma,coryza
asthma,cough
asthma,coughing_up_sputum
asthma,difficulty_breathing
asthma,fever
asthma,nasal_congestion
asthma,sharp_chest_pain
asthma,shortness_of_breath
asthma,wheezing
astigmatism,diminished_vision
astigmatism,double_vision
astigmatism,eye_deviation
astigmatism,foreign_body_sensation_in_eye
astigmatism,lacrimation
astigmatism,pain_in_eye
astigmatism,spots_or_clouds_in_vision
astigmatism,symptoms_of_eye
atelectasis,cough
atelectasis,dizziness
atelectasis,headache
atelectasis,sharp_chest_pain
atelectasis,shortness_of_breath
atelectasis,sore_throat
athlete_s_foot,abnormal_appearing_skin
athlete_s_foot,foot_or_toe_pain
athlete_s_foot,foot_or_toe_swelling
athlete_s_foot,irregular_appearing_nails
athlete_s_foot,or_roughness
athlete_s_foot,peeling
athlete_s_foot,scaliness
athlete_s_foot,skin_dryness
athlete_s_foot,skin_lesion
athlete_s_foot,skin_rash
athlete_s_foot,skin_swelling
atonic_bladder,emotional_symptoms
atonic_bladder,impotence
atonic_bladder,retention_of_urine
atonic_bladder,suprapubic_pain
atonic_bladder,symptoms_of_bladder
atrial_fibrillation,decreased_heart_rate
atrial_fibrillation,dizziness
atrial_fibrillation,fatigue
atrial_fibrillation,increased_heart_rate
atrial_fibrillation,irregular_heartbeat
atrial_fibrillation,palpitations
atrial_fibrillation,sharp_chest_pain
atrial_fibrillation,shortness_of_breath
atrial_flutter,chest_tightness
atrial_flutter,frequent_urination
atrial_flutter,increased_heart_rate
atrial_flutter,irregular_heartbeat
atrial_flutter,palpitations
atrial_flutter,sharp_chest_pain
atrial_flutter,shortness_of_breath
atrial_flutter,swollen_lymph_nodes
atrophic_skin_condition,abnormal_appearing_skin
atrophic_skin_condition,acne_or_pimples
atrophic_skin_condition,lip_swelling
atrophic_skin_condition,skin_growth
atrophic_skin_condition,skin_irritation
atrophic_skin_condition,skin_lesion
atrophic_skin_condition,skin_moles
atrophic_skin_condition,skin_swelling
atrophic_skin_condition,wrinkles_on_skin
atrophic_vaginitis,blood_in_urine
atrophic_vaginitis,frequent_urination
atrophic_vaginitis,involuntary_urination
atrophic_vaginitis,pain_during_intercourse
atrophic_vaginitis,painful_urination
atrophic_vaginitis,suprapubic_pain
atrophic_vaginitis,vaginal_discharge
atrophic_vaginitis,vaginal_itching
atrophy_of_the_corpus_cavernosum,abnormal_appearing_skin
atrophy_of_the_corpus_cavernosum,bumps_on_penis
atrophy_of_the_corpus_cavernosum,frequent_urination
atrophy_of_the_corpus_cavernosum,impotence
atrophy_of_the_corpus_cavernosum,skin_growth
autonomic_nervous_system_disorder,decreased_appetite
autonomic_nervous_system_disorder,difficulty_in_swallowing
autonomic_nervous_system_disorder,dizziness
autonomic_nervous_system_disorder,headache
autonomic_nervous_system_disorder,leg_pain
avascular_necrosis,drug_abuse
avascular_necrosis,hip_pain
avascular_necrosis,knee_pain
avascular_necrosis,shoulder_pain
balanitis,abnormal_appearing_skin
balanitis,cough
balanitis,diaper_rash
balanitis,itching_of_skin
balanitis,painful_urination
balanitis,penis_pain
balanitis,penis_redness
balanitis,skin_rash
balanitis,suprapubic_pain
bell_palsy,abnormal_involuntary_movements
bell_palsy,diminished_vision
bell_palsy,facial_pain
bell_palsy,focal_weakness
bell_palsy,headache
bell_palsy,loss_of_sensation
bell_palsy,peripheral_edema
bell_palsy,symptoms_of_eye
bell_palsy,symptoms_of_the_face
bell_palsy,weakness
benign_kidney_cyst,blood_in_urine
benign_kidney_cyst,impotence
benign_kidney_cyst,involuntary_urination
benign_kidney_cyst,low_back_pain
benign_kidney_cyst,sharp_abdominal_pain
benign_kidney_cyst,side_pain
benign_kidney_cyst,vomiting
benign_paroxysmal_positional_vertical_bppv,dizziness
benign_paroxysmal_positional_vertical_bppv,fainting
benign_paroxysmal_positional_vertical_bppv,frontal_headache
benign_paroxysmal_positional_vertical_bppv,headache
benign_paroxysmal_positional_vertical_bppv,irregular_heartbeat
benign_paroxysmal_positional_vertical_bppv,nausea
benign_paroxysmal_positional_vertical_bppv,problems_with_movement
benign_paroxysmal_positional_vertical_bppv,vomiting
benign_paroxysmal_positional_vertical_bppv,weakness
benign_prostatic_hyperplasia_bph,blood_in_urine
benign_prostatic_hyperplasia_bph,excessive_urination_at_night
benign_prostatic_hyperplasia_bph,frequent_urination
benign_prostatic_hyperplasia_bph,hesitancy
benign_prostatic_hyperplasia_bph,impotence
benign_prostatic_hyperplasia_bph,involuntary_urination
benign_prostatic_hyperplasia_bph,low_urine_output
benign_prostatic_hyperplasia_bph,pain_in_testicles
benign_prostatic_hyperplasia_bph,retention_of_urine
benign_prostatic_hyperplasia_bph,swelling_of_scrotum
benign_prostatic_hyperplasia_bph,symptoms_of_bladder
benign_prostatic_hyperplasia_bph,symptoms_of_prostate
benign_vaginal_discharge_leukorrhea,burning_abdominal_pain
benign_vaginal_discharge_leukorrhea,frequent_urination
benign_vaginal_discharge_leukorrhea,pain_during_pregnancy
benign_vaginal_discharge_leukorrhea,painful_urination
benign_vaginal_discharge_leukorrhea,problems_during_pregnancy
benign_vaginal_discharge_leukorrhea,sharp_abdominal_pain
benign_vaginal_discharge_leukorrhea,suprapubic_pain
benign_vaginal_discharge_leukorrhea,vaginal_discharge
benign_vaginal_discharge_leukorrhea,vaginal_itching
benign_vaginal_discharge_leukorrhea,vaginal_redness
birth_trauma,arm_stiffness_or_tightness
birth_trauma,depressive_or_psychotic_symptoms
birth_trauma,emotional_symptoms
bladder_cancer,bladder_mass
bladder_cancer,blood_in_urine
bladder_cancer,excessive_urination_at_night
bladder_cancer,groin_mass
bladder_cancer,mass_in_scrotum
bladder_cancer,retention_of_urine
bladder_cancer,symptoms_of_bladder
bladder_disorder,blood_in_urine
bladder_disorder,frequent_urination
bladder_disorder,involuntary_urination
bladder_disorder,lower_abdominal_pain
bladder_disorder,painful_urination
bladder_disorder,retention_of_urine
bladder_disorder,sharp_abdominal_pain
bladder_disorder,suprapubic_pain
bladder_disorder,symptoms_of_bladder
bladder_obstruction,bedwetting
bladder_obstruction,frequent_urination
bladder_obstruction,hesitancy
bladder_obstruction,impotence
bladder_obstruction,involuntary_urination
bladder_obstruction,retention_of_urine
bladder_obstruction,suprapubic_pain
bladder_obstruction,symptoms_of_bladder
blepharitis,diminished_vision
blepharitis,eye_burns_or_stings
blepharitis,eye_redness
blepharitis,eyelid_swelling
blepharitis,itchiness_of_eye
blepharitis,lacrimation
blepharitis,pain_in_eye
blepharitis,spots_or_clouds_in_vision
blepharitis,swollen_eye
blepharitis,symptoms_of_eye
blepharitis,white_discharge_from_eye
blepharospasm,abnormal_movement_of_eyelid
blepharospasm,diminished_vision
blepharospasm,headache
blepharospasm,low_back_weakness
bone_cancer,fatigue
bone_cancer,leg_pain
bone_cancer,low_back_pain
bone_cancer,peripheral_edema
bone_cancer,problems_with_movement
bone_disorder,back_pain
bone_disorder,bones_are_painful
bone_disorder,difficulty_speaking
bone_disorder,knee_pain
bone_disorder,leg_cramps_or_spasms
bone_disorder,leg_pain
bone_disorder,muscle_stiffness_or_tightness
bone_spur_of_the_calcaneous,ankle_pain
bone_spur_of_the_calcaneous,elbow_pain
bone_spur_of_the_calcaneous,foot_or_toe_pain
bone_spur_of_the_calcaneous,foot_or_toe_swelling
bone_spur_of_the_calcaneous,leg_pain
brachial_neuritis,arm_pain
brachial_neuritis,back_pain
brachial_neuritis,elbow_pain
brachial_neuritis,hand_or_finger_pain
brachial_neuritis,hand_or_finger_weakness
brachial_neuritis,headache
brachial_neuritis,loss_of_sensation
brachial_neuritis,low_back_pain
brachial_neuritis,neck_pain
brachial_neuritis,paresthesia
brachial_neuritis,shoulder_pain
brain_cancer,decreased_appetite
brain_cancer,difficulty_speaking
brain_cancer,disturbance_of_memory
brain_cancer,focal_weakness
brain_cancer,headache
brain_cancer,seizures
brain_cancer,slurring_words
brain_cancer,weakness
breast_cancer,bleeding_or_discharge_from_nipple
breast_cancer,hot_flashes
breast_cancer,lump_or_mass_of_breast
breast_cancer,pain_or_soreness_of_breast
breast_cyst,lump_or_mass_of_breast
breast_cyst,pain_or_soreness_of_breast
breast_cyst,skin_growth
breast_cyst,vaginal_dryness
breast_infection_mastitis,abnormal_appearing_skin
breast_infection_mastitis,bleeding_or_discharge_from_nipple
breast_infection_mastitis,chills
breast_infection_mastitis,fever
breast_infection_mastitis,lump_or_mass_of_breast
breast_infection_mastitis,mouth_dryness
breast_infection_mastitis,pain_or_soreness_of_breast
breast_infection_mastitis,postpartum_problems_of_the_breast
breast_infection_mastitis,skin_growth
broken_tooth,bleeding_gums
broken_tooth,difficulty_eating
broken_tooth,dry_lips
broken_tooth,facial_pain
broken_tooth,gum_pain
broken_tooth,lip_swelling
broken_tooth,toothache
bunion,foot_or_toe_lump_or_mass
bunion,foot_or_toe_pain
bunion,knee_pain
bunion,skin_growth
bunion,skin_moles
bursitis,arm_pain
bursitis,arm_stiffness_or_tightness
bursitis,arm_swelling
bursitis,elbow_pain
bursitis,elbow_swelling
bursitis,hip_pain
bursitis,knee_pain
bursitis,knee_swelling
bursitis,leg_pain
bursitis,leg_swelling
bursitis,shoulder_pain
bursitis,shoulder_stiffness_or_tightness
callus,abnormal_appearing_skin
callus,acne_or_pimples
callus,foot_or_toe_pain
callus,foot_or_toe_swelling
callus,irregular_appearing_nails
callus,skin_growth
callus,skin_lesion
callus,skin_rash
callus,skin_swelling
carcinoid_syndrome,involuntary_urination
carcinoid_syndrome,knee_lump_or_mass
cardiac_arrest,arm_swelling
cardiac_arrest,decreased_heart_rate
cardiac_arrest,difficulty_breathing
cardiac_arrest,irregular_heartbeat
cardiac_arrest,palpitations
cardiac_arrest,sharp_chest_pain
cardiac_arrest,shortness_of_breath
cardiac_arrest,weakness
cardiomyopathy,chest_tightness
cardiomyopathy,decreased_heart_rate
cardiomyopathy,fatigue
cardiomyopathy,heartburn
cardiomyopathy,irregular_heartbeat
cardiomyopathy,peripheral_edema
cardiomyopathy,sharp_chest_pain
cardiomyopathy,shortness_of_breath
carpal_tunnel_syndrome,arm_pain
carpal_tunnel_syndrome,arm_weakness
carpal_tunnel_syndrome,elbow_pain
carpal_tunnel_syndrome,hand_or_finger_pain
carpal_tunnel_syndrome,hand_or_finger_stiffness_or_tightness
carpal_tunnel_syndrome,hand_or_finger_swelling
carpal_tunnel_syndrome,loss_of_sensation
carpal_tunnel_syndrome,neck_pain
carpal_tunnel_syndrome,paresthesia
carpal_tunnel_syndrome,wrist_pain
carpal_tunnel_syndrome,wrist_swelling
cat_scratch_disease,groin_mass
cat_scratch_disease,itchy_eyelid
cat_scratch_disease,skin_swelling
cataract,abnormal_movement_of_eyelid
cataract,blindness
cataract,cloudy_eye
cataract,diminished_vision
cataract,double_vision
cataract,itchiness_of_eye
cataract,lacrimation
cataract,pain_in_eye
cataract,spots_or_clouds_in_vision
cataract,symptoms_of_eye
celiac_disease,nausea
celiac_disease,peripheral_edema
celiac_disease,regurgitation_1
celiac_disease,sharp_abdominal_pain
celiac_disease,sharp_chest_pain
celiac_disease,vomiting
cellulitis_or_abscess_of_mouth,abnormal_appearing_skin
cellulitis_or_abscess_of_mouth,difficulty_in_swallowing
cellulitis_or_abscess_of_mouth,lip_swelling
cellulitis_or_abscess_of_mouth,skin_growth
cellulitis_or_abscess_of_mouth,sore_throat
cellulitis_or_abscess_of_mouth,throat_swelling
cellulitis_or_abscess_of_mouth,toothache
central_atherosclerosis,blood_in_urine
central_atherosclerosis,fatigue
central_atherosclerosis,irregular_heartbeat
central_atherosclerosis,shortness_of_breath
central_retinal_artery_or_vein_occlusion,blindness
central_retinal_artery_or_vein_occlusion,diminished_vision
central_retinal_artery_or_vein_occlusion,foreign_body_sensation_in_eye
central_retinal_artery_or_vein_occlusion,irregular_heartbeat
central_retinal_artery_or_vein_occlusion,pain_in_eye
central_retinal_artery_or_vein_occlusion,symptoms_of_eye
cerebral_edema,arm_pain
cerebral_edema,dizziness
cerebral_edema,focal_weakness
cerebral_edema,headache
cerebral_edema,neck_pain
cerebral_edema,vomiting
cerebral_palsy,blindness
cerebral_palsy,cramps_and_spasms
cerebral_palsy,infant_feeding_problem
cerebral_palsy,lack_of_growth
cerebral_palsy,problems_with_movement
cerebral_palsy,seizures
cervical_cancer,heavy_menstrual_flow
cervical_cancer,jaundice
cervical_cancer,pelvic_pain
cervical_cancer,vaginal_discharge
cervical_cancer,vaginal_itching
cervical_cancer,vulvar_irritation
cervical_disorder,pain_during_intercourse
cervical_disorder,pelvic_pain
cervical_disorder,sharp_abdominal_pain
cervical_disorder,vaginal_itching
cervicitis,nausea
cervicitis,pain_during_pregnancy
cervicitis,painful_urination
cervicitis,pelvic_pain
cervicitis,sharp_abdominal_pain
cervicitis,suprapubic_pain
cervicitis,vaginal_discharge
cervicitis,vaginal_itching
chalazion,diminished_vision
chalazion,eye_redness
chalazion,eyelid_swelling
chalazion,foreign_body_sensation_in_eye
chalazion,lacrimation
chalazion,mass_on_eyelid
chalazion,pain_in_eye
chalazion,skin_growth
chalazion,swollen_eye
chalazion,symptoms_of_eye
chickenpox,abnormal_appearing_skin
chickenpox,cough
chickenpox,fever
chickenpox,itching_of_skin
chickenpox,pain_in_testicles
chickenpox,skin_rash
chlamydia,lower_abdominal_pain
chlamydia,pelvic_pain
chlamydia,sharp_abdominal_pain
chlamydia,vaginal_discharge
chlamydia,vaginal_itching
chlamydia,vaginal_pain
cholecystitis,back_pain
cholecystitis,burning_abdominal_pain
cholecystitis,lower_body_pain
cholecystitis,nausea
cholecystitis,regurgitation_1
cholecystitis,sharp_abdominal_pain
cholecystitis,sharp_chest_pain
cholecystitis,side_pain
cholecystitis,stomach_bloating
cholecystitis,symptoms_of_the_kidneys
cholecystitis,upper_abdominal_pain
cholecystitis,vomiting
choledocholithiasis,chills
choledocholithiasis,decreased_appetite
choledocholithiasis,jaundice
choledocholithiasis,nausea
choledocholithiasis,sharp_abdominal_pain
choledocholithiasis,sharp_chest_pain
choledocholithiasis,side_pain
choledocholithiasis,upper_abdominal_pain
choledocholithiasis,vomiting
cholesteatoma,diminished_hearing
cholesteatoma,muscle_swelling
cholesteatoma,nasal_congestion
cholesteatoma,pus_draining_from_ear
chondromalacia_of_the_patella,bones_are_painful
chondromalacia_of_the_patella,knee_pain
chondromalacia_of_the_patella,knee_swelling
chondromalacia_of_the_patella,knee_weakness
chondromalacia_of_the_patella,leg_pain
chondromalacia_of_the_patella,problems_with_movement
chorioretinitis,diminished_vision
chorioretinitis,double_vision
chorioretinitis,muscle_swelling
chorioretinitis,pain_in_eye
chorioretinitis,spots_or_clouds_in_vision
chronic_back_pain,back_cramps_or_spasms
chronic_back_pain,back_pain
chronic_back_pain,back_stiffness_or_tightness
chronic_back_pain,groin_pain
chronic_back_pain,hip_pain
chronic_back_pain,leg_pain
chronic_back_pain,loss_of_sensation
chronic_back_pain,low_back_pain
chronic_back_pain,lower_body_pain
chronic_back_pain,neck_pain
chronic_back_pain,side_pain
chronic_constipation,blood_in_stool
chronic_constipation,burning_abdominal_pain
chronic_constipation,changes_in_stool_appearance
chronic_constipation,constipation
chronic_constipation,lower_abdominal_pain
chronic_constipation,nausea
chronic_constipation,pain_of_the_anus
chronic_constipation,rectal_bleeding
chronic_constipation,retention_of_urine
chronic_constipation,sharp_abdominal_pain
chronic_constipation,vomiting
chronic_glaucoma,diminished_vision
chronic_glaucoma,eye_burns_or_stings
chronic_glaucoma,foreign_body_sensation_in_eye
chronic_glaucoma,itchiness_of_eye
chronic_glaucoma,lacrimation
chronic_glaucoma,mass_on_eyelid
chronic_glaucoma,pain_in_eye
chronic_glaucoma,spots_or_clouds_in_vision
chronic_glaucoma,symptoms_of_eye
chronic_glaucoma,white_discharge_from_eye
chronic_inflammatory_demyelinating_polyneuropathy_cidp,dizziness
chronic_inflammatory_demyelinating_polyneuropathy_cidp,loss_of_sensation
chronic_inflammatory_demyelinating_polyneuropathy_cidp,problems_with_movement
chronic_inflammatory_demyelinating_polyneuropathy_cidp,weakness
chronic_kidney_disease,fatigue
chronic_kidney_disease,feeling_cold
chronic_kidney_disease,peripheral_edema
chronic_kidney_disease,shortness_of_breath
chronic_kidney_disease,symptoms_of_the_kidneys
chronic_knee_pain,back_pain
chronic_knee_pain,hip_pain
chronic_knee_pain,joint_pain
chronic_knee_pain,knee_pain
chronic_knee_pain,knee_stiffness_or_tightness
chronic_knee_pain,knee_swelling
chronic_knee_pain,knee_weakness
chronic_knee_pain,leg_pain
chronic_knee_pain,leg_swelling
chronic_obstructive_pulmonary_disease_copd,chest_tightness
chronic_obstructive_pulmonary_disease_copd,congestion_in_chest
chronic_obstructive_pulmonary_disease_copd,coryza
chronic_obstructive_pulmonary_disease_copd,cough
chronic_obstructive_pulmonary_disease_copd,coughing_up_sputum
chronic_obstructive_pulmonary_disease_copd,fever
chronic_obstructive_pulmonary_disease_copd,nasal_congestion
chronic_obstructive_pulmonary_disease_copd,sharp_chest_pain
chronic_obstructive_pulmonary_disease_copd,shortness_of_breath
chronic_obstructive_pulmonary_disease_copd,sore_throat
chronic_obstructive_pulmonary_disease_copd,wheezing
chronic_otitis_media,allergic_reaction
chronic_otitis_media,cough
chronic_otitis_media,ear_pain
chronic_otitis_media,fever
chronic_otitis_media,fluid_in_ear
chronic_otitis_media,nasal_congestion
chronic_otitis_media,painful_sinuses
chronic_otitis_media,plugged_feeling_in_ear
chronic_otitis_media,pulling_at_ears
chronic_otitis_media,redness_in_ear
chronic_pancreatitis,abusing_alcohol
chronic_pancreatitis,ache_all_over
chronic_pancreatitis,back_pain
chronic_pancreatitis,diarrhea
chronic_pancreatitis,nausea
chronic_pancreatitis,sharp_abdominal_pain
chronic_pancreatitis,skin_growth
chronic_pancreatitis,vomiting
chronic_rheumatic_fever,chest_tightness
chronic_rheumatic_fever,dizziness
chronic_rheumatic_fever,increased_heart_rate
chronic_rheumatic_fever,palpitations
chronic_rheumatic_fever,sharp_chest_pain
chronic_rheumatic_fever,shortness_of_breath
chronic_rheumatic_fever,throat_feels_tight
chronic_sinusitis,congestion_in_chest
chronic_sinusitis,cough
chronic_sinusitis,ear_pain
chronic_sinusitis,facial_pain
chronic_sinusitis,fever
chronic_sinusitis,frontal_headache
chronic_sinusitis,headache
chronic_sinusitis,painful_sinuses
chronic_sinusitis,sinus_congestion
chronic_sinusitis,sore_throat
chronic_ulcer,skin_lesion
chronic_ulcer,skin_pain
cirrhosis,abdominal_distention
cirrhosis,blood_in_stool
cirrhosis,peripheral_edema
cirrhosis,regurgitation
cirrhosis,regurgitation_1
cirrhosis,sharp_abdominal_pain
cirrhosis,shortness_of_breath
cirrhosis,upper_abdominal_pain
cirrhosis,vomiting_blood
coagulation_bleeding_disorder,blood_in_urine
coagulation_bleeding_disorder,eye_redness
coagulation_bleeding_disorder,knee_swelling
coagulation_bleeding_disorder,leg_pain
coagulation_bleeding_disorder,melena
cold_sore,lip_sore
cold_sore,lip_swelling
cold_sore,mouth_ulcer
cold_sore,skin_rash
cold_sore,skin_swelling
cold_sore,sore_throat
cold_sore,vaginal_itching
colonic_polyp,blood_in_stool
colonic_polyp,diarrhea
colonic_polyp,flatulence
colonic_polyp,heartburn
colonic_polyp,pain_of_the_anus
colonic_polyp,rectal_bleeding
colonic_polyp,sharp_abdominal_pain
colonic_polyp,upper_abdominal_pain
colorectal_cancer,blood_in_stool
colorectal_cancer,drainage_in_throat
colorectal_cancer,mass_or_swelling_around_the_anus
colorectal_cancer,pain_of_the_anus
colorectal_cancer,rectal_bleeding
colorectal_cancer,sharp_abdominal_pain
common_cold,chills
common_cold,coryza
common_cold,cough
common_cold,ear_pain
common_cold,fever
common_cold,flu_like_syndrome
common_cold,headache
common_cold,nasal_congestion
common_cold,sore_throat
common_cold,vomiting
common_cold,wheezing
complex_regional_pain_syndrome,abnormal_involuntary_movements
complex_regional_pain_syndrome,ache_all_over
complex_regional_pain_syndrome,arm_pain
complex_regional_pain_syndrome,back_pain
complex_regional_pain_syndrome,foot_or_toe_pain
complex_regional_pain_syndrome,hand_or_finger_pain
complex_regional_pain_syndrome,leg_pain
complex_regional_pain_syndrome,loss_of_sensation
complex_regional_pain_syndrome,low_back_pain
complex_regional_pain_syndrome,neck_pain
complex_regional_pain_syndrome,paresthesia
complex_regional_pain_syndrome,problems_with_movement
conductive_hearing_loss,difficulty_speaking
conductive_hearing_loss,diminished_hearing
conductive_hearing_loss,dizziness
conductive_hearing_loss,ear_pain
conductive_hearing_loss,fluid_in_ear
conductive_hearing_loss,hoarse_voice
conductive_hearing_loss,low_self_esteem
conductive_hearing_loss,plugged_feeling_in_ear
conductive_hearing_loss,redness_in_ear
conductive_hearing_loss,ringing_in_ear
congenital_heart_defect,arm_swelling
congenital_heart_defect,hand_or_finger_stiffness_or_tightness
congenital_heart_defect,lack_of_growth
congenital_heart_defect,sharp_chest_pain
congenital_malformation_syndrome,diminished_hearing
congenital_malformation_syndrome,gum_pain
congenital_malformation_syndrome,lack_of_growth
congenital_malformation_syndrome,seizures
conjunctivitis,coryza
conjunctivitis,cough
conjunctivitis,eye_redness
conjunctivitis,fever
conjunctivitis,itchiness_of_eye
conjunctivitis,lacrimation
conjunctivitis,nasal_congestion
conjunctivitis,pain_in_eye
conjunctivitis,sore_throat
conjunctivitis,swollen_eye
conjunctivitis,white_discharge_from_eye
conjunctivitis_due_to_allergy,allergic_reaction
conjunctivitis_due_to_allergy,cough
conjunctivitis_due_to_allergy,diminished_vision
conjunctivitis_due_to_allergy,eye_burns_or_stings
conjunctivitis_due_to_allergy,eye_redness
conjunctivitis_due_to_allergy,itchiness_of_eye
conjunctivitis_due_to_allergy,lacrimation
conjunctivitis_due_to_allergy,nasal_congestion
conjunctivitis_due_to_allergy,pain_in_eye
conjunctivitis_due_to_allergy,sneezing
conjunctivitis_due_to_allergy,swollen_eye
conjunctivitis_due_to_allergy,symptoms_of_eye
conjunctivitis_due_to_bacteria,abnormal_appearing_skin
conjunctivitis_due_to_bacteria,cough
conjunctivitis_due_to_bacteria,eye_redness
conjunctivitis_due_to_bacteria,fever
conjunctivitis_due_to_bacteria,nasal_congestion
conjunctivitis_due_to_bacteria,sore_throat
conjunctivitis_due_to_virus,cough
conjunctivitis_due_to_virus,diminished_vision
conjunctivitis_due_to_virus,eye_redness
conjunctivitis_due_to_virus,fever
conjunctivitis_due_to_virus,itchiness_of_eye
conjunctivitis_due_to_virus,lacrimation
conjunctivitis_due_to_virus,nasal_congestion
conjunctivitis_due_to_virus,pain_in_eye
conjunctivitis_due_to_virus,swollen_eye
conjunctivitis_due_to_virus,white_discharge_from_eye
connective_tissue_disorder,difficulty_in_swallowing
connective_tissue_disorder,feeling_ill
connective_tissue_disorder,joint_pain
contact_dermatitis,abnormal_appearing_skin
contact_dermatitis,acne_or_pimples
contact_dermatitis,allergic_reaction
contact_dermatitis,itching_of_skin
contact_dermatitis,or_roughness
contact_dermatitis,peeling
contact_dermatitis,scaliness
contact_dermatitis,skin_dryness
contact_dermatitis,skin_irritation
contact_dermatitis,skin_lesion
contact_dermatitis,skin_moles
contact_dermatitis,skin_rash
contact_dermatitis,skin_swelling
contact_dermatitis,swollen_eye
cornea_infection,diminished_vision
cornea_infection,eye_burns_or_stings
cornea_infection,eye_redness
cornea_infection,foreign_body_sensation_in_eye
cornea_infection,itchiness_of_eye
cornea_infection,lacrimation
cornea_infection,lip_swelling
cornea_infection,pain_in_eye
cornea_infection,spots_or_clouds_in_vision
cornea_infection,swollen_eye
cornea_infection,symptoms_of_eye
corneal_abrasion,diminished_vision
corneal_abrasion,eye_redness
corneal_abrasion,eyelid_swelling
corneal_abrasion,foreign_body_sensation_in_eye
corneal_abrasion,itchiness_of_eye
corneal_abrasion,lacrimation
corneal_abrasion,pain_in_eye
corneal_abrasion,symptoms_of_eye
corneal_abrasion,white_discharge_from_eye
corneal_disorder,diminished_vision
corneal_disorder,double_vision
corneal_disorder,eye_redness
corneal_disorder,foreign_body_sensation_in_eye
corneal_disorder,itchiness_of_eye
corneal_disorder,lacrimation
corneal_disorder,pain_in_eye
corneal_disorder,spots_or_clouds_in_vision
corneal_disorder,symptoms_of_eye
corneal_disorder,white_discharge_from_eye
coronary_atherosclerosis,burning_chest_pain
coronary_atherosclerosis,chest_tightness
coronary_atherosclerosis,fatigue
coronary_atherosclerosis,irregular_heartbeat
coronary_atherosclerosis,leg_cramps_or_spasms
coronary_atherosclerosis,palpitations
coronary_atherosclerosis,sharp_chest_pain
coronary_atherosclerosis,shortness_of_breath
cranial_nerve_palsy,abnormal_involuntary_movements
cranial_nerve_palsy,abnormal_movement_of_eyelid
cranial_nerve_palsy,difficulty_speaking
cranial_nerve_palsy,diminished_vision
cranial_nerve_palsy,double_vision
cranial_nerve_palsy,facial_pain
cranial_nerve_palsy,headache
cranial_nerve_palsy,symptoms_of_the_face
crohn_disease,blood_in_stool
crohn_disease,burning_abdominal_pain
crohn_disease,diarrhea
crohn_disease,nausea
crohn_disease,pain_of_the_anus
crohn_disease,rectal_bleeding
crohn_disease,regurgitation
crohn_disease,regurgitation_1
crohn_disease,sharp_abdominal_pain
crohn_disease,vomiting
croup,abnormal_breathing_sounds
croup,coryza
croup,cough
croup,fever
croup,hoarse_voice
croup,nasal_congestion
croup,pulling_at_ears
croup,shortness_of_breath
croup,sore_throat
croup,vomiting
croup,wheezing
cryptococcosis,cross_eyed
cryptococcosis,depressive_or_psychotic_symptoms
cryptorchidism,lack_of_growth
cryptorchidism,swelling_of_scrotum
cryptorchidism,symptoms_of_the_scrotum_and_testes
cushing_syndrome,emotional_symptoms
cushing_syndrome,weight_gain
cyst_of_the_eyelid,abnormal_movement_of_eyelid
cyst_of_the_eyelid,diminished_vision
cyst_of_the_eyelid,mass_on_eyelid
cyst_of_the_eyelid,muscle_swelling
cyst_of_the_eyelid,skin_growth
cystic_fibrosis,cough
cystic_fibrosis,decreased_appetite
cystic_fibrosis,feeling_ill
cystic_fibrosis,intermenstrual_bleeding
cysticercosis,elbow_weakness
cysticercosis,headache
cysticercosis,seizures
cysticercosis,shortness_of_breath
cystitis,back_pain
cystitis,blood_in_urine
cystitis,frequent_urination
cystitis,involuntary_urination
cystitis,lower_abdominal_pain
cystitis,painful_urination
cystitis,pelvic_pain
cystitis,retention_of_urine
cystitis,sharp_abdominal_pain
cystitis,side_pain
cystitis,suprapubic_pain
cystitis,symptoms_of_bladder
de_quervain_disease,abnormal_involuntary_movements
de_quervain_disease,arm_pain
de_quervain_disease,hand_or_finger_pain
de_quervain_disease,hand_or_finger_swelling
de_quervain_disease,shoulder_pain
de_quervain_disease,wrist_pain
de_quervain_disease,wrist_swelling
decubitus_ulcer,difficulty_speaking
decubitus_ulcer,incontinence_of_stool
decubitus_ulcer,skin_lesion
decubitus_ulcer,skin_on_leg_or_foot_looks_infected
deep_vein_thrombosis_dvt,abnormal_appearing_skin
deep_vein_thrombosis_dvt,arm_swelling
deep_vein_thrombosis_dvt,foot_or_toe_swelling
deep_vein_thrombosis_dvt,leg_cramps_or_spasms
deep_vein_thrombosis_dvt,leg_pain
deep_vein_thrombosis_dvt,leg_stiffness_or_tightness
deep_vein_thrombosis_dvt,leg_swelling
degenerative_disc_disease,arm_pain
degenerative_disc_disease,back_pain
degenerative_disc_disease,hip_pain
degenerative_disc_disease,joint_pain
degenerative_disc_disease,leg_pain
degenerative_disc_disease,loss_of_sensation
degenerative_disc_disease,low_back_pain
degenerative_disc_disease,lower_body_pain
degenerative_disc_disease,neck_pain
degenerative_disc_disease,paresthesia
degenerative_disc_disease,shoulder_pain
dementia,abnormal_involuntary_movements
dementia,delusions_or_hallucinations
dementia,depressive_or_psychotic_symptoms
dementia,disturbance_of_memory
dementia,focal_weakness
dementia,hostile_behavior
dementia,insomnia
dementia,problems_with_movement
dengue_fever,sore_throat
dengue_fever,wrist_pain
dental_caries,ear_pain
dental_caries,facial_pain
dental_caries,gum_pain
dental_caries,jaw_swelling
dental_caries,mouth_pain
dental_caries,neck_swelling
dental_caries,pain_in_gums
dental_caries,peripheral_edema
dental_caries,restlessness
dental_caries,skin_irritation
dental_caries,skin_swelling
dental_caries,toothache
dermatitis_due_to_sun_exposure,abnormal_appearing_skin
dermatitis_due_to_sun_exposure,acne_or_pimples
dermatitis_due_to_sun_exposure,irregular_appearing_scalp
dermatitis_due_to_sun_exposure,lack_of_growth
dermatitis_due_to_sun_exposure,or_roughness
dermatitis_due_to_sun_exposure,peeling
dermatitis_due_to_sun_exposure,scaliness
dermatitis_due_to_sun_exposure,skin_dryness
dermatitis_due_to_sun_exposure,skin_lesion
dermatitis_due_to_sun_exposure,skin_moles
dermatitis_due_to_sun_exposure,skin_rash
dermatitis_due_to_sun_exposure,skin_swelling
deviated_nasal_septum,abnormal_breathing_sounds
deviated_nasal_septum,allergic_reaction
deviated_nasal_septum,apnea
deviated_nasal_septum,difficulty_breathing
deviated_nasal_septum,facial_pain
deviated_nasal_septum,headache
deviated_nasal_septum,nasal_congestion
deviated_nasal_septum,nosebleed
deviated_nasal_septum,painful_sinuses
deviated_nasal_septum,sore_throat
diabetes,thirst
diabetes,weight_gain
diabetes_insipidus,dizziness
diabetes_insipidus,emotional_symptoms
diabetic_ketoacidosis,decreased_appetite
diabetic_ketoacidosis,depressive_or_psychotic_symptoms
diabetic_ketoacidosis,diarrhea
diabetic_ketoacidosis,fluid_retention
diabetic_ketoacidosis,frequent_urination
diabetic_ketoacidosis,nausea
diabetic_ketoacidosis,sharp_abdominal_pain
diabetic_ketoacidosis,sharp_chest_pain
diabetic_ketoacidosis,vomiting
diabetic_ketoacidosis,weakness
diabetic_kidney_disease,blood_in_stool
diabetic_kidney_disease,impotence
diabetic_peripheral_neuropathy,foot_or_toe_pain
diabetic_peripheral_neuropathy,foot_or_toe_stiffness_or_tightness
diabetic_peripheral_neuropathy,foot_or_toe_swelling
diabetic_peripheral_neuropathy,leg_pain
diabetic_peripheral_neuropathy,loss_of_sensation
diabetic_peripheral_neuropathy,lymphedema
diabetic_peripheral_neuropathy,paresthesia
diabetic_peripheral_neuropathy,problems_with_movement
diabetic_peripheral_neuropathy,skin_lesion
diabetic_retinopathy,abnormal_movement_of_eyelid
diabetic_retinopathy,diminished_vision
diabetic_retinopathy,double_vision
diabetic_retinopathy,foreign_body_sensation_in_eye
diabetic_retinopathy,itchiness_of_eye
diabetic_retinopathy,lacrimation
diabetic_retinopathy,pain_in_eye
diabetic_retinopathy,spots_or_clouds_in_vision
diabetic_retinopathy,symptoms_of_eye
diaper_rash,blood_in_stool
diaper_rash,cough
diaper_rash,diaper_rash
diaper_rash,diarrhea
diaper_rash,fever
diaper_rash,irritable_infant
diaper_rash,nasal_congestion
diaper_rash,pulling_at_ears
diaper_rash,skin_rash
diaper_rash,temper_problems
diaper_rash,vomiting
diverticulitis,blood_in_stool
diverticulitis,burning_abdominal_pain
diverticulitis,chills
diverticulitis,constipation
diverticulitis,diarrhea
diverticulitis,fever
diverticulitis,lower_abdominal_pain
diverticulitis,nausea
diverticulitis,sharp_abdominal_pain
diverticulitis,side_pain
diverticulitis,upper_abdominal_pain
diverticulitis,vomiting
diverticulosis,blood_in_stool
diverticulosis,diarrhea
diverticulosis,heartburn
diverticulosis,lower_abdominal_pain
diverticulosis,melena
diverticulosis,nausea
diverticulosis,rectal_bleeding
diverticulosis,sharp_abdominal_pain
diverticulosis,upper_abdominal_pain
diverticulosis,vomiting
down_syndrome,cough
down_syndrome,decreased_appetite
down_syndrome,difficulty_speaking
down_syndrome,lack_of_growth
down_syndrome,nasal_congestion
down_syndrome,seizures
dry_eye_of_unknown_cause,abnormal_movement_of_eyelid
dry_eye_of_unknown_cause,diminished_vision
dry_eye_of_unknown_cause,double_vision
dry_eye_of_unknown_cause,eye_redness
dry_eye_of_unknown_cause,foreign_body_sensation_in_eye
dry_eye_of_unknown_cause,itchiness_of_eye
dry_eye_of_unknown_cause,lacrimation
dry_eye_of_unknown_cause,pain_in_eye
dry_eye_of_unknown_cause,spots_or_clouds_in_vision
dry_eye_of_unknown_cause,symptoms_of_eye
dry_eye_of_unknown_cause,white_discharge_from_eye
dumping_syndrome,knee_lump_or_mass
dumping_syndrome,nausea
dumping_syndrome,vomiting
dyshidrosis,abnormal_appearing_skin
dyshidrosis,acne_or_pimples
dyshidrosis,frequent_urination
dyshidrosis,skin_lesion
dyshidrosis,skin_rash
ear_drum_damage,bleeding_from_ear
ear_drum_damage,cough
ear_drum_damage,diminished_hearing
ear_drum_damage,ear_pain
ear_drum_damage,fluid_in_ear
ear_drum_damage,nasal_congestion
ear_drum_damage,plugged_feeling_in_ear
ear_drum_damage,pulling_at_ears
ear_drum_damage,pus_draining_from_ear
ear_drum_damage,redness_in_ear
ear_drum_damage,ringing_in_ear
ear_wax_impaction,cough
ear_wax_impaction,diminished_hearing
ear_wax_impaction,ear_pain
ear_wax_impaction,fever
ear_wax_impaction,fluid_in_ear
ear_wax_impaction,nasal_congestion
ear_wax_impaction,plugged_feeling_in_ear
ear_wax_impaction,pulling_at_ears
ear_wax_impaction,ringing_in_ear
ear_wax_impaction,sinus_congestion
ectopic_pregnancy,dizziness
ectopic_pregnancy,intermenstrual_bleeding
ectopic_pregnancy,lower_abdominal_pain
ectopic_pregnancy,nausea
ectopic_pregnancy,pain_during_pregnancy
ectopic_pregnancy,pelvic_pain
ectopic_pregnancy,sharp_abdominal_pain
ectopic_pregnancy,vaginal_discharge
ectropion,eye_redness
ectropion,lacrimation
ectropion,pain_in_eye
ectropion,symptoms_of_eye
ectropion,white_discharge_from_eye
eczema,abnormal_appearing_skin
eczema,acne_or_pimples
eczema,allergic_reaction
eczema,cough
eczema,irregular_appearing_scalp
eczema,itching_of_skin
eczema,or_roughness
eczema,peeling
eczema,scaliness
eczema,skin_dryness
eczema,skin_irritation
eczema,skin_lesion
eczema,skin_rash
eczema,skin_swelling
eczema,warts
edward_syndrome,cross_eyed
edward_syndrome,suprapubic_pain
emphysema,cough
emphysema,emotional_symptoms
emphysema,sharp_chest_pain
emphysema,shortness_of_breath
empyema,cough
empyema,leg_pain
empyema,sharp_chest_pain
empyema,shortness_of_breath
encephalitis,disturbance_of_memory
encephalitis,dizziness
encephalitis,headache
encephalitis,insomnia
encephalitis,loss_of_sensation
endocarditis,dizziness
endocarditis,increased_heart_rate
endocarditis,irregular_heartbeat
endocarditis,palpitations
endocarditis,sharp_chest_pain
endocarditis,shortness_of_breath
endometrial_cancer,absence_of_menstruation
endometrial_cancer,hot_flashes
endometrial_cancer,intermenstrual_bleeding
endometrial_cancer,vaginal_bleeding_after_menopause
endometrial_cancer,vaginal_itching
endometrial_hyperplasia,back_weakness
endometrial_hyperplasia,heavy_menstrual_flow
endometrial_hyperplasia,involuntary_urination
endometrial_hyperplasia,unpredictable_menstruation
endometrial_hyperplasia,vaginal_bleeding_after_menopause
endometriosis,burning_abdominal_pain
endometriosis,heavy_menstrual_flow
endometriosis,hot_flashes
endometriosis,infertility
endometriosis,intermenstrual_bleeding
endometriosis,lower_abdominal_pain
endometriosis,painful_menstruation
endometriosis,pelvic_pain
endometriosis,sharp_abdominal_pain
endophthalmitis,diminished_vision
endophthalmitis,eye_redness
endophthalmitis,itchiness_of_eye
endophthalmitis,pain_in_eye
endophthalmitis,painful_urination
endophthalmitis,swollen_eye
ependymoma,diminished_vision
ependymoma,emotional_symptoms
ependymoma,headache
ependymoma,pain_in_eye
epididymitis,groin_pain
epididymitis,lower_body_pain
epididymitis,mass_in_scrotum
epididymitis,pain_in_testicles
epididymitis,painful_urination
epididymitis,retention_of_urine
epididymitis,sharp_abdominal_pain
epididymitis,side_pain
epididymitis,swelling_of_scrotum
epidural_hemorrhage,depressive_or_psychotic_symptoms
epidural_hemorrhage,dizziness
epidural_hemorrhage,emotional_symptoms
epilepsy,abnormal_involuntary_movements
epilepsy,difficulty_speaking
epilepsy,disturbance_of_memory
epilepsy,headache
epilepsy,lack_of_growth
epilepsy,muscle_weakness
epilepsy,seizures
erectile_dysfunction,blood_in_urine
erectile_dysfunction,excessive_urination_at_night
erectile_dysfunction,frequent_urination
erectile_dysfunction,impotence
erectile_dysfunction,involuntary_urination
erectile_dysfunction,loss_of_sex_drive
erectile_dysfunction,pain_during_intercourse
erectile_dysfunction,pain_in_testicles
erectile_dysfunction,retention_of_urine
erectile_dysfunction,symptoms_of_prostate
erythema_multiforme,difficulty_in_swallowing
erythema_multiforme,fever
erythema_multiforme,mouth_ulcer
erythema_multiforme,skin_rash
erythema_multiforme,vomiting
esophageal_cancer,decreased_appetite
esophageal_cancer,hoarse_voice
esophageal_cancer,sharp_abdominal_pain
esophageal_cancer,shortness_of_breath
esophageal_cancer,stomach_bloating
esophageal_varices,dizziness
esophageal_varices,nausea
esophagitis,burning_abdominal_pain
esophagitis,chest_tightness
esophagitis,cough
esophagitis,difficulty_in_swallowing
esophagitis,heartburn
esophagitis,nausea
esophagitis,sharp_abdominal_pain
esophagitis,sharp_chest_pain
esophagitis,shortness_of_breath
esophagitis,sore_throat
esophagitis,upper_abdominal_pain
esophagitis,vomiting
essential_tremor,abnormal_involuntary_movements
essential_tremor,disturbance_of_memory
essential_tremor,dizziness
essential_tremor,hoarse_voice
essential_tremor,loss_of_sensation
essential_tremor,muscle_pain
essential_tremor,problems_with_movement
eustachian_tube_dysfunction_ear_disorder,abnormal_breathing_sounds
eustachian_tube_dysfunction_ear_disorder,allergic_reaction
eustachian_tube_dysfunction_ear_disorder,diminished_hearing
eustachian_tube_dysfunction_ear_disorder,dizziness
eustachian_tube_dysfunction_ear_disorder,ear_pain
eustachian_tube_dysfunction_ear_disorder,nasal_congestion
eustachian_tube_dysfunction_ear_disorder,plugged_feeling_in_ear
eustachian_tube_dysfunction_ear_disorder,redness_in_ear
eustachian_tube_dysfunction_ear_disorder,ringing_in_ear
eustachian_tube_dysfunction_ear_disorder,sore_throat
eustachian_tube_dysfunction_ear_disorder,swollen_or_red_tonsils
eye_alignment_disorder,cross_eyed
eye_alignment_disorder,diminished_vision
eye_alignment_disorder,double_vision
eye_alignment_disorder,eye_deviation
eye_alignment_disorder,eye_moves_abnormally
eye_alignment_disorder,irregular_appearing_scalp
eye_alignment_disorder,lack_of_growth
eye_alignment_disorder,pain_in_eye
eye_alignment_disorder,symptoms_of_eye
female_genitalia_infection,groin_pain
female_genitalia_infection,skin_lesion
female_genitalia_infection,skin_swelling
female_genitalia_infection,vaginal_discharge
female_genitalia_infection,vaginal_pain
female_genitalia_infection,vulvar_irritation
female_genitalia_infection,vulvar_sore
female_infertility_of_unknown_cause,infertility
female_infertility_of_unknown_cause,long_menstrual_periods
female_infertility_of_unknown_cause,pain_during_intercourse
female_infertility_of_unknown_cause,scanty_menstrual_flow
female_infertility_of_unknown_cause,unpredictable_menstruation
fetal_alcohol_syndrome,depressive_or_psychotic_symptoms
fetal_alcohol_syndrome,emotional_symptoms
fetal_alcohol_syndrome,excessive_anger
fibroadenoma,bleeding_or_discharge_from_nipple
fibroadenoma,bones_are_painful
fibroadenoma,hot_flashes
fibroadenoma,lump_or_mass_of_breast
fibroadenoma,pain_or_soreness_of_breast
fibroadenoma,vaginal_dryness
fibrocystic_breast_disease,bleeding_or_discharge_from_nipple
fibrocystic_breast_disease,intermenstrual_bleeding
fibrocystic_breast_disease,lump_or_mass_of_breast
fibrocystic_breast_disease,pain_or_soreness_of_breast
fibromyalgia,ache_all_over
fibromyalgia,arm_pain
fibromyalgia,back_pain
fibromyalgia,headache
fibromyalgia,hip_pain
fibromyalgia,leg_pain
fibromyalgia,low_back_pain
fibromyalgia,muscle_pain
fibromyalgia,neck_pain
fibromyalgia,sharp_chest_pain
flat_feet,ankle_pain
flat_feet,foot_or_toe_pain
flat_feet,knee_pain
flat_feet,problems_with_movement
flat_feet,skin_swelling
floaters,diminished_vision
floaters,foreign_body_sensation_in_eye
floaters,lacrimation
floaters,spots_or_clouds_in_vision
floaters,symptoms_of_eye
flu,ache_all_over
flu,chills
flu,coryza
flu,cough
flu,diarrhea
flu,fever
flu,headache
flu,nausea
flu,sore_throat
flu,vomiting
fluid_overload,fluid_retention
fluid_overload,hand_or_finger_swelling
fluid_overload,nausea
fluid_overload,peripheral_edema
fluid_overload,sharp_abdominal_pain
fluid_overload,sharp_chest_pain
fluid_overload,shortness_of_breath
fluid_overload,vomiting
folate_deficiency,difficulty_breathing
folate_deficiency,sharp_abdominal_pain
folate_deficiency,sharp_chest_pain
folate_deficiency,shortness_of_breath
folate_deficiency,vomiting_blood
food_allergy,abnormal_appearing_skin
food_allergy,allergic_reaction
food_allergy,cough
food_allergy,hand_or_finger_swelling
food_allergy,itching_of_skin
food_allergy,lip_swelling
food_allergy,nasal_congestion
food_allergy,skin_rash
food_allergy,vomiting
friedrich_ataxia,cough
friedrich_ataxia,ear_pain
friedrich_ataxia,knee_lump_or_mass
frostbite,elbow_weakness
frostbite,foot_or_toe_pain
frostbite,sharp_chest_pain
fungal_infection_of_the_hair,abnormal_appearing_skin
fungal_infection_of_the_hair,acne_or_pimples
fungal_infection_of_the_hair,irregular_appearing_scalp
fungal_infection_of_the_hair,itching_of_skin
fungal_infection_of_the_hair,itchy_scalp
fungal_infection_of_the_hair,or_roughness
fungal_infection_of_the_hair,peeling
fungal_infection_of_the_hair,pelvic_pain
fungal_infection_of_the_hair,scaliness
fungal_infection_of_the_hair,skin_dryness
fungal_infection_of_the_hair,skin_growth
fungal_infection_of_the_hair,skin_irritation
fungal_infection_of_the_hair,skin_lesion
fungal_infection_of_the_hair,skin_rash
fungal_infection_of_the_hair,skin_swelling
fungal_infection_of_the_skin,abnormal_appearing_skin
fungal_infection_of_the_skin,acne_or_pimples
fungal_infection_of_the_skin,irregular_appearing_scalp
fungal_infection_of_the_skin,itching_of_skin
fungal_infection_of_the_skin,itchy_scalp
fungal_infection_of_the_skin,or_roughness
fungal_infection_of_the_skin,peeling
fungal_infection_of_the_skin,scaliness
fungal_infection_of_the_skin,skin_dryness
fungal_infection_of_the_skin,skin_lesion
fungal_infection_of_the_skin,skin_rash
fungal_infection_of_the_skin,skin_swelling
fungal_infection_of_the_skin,too_little_hair
g6pd_enzyme_deficiency,cough
g6pd_enzyme_deficiency,emotional_symptoms
galactorrhea_of_unknown_cause,anxiety_and_nervousness
galactorrhea_of_unknown_cause,bleeding_or_discharge_from_nipple
galactorrhea_of_unknown_cause,emotional_symptoms
galactorrhea_of_unknown_cause,pain_or_soreness_of_breast
gallstone,back_pain
gallstone,burning_abdominal_pain
gallstone,heartburn
gallstone,lower_body_pain
gallstone,nausea
gallstone,regurgitation_1
gallstone,sharp_abdominal_pain
gallstone,sharp_chest_pain
gallstone,side_pain
gallstone,upper_abdominal_pain
gallstone,vomiting
ganglion_cyst,foot_or_toe_pain
ganglion_cyst,hand_or_finger_lump_or_mass
ganglion_cyst,hand_or_finger_pain
ganglion_cyst,knee_lump_or_mass
ganglion_cyst,knee_pain
ganglion_cyst,knee_swelling
ganglion_cyst,leg_pain
ganglion_cyst,skin_growth
ganglion_cyst,wrist_lump_or_mass
ganglion_cyst,wrist_swelling
gas_gangrene,sharp_abdominal_pain
gas_gangrene,wrist_pain
gastritis,burning_abdominal_pain
gastritis,diarrhea
gastritis,fever
gastritis,headache
gastritis,nausea
gastritis,regurgitation_1
gastritis,sharp_abdominal_pain
gastritis,sharp_chest_pain
gastritis,vomiting
gastritis,vomiting_blood
gastroduodenal_ulcer,blood_in_stool
gastroduodenal_ulcer,burning_abdominal_pain
gastroduodenal_ulcer,changes_in_stool_appearance
gastroduodenal_ulcer,heartburn
gastroduodenal_ulcer,nausea
gastroduodenal_ulcer,sharp_abdominal_pain
gastroduodenal_ulcer,sharp_chest_pain
gastroduodenal_ulcer,upper_abdominal_pain
gastroduodenal_ulcer,vomiting
gastroduodenal_ulcer,vomiting_blood
gastroesophageal_reflux_disease_gerd,burning_abdominal_pain
gastroesophageal_reflux_disease_gerd,chest_tightness
gastroesophageal_reflux_disease_gerd,cough
gastroesophageal_reflux_disease_gerd,difficulty_in_swallowing
gastroesophageal_reflux_disease_gerd,hoarse_voice
gastroesophageal_reflux_disease_gerd,nausea
gastroesophageal_reflux_disease_gerd,regurgitation
gastroesophageal_reflux_disease_gerd,regurgitation_1
gastroesophageal_reflux_disease_gerd,sharp_abdominal_pain
gastroesophageal_reflux_disease_gerd,sharp_chest_pain
gastrointestinal_hemorrhage,blood_in_stool
gastrointestinal_hemorrhage,changes_in_stool_appearance
gastrointestinal_hemorrhage,diarrhea
gastrointestinal_hemorrhage,dizziness
gastrointestinal_hemorrhage,fainting
gastrointestinal_hemorrhage,melena
gastrointestinal_hemorrhage,nausea
gastrointestinal_hemorrhage,rectal_bleeding
gastrointestinal_hemorrhage,sharp_abdominal_pain
gastrointestinal_hemorrhage,vomiting
gastrointestinal_hemorrhage,vomiting_blood
gastrointestinal_hemorrhage,weakness
gastroparesis,burning_abdominal_pain
gastroparesis,nausea
gastroparesis,regurgitation
gastroparesis,regurgitation_1
gastroparesis,sharp_abdominal_pain
gastroparesis,sharp_chest_pain
gastroparesis,upper_abdominal_pain
gastroparesis,vomiting
genital_herpes,painful_urination
genital_herpes,recent_pregnancy
genital_herpes,skin_lesion
genital_herpes,skin_rash
genital_herpes,suprapubic_pain
genital_herpes,vaginal_discharge
genital_herpes,vaginal_itching
gestational_diabetes,pain_during_pregnancy
gestational_diabetes,pelvic_pressure
gestational_diabetes,problems_during_pregnancy
gestational_diabetes,uterine_contractions
gestational_diabetes,vaginal_redness
glaucoma,diminished_vision
glaucoma,eye_redness
glaucoma,foreign_body_sensation_in_eye
glaucoma,itchiness_of_eye
glaucoma,itchy_eyelid
glaucoma,lacrimation
glaucoma,pain_in_eye
glaucoma,spots_or_clouds_in_vision
glaucoma,symptoms_of_eye
glucocorticoid_deficiency,diarrhea
glucocorticoid_deficiency,lack_of_growth
glucocorticoid_deficiency,shortness_of_breath
goiter,difficulty_in_swallowing
goiter,fatigue
goiter,hot_flashes
goiter,lump_in_throat
goiter,weight_gain
gonorrhea,penile_discharge
gonorrhea,problems_with_movement
gonorrhea,sharp_abdominal_pain
gonorrhea,vaginal_discharge
gonorrhea,vaginal_itching
gonorrhea,vaginal_pain
gout,ankle_pain
gout,ankle_swelling
gout,foot_or_toe_pain
gout,foot_or_toe_swelling
gout,hand_or_finger_pain
gout,hand_or_finger_swelling
gout,joint_pain
gout,knee_pain
gout,knee_swelling
gout,leg_swelling
gout,wrist_pain
gout,wrist_swelling
granuloma_inguinale,knee_lump_or_mass
granuloma_inguinale,sharp_chest_pain
graves_disease,abnormal_involuntary_movements
graves_disease,dizziness
graves_disease,hemoptysis
graves_disease,involuntary_urination
graves_disease,irregular_heartbeat
graves_disease,palpitations
graves_disease,sweating
guillain_barre_syndrome,difficulty_speaking
guillain_barre_syndrome,dizziness
guillain_barre_syndrome,hand_or_finger_pain
guillain_barre_syndrome,leg_pain
guillain_barre_syndrome,loss_of_sensation
gum_disease,bleeding_gums
gum_disease,ear_pain
gum_disease,facial_pain
gum_disease,fever
gum_disease,gum_pain
gum_disease,jaw_swelling
gum_disease,lip_swelling
gum_disease,mouth_ulcer
gum_disease,pain_in_gums
gum_disease,peripheral_edema
gum_disease,toothache
gynecomastia,back_pain
gynecomastia,bones_are_painful
gynecomastia,lump_or_mass_of_breast
gynecomastia,neck_pain
gynecomastia,pain_or_soreness_of_breast
gynecomastia,problems_with_shape_or_size_of_breast
gynecomastia,skin_swelling
hammer_toe,foot_or_toe_pain
hammer_toe,loss_of_sensation
hammer_toe,skin_growth
hammer_toe,skin_lesion
hashimoto_thyroiditis,abnormal_involuntary_movements
hashimoto_thyroiditis,weight_gain
head_and_neck_cancer,difficulty_in_swallowing
head_and_neck_cancer,hemoptysis
head_and_neck_cancer,hoarse_voice
head_and_neck_cancer,mouth_pain
head_and_neck_cancer,neck_mass
head_and_neck_cancer,plugged_feeling_in_ear
head_and_neck_cancer,sore_throat
head_and_neck_cancer,throat_feels_tight
heart_attack,arm_pain
heart_attack,burning_chest_pain
heart_attack,chest_tightness
heart_attack,fainting
heart_attack,heartburn
heart_attack,increased_heart_rate
heart_attack,irregular_heartbeat
heart_attack,nausea
heart_attack,sharp_chest_pain
heart_attack,shortness_of_breath
heart_attack,sweating
heart_block,chest_tightness
heart_block,dizziness
heart_block,fainting
heart_block,irregular_heartbeat
heart_block,palpitations
heart_block,peripheral_edema
heart_block,sharp_chest_pain
heart_block,shortness_of_breath
heart_block,weakness
heart_block,weight_gain
heart_failure,chest_tightness
heart_failure,cough
heart_failure,difficulty_breathing
heart_failure,fluid_retention
heart_failure,hurts_to_breath
heart_failure,leg_swelling
heart_failure,palpitations
heart_failure,sharp_chest_pain
heart_failure,shortness_of_breath
heart_failure,weakness
heart_failure,weight_gain
heat_exhaustion,dizziness
heat_exhaustion,fainting
heat_exhaustion,fluid_retention
heat_exhaustion,headache
heat_exhaustion,sharp_chest_pain
heat_exhaustion,shortness_of_breath
heat_exhaustion,vomiting
heat_exhaustion,weakness
heat_stroke,dizziness
heat_stroke,feeling_hot
hemangioma,abnormal_appearing_skin
hemangioma,irregular_appearing_nails
hemangioma,irregular_appearing_scalp
hemangioma,lip_swelling
hemangioma,lymphedema
hemangioma,or_roughness
hemangioma,peeling
hemangioma,scaliness
hemangioma,skin_dryness
hemangioma,skin_growth
hemangioma,skin_lesion
hemangioma,skin_moles
hemangioma,skin_swelling
hemarthrosis,elbow_weakness
hemarthrosis,frequent_urination
hemarthrosis,knee_pain
hemarthrosis,knee_swelling
hematoma,ache_all_over
hematoma,arm_swelling
hematoma,sharp_abdominal_pain
hematoma,skin_swelling
hematoma,swelling_of_scrotum
hemiplegia,abnormal_involuntary_movements
hemiplegia,arm_stiffness_or_tightness
hemiplegia,difficulty_speaking
hemiplegia,headache
hemiplegia,loss_of_sensation
hemiplegia,problems_with_movement
hemiplegia,seizures
hemiplegia,slurring_words
hemiplegia,weakness
hemochromatosis,abnormal_appearing_skin
hemochromatosis,ache_all_over
hemochromatosis,difficulty_speaking
hemolytic_anemia,cough
hemolytic_anemia,fatigue
hemolytic_anemia,nausea
hemolytic_anemia,skin_growth
hemophilia,bleeding_gums
hemophilia,cough
hemophilia,frontal_headache
hemophilia,leg_pain
hemorrhoids,blood_in_stool
hemorrhoids,changes_in_stool_appearance
hemorrhoids,constipation
hemorrhoids,heartburn
hemorrhoids,itching_of_the_anus
hemorrhoids,lower_body_pain
hemorrhoids,mass_or_swelling_around_the_anus
hemorrhoids,melena
hemorrhoids,pain_of_the_anus
hemorrhoids,rectal_bleeding
hemorrhoids,sharp_abdominal_pain
hepatic_encephalopathy,abusing_alcohol
hepatic_encephalopathy,depressive_or_psychotic_symptoms
hepatic_encephalopathy,fainting
hepatic_encephalopathy,fluid_retention
hepatic_encephalopathy,sharp_abdominal_pain
hepatic_encephalopathy,shortness_of_breath
hepatitis_due_to_a_toxin,depression
hepatitis_due_to_a_toxin,feeling_ill
hepatitis_due_to_a_toxin,itching_of_skin
hepatitis_due_to_a_toxin,jaundice
hepatitis_due_to_a_toxin,nausea
hepatitis_due_to_a_toxin,rectal_bleeding
hepatitis_due_to_a_toxin,sharp_abdominal_pain
hepatitis_due_to_a_toxin,vomiting
herniated_disk,arm_pain
herniated_disk,arm_weakness
herniated_disk,back_pain
herniated_disk,hip_pain
herniated_disk,leg_pain
herniated_disk,leg_weakness
herniated_disk,loss_of_sensation
herniated_disk,low_back_pain
herniated_disk,neck_pain
herniated_disk,paresthesia
herniated_disk,shoulder_pain
herpangina,cough
herpangina,decreased_appetite
herpangina,fever
herpangina,insomnia
herpangina,mouth_ulcer
herpangina,skin_rash
herpangina,sore_throat
herpangina,swollen_lymph_nodes
herpangina,vomiting
hiatal_hernia,back_pain
hiatal_hernia,burning_abdominal_pain
hiatal_hernia,difficulty_in_swallowing
hiatal_hernia,dizziness
hiatal_hernia,heartburn
hiatal_hernia,nausea
hiatal_hernia,regurgitation
hiatal_hernia,regurgitation_1
hiatal_hernia,sharp_abdominal_pain
hiatal_hernia,sharp_chest_pain
hiatal_hernia,upper_abdominal_pain
hiatal_hernia,vomiting_blood
hidradenitis_suppurativa,arm_pain
hidradenitis_suppurativa,groin_mass
hidradenitis_suppurativa,skin_growth
hidradenitis_suppurativa,skin_lesion
hidradenitis_suppurativa,skin_rash
hidradenitis_suppurativa,skin_swelling
high_blood_pressure,headache
high_blood_pressure,sharp_chest_pain
hirschsprung_disease,constipation
hirschsprung_disease,emotional_symptoms
hirschsprung_disease,sharp_abdominal_pain
hirsutism,abnormal_appearing_skin
hirsutism,acne_or_pimples
hirsutism,apnea
hirsutism,unwanted_hair
histoplasmosis,cough
histoplasmosis,elbow_weakness
histoplasmosis,lacrimation
hormone_disorder,acne_or_pimples
hormone_disorder,excessive_growth
hormone_disorder,headache
hormone_disorder,hot_flashes
hormone_disorder,lack_of_growth
hpv,involuntary_urination
hpv,vaginal_itching
hpv,warts
human_immunodeficiency_virus_infection_hiv,drug_abuse
human_immunodeficiency_virus_infection_hiv,fears_and_phobias
human_immunodeficiency_virus_infection_hiv,nightmares
huntington_disease,anxiety_and_nervousness
huntington_disease,elbow_weakness
hydatidiform_mole,diminished_vision
hydatidiform_mole,dizziness
hydatidiform_mole,pain_during_pregnancy
hydatidiform_mole,sharp_abdominal_pain
hydatidiform_mole,spotting_or_bleeding_during_pregnancy
hydrocele_of_the_testicle,groin_mass
hydrocele_of_the_testicle,groin_pain
hydrocele_of_the_testicle,lower_abdominal_pain
hydrocele_of_the_testicle,mass_in_scrotum
hydrocele_of_the_testicle,pain_in_testicles
hydrocele_of_the_testicle,retention_of_urine
hydrocele_of_the_testicle,swelling_of_scrotum
hydrocele_of_the_testicle,symptoms_of_the_scrotum_and_testes
hydrocephalus,abnormal_involuntary_movements
hydrocephalus,depressive_or_psychotic_symptoms
hydrocephalus,headache
hydrocephalus,lack_of_growth
hydrocephalus,problems_with_movement
hydrocephalus,seizures
hydrocephalus,vomiting
hydronephrosis,back_pain
hydronephrosis,lower_abdominal_pain
hydronephrosis,nausea
hydronephrosis,pain_in_testicles
hydronephrosis,sharp_abdominal_pain
hydronephrosis,side_pain
hydronephrosis,suprapubic_pain
hydronephrosis,vomiting
hypercalcemia,dizziness
hypercalcemia,loss_of_sensation
hypercalcemia,retention_of_urine
hypercalcemia,weakness
hypercholesterolemia,excessive_urination_at_night
hypercholesterolemia,hand_or_finger_stiffness_or_tightness
hypercholesterolemia,palpitations
hypercholesterolemia,sharp_chest_pain
hypercholesterolemia,weight_gain
hyperemesis_gravidarum,burning_abdominal_pain
hyperemesis_gravidarum,diarrhea
hyperemesis_gravidarum,dizziness
hyperemesis_gravidarum,headache
hyperemesis_gravidarum,nausea
hyperemesis_gravidarum,pain_during_pregnancy
hyperemesis_gravidarum,problems_during_pregnancy
hyperemesis_gravidarum,sharp_abdominal_pain
hyperemesis_gravidarum,vomiting
hyperemesis_gravidarum,vomiting_blood
hyperemesis_gravidarum,weakness
hypergammaglobulinemia,blood_in_stool
hypergammaglobulinemia,fatigue
hyperhidrosis,acne_or_pimples
hyperhidrosis,cough
hyperhidrosis,fever
hyperhidrosis,sweating
hyperhidrosis,warts
hyperkalemia,decreased_heart_rate
hyperkalemia,depressive_or_psychotic_symptoms
hyperkalemia,difficulty_in_swallowing
hyperkalemia,dizziness
hyperkalemia,feeling_ill
hyperkalemia,nausea
hyperkalemia,sharp_chest_pain
hyperkalemia,shortness_of_breath
hyperkalemia,vomiting
hyperkalemia,weakness
hyperlipidemia,sharp_chest_pain
hyperlipidemia,smoking_problems
hyperlipidemia,weight_gain
hypernatremia,difficulty_breathing
hypernatremia,fainting
hypernatremia,fever
hypernatremia,shortness_of_breath
hypernatremia,weakness
hyperopia,difficulty_speaking
hyperopia,diminished_vision
hyperopia,eye_deviation
hyperopia,eye_redness
hyperopia,spots_or_clouds_in_vision
hyperopia,symptoms_of_eye
hyperosmotic_hyperketotic_state,cough
hyperosmotic_hyperketotic_state,frequent_urination
hyperosmotic_hyperketotic_state,weakness
hypertension_of_pregnancy,headache
hypertension_of_pregnancy,heartburn
hypertension_of_pregnancy,pain_during_pregnancy
hypertension_of_pregnancy,problems_during_pregnancy
hypertension_of_pregnancy,spotting_or_bleeding_during_pregnancy
hypertension_of_pregnancy,uterine_contractions
hypertensive_heart_disease,chest_tightness
hypertensive_heart_disease,difficulty_breathing
hypertensive_heart_disease,fatigue
hypertensive_heart_disease,heartburn
hypertensive_heart_disease,insomnia
hypertensive_heart_disease,leg_swelling
hypertensive_heart_disease,palpitations
hypertensive_heart_disease,recent_pregnancy
hypertensive_heart_disease,sharp_chest_pain
hypertensive_heart_disease,shortness_of_breath
hypertensive_heart_disease,weakness
hypertrophic_obstructive_cardiomyopathy_hocm,anxiety_and_nervousness
hypertrophic_obstructive_cardiomyopathy_hocm,emotional_symptoms
hypertrophic_obstructive_cardiomyopathy_hocm,sharp_chest_pain
hypocalcemia,abnormal_involuntary_movements
hypocalcemia,constipation
hypocalcemia,leg_weakness
hypocalcemia,sharp_chest_pain
hypocalcemia,shortness_of_breath
hypoglycemia,abnormal_involuntary_movements
hypoglycemia,decreased_appetite
hypoglycemia,depressive_or_psychotic_symptoms
hypoglycemia,dizziness
hypoglycemia,fainting
hypoglycemia,feeling_ill
hypoglycemia,nausea
hypoglycemia,problems_with_movement
hypoglycemia,seizures
hypoglycemia,sleepiness
hypoglycemia,sweating
hypoglycemia,weakness
hypokalemia,diarrhea
hypokalemia,fainting
hypokalemia,fever
hypokalemia,headache
hypokalemia,loss_of_sensation
hypokalemia,nausea
hypokalemia,sharp_abdominal_pain
hypokalemia,sharp_chest_pain
hypokalemia,shortness_of_breath
hypokalemia,vomiting
hyponatremia,back_pain
hyponatremia,fainting
hyponatremia,nausea
hyponatremia,seizures
hyponatremia,sharp_abdominal_pain
hyponatremia,sharp_chest_pain
hyponatremia,shortness_of_breath
hyponatremia,vomiting
hyponatremia,weakness
hypothermia,depressive_or_psychotic_symptoms
hypothermia,emotional_symptoms
hypothermia,fainting
hypothermia,weakness
hypothyroidism,fatigue
hypothyroidism,hot_flashes
hypothyroidism,muscle_pain
hypothyroidism,too_little_hair
hypothyroidism,weight_gain
hypothyroidism,wrist_swelling
hypovolemia,decreased_appetite
hypovolemia,diarrhea
hypovolemia,dizziness
hypovolemia,fainting
hypovolemia,feeling_ill
hypovolemia,fever
hypovolemia,nausea
hypovolemia,sharp_abdominal_pain
hypovolemia,vomiting
idiopathic_absence_of_menstruation,absence_of_menstruation
idiopathic_absence_of_menstruation,heartburn
idiopathic_absence_of_menstruation,long_menstrual_periods
idiopathic_absence_of_menstruation,lower_abdominal_pain
idiopathic_absence_of_menstruation,nausea
idiopathic_absence_of_menstruation,pain_or_soreness_of_breast
idiopathic_absence_of_menstruation,pelvic_pain
idiopathic_absence_of_menstruation,sharp_abdominal_pain
idiopathic_absence_of_menstruation,vaginal_itching
idiopathic_excessive_menstruation,blood_clots_during_menstrual_periods
idiopathic_excessive_menstruation,cramps_and_spasms
idiopathic_excessive_menstruation,frequent_menstruation
idiopathic_excessive_menstruation,heavy_menstrual_flow
idiopathic_excessive_menstruation,intermenstrual_bleeding
idiopathic_excessive_menstruation,involuntary_urination
idiopathic_excessive_menstruation,long_menstrual_periods
idiopathic_excessive_menstruation,painful_menstruation
idiopathic_excessive_menstruation,sharp_abdominal_pain
idiopathic_excessive_menstruation,unpredictable_menstruation
idiopathic_excessive_menstruation,vaginal_discharge
idiopathic_infrequent_menstruation,nausea
idiopathic_infrequent_menstruation,retention_of_urine
idiopathic_infrequent_menstruation,sharp_abdominal_pain
idiopathic_infrequent_menstruation,unpredictable_menstruation
idiopathic_irregular_menstrual_cycle,cramps_and_spasms
idiopathic_irregular_menstrual_cycle,frequent_menstruation
idiopathic_irregular_menstrual_cycle,heavy_menstrual_flow
idiopathic_irregular_menstrual_cycle,infertility
idiopathic_irregular_menstrual_cycle,intermenstrual_bleeding
idiopathic_irregular_menstrual_cycle,long_menstrual_periods
idiopathic_irregular_menstrual_cycle,lower_abdominal_pain
idiopathic_irregular_menstrual_cycle,painful_menstruation
idiopathic_irregular_menstrual_cycle,pelvic_pain
idiopathic_irregular_menstrual_cycle,sharp_abdominal_pain
idiopathic_irregular_menstrual_cycle,unpredictable_menstruation
idiopathic_nonmenstrual_bleeding,intermenstrual_bleeding
idiopathic_nonmenstrual_bleeding,long_menstrual_periods
idiopathic_nonmenstrual_bleeding,painful_urination
idiopathic_nonmenstrual_bleeding,sharp_abdominal_pain
idiopathic_nonmenstrual_bleeding,unpredictable_menstruation
idiopathic_nonmenstrual_bleeding,vaginal_discharge
idiopathic_painful_menstruation,blood_clots_during_menstrual_periods
idiopathic_painful_menstruation,cramps_and_spasms
idiopathic_painful_menstruation,heavy_menstrual_flow
idiopathic_painful_menstruation,long_menstrual_periods
idiopathic_painful_menstruation,lower_abdominal_pain
idiopathic_painful_menstruation,painful_menstruation
idiopathic_painful_menstruation,pelvic_pain
idiopathic_painful_menstruation,sharp_abdominal_pain
idiopathic_painful_menstruation,unpredictable_menstruation
idiopathic_painful_menstruation,vaginal_discharge
idiopathic_painful_menstruation,vaginal_itching
ileus,burning_abdominal_pain
ileus,constipation
ileus,diarrhea
ileus,headache
ileus,lower_abdominal_pain
ileus,nausea
ileus,pain_of_the_anus
ileus,sharp_abdominal_pain
ileus,vomiting
impetigo,abnormal_appearing_skin
impetigo,cough
impetigo,fever
impetigo,itching_of_skin
impetigo,mouth_ulcer
impetigo,nasal_congestion
impetigo,skin_lesion
impetigo,skin_rash
impetigo,skin_swelling
impetigo,sore_in_nose
indigestion,burning_abdominal_pain
indigestion,decreased_appetite
indigestion,diarrhea
indigestion,heartburn
indigestion,nausea
indigestion,sharp_abdominal_pain
indigestion,sharp_chest_pain
indigestion,stomach_bloating
indigestion,vomiting
infectious_gastroenteritis,blood_in_stool
infectious_gastroenteritis,burning_abdominal_pain
infectious_gastroenteritis,chills
infectious_gastroenteritis,decreased_appetite
infectious_gastroenteritis,diarrhea
infectious_gastroenteritis,fever
infectious_gastroenteritis,flu_like_syndrome
infectious_gastroenteritis,fluid_retention
infectious_gastroenteritis,headache
infectious_gastroenteritis,nausea
infectious_gastroenteritis,sharp_abdominal_pain
infectious_gastroenteritis,vomiting
ingrown_toe_nail,abnormal_appearing_skin
ingrown_toe_nail,foot_or_toe_pain
ingrown_toe_nail,foot_or_toe_swelling
ingrown_toe_nail,irregular_appearing_nails
ingrown_toe_nail,neck_swelling
ingrown_toe_nail,or_roughness
ingrown_toe_nail,peeling
ingrown_toe_nail,scaliness
ingrown_toe_nail,skin_dryness
ingrown_toe_nail,skin_growth
ingrown_toe_nail,skin_on_arm_or_hand_looks_infected
ingrown_toe_nail,skin_on_leg_or_foot_looks_infected
ingrown_toe_nail,swollen_eye
inguinal_hernia,ache_all_over
inguinal_hernia,groin_mass
inguinal_hernia,groin_pain
inguinal_hernia,lower_abdominal_pain
inguinal_hernia,mass_in_scrotum
inguinal_hernia,pain_in_testicles
inguinal_hernia,sharp_abdominal_pain
inguinal_hernia,swelling_of_scrotum
inguinal_hernia,swollen_abdomen
inguinal_hernia,symptoms_of_the_scrotum_and_testes
interstitial_lung_disease,abnormal_breathing_sounds
interstitial_lung_disease,cough
interstitial_lung_disease,fever
interstitial_lung_disease,headache
interstitial_lung_disease,nasal_congestion
interstitial_lung_disease,shortness_of_breath
interstitial_lung_disease,sleepiness
interstitial_lung_disease,sore_throat
interstitial_lung_disease,wheezing
intertrigo_skin_condition,abnormal_appearing_skin
intertrigo_skin_condition,acne_or_pimples
intertrigo_skin_condition,or_roughness
intertrigo_skin_condition,peeling
intertrigo_skin_condition,scaliness
intertrigo_skin_condition,skin_dryness
intertrigo_skin_condition,skin_lesion
intertrigo_skin_condition,skin_rash
intertrigo_skin_condition,skin_swelling
intestinal_cancer,diarrhea
intestinal_cancer,foot_or_toe_swelling
intestinal_cancer,neck_mass
intestinal_cancer,sharp_abdominal_pain
intestinal_cancer,throat_feels_tight
intestinal_disease,burning_abdominal_pain
intestinal_disease,diarrhea
intestinal_disease,fainting
intestinal_disease,nausea
intestinal_disease,regurgitation
intestinal_disease,regurgitation_1
intestinal_disease,sharp_abdominal_pain
intestinal_disease,sharp_chest_pain
intestinal_disease,vomiting
intestinal_malabsorption,allergic_reaction
intestinal_malabsorption,cough
intestinal_malabsorption,diarrhea
intestinal_malabsorption,flatulence
intestinal_malabsorption,nasal_congestion
intestinal_malabsorption,sharp_abdominal_pain
intestinal_malabsorption,vomiting
intestinal_obstruction,burning_abdominal_pain
intestinal_obstruction,constipation
intestinal_obstruction,nausea
intestinal_obstruction,pain_of_the_anus
intestinal_obstruction,retention_of_urine
intestinal_obstruction,sharp_abdominal_pain
intestinal_obstruction,stomach_bloating
intestinal_obstruction,vaginal_itching
intestinal_obstruction,vomiting
intracerebral_hemorrhage,blindness
intracerebral_hemorrhage,depressive_or_psychotic_symptoms
intracerebral_hemorrhage,diminished_vision
intracerebral_hemorrhage,dizziness
intracerebral_hemorrhage,focal_weakness
intracerebral_hemorrhage,headache
intracerebral_hemorrhage,nausea
intracerebral_hemorrhage,seizures
intracerebral_hemorrhage,vomiting
intracerebral_hemorrhage,weakness
intracranial_abscess,depressive_or_psychotic_symptoms
intracranial_abscess,headache
intracranial_abscess,seizures
intracranial_hemorrhage,abnormal_involuntary_movements
intracranial_hemorrhage,depressive_or_psychotic_symptoms
intracranial_hemorrhage,difficulty_speaking
intracranial_hemorrhage,diminished_vision
intracranial_hemorrhage,dizziness
intracranial_hemorrhage,headache
intracranial_hemorrhage,seizures
intracranial_hemorrhage,vomiting
intussusception,blood_in_stool
intussusception,emotional_symptoms
intussusception,sharp_abdominal_pain
iridocyclitis,cloudy_eye
iridocyclitis,diminished_vision
iridocyclitis,eye_burns_or_stings
iridocyclitis,eye_redness
iridocyclitis,foreign_body_sensation_in_eye
iridocyclitis,headache
iridocyclitis,lacrimation
iridocyclitis,pain_in_eye
iridocyclitis,symptoms_of_eye
iron_deficiency_anemia,blood_in_stool
iron_deficiency_anemia,dizziness
iron_deficiency_anemia,fatigue
iron_deficiency_anemia,heartburn
iron_deficiency_anemia,heavy_menstrual_flow
iron_deficiency_anemia,intermenstrual_bleeding
iron_deficiency_anemia,rectal_bleeding
iron_deficiency_anemia,regurgitation
iron_deficiency_anemia,regurgitation_1
iron_deficiency_anemia,weakness
iron_deficiency_anemia,weight_gain
irritable_bowel_syndrome,anxiety_and_nervousness
irritable_bowel_syndrome,burning_abdominal_pain
irritable_bowel_syndrome,diarrhea
irritable_bowel_syndrome,flatulence
irritable_bowel_syndrome,insomnia
irritable_bowel_syndrome,lower_abdominal_pain
irritable_bowel_syndrome,nausea
irritable_bowel_syndrome,sharp_abdominal_pain
irritable_bowel_syndrome,upper_abdominal_pain
ischemia_of_the_bowel,blood_in_stool
ischemia_of_the_bowel,burning_abdominal_pain
ischemia_of_the_bowel,constipation
ischemia_of_the_bowel,nausea
ischemia_of_the_bowel,retention_of_urine
ischemia_of_the_bowel,sharp_abdominal_pain
ischemia_of_the_bowel,vomiting
ischemic_heart_disease,chest_tightness
ischemic_heart_disease,difficulty_breathing
ischemic_heart_disease,dizziness
ischemic_heart_disease,fatigue
ischemic_heart_disease,lymphedema
ischemic_heart_disease,muscle_pain
ischemic_heart_disease,palpitations
ischemic_heart_disease,peripheral_edema
ischemic_heart_disease,sharp_chest_pain
ischemic_heart_disease,shortness_of_breath
ischemic_heart_disease,throat_feels_tight
itching_of_unknown_cause,abnormal_appearing_skin
itching_of_unknown_cause,allergic_reaction
itching_of_unknown_cause,fluid_retention
itching_of_unknown_cause,itching_of_skin
itching_of_unknown_cause,itchy_scalp
itching_of_unknown_cause,or_roughness
itching_of_unknown_cause,peeling
itching_of_unknown_cause,problems_during_pregnancy
itching_of_unknown_cause,scaliness
itching_of_unknown_cause,skin_dryness
itching_of_unknown_cause,skin_rash
itching_of_unknown_cause,vaginal_itching
jaw_disorder,difficulty_in_swallowing
jaw_disorder,facial_pain
jaw_disorder,headache
jaw_disorder,jaw_swelling
jaw_disorder,mouth_pain
jaw_disorder,neck_mass
jaw_disorder,peripheral_edema
jaw_disorder,toothache
joint_effusion,ankle_pain
joint_effusion,ankle_swelling
joint_effusion,elbow_pain
joint_effusion,knee_pain
joint_effusion,knee_stiffness_or_tightness
joint_effusion,knee_swelling
joint_effusion,problems_with_movement
joint_effusion,wrist_pain
joint_effusion,wrist_swelling
juvenile_rheumatoid_arthritis,back_pain
juvenile_rheumatoid_arthritis,hand_or_finger_pain
juvenile_rheumatoid_arthritis,joint_pain
juvenile_rheumatoid_arthritis,knee_pain
juvenile_rheumatoid_arthritis,wrist_swelling
kaposi_sarcoma,depression
kaposi_sarcoma,elbow_weakness
kidney_cancer,blood_in_urine
kidney_cancer,groin_mass
kidney_cancer,involuntary_urination
kidney_cancer,kidney_mass
kidney_cancer,retention_of_urine
kidney_failure,arm_swelling
kidney_failure,leg_swelling
kidney_failure,nausea
kidney_failure,sharp_chest_pain
kidney_failure,shortness_of_breath
kidney_failure,swollen_abdomen
kidney_failure,symptoms_of_the_kidneys
kidney_failure,vomiting
kidney_stone,back_pain
kidney_stone,blood_in_urine
kidney_stone,frequent_urination
kidney_stone,low_back_pain
kidney_stone,lower_abdominal_pain
kidney_stone,painful_urination
kidney_stone,retention_of_urine
kidney_stone,sharp_abdominal_pain
kidney_stone,side_pain
kidney_stone,suprapubic_pain
kidney_stone,vomiting
labyrinthitis,diminished_hearing
labyrinthitis,dizziness
labyrinthitis,ear_pain
labyrinthitis,headache
labyrinthitis,loss_of_sensation
labyrinthitis,nausea
labyrinthitis,plugged_feeling_in_ear
labyrinthitis,spots_or_clouds_in_vision
labyrinthitis,sweating
labyrinthitis,vomiting
lactose_intolerance,burning_abdominal_pain
lactose_intolerance,diarrhea
lactose_intolerance,flatulence
lactose_intolerance,impotence
lactose_intolerance,nasal_congestion
lactose_intolerance,shortness_of_breath
laryngitis,coryza
laryngitis,cough
laryngitis,difficulty_in_swallowing
laryngitis,difficulty_speaking
laryngitis,ear_pain
laryngitis,fever
laryngitis,hoarse_voice
laryngitis,nasal_congestion
laryngitis,sore_throat
laryngitis,throat_feels_tight
lateral_epicondylitis_tennis_elbow,arm_pain
lateral_epicondylitis_tennis_elbow,elbow_pain
lateral_epicondylitis_tennis_elbow,hand_or_finger_pain
lateral_epicondylitis_tennis_elbow,hand_or_finger_stiffness_or_tightness
lateral_epicondylitis_tennis_elbow,joint_pain
lateral_epicondylitis_tennis_elbow,loss_of_sensation
lateral_epicondylitis_tennis_elbow,shoulder_pain
lateral_epicondylitis_tennis_elbow,wrist_pain
leukemia,fatigue
leukemia,fever
leukemia,mouth_pain
leukemia,muscle_stiffness_or_tightness
lewy_body_dementia,abnormal_involuntary_movements
lewy_body_dementia,delusions_or_hallucinations
lewy_body_dementia,depressive_or_psychotic_symptoms
lewy_body_dementia,disturbance_of_memory
lewy_body_dementia,hostile_behavior
lice,cough
lice,itching_of_skin
lice,itchy_scalp
lice,leg_lump_or_mass
lice,nasal_congestion
lichen_planus,abnormal_appearing_skin
lichen_planus,difficulty_speaking
lichen_planus,skin_growth
lichen_simplex,difficulty_speaking
lichen_simplex,itching_of_skin
lichen_simplex,skin_lesion
lichen_simplex,skin_rash
lichen_simplex,vaginal_itching
lipoma,abnormal_appearing_skin
lipoma,arm_lump_or_mass
lipoma,back_mass_or_lump
lipoma,bones_are_painful
lipoma,groin_mass
lipoma,neck_mass
lipoma,shoulder_lump_or_mass
lipoma,skin_growth
lipoma,skin_lesion
lipoma,skin_swelling
liver_cancer,decreased_appetite
liver_cancer,groin_mass
liver_cancer,sharp_abdominal_pain
liver_cancer,stomach_bloating
liver_cancer,upper_abdominal_pain
liver_disease,blood_in_stool
liver_disease,diarrhea
liver_disease,heartburn
liver_disease,jaundice
liver_disease,nausea
liver_disease,peripheral_edema
liver_disease,sharp_abdominal_pain
liver_disease,shortness_of_breath
liver_disease,side_pain
liver_disease,unusual_color_or_odor_to_urine
liver_disease,upper_abdominal_pain
liver_disease,weakness
lumbago,back_pain
lumbago,hip_pain
lumbago,leg_pain
lumbago,low_back_cramps_or_spasms
lumbago,low_back_pain
lumbago,muscle_pain
lumbago,side_pain
lung_cancer,cough
lung_cancer,decreased_appetite
lung_cancer,fatigue
lung_cancer,hemoptysis
lung_cancer,leg_weakness
lung_cancer,shortness_of_breath
lung_cancer,smoking_problems
lyme_disease,abnormal_appearing_skin
lyme_disease,depressive_or_psychotic_symptoms
lyme_disease,fatigue
lyme_disease,fever
lyme_disease,headache
lyme_disease,hip_pain
lyme_disease,symptoms_of_the_face
lymphadenitis,cough
lymphadenitis,ear_pain
lymphadenitis,fever
lymphadenitis,neck_mass
lymphadenitis,neck_pain
lymphadenitis,neck_swelling
lymphadenitis,sharp_abdominal_pain
lymphadenitis,skin_swelling
lymphadenitis,sore_throat
lymphangitis,arm_pain
lymphangitis,neck_swelling
lymphedema,abnormal_appearing_skin
lymphedema,fluid_retention
lymphedema,foot_or_toe_swelling
lymphedema,leg_pain
lymphedema,leg_swelling
lymphedema,lymphedema
lymphedema,peripheral_edema
lymphedema,skin_lesion
lymphedema,throat_swelling
lymphogranuloma_venereum,ear_pain
lymphogranuloma_venereum,knee_lump_or_mass
lymphogranuloma_venereum,sore_throat
lymphoma,fatigue
lymphoma,groin_mass
lymphoma,hoarse_voice
lymphoma,itchy_ear_s
lymphoma,neck_mass
lymphoma,regurgitation
lymphoma,regurgitation_1
macular_degeneration,abnormal_movement_of_eyelid
macular_degeneration,bleeding_from_eye
macular_degeneration,blindness
macular_degeneration,diminished_vision
macular_degeneration,double_vision
macular_degeneration,foreign_body_sensation_in_eye
macular_degeneration,itchiness_of_eye
macular_degeneration,lacrimation
macular_degeneration,pain_in_eye
macular_degeneration,spots_or_clouds_in_vision
macular_degeneration,symptoms_of_eye
magnesium_deficiency,dizziness
magnesium_deficiency,leg_pain
magnesium_deficiency,sharp_chest_pain
magnesium_deficiency,shortness_of_breath
malaria,fainting
malaria,fever
malaria,headache
malaria,knee_lump_or_mass
male_genitalia_infection,abnormal_appearing_skin
male_genitalia_infection,bumps_on_penis
male_genitalia_infection,irritable_infant
male_genitalia_infection,mass_in_scrotum
male_genitalia_infection,pain_in_testicles
male_genitalia_infection,swelling_of_scrotum
malignant_hypertension,depressive_or_psychotic_symptoms
malignant_hypertension,headache
malignant_hypertension,insomnia
malignant_hypertension,lower_body_pain
malignant_hypertension,sharp_chest_pain
malignant_hypertension,shortness_of_breath
malignant_hypertension,vomiting
mastectomy,arm_stiffness_or_tightness
mastectomy,pain_or_soreness_of_breast
mastectomy,skin_swelling
mastoiditis,cough
mastoiditis,diminished_hearing
mastoiditis,dizziness
mastoiditis,ear_pain
mastoiditis,facial_pain
mastoiditis,nasal_congestion
meckel_diverticulum,knee_lump_or_mass
meckel_diverticulum,lower_abdominal_pain
melanoma,abnormal_appearing_skin
melanoma,irregular_appearing_scalp
melanoma,itchy_eyelid
melanoma,skin_growth
melanoma,skin_lesion
melanoma,skin_moles
melanoma,skin_swelling
melanoma,swollen_lymph_nodes
meniere_disease,allergic_reaction
meniere_disease,diminished_hearing
meniere_disease,dizziness
meniere_disease,ear_pain
meniere_disease,facial_pain
meniere_disease,headache
meniere_disease,nausea
meniere_disease,ringing_in_ear
meningioma,depressive_or_psychotic_symptoms
meningioma,disturbance_of_memory
meningioma,dizziness
meningioma,headache
meningioma,weakness
meningitis,ache_all_over
meningitis,cough
meningitis,fever
meningitis,headache
meningitis,nausea
meningitis,neck_pain
meningitis,neck_stiffness_or_tightness
meningitis,vomiting
menopause,absence_of_menstruation
menopause,hot_flashes
menopause,involuntary_urination
menopause,sweating
menopause,unpredictable_menstruation
menopause,vaginal_itching
metabolic_disorder,arm_stiffness_or_tightness
metabolic_disorder,jaundice
metabolic_disorder,smoking_problems
metabolic_disorder,weight_gain
metastatic_cancer,decreased_appetite
metastatic_cancer,fatigue
metastatic_cancer,focal_weakness
metastatic_cancer,neck_mass
metastatic_cancer,vaginal_dryness
migraine,blindness
migraine,diminished_vision
migraine,disturbance_of_memory
migraine,dizziness
migraine,headache
migraine,nausea
migraine,spots_or_clouds_in_vision
migraine,symptoms_of_the_face
migraine,vomiting
missed_abortion,blood_clots_during_menstrual_periods
missed_abortion,blood_in_stool
missed_abortion,cramps_and_spasms
missed_abortion,intermenstrual_bleeding
missed_abortion,lower_abdominal_pain
missed_abortion,pain_during_pregnancy
missed_abortion,problems_during_pregnancy
missed_abortion,sharp_abdominal_pain
missed_abortion,spotting_or_bleeding_during_pregnancy
mitral_valve_disease,chest_tightness
mitral_valve_disease,dizziness
mitral_valve_disease,fatigue
mitral_valve_disease,increased_heart_rate
mitral_valve_disease,irregular_heartbeat
mitral_valve_disease,nightmares
mitral_valve_disease,sharp_chest_pain
mitral_valve_disease,shortness_of_breath
mitral_valve_disease,sweating
mittelschmerz,diarrhea
mittelschmerz,lower_abdominal_pain
mittelschmerz,painful_menstruation
mittelschmerz,pelvic_pain
mittelschmerz,sharp_abdominal_pain
mittelschmerz,vomiting
molluscum_contagiosum,abnormal_appearing_skin
molluscum_contagiosum,acne_or_pimples
molluscum_contagiosum,itching_of_skin
molluscum_contagiosum,knee_lump_or_mass
molluscum_contagiosum,or_roughness
molluscum_contagiosum,peeling
molluscum_contagiosum,scaliness
molluscum_contagiosum,skin_dryness
molluscum_contagiosum,skin_lesion
molluscum_contagiosum,skin_rash
molluscum_contagiosum,skin_swelling
molluscum_contagiosum,warts
mononeuritis,ankle_pain
mononeuritis,arm_pain
mononeuritis,elbow_pain
mononeuritis,foot_or_toe_pain
mononeuritis,hand_or_finger_pain
mononeuritis,hand_or_finger_weakness
mononeuritis,leg_pain
mononeuritis,loss_of_sensation
mononeuritis,shoulder_pain
mononeuritis,wrist_pain
mononucleosis,cough
mononucleosis,feeling_ill
mononucleosis,fever
mononucleosis,headache
mononucleosis,nasal_congestion
mononucleosis,skin_rash
mononucleosis,sore_throat
mononucleosis,swollen_lymph_nodes
moyamoya_disease,depressive_or_psychotic_symptoms
moyamoya_disease,elbow_weakness
mucositis,decreased_appetite
mucositis,difficulty_in_swallowing
mucositis,fever
mucositis,irritable_infant
mucositis,mouth_pain
mucositis,mouth_ulcer
mucositis,sore_throat
mucositis,tongue_lesions
multiple_myeloma,disturbance_of_memory
multiple_myeloma,fatigue
multiple_myeloma,lip_swelling
multiple_myeloma,problems_with_movement
multiple_myeloma,weakness
multiple_sclerosis,abnormal_involuntary_movements
multiple_sclerosis,disturbance_of_memory
multiple_sclerosis,dizziness
multiple_sclerosis,fatigue
multiple_sclerosis,focal_weakness
multiple_sclerosis,headache
multiple_sclerosis,leg_weakness
multiple_sclerosis,loss_of_sensation
multiple_sclerosis,paresthesia
multiple_sclerosis,problems_with_movement
multiple_sclerosis,weakness
mumps,ear_pain
mumps,shoulder_swelling
mumps,sore_throat
mumps,swollen_lymph_nodes
muscle_spasm,abnormal_involuntary_movements
muscle_spasm,arm_pain
muscle_spasm,back_pain
muscle_spasm,contractures
muscle_spasm,headache
muscle_spasm,leg_pain
muscle_spasm,loss_of_sensation
muscle_spasm,low_back_pain
muscle_spasm,muscle_cramps
muscle_spasm,neck_pain
muscle_spasm,or_spasms
muscle_spasm,sharp_chest_pain
muscular_dystrophy,cough
muscular_dystrophy,fatigue
muscular_dystrophy,feeling_cold
muscular_dystrophy,hip_pain
muscular_dystrophy,nasal_congestion
myasthenia_gravis,coughing_up_sputum
myasthenia_gravis,dizziness
myasthenia_gravis,double_vision
myasthenia_gravis,fatigue
myasthenia_gravis,shortness_of_breath
myasthenia_gravis,slurring_words
myasthenia_gravis,weakness
myelodysplastic_syndrome,chills
myelodysplastic_syndrome,difficulty_speaking
myelodysplastic_syndrome,fatigue
myocarditis,dizziness
myocarditis,palpitations
myocarditis,sharp_chest_pain
myoclonus,abnormal_involuntary_movements
myoclonus,insomnia
myoclonus,muscle_swelling
myoclonus,seizures
myopia,blindness
myopia,diminished_vision
myopia,eye_deviation
myopia,eye_moves_abnormally
myopia,eye_redness
myopia,foreign_body_sensation_in_eye
myopia,pain_in_eye
myopia,spots_or_clouds_in_vision
myopia,symptoms_of_eye
myositis,headache
myositis,hip_pain
myositis,knee_pain
myositis,leg_pain
myositis,loss_of_sensation
myositis,problems_with_movement
narcolepsy,apnea
narcolepsy,disturbance_of_memory
narcolepsy,fatigue
narcolepsy,headache
narcolepsy,insomnia
narcolepsy,shortness_of_breath
narcolepsy,sleepiness
nasal_polyp,allergic_reaction
nasal_polyp,cough
nasal_polyp,facial_pain
nasal_polyp,frontal_headache
nasal_polyp,headache
nasal_polyp,hoarse_voice
nasal_polyp,nasal_congestion
nasal_polyp,painful_sinuses
necrotizing_fasciitis,elbow_weakness
necrotizing_fasciitis,hip_pain
necrotizing_fasciitis,leg_pain
neonatal_jaundice,changes_in_stool_appearance
neonatal_jaundice,infant_feeding_problem
neonatal_jaundice,irritable_infant
neonatal_jaundice,jaundice
neonatal_jaundice,lack_of_growth
nerve_impingement_near_the_shoulder,arm_pain
nerve_impingement_near_the_shoulder,elbow_pain
nerve_impingement_near_the_shoulder,hand_or_finger_stiffness_or_tightness
nerve_impingement_near_the_shoulder,neck_pain
nerve_impingement_near_the_shoulder,problems_with_movement
nerve_impingement_near_the_shoulder,shoulder_pain
nerve_impingement_near_the_shoulder,shoulder_stiffness_or_tightness
nerve_impingement_near_the_shoulder,shoulder_weakness
neuralgia,ache_all_over
neuralgia,arm_pain
neuralgia,back_pain
neuralgia,headache
neuralgia,hip_pain
neuralgia,leg_pain
neuralgia,loss_of_sensation
neuralgia,low_back_pain
neuralgia,neck_pain
neuralgia,shoulder_pain
neurofibromatosis,abnormal_appearing_skin
neurofibromatosis,abnormal_involuntary_movements
neurofibromatosis,groin_mass
neurofibromatosis,headache
neuropathy_due_to_drugs,cough
neuropathy_due_to_drugs,foot_or_toe_pain
neuropathy_due_to_drugs,loss_of_sensation
neuropathy_due_to_drugs,problems_with_movement
neuropathy_due_to_drugs,vomiting
nonalcoholic_liver_disease_nash,dizziness
nonalcoholic_liver_disease_nash,mouth_ulcer
nonalcoholic_liver_disease_nash,nausea
nonalcoholic_liver_disease_nash,sharp_abdominal_pain
nonalcoholic_liver_disease_nash,weight_gain
noninfectious_gastroenteritis,blood_in_stool
noninfectious_gastroenteritis,burning_abdominal_pain
noninfectious_gastroenteritis,chills
noninfectious_gastroenteritis,decreased_appetite
noninfectious_gastroenteritis,diarrhea
noninfectious_gastroenteritis,fever
noninfectious_gastroenteritis,fluid_retention
noninfectious_gastroenteritis,headache
noninfectious_gastroenteritis,nausea
noninfectious_gastroenteritis,rectal_bleeding
noninfectious_gastroenteritis,sharp_abdominal_pain
noninfectious_gastroenteritis,vomiting
normal_pressure_hydrocephalus,depressive_or_psychotic_symptoms
normal_pressure_hydrocephalus,headache
normal_pressure_hydrocephalus,palpitations
normal_pressure_hydrocephalus,problems_with_movement
nose_disorder,coryza
nose_disorder,cough
nose_disorder,difficulty_breathing
nose_disorder,ear_pain
nose_disorder,facial_pain
nose_disorder,fever
nose_disorder,headache
nose_disorder,nasal_congestion
nose_disorder,nosebleed
nose_disorder,painful_sinuses
nose_disorder,sinus_congestion
nose_disorder,sore_throat
obesity,excessive_appetite
obesity,sleepiness
obesity,weight_gain
obstructive_sleep_apnea_osa,abnormal_breathing_sounds
obstructive_sleep_apnea_osa,abnormal_involuntary_movements
obstructive_sleep_apnea_osa,apnea
obstructive_sleep_apnea_osa,difficulty_breathing
obstructive_sleep_apnea_osa,difficulty_in_swallowing
obstructive_sleep_apnea_osa,fatigue
obstructive_sleep_apnea_osa,insomnia
obstructive_sleep_apnea_osa,mouth_dryness
obstructive_sleep_apnea_osa,shortness_of_breath
obstructive_sleep_apnea_osa,sleepiness
obstructive_sleep_apnea_osa,sweating
obstructive_sleep_apnea_osa,weight_gain
omphalitis,emotional_symptoms
omphalitis,flatulence
omphalitis,irregular_belly_button
onychomycosis,abnormal_appearing_skin
onychomycosis,foot_or_toe_pain
onychomycosis,irregular_appearing_nails
onychomycosis,or_roughness
onychomycosis,peeling
onychomycosis,scaliness
onychomycosis,skin_dryness
onychomycosis,skin_growth
onychomycosis,skin_on_leg_or_foot_looks_infected
onychomycosis,skin_rash
onychomycosis,skin_swelling
onychomycosis,too_little_hair
optic_neuritis,blindness
optic_neuritis,diminished_vision
optic_neuritis,headache
optic_neuritis,retention_of_urine
oral_leukoplakia,elbow_weakness
oral_leukoplakia,skin_swelling
oral_leukoplakia,tongue_lesions
oral_mucosal_lesion,cough
oral_mucosal_lesion,facial_pain
oral_mucosal_lesion,fever
oral_mucosal_lesion,gum_pain
oral_mucosal_lesion,lip_swelling
oral_mucosal_lesion,mouth_pain
oral_mucosal_lesion,mouth_ulcer
oral_mucosal_lesion,sore_throat
oral_mucosal_lesion,tongue_lesions
oral_mucosal_lesion,toothache
oral_thrush_yeast_infection,constipation
oral_thrush_yeast_infection,cough
oral_thrush_yeast_infection,fever
oral_thrush_yeast_infection,irritable_infant
oral_thrush_yeast_infection,mouth_pain
oral_thrush_yeast_infection,mouth_ulcer
oral_thrush_yeast_infection,nasal_congestion
oral_thrush_yeast_infection,skin_rash
oral_thrush_yeast_infection,sore_throat
oral_thrush_yeast_infection,tongue_lesions
orbital_cellulitis,diminished_hearing
orbital_cellulitis,eye_redness
orbital_cellulitis,fever
orbital_cellulitis,pain_in_eye
orbital_cellulitis,peripheral_edema
orbital_cellulitis,swollen_eye
orbital_cellulitis,symptoms_of_eye
orthostatic_hypotension,abnormal_involuntary_movements
orthostatic_hypotension,dizziness
orthostatic_hypotension,fainting
orthostatic_hypotension,feeling_ill
orthostatic_hypotension,headache
orthostatic_hypotension,irregular_heartbeat
orthostatic_hypotension,sharp_chest_pain
orthostatic_hypotension,weakness
osteoarthritis,ankle_pain
osteoarthritis,back_pain
osteoarthritis,elbow_pain
osteoarthritis,hand_or_finger_pain
osteoarthritis,hip_pain
osteoarthritis,joint_pain
osteoarthritis,knee_pain
osteoarthritis,knee_swelling
osteoarthritis,knee_weakness
osteoarthritis,leg_pain
osteoarthritis,muscle_pain
osteochondroma,abnormal_appearing_skin
osteochondroma,foot_or_toe_pain
osteochondroma,knee_pain
osteochondroma,lip_swelling
osteochondroma,lower_abdominal_pain
osteochondroma,skin_growth
osteochondroma,skin_lesion
osteochondrosis,ankle_pain
osteochondrosis,bowlegged_or_knock_kneed
osteochondrosis,elbow_pain
osteochondrosis,foot_or_toe_pain
osteochondrosis,hand_or_finger_pain
osteochondrosis,knee_pain
osteomyelitis,arm_swelling
osteomyelitis,bones_are_painful
osteomyelitis,difficulty_speaking
osteomyelitis,hand_or_finger_pain
osteomyelitis,hand_or_finger_swelling
osteomyelitis,skin_lesion
osteomyelitis,skin_on_leg_or_foot_looks_infected
osteoporosis,back_pain
osteoporosis,bones_are_painful
osteoporosis,contractures
osteoporosis,disturbance_of_memory
osteoporosis,early_or_late_onset_of_menopause
osteoporosis,hip_pain
osteoporosis,joint_pain
osteoporosis,leg_cramps_or_spasms
osteoporosis,muscle_cramps
osteoporosis,or_spasms
osteoporosis,stomach_bloating
otitis_externa_swimmer_s_ear,cough
otitis_externa_swimmer_s_ear,diminished_hearing
otitis_externa_swimmer_s_ear,ear_pain
otitis_externa_swimmer_s_ear,facial_pain
otitis_externa_swimmer_s_ear,fever
otitis_externa_swimmer_s_ear,fluid_in_ear
otitis_externa_swimmer_s_ear,itchy_ear_s
otitis_externa_swimmer_s_ear,plugged_feeling_in_ear
otitis_externa_swimmer_s_ear,redness_in_ear
otitis_externa_swimmer_s_ear,ringing_in_ear
otitis_externa_swimmer_s_ear,sore_throat
otitis_media,coryza
otitis_media,cough
otitis_media,diminished_hearing
otitis_media,ear_pain
otitis_media,fever
otitis_media,fluid_in_ear
otitis_media,nasal_congestion
otitis_media,plugged_feeling_in_ear
otitis_media,pulling_at_ears
otitis_media,sore_throat
otitis_media,vomiting
otosclerosis,diminished_hearing
otosclerosis,dizziness
otosclerosis,emotional_symptoms
ovarian_cancer,decreased_appetite
ovarian_cancer,groin_mass
ovarian_cancer,sharp_abdominal_pain
ovarian_cancer,stomach_bloating
ovarian_cyst,burning_abdominal_pain
ovarian_cyst,intermenstrual_bleeding
ovarian_cyst,lower_abdominal_pain
ovarian_cyst,nausea
ovarian_cyst,painful_menstruation
ovarian_cyst,pelvic_pain
ovarian_cyst,sharp_abdominal_pain
ovarian_cyst,vaginal_discharge
ovarian_cyst,vomiting
ovarian_torsion,ache_all_over
ovarian_torsion,groin_mass
ovarian_torsion,lower_abdominal_pain
ovarian_torsion,pelvic_pain
ovarian_torsion,sharp_abdominal_pain
ovarian_torsion,skin_swelling
overflow_incontinence,blood_in_urine
overflow_incontinence,hand_or_finger_stiffness_or_tightness
overflow_incontinence,impotence
overflow_incontinence,involuntary_urination
overflow_incontinence,retention_of_urine
overflow_incontinence,suprapubic_pain
overflow_incontinence,symptoms_of_bladder
pancreatic_cancer,ache_all_over
pancreatic_cancer,arm_swelling
pancreatic_cancer,diarrhea
pancreatic_cancer,jaundice
pancreatic_cancer,nausea
pancreatic_cancer,sharp_abdominal_pain
pancreatic_cancer,stomach_bloating
parasitic_disease,abnormal_appearing_skin
parasitic_disease,cough
parasitic_disease,hand_or_finger_swelling
parasitic_disease,retention_of_urine
parasitic_disease,sharp_abdominal_pain
parasitic_disease,skin_rash
parathyroid_adenoma,anxiety_and_nervousness
parathyroid_adenoma,disturbance_of_memory
parathyroid_adenoma,shoulder_pain
parathyroid_adenoma,throat_feels_tight
parkinson_disease,abnormal_involuntary_movements
parkinson_disease,difficulty_speaking
parkinson_disease,disturbance_of_memory
parkinson_disease,dizziness
parkinson_disease,focal_weakness
parkinson_disease,leg_stiffness_or_tightness
parkinson_disease,problems_with_movement
parkinson_disease,stiffness_all_over
parkinson_disease,weakness
paronychia,abnormal_appearing_skin
paronychia,foot_or_toe_pain
paronychia,foot_or_toe_swelling
paronychia,hand_or_finger_lump_or_mass
paronychia,hand_or_finger_pain
paronychia,hand_or_finger_swelling
paronychia,sinus_congestion
paronychia,skin_on_arm_or_hand_looks_infected
paronychia,skin_on_leg_or_foot_looks_infected
paroxysmal_supraventricular_tachycardia,chest_tightness
paroxysmal_supraventricular_tachycardia,dizziness
paroxysmal_supraventricular_tachycardia,increased_heart_rate
paroxysmal_supraventricular_tachycardia,involuntary_urination
paroxysmal_supraventricular_tachycardia,irregular_heartbeat
paroxysmal_supraventricular_tachycardia,palpitations
paroxysmal_supraventricular_tachycardia,sharp_chest_pain
paroxysmal_supraventricular_tachycardia,shortness_of_breath
paroxysmal_supraventricular_tachycardia,weakness
paroxysmal_ventricular_tachycardia,chest_tightness
paroxysmal_ventricular_tachycardia,decreased_heart_rate
paroxysmal_ventricular_tachycardia,dizziness
paroxysmal_ventricular_tachycardia,fainting
paroxysmal_ventricular_tachycardia,fatigue
paroxysmal_ventricular_tachycardia,increased_heart_rate
paroxysmal_ventricular_tachycardia,irregular_heartbeat
paroxysmal_ventricular_tachycardia,sharp_chest_pain
paroxysmal_ventricular_tachycardia,shortness_of_breath
paroxysmal_ventricular_tachycardia,weight_gain
pelvic_fistula,dizziness
pelvic_fistula,elbow_weakness
pelvic_fistula,vaginal_discharge
pelvic_inflammatory_disease,back_pain
pelvic_inflammatory_disease,burning_abdominal_pain
pelvic_inflammatory_disease,intermenstrual_bleeding
pelvic_inflammatory_disease,lower_abdominal_pain
pelvic_inflammatory_disease,nausea
pelvic_inflammatory_disease,painful_urination
pelvic_inflammatory_disease,pelvic_pain
pelvic_inflammatory_disease,sharp_abdominal_pain
pelvic_inflammatory_disease,suprapubic_pain
pelvic_inflammatory_disease,vaginal_discharge
pelvic_inflammatory_disease,vomiting
pelvic_organ_prolapse,blood_in_urine
pelvic_organ_prolapse,frequent_urination
pelvic_organ_prolapse,intermenstrual_bleeding
pelvic_organ_prolapse,involuntary_urination
pelvic_organ_prolapse,retention_of_urine
pelvic_organ_prolapse,suprapubic_pain
pelvic_organ_prolapse,symptoms_of_bladder
pelvic_organ_prolapse,vaginal_discharge
pelvic_organ_prolapse,vaginal_pain
pemphigus,abnormal_appearing_skin
pemphigus,hand_or_finger_pain
pemphigus,skin_lesion
pericarditis,chest_tightness
pericarditis,lower_body_pain
pericarditis,palpitations
pericarditis,sharp_abdominal_pain
pericarditis,sharp_chest_pain
pericarditis,shortness_of_breath
peripheral_arterial_disease,feeling_cold
peripheral_arterial_disease,foot_or_toe_pain
peripheral_arterial_disease,leg_cramps_or_spasms
peripheral_arterial_disease,leg_pain
peripheral_arterial_disease,lymphedema
peripheral_arterial_disease,poor_circulation
peripheral_arterial_disease,skin_lesion
peripheral_arterial_disease,symptoms_of_the_kidneys
peripheral_arterial_embolism,abnormal_appearing_skin
peripheral_arterial_embolism,knee_swelling
peripheral_arterial_embolism,leg_pain
peripheral_arterial_embolism,leg_swelling
peripheral_arterial_embolism,loss_of_sensation
peripheral_arterial_embolism,paresthesia
peripheral_nerve_disorder,abnormal_involuntary_movements
peripheral_nerve_disorder,arm_pain
peripheral_nerve_disorder,arm_weakness
peripheral_nerve_disorder,back_pain
peripheral_nerve_disorder,disturbance_of_memory
peripheral_nerve_disorder,dizziness
peripheral_nerve_disorder,foot_or_toe_pain
peripheral_nerve_disorder,leg_pain
peripheral_nerve_disorder,leg_weakness
peripheral_nerve_disorder,loss_of_sensation
peripheral_nerve_disorder,paresthesia
peripheral_nerve_disorder,problems_with_movement
perirectal_infection,abnormal_appearing_skin
perirectal_infection,pain_in_testicles
perirectal_infection,pain_of_the_anus
perirectal_infection,skin_lesion
perirectal_infection,skin_swelling
perirectal_infection,swelling_of_scrotum
peritonitis,back_pain
peritonitis,groin_mass
peritonitis,intermenstrual_bleeding
peritonitis,nausea
peritonitis,sharp_abdominal_pain
peritonitis,shortness_of_breath
peritonitis,side_pain
peritonitis,vomiting
peritonsillar_abscess,difficulty_in_swallowing
peritonsillar_abscess,ear_pain
peritonsillar_abscess,headache
peritonsillar_abscess,sore_throat
peritonsillar_abscess,swollen_lymph_nodes
peritonsillar_abscess,throat_feels_tight
peritonsillar_abscess,throat_swelling
persistent_vomiting_of_unknown_cause,abnormal_involuntary_movements
persistent_vomiting_of_unknown_cause,diarrhea
persistent_vomiting_of_unknown_cause,dizziness
persistent_vomiting_of_unknown_cause,fever
persistent_vomiting_of_unknown_cause,nausea
persistent_vomiting_of_unknown_cause,sharp_abdominal_pain
persistent_vomiting_of_unknown_cause,vomiting
peyronie_disease,emotional_symptoms
peyronie_disease,impotence
peyronie_disease,mass_in_scrotum
peyronie_disease,penis_pain
peyronie_disease,symptoms_of_prostate
pharyngitis,cough
pharyngitis,fever
pharyngitis,hoarse_voice
pharyngitis,sore_throat
pharyngitis,wheezing
phimosis,blood_in_urine
phimosis,painful_urination
phimosis,penis_pain
phimosis,penis_redness
phimosis,retention_of_urine
phimosis,symptoms_of_the_scrotum_and_testes
pilonidal_cyst,ache_all_over
pilonidal_cyst,bones_are_painful
pilonidal_cyst,irregular_appearing_scalp
pilonidal_cyst,lower_body_pain
pilonidal_cyst,pain_of_the_anus
pilonidal_cyst,pelvic_pain
pilonidal_cyst,skin_growth
pilonidal_cyst,skin_swelling
pinguecula,headache
pinguecula,itching_of_scrotum
pinguecula,lacrimation
pinguecula,symptoms_of_eye
pinworm_infection,constipation
pinworm_infection,itching_of_the_anus
pinworm_infection,pain_of_the_anus
pinworm_infection,painful_urination
pinworm_infection,retention_of_urine
pinworm_infection,sharp_abdominal_pain
pituitary_adenoma,headache
pituitary_adenoma,muscle_swelling
pituitary_adenoma,nausea
pituitary_adenoma,pain_in_eye
pituitary_disorder,headache
pituitary_disorder,hot_flashes
pituitary_disorder,lack_of_growth
pituitary_disorder,pain_in_eye
pityriasis_rosea,abnormal_appearing_skin
pityriasis_rosea,itching_of_skin
pityriasis_rosea,skin_rash
pityriasis_rosea,skin_swelling
pityriasis_rosea,vaginal_itching
pityriasis_rosea,warts
placenta_previa,cramps_and_spasms
placenta_previa,involuntary_urination
placenta_previa,pain_during_pregnancy
placenta_previa,spotting_or_bleeding_during_pregnancy
placental_abruption,emotional_symptoms
placental_abruption,nausea
placental_abruption,spotting_or_bleeding_during_pregnancy
placental_abruption,uterine_contractions
plantar_fasciitis,ankle_pain
plantar_fasciitis,ankle_swelling
plantar_fasciitis,bones_are_painful
plantar_fasciitis,foot_or_toe_pain
plantar_fasciitis,knee_pain
plantar_fasciitis,muscle_pain
plantar_fasciitis,problems_with_movement
pleural_effusion,back_pain
pleural_effusion,cough
pleural_effusion,difficulty_breathing
pleural_effusion,hurts_to_breath
pleural_effusion,rib_pain
pleural_effusion,sharp_abdominal_pain
pleural_effusion,sharp_chest_pain
pleural_effusion,shortness_of_breath
pleural_effusion,side_pain
pleural_effusion,weakness
pneumoconiosis,cough
pneumoconiosis,dizziness
pneumoconiosis,fever
pneumoconiosis,shortness_of_breath
pneumonia,chills
pneumonia,coryza
pneumonia,cough
pneumonia,difficulty_breathing
pneumonia,fever
pneumonia,nasal_congestion
pneumonia,sharp_chest_pain
pneumonia,shortness_of_breath
pneumonia,sore_throat
pneumonia,vomiting
pneumonia,weakness
pneumonia,wheezing
pneumothorax,back_pain
pneumothorax,cough
pneumothorax,drug_abuse
pneumothorax,hurts_to_breath
pneumothorax,sharp_chest_pain
pneumothorax,shortness_of_breath
pneumothorax,shoulder_pain
pneumothorax,side_pain
polycystic_kidney_disease,back_pain
polycystic_kidney_disease,blood_in_urine
polycystic_kidney_disease,kidney_mass
polycystic_kidney_disease,low_back_pain
polycystic_kidney_disease,retention_of_urine
polycystic_kidney_disease,sharp_abdominal_pain
polycystic_kidney_disease,side_pain
polycystic_kidney_disease,skin_growth
polycystic_ovarian_syndrome_pcos,absence_of_menstruation
polycystic_ovarian_syndrome_pcos,hot_flashes
polycystic_ovarian_syndrome_pcos,infertility
polycystic_ovarian_syndrome_pcos,intermenstrual_bleeding
polycystic_ovarian_syndrome_pcos,long_menstrual_periods
polycystic_ovarian_syndrome_pcos,pelvic_pain
polycystic_ovarian_syndrome_pcos,unpredictable_menstruation
polycystic_ovarian_syndrome_pcos,weight_gain
polycythemia_vera,dizziness
polycythemia_vera,fatigue
polycythemia_vera,headache
polycythemia_vera,symptoms_of_eye
polycythemia_vera,weight_gain
polymyalgia_rheumatica,difficulty_in_swallowing
polymyalgia_rheumatica,fatigue
polymyalgia_rheumatica,irregular_heartbeat
polymyalgia_rheumatica,leg_pain
polymyalgia_rheumatica,sharp_chest_pain
polymyalgia_rheumatica,shoulder_pain
postoperative_infection,abnormal_appearing_skin
postoperative_infection,fever
postoperative_infection,jaw_swelling
postoperative_infection,sharp_abdominal_pain
postoperative_infection,skin_on_leg_or_foot_looks_infected
postoperative_infection,skin_swelling
preeclampsia,headache
preeclampsia,lower_abdominal_pain
preeclampsia,pain_during_pregnancy
preeclampsia,problems_during_pregnancy
preeclampsia,recent_pregnancy
preeclampsia,sharp_abdominal_pain
preeclampsia,spots_or_clouds_in_vision
preeclampsia,uterine_contractions
preeclampsia,vaginal_redness
pregnancy,cramps_and_spasms
pregnancy,pain_during_pregnancy
pregnancy,pelvic_pressure
pregnancy,problems_during_pregnancy
pregnancy,spotting_or_bleeding_during_pregnancy
pregnancy,uterine_contractions
premature_atrial_contractions_pacs,dizziness
premature_atrial_contractions_pacs,fainting
premature_atrial_contractions_pacs,fatigue
premature_atrial_contractions_pacs,irregular_heartbeat
premature_atrial_contractions_pacs,muscle_swelling
premature_atrial_contractions_pacs,palpitations
premature_atrial_contractions_pacs,shortness_of_breath
premature_ovarian_failure,absence_of_menstruation
premature_ovarian_failure,infertility
premature_ovarian_failure,lack_of_growth
premature_ovarian_failure,pelvic_pain
premature_ovarian_failure,weight_gain
premature_rupture_of_amniotic_membrane,elbow_weakness
premature_rupture_of_amniotic_membrane,sharp_abdominal_pain
premature_rupture_of_amniotic_membrane,uterine_contractions
premature_ventricular_contractions_pvcs,chest_tightness
premature_ventricular_contractions_pvcs,fainting
premature_ventricular_contractions_pvcs,impotence
premature_ventricular_contractions_pvcs,irregular_heartbeat
premature_ventricular_contractions_pvcs,palpitations
premature_ventricular_contractions_pvcs,sharp_chest_pain
premature_ventricular_contractions_pvcs,shortness_of_breath
premature_ventricular_contractions_pvcs,sleepiness
premenstrual_tension_syndrome,back_pain
premenstrual_tension_syndrome,depressive_or_psychotic_symptoms
premenstrual_tension_syndrome,headache
premenstrual_tension_syndrome,lower_abdominal_pain
premenstrual_tension_syndrome,premenstrual_tension_or_irritability
premenstrual_tension_syndrome,unpredictable_menstruation
presbyacusis,diminished_hearing
presbyacusis,dizziness
presbyacusis,ear_pain
presbyacusis,emotional_symptoms
presbyacusis,ringing_in_ear
presbyopia,abnormal_movement_of_eyelid
presbyopia,difficulty_speaking
presbyopia,diminished_vision
presbyopia,foreign_body_sensation_in_eye
presbyopia,pain_in_eye
presbyopia,spots_or_clouds_in_vision
presbyopia,symptoms_of_eye
priapism,abusing_alcohol
priapism,elbow_weakness
priapism,painful_urination
priapism,penis_pain
primary_immunodeficiency,arm_stiffness_or_tightness
primary_immunodeficiency,cough
primary_immunodeficiency,decreased_appetite
primary_immunodeficiency,fatigue
primary_immunodeficiency,frontal_headache
primary_kidney_disease,blood_in_urine
primary_kidney_disease,impotence
primary_kidney_disease,lack_of_growth
primary_kidney_disease,peripheral_edema
primary_kidney_disease,symptoms_of_the_kidneys
primary_thrombocythemia,dizziness
primary_thrombocythemia,fatigue
primary_thrombocythemia,flatulence
prostate_cancer,blood_in_urine
prostate_cancer,excessive_urination_at_night
prostate_cancer,flushing
prostate_cancer,impotence
prostate_cancer,involuntary_urination
prostate_cancer,pain_during_intercourse
prostate_cancer,retention_of_urine
prostate_cancer,symptoms_of_prostate
prostatitis,back_pain
prostatitis,blood_in_urine
prostatitis,chills
prostatitis,fever
prostatitis,frequent_urination
prostatitis,impotence
prostatitis,lower_abdominal_pain
prostatitis,painful_urination
prostatitis,retention_of_urine
prostatitis,sharp_abdominal_pain
protein_deficiency,depression
protein_deficiency,nausea
protein_deficiency,smoking_problems
protein_deficiency,vomiting
protein_deficiency,weakness
pseudohypoparathyroidism,elbow_weakness
pseudohypoparathyroidism,knee_pain
pseudohypoparathyroidism,leg_pain
pseudohypoparathyroidism,wrist_pain
pseudotumor_cerebri,abnormal_involuntary_movements
pseudotumor_cerebri,diminished_vision
pseudotumor_cerebri,dizziness
pseudotumor_cerebri,headache
pseudotumor_cerebri,pain_in_eye
psoriasis,abnormal_appearing_skin
psoriasis,irregular_appearing_scalp
psoriasis,itching_of_skin
psoriasis,itchy_scalp
psoriasis,joint_pain
psoriasis,or_roughness
psoriasis,peeling
psoriasis,scaliness
psoriasis,skin_dryness
psoriasis,skin_growth
psoriasis,skin_lesion
psoriasis,skin_moles
psoriasis,skin_rash
psoriasis,skin_swelling
pterygium,acne_or_pimples
pterygium,diminished_vision
pterygium,eye_redness
pterygium,foreign_body_sensation_in_eye
pterygium,lacrimation
pterygium,spots_or_clouds_in_vision
pterygium,symptoms_of_eye
pulmonary_congestion,chest_tightness
pulmonary_congestion,cough
pulmonary_congestion,decreased_heart_rate
pulmonary_congestion,fever
pulmonary_congestion,leg_swelling
pulmonary_congestion,nasal_congestion
pulmonary_congestion,sharp_chest_pain
pulmonary_congestion,shortness_of_breath
pulmonary_congestion,weakness
pulmonary_embolism,chest_tightness
pulmonary_embolism,cough
pulmonary_embolism,difficulty_breathing
pulmonary_embolism,hemoptysis
pulmonary_embolism,leg_pain
pulmonary_embolism,leg_swelling
pulmonary_embolism,sharp_chest_pain
pulmonary_embolism,shortness_of_breath
pulmonary_embolism,side_pain
pulmonary_embolism,sweating
pulmonary_embolism,weakness
pulmonary_eosinophilia,cough
pulmonary_eosinophilia,dizziness
pulmonary_eosinophilia,fever
pulmonary_eosinophilia,nasal_congestion
pulmonary_eosinophilia,paresthesia
pulmonary_eosinophilia,sharp_chest_pain
pulmonary_eosinophilia,shortness_of_breath
pulmonary_fibrosis,chest_tightness
pulmonary_fibrosis,cough
pulmonary_fibrosis,difficulty_breathing
pulmonary_fibrosis,fainting
pulmonary_fibrosis,fever
pulmonary_fibrosis,sharp_chest_pain
pulmonary_fibrosis,shortness_of_breath
pulmonary_hypertension,apnea
pulmonary_hypertension,cough
pulmonary_hypertension,difficulty_breathing
pulmonary_hypertension,fatigue
pulmonary_hypertension,feeling_ill
pulmonary_hypertension,hemoptysis
pulmonary_hypertension,palpitations
pulmonary_hypertension,sharp_chest_pain
pulmonary_hypertension,shortness_of_breath
pulmonic_valve_disease,emotional_symptoms
pulmonic_valve_disease,shortness_of_breath
pyelonephritis,back_pain
pyelonephritis,blood_in_urine
pyelonephritis,frequent_urination
pyelonephritis,low_back_pain
pyelonephritis,lower_abdominal_pain
pyelonephritis,nausea
pyelonephritis,painful_urination
pyelonephritis,sharp_abdominal_pain
pyelonephritis,side_pain
pyelonephritis,suprapubic_pain
pyelonephritis,vomiting
pyloric_stenosis,arm_stiffness_or_tightness
pyloric_stenosis,cough
pyloric_stenosis,vomiting
pyogenic_skin_infection,abnormal_appearing_skin
pyogenic_skin_infection,foot_or_toe_pain
pyogenic_skin_infection,foot_or_toe_swelling
pyogenic_skin_infection,hand_or_finger_pain
pyogenic_skin_infection,hand_or_finger_swelling
pyogenic_skin_infection,leg_pain
pyogenic_skin_infection,leg_swelling
pyogenic_skin_infection,peripheral_edema
pyogenic_skin_infection,skin_lesion
pyogenic_skin_infection,skin_rash
pyogenic_skin_infection,skin_swelling
raynaud_disease,hand_or_finger_pain
raynaud_disease,hand_or_finger_swelling
raynaud_disease,loss_of_sensation
reactive_arthritis,hip_pain
reactive_arthritis,knee_lump_or_mass
rectal_disorder,blood_in_stool
rectal_disorder,burning_abdominal_pain
rectal_disorder,constipation
rectal_disorder,cramps_and_spasms
rectal_disorder,diarrhea
rectal_disorder,heartburn
rectal_disorder,itching_of_the_anus
rectal_disorder,melena
rectal_disorder,pain_of_the_anus
rectal_disorder,rectal_bleeding
rectal_disorder,sharp_abdominal_pain
restless_leg_syndrome,abnormal_involuntary_movements
restless_leg_syndrome,apnea
restless_leg_syndrome,depression
restless_leg_syndrome,fatigue
restless_leg_syndrome,headache
restless_leg_syndrome,insomnia
restless_leg_syndrome,leg_pain
restless_leg_syndrome,sleepiness
retinal_detachment,blindness
retinal_detachment,diminished_vision
retinal_detachment,double_vision
retinal_detachment,itchiness_of_eye
retinal_detachment,lacrimation
retinal_detachment,pain_in_eye
retinal_detachment,spots_or_clouds_in_vision
retinal_detachment,symptoms_of_eye
retinopathy_due_to_high_blood_pressure,diminished_vision
retinopathy_due_to_high_blood_pressure,foreign_body_sensation_in_eye
retinopathy_due_to_high_blood_pressure,pain_in_eye
retinopathy_due_to_high_blood_pressure,pus_draining_from_ear
retinopathy_due_to_high_blood_pressure,spots_or_clouds_in_vision
retinopathy_due_to_high_blood_pressure,symptoms_of_eye
rhabdomyolysis,arm_pain
rhabdomyolysis,depressive_or_psychotic_symptoms
rhabdomyolysis,hoarse_voice
rhabdomyolysis,leg_pain
rhabdomyolysis,sharp_chest_pain
rheumatic_fever,itchiness_of_eye
rheumatic_fever,knee_lump_or_mass
rheumatoid_arthritis,ache_all_over
rheumatoid_arthritis,elbow_swelling
rheumatoid_arthritis,hand_or_finger_pain
rheumatoid_arthritis,hand_or_finger_swelling
rheumatoid_arthritis,joint_pain
rheumatoid_arthritis,joint_swelling
rheumatoid_arthritis,knee_pain
rheumatoid_arthritis,peripheral_edema
rheumatoid_arthritis,wrist_pain
rheumatoid_arthritis,wrist_swelling
rocky_mountain_spotted_fever,headache
rocky_mountain_spotted_fever,wrist_pain
rosacea,abnormal_appearing_skin
rosacea,acne_or_pimples
rosacea,itching_of_skin
rosacea,lymphedema
rosacea,or_roughness
rosacea,peeling
rosacea,scaliness
rosacea,skin_dryness
rosacea,skin_growth
rosacea,skin_lesion
rosacea,skin_moles
rosacea,skin_swelling
rosacea,symptoms_of_eye
salivary_gland_disorder,cough
salivary_gland_disorder,sore_throat
salivary_gland_disorder,swollen_lymph_nodes
salivary_gland_disorder,throat_feels_tight
sarcoidosis,chest_tightness
sarcoidosis,cough
sarcoidosis,facial_pain
sarcoidosis,headache
sarcoidosis,pain_in_eye
sarcoidosis,peripheral_edema
sarcoidosis,sharp_chest_pain
sarcoidosis,shortness_of_breath
scabies,abnormal_appearing_skin
scabies,foot_or_toe_swelling
scabies,itching_of_skin
scabies,problems_during_pregnancy
scabies,skin_rash
scabies,skin_swelling
scabies,unpredictable_menstruation
scar,abnormal_appearing_skin
scar,itching_of_skin
scar,lip_swelling
scar,skin_growth
scar,skin_lesion
scar,skin_moles
scar,skin_swelling
scarlet_fever,cough
scarlet_fever,fever
scarlet_fever,skin_rash
scarlet_fever,skin_swelling
scarlet_fever,sore_throat
scarlet_fever,throat_swelling
sciatica,back_cramps_or_spasms
sciatica,hip_pain
sciatica,leg_cramps_or_spasms
sciatica,leg_pain
sciatica,leg_weakness
sciatica,loss_of_sensation
sciatica,low_back_pain
sciatica,lower_body_pain
sciatica,problems_with_movement
sciatica,unusual_color_or_odor_to_urine
scleritis,abnormal_involuntary_movements
scleritis,eye_redness
scleritis,headache
scleritis,pain_in_eye
scleritis,spots_or_clouds_in_vision
scleroderma,abnormal_appearing_skin
scleroderma,feeling_ill
scleroderma,itching_of_skin
scleroderma,lip_swelling
scleroderma,or_roughness
scleroderma,peeling
scleroderma,scaliness
scleroderma,skin_dryness
scleroderma,skin_growth
scleroderma,skin_irritation
scleroderma,skin_lesion
scoliosis,back_pain
scoliosis,knee_stiffness_or_tightness
scoliosis,knee_swelling
scoliosis,leg_pain
scoliosis,low_back_pain
scoliosis,lower_body_pain
scoliosis,problems_with_movement
scurvy,knee_lump_or_mass
scurvy,sharp_abdominal_pain
seasonal_allergies_hay_fever,allergic_reaction
seasonal_allergies_hay_fever,coryza
seasonal_allergies_hay_fever,cough
seasonal_allergies_hay_fever,ear_pain
seasonal_allergies_hay_fever,frontal_headache
seasonal_allergies_hay_fever,headache
seasonal_allergies_hay_fever,itchiness_of_eye
seasonal_allergies_hay_fever,lacrimation
seasonal_allergies_hay_fever,nasal_congestion
seasonal_allergies_hay_fever,sneezing
seasonal_allergies_hay_fever,sore_throat
sebaceous_cyst,abnormal_appearing_skin
sebaceous_cyst,acne_or_pimples
sebaceous_cyst,arm_lump_or_mass
sebaceous_cyst,back_mass_or_lump
sebaceous_cyst,hand_or_finger_lump_or_mass
sebaceous_cyst,irregular_appearing_scalp
sebaceous_cyst,neck_mass
sebaceous_cyst,skin_growth
sebaceous_cyst,skin_lesion
sebaceous_cyst,skin_moles
sebaceous_cyst,skin_swelling
seborrheic_dermatitis,abnormal_appearing_skin
seborrheic_dermatitis,acne_or_pimples
seborrheic_dermatitis,dry_or_flaky_scalp
seborrheic_dermatitis,irregular_appearing_scalp
seborrheic_dermatitis,itching_of_skin
seborrheic_dermatitis,or_roughness
seborrheic_dermatitis,peeling
seborrheic_dermatitis,scaliness
seborrheic_dermatitis,skin_dryness
seborrheic_dermatitis,skin_growth
seborrheic_dermatitis,skin_lesion
seborrheic_dermatitis,skin_rash
seborrheic_dermatitis,symptoms_of_the_face
seborrheic_dermatitis,too_little_hair
seborrheic_keratosis,abnormal_appearing_skin
seborrheic_keratosis,acne_or_pimples
seborrheic_keratosis,irregular_appearing_scalp
seborrheic_keratosis,itching_of_skin
seborrheic_keratosis,skin_growth
seborrheic_keratosis,skin_irritation
seborrheic_keratosis,skin_lesion
seborrheic_keratosis,skin_moles
seborrheic_keratosis,skin_rash
seborrheic_keratosis,skin_swelling
seborrheic_keratosis,warts
sensorineural_hearing_loss,diminished_hearing
sensorineural_hearing_loss,dizziness
sensorineural_hearing_loss,ear_pain
sensorineural_hearing_loss,fluid_in_ear
sensorineural_hearing_loss,hoarse_voice
sensorineural_hearing_loss,itchy_ear_s
sensorineural_hearing_loss,nasal_congestion
sensorineural_hearing_loss,plugged_feeling_in_ear
sensorineural_hearing_loss,ringing_in_ear
sensorineural_hearing_loss,throat_feels_tight
sepsis,chills
sepsis,cough
sepsis,decreased_appetite
sepsis,difficulty_breathing
sepsis,feeling_ill
sepsis,fever
sepsis,sharp_abdominal_pain
sepsis,shortness_of_breath
sepsis,suprapubic_pain
sepsis,vomiting
sepsis,weakness
septic_arthritis,fever
septic_arthritis,hip_pain
septic_arthritis,knee_pain
septic_arthritis,knee_swelling
septic_arthritis,leg_pain
shingles_herpes_zoster,abnormal_appearing_skin
shingles_herpes_zoster,back_pain
shingles_herpes_zoster,facial_pain
shingles_herpes_zoster,headache
shingles_herpes_zoster,itching_of_skin
shingles_herpes_zoster,pain_in_eye
shingles_herpes_zoster,sharp_chest_pain
shingles_herpes_zoster,skin_lesion
shingles_herpes_zoster,skin_rash
sialoadenitis,cough
sialoadenitis,facial_pain
sialoadenitis,jaw_swelling
sialoadenitis,nasal_congestion
sialoadenitis,neck_mass
sialoadenitis,neck_swelling
sialoadenitis,peripheral_edema
sialoadenitis,sore_throat
sialoadenitis,swollen_lymph_nodes
sick_sinus_syndrome,decreased_heart_rate
sick_sinus_syndrome,dizziness
sick_sinus_syndrome,fainting
sick_sinus_syndrome,increased_heart_rate
sick_sinus_syndrome,irregular_heartbeat
sick_sinus_syndrome,palpitations
sick_sinus_syndrome,shortness_of_breath
sick_sinus_syndrome,weakness
sickle_cell_anemia,ache_all_over
sickle_cell_anemia,back_pain
sickle_cell_anemia,dry_lips
sickle_cell_anemia,fever
sickle_cell_anemia,joint_pain
sickle_cell_anemia,leg_pain
sickle_cell_anemia,pulling_at_ears
sickle_cell_anemia,temper_problems
sickle_cell_crisis,ache_all_over
sickle_cell_crisis,arm_pain
sickle_cell_crisis,back_pain
sickle_cell_crisis,burning_abdominal_pain
sickle_cell_crisis,hip_pain
sickle_cell_crisis,knee_pain
sickle_cell_crisis,leg_pain
sickle_cell_crisis,low_back_pain
sickle_cell_crisis,sharp_abdominal_pain
sickle_cell_crisis,sharp_chest_pain
sickle_cell_crisis,vomiting
sinus_bradycardia,chest_tightness
sinus_bradycardia,decreased_heart_rate
sinus_bradycardia,dizziness
sinus_bradycardia,fainting
sinus_bradycardia,feeling_ill
sinus_bradycardia,increased_heart_rate
sinus_bradycardia,irregular_heartbeat
sinus_bradycardia,palpitations
sinus_bradycardia,sharp_chest_pain
sinus_bradycardia,shortness_of_breath
sinus_bradycardia,weakness
sjogren_syndrome,ache_all_over
sjogren_syndrome,difficulty_in_swallowing
sjogren_syndrome,diminished_vision
sjogren_syndrome,joint_pain
sjogren_syndrome,pain_in_eye
sjogren_syndrome,symptoms_of_eye
skin_cancer,abnormal_appearing_skin
skin_cancer,irregular_appearing_scalp
skin_cancer,lip_swelling
skin_cancer,or_roughness
skin_cancer,peeling
skin_cancer,scaliness
skin_cancer,skin_dryness
skin_cancer,skin_growth
skin_cancer,skin_irritation
skin_cancer,skin_lesion
skin_cancer,skin_moles
skin_cancer,skin_swelling
skin_cancer,warts
skin_disorder,abnormal_appearing_skin
skin_disorder,acne_or_pimples
skin_disorder,irregular_appearing_scalp
skin_disorder,itching_of_skin
skin_disorder,or_roughness
skin_disorder,peeling
skin_disorder,scaliness
skin_disorder,skin_dryness
skin_disorder,skin_growth
skin_disorder,skin_irritation
skin_disorder,skin_lesion
skin_disorder,skin_moles
skin_disorder,skin_swelling
skin_pigmentation_disorder,abnormal_appearing_skin
skin_pigmentation_disorder,acne_or_pimples
skin_pigmentation_disorder,irregular_appearing_scalp
skin_pigmentation_disorder,itching_of_skin
skin_pigmentation_disorder,or_roughness
skin_pigmentation_disorder,peeling
skin_pigmentation_disorder,scaliness
skin_pigmentation_disorder,skin_dryness
skin_pigmentation_disorder,skin_growth
skin_pigmentation_disorder,skin_lesion
skin_pigmentation_disorder,skin_moles
skin_pigmentation_disorder,skin_rash
skin_pigmentation_disorder,skin_swelling
skin_pigmentation_disorder,warts
skin_polyp,abnormal_appearing_skin
skin_polyp,acne_or_pimples
skin_polyp,irregular_appearing_scalp
skin_polyp,itching_of_skin
skin_polyp,or_roughness
skin_polyp,peeling
skin_polyp,scaliness
skin_polyp,skin_dryness
skin_polyp,skin_growth
skin_polyp,skin_irritation
skin_polyp,skin_lesion
skin_polyp,skin_moles
skin_polyp,skin_swelling
skin_polyp,warts
soft_tissue_sarcoma,abnormal_appearing_skin
soft_tissue_sarcoma,groin_mass
soft_tissue_sarcoma,itching_of_skin
soft_tissue_sarcoma,or_roughness
soft_tissue_sarcoma,peeling
soft_tissue_sarcoma,scaliness
soft_tissue_sarcoma,skin_dryness
soft_tissue_sarcoma,skin_growth
soft_tissue_sarcoma,skin_lesion
soft_tissue_sarcoma,skin_moles
spermatocele,elbow_weakness
spermatocele,frequent_urination
spermatocele,mass_in_scrotum
spermatocele,pain_in_testicles
spermatocele,retention_of_urine
spherocytosis,cough
spherocytosis,elbow_weakness
spherocytosis,skin_rash
spina_bifida,back_pain
spina_bifida,disturbance_of_memory
spina_bifida,eye_moves_abnormally
spina_bifida,headache
spina_bifida,involuntary_urination
spina_bifida,skin_lesion
spinal_stenosis,arm_pain
spinal_stenosis,back_pain
spinal_stenosis,headache
spinal_stenosis,hip_pain
spinal_stenosis,leg_pain
spinal_stenosis,loss_of_sensation
spinal_stenosis,low_back_pain
spinal_stenosis,lower_body_pain
spinal_stenosis,neck_pain
spinal_stenosis,paresthesia
spinal_stenosis,problems_with_movement
spinal_stenosis,shoulder_pain
spinocerebellar_ataxia,abnormal_involuntary_movements
spinocerebellar_ataxia,anxiety_and_nervousness
spinocerebellar_ataxia,dizziness
spinocerebellar_ataxia,problems_with_movement
spondylitis,back_mass_or_lump
spondylitis,back_pain
spondylitis,hip_pain
spondylitis,leg_pain
spondylitis,low_back_pain
spondylitis,lower_body_pain
spondylitis,neck_pain
spondylitis,side_pain
spondylitis,stiffness_all_over
spondylolisthesis,back_pain
spondylolisthesis,hip_pain
spondylolisthesis,leg_cramps_or_spasms
spondylolisthesis,leg_pain
spondylolisthesis,leg_weakness
spondylolisthesis,loss_of_sensation
spondylolisthesis,low_back_pain
spondylolisthesis,neck_pain
spondylolisthesis,paresthesia
spondylolisthesis,problems_with_movement
spondylosis,ache_all_over
spondylosis,arm_pain
spondylosis,back_pain
spondylosis,hip_pain
spondylosis,knee_pain
spondylosis,leg_pain
spondylosis,loss_of_sensation
spondylosis,low_back_pain
spondylosis,lower_body_pain
spondylosis,neck_pain
spondylosis,paresthesia
spondylosis,shoulder_pain
spontaneous_abortion,blood_clots_during_menstrual_periods
spontaneous_abortion,burning_abdominal_pain
spontaneous_abortion,cramps_and_spasms
spontaneous_abortion,heavy_menstrual_flow
spontaneous_abortion,intermenstrual_bleeding
spontaneous_abortion,lower_abdominal_pain
spontaneous_abortion,pain_during_pregnancy
spontaneous_abortion,pelvic_pain
spontaneous_abortion,problems_during_pregnancy
spontaneous_abortion,sharp_abdominal_pain
spontaneous_abortion,spotting_or_bleeding_during_pregnancy
spontaneous_abortion,uterine_contractions
sporotrichosis,knee_pain
sporotrichosis,wrist_pain
stenosis_of_the_tear_duct,abnormal_movement_of_eyelid
stenosis_of_the_tear_duct,cough
stenosis_of_the_tear_duct,lacrimation
stenosis_of_the_tear_duct,symptoms_of_eye
stenosis_of_the_tear_duct,white_discharge_from_eye
stomach_cancer,burning_abdominal_pain
stomach_cancer,diarrhea
stomach_cancer,difficulty_in_swallowing
stomach_cancer,heartburn
stomach_cancer,nausea
stomach_cancer,sharp_abdominal_pain
stomach_cancer,vomiting
strep_throat,ache_all_over
strep_throat,chills
strep_throat,cough
strep_throat,decreased_appetite
strep_throat,difficulty_in_swallowing
strep_throat,ear_pain
strep_throat,fever
strep_throat,headache
strep_throat,nasal_congestion
strep_throat,skin_rash
strep_throat,sore_throat
strep_throat,vomiting
stress_incontinence,blood_in_urine
stress_incontinence,frequent_urination
stress_incontinence,hot_flashes
stress_incontinence,intermenstrual_bleeding
stress_incontinence,involuntary_urination
stress_incontinence,painful_urination
stress_incontinence,retention_of_urine
stricture_of_the_esophagus,difficulty_in_swallowing
stricture_of_the_esophagus,heartburn
stricture_of_the_esophagus,problems_with_movement
stricture_of_the_esophagus,regurgitation_1
stricture_of_the_esophagus,sharp_chest_pain
stricture_of_the_esophagus,vomiting
stroke,abnormal_involuntary_movements
stroke,depressive_or_psychotic_symptoms
stroke,difficulty_speaking
stroke,disturbance_of_memory
stroke,dizziness
stroke,focal_weakness
stroke,headache
stroke,problems_with_movement
stroke,seizures
stroke,slurring_words
stye,abnormal_appearing_skin
stye,eye_burns_or_stings
stye,eye_redness
stye,eyelid_lesion_or_rash
stye,eyelid_swelling
stye,itchiness_of_eye
stye,mass_on_eyelid
stye,pain_in_eye
stye,skin_swelling
stye,swollen_eye
stye,symptoms_of_eye
subacute_thyroiditis,blood_in_stool
subacute_thyroiditis,pain_during_pregnancy
subacute_thyroiditis,palpitations
subacute_thyroiditis,problems_during_pregnancy
subacute_thyroiditis,uterine_contractions
subarachnoid_hemorrhage,dizziness
subarachnoid_hemorrhage,fainting
subarachnoid_hemorrhage,headache
subarachnoid_hemorrhage,loss_of_sensation
subarachnoid_hemorrhage,symptoms_of_eye
subarachnoid_hemorrhage,vomiting
subconjunctival_hemorrhage,bleeding_from_eye
subconjunctival_hemorrhage,diminished_vision
subconjunctival_hemorrhage,eye_redness
subconjunctival_hemorrhage,facial_pain
subconjunctival_hemorrhage,foreign_body_sensation_in_eye
subconjunctival_hemorrhage,headache
subconjunctival_hemorrhage,pain_in_eye
subconjunctival_hemorrhage,symptoms_of_eye
subdural_hemorrhage,depressive_or_psychotic_symptoms
subdural_hemorrhage,dizziness
subdural_hemorrhage,facial_pain
subdural_hemorrhage,headache
subdural_hemorrhage,irritable_infant
subdural_hemorrhage,vomiting
syndrome_of_inappropriate_secretion_of_adh_siadh,cross_eyed
syndrome_of_inappropriate_secretion_of_adh_siadh,dizziness
syndrome_of_inappropriate_secretion_of_adh_siadh,feeling_ill
syphilis,headache
syphilis,muscle_pain
syphilis,skin_rash
syphilis,vaginal_discharge
syringomyelia,back_pain
syringomyelia,fainting
syringomyelia,headache
syringomyelia,shoulder_pain
systemic_lupus_erythematosis_sle,ache_all_over
systemic_lupus_erythematosis_sle,bones_are_painful
systemic_lupus_erythematosis_sle,hand_or_finger_stiffness_or_tightness
systemic_lupus_erythematosis_sle,knee_pain
systemic_lupus_erythematosis_sle,leg_swelling
systemic_lupus_erythematosis_sle,sharp_chest_pain
temporary_or_benign_blood_in_urine,back_pain
temporary_or_benign_blood_in_urine,blood_in_urine
temporary_or_benign_blood_in_urine,frequent_urination
temporary_or_benign_blood_in_urine,involuntary_urination
temporary_or_benign_blood_in_urine,lower_abdominal_pain
temporary_or_benign_blood_in_urine,painful_urination
temporary_or_benign_blood_in_urine,regurgitation
temporary_or_benign_blood_in_urine,regurgitation_1
temporary_or_benign_blood_in_urine,retention_of_urine
temporary_or_benign_blood_in_urine,sharp_abdominal_pain
temporary_or_benign_blood_in_urine,suprapubic_pain
temporary_or_benign_blood_in_urine,symptoms_of_bladder
temporomandibular_joint_disorder,diminished_hearing
temporomandibular_joint_disorder,ear_pain
temporomandibular_joint_disorder,facial_pain
temporomandibular_joint_disorder,headache
temporomandibular_joint_disorder,nasal_congestion
temporomandibular_joint_disorder,neck_pain
temporomandibular_joint_disorder,pain_in_eye
temporomandibular_joint_disorder,sore_throat
tendinitis,ankle_pain
tendinitis,arm_pain
tendinitis,foot_or_toe_pain
tendinitis,hand_or_finger_pain
tendinitis,hand_or_finger_swelling
tendinitis,hip_pain
tendinitis,knee_pain
tendinitis,leg_pain
tendinitis,shoulder_pain
tendinitis,wrist_pain
tension_headache,anxiety_and_nervousness
tension_headache,back_cramps_or_spasms
tension_headache,chills
tension_headache,dizziness
tension_headache,headache
tension_headache,nausea
tension_headache,neck_pain
tension_headache,neck_stiffness_or_tightness
testicular_cancer,anxiety_and_nervousness
testicular_cancer,diminished_hearing
testicular_cancer,mass_in_scrotum
testicular_disorder,fatigue
testicular_disorder,hoarse_voice
testicular_disorder,impotence
testicular_disorder,loss_of_sex_drive
testicular_disorder,symptoms_of_the_scrotum_and_testes
testicular_torsion,back_pain
testicular_torsion,emotional_symptoms
testicular_torsion,pain_in_testicles
testicular_torsion,sharp_abdominal_pain
testicular_torsion,swelling_of_scrotum
testicular_torsion,symptoms_of_the_scrotum_and_testes
thalassemia,elbow_weakness
thalassemia,insomnia
thoracic_aortic_aneurysm,chest_tightness
thoracic_aortic_aneurysm,dizziness
thoracic_aortic_aneurysm,fatigue
thoracic_aortic_aneurysm,jaundice
thoracic_aortic_aneurysm,sharp_abdominal_pain
thoracic_aortic_aneurysm,sharp_chest_pain
thoracic_aortic_aneurysm,shortness_of_breath
thoracic_outlet_syndrome,arm_pain
thoracic_outlet_syndrome,decreased_appetite
thoracic_outlet_syndrome,hand_or_finger_pain
thoracic_outlet_syndrome,loss_of_sensation
thoracic_outlet_syndrome,sharp_chest_pain
thoracic_outlet_syndrome,shoulder_pain
threatened_pregnancy,back_pain
threatened_pregnancy,blood_clots_during_menstrual_periods
threatened_pregnancy,cramps_and_spasms
threatened_pregnancy,intermenstrual_bleeding
threatened_pregnancy,lower_abdominal_pain
threatened_pregnancy,pelvic_pain
threatened_pregnancy,problems_during_pregnancy
threatened_pregnancy,sharp_abdominal_pain
threatened_pregnancy,spotting_or_bleeding_during_pregnancy
threatened_pregnancy,uterine_contractions
threatened_pregnancy,vaginal_discharge
thrombocytopenia,bleeding_gums
thrombocytopenia,blood_in_stool
thrombocytopenia,blood_in_urine
thrombocytopenia,fatigue
thrombocytopenia,irregular_appearing_scalp
thrombocytopenia,nosebleed
thrombocytopenia,sharp_chest_pain
thrombophlebitis,ache_all_over
thrombophlebitis,arm_pain
thrombophlebitis,arm_swelling
thrombophlebitis,foot_or_toe_pain
thrombophlebitis,leg_pain
thrombophlebitis,leg_swelling
thrombophlebitis,lymphedema
thrombophlebitis,skin_on_leg_or_foot_looks_infected
thrombophlebitis,skin_swelling
thyroid_cancer,difficulty_in_swallowing
thyroid_cancer,fatigue
thyroid_cancer,neck_mass
thyroid_cancer,swollen_lymph_nodes
thyroid_disease,difficulty_in_swallowing
thyroid_disease,lump_in_throat
thyroid_disease,neck_mass
thyroid_disease,throat_feels_tight
thyroid_nodule,back_weakness
thyroid_nodule,difficulty_in_swallowing
thyroid_nodule,diminished_hearing
thyroid_nodule,fatigue
thyroid_nodule,hoarse_voice
thyroid_nodule,neck_mass
thyroid_nodule,throat_feels_tight
tietze_syndrome,chest_tightness
tietze_syndrome,cough
tietze_syndrome,difficulty_breathing
tietze_syndrome,loss_of_sensation
tietze_syndrome,nausea
tietze_syndrome,rib_pain
tietze_syndrome,sharp_chest_pain
tietze_syndrome,shortness_of_breath
tinnitus_of_unknown_cause,diminished_hearing
tinnitus_of_unknown_cause,dizziness
tinnitus_of_unknown_cause,ear_pain
tinnitus_of_unknown_cause,headache
tinnitus_of_unknown_cause,hoarse_voice
tinnitus_of_unknown_cause,itchy_ear_s
tinnitus_of_unknown_cause,plugged_feeling_in_ear
tinnitus_of_unknown_cause,ringing_in_ear
tonsillar_hypertrophy,abnormal_breathing_sounds
tonsillar_hypertrophy,apnea
tonsillar_hypertrophy,cough
tonsillar_hypertrophy,difficulty_in_swallowing
tonsillar_hypertrophy,fever
tonsillar_hypertrophy,nasal_congestion
tonsillar_hypertrophy,redness_in_ear
tonsillar_hypertrophy,sore_throat
tonsillitis,abnormal_breathing_sounds
tonsillitis,diminished_hearing
tonsillitis,lump_in_throat
tonsillitis,nasal_congestion
tonsillitis,redness_in_ear
tonsillitis,sore_throat
tonsillitis,swollen_or_red_tonsils
tonsillitis,throat_feels_tight
tonsillitis,throat_redness
tooth_abscess,facial_pain
tooth_abscess,gum_pain
tooth_abscess,jaw_swelling
tooth_abscess,lip_swelling
tooth_abscess,mouth_pain
tooth_abscess,neck_swelling
tooth_abscess,pain_in_gums
tooth_abscess,peripheral_edema
tooth_abscess,skin_swelling
tooth_abscess,toothache
tooth_disorder,bleeding_gums
tooth_disorder,ear_pain
tooth_disorder,facial_pain
tooth_disorder,gum_pain
tooth_disorder,headache
tooth_disorder,jaw_swelling
tooth_disorder,mouth_ulcer
tooth_disorder,pain_in_gums
tooth_disorder,peripheral_edema
tooth_disorder,toothache
torticollis,abnormal_involuntary_movements
torticollis,arm_pain
torticollis,headache
torticollis,neck_cramps_or_spasms
torticollis,neck_pain
torticollis,neck_stiffness_or_tightness
torticollis,shoulder_pain
torticollis,throat_swelling
toxic_multinodular_goiter,abnormal_involuntary_movements
toxic_multinodular_goiter,double_vision
toxic_multinodular_goiter,fatigue
toxic_multinodular_goiter,involuntary_urination
toxic_multinodular_goiter,irregular_heartbeat
toxoplasmosis,diminished_vision
toxoplasmosis,emotional_symptoms
tracheitis,cough
tracheitis,fever
tracheitis,hoarse_voice
tracheitis,nasal_congestion
tracheitis,shortness_of_breath
tracheitis,sneezing
tracheitis,sore_throat
transient_ischemic_attack,depressive_or_psychotic_symptoms
transient_ischemic_attack,difficulty_speaking
transient_ischemic_attack,disturbance_of_memory
transient_ischemic_attack,dizziness
transient_ischemic_attack,focal_weakness
transient_ischemic_attack,headache
transient_ischemic_attack,loss_of_sensation
transient_ischemic_attack,paresthesia
transient_ischemic_attack,symptoms_of_the_face
transient_ischemic_attack,weakness
trichiasis,diminished_vision
trichiasis,emotional_symptoms
trichiasis,eye_redness
trichiasis,eyelid_lesion_or_rash
trichiasis,foreign_body_sensation_in_eye
trichinosis,knee_lump_or_mass
trichinosis,nasal_congestion
trichomonas_infection,lower_abdominal_pain
trichomonas_infection,nausea
trichomonas_infection,pain_during_pregnancy
trichomonas_infection,sharp_abdominal_pain
trichomonas_infection,unpredictable_menstruation
trichomonas_infection,vaginal_discharge
trichomonas_infection,vaginal_itching
trichomonas_infection,vomiting
tricuspid_valve_disease,anxiety_and_nervousness
tricuspid_valve_disease,emotional_symptoms
trigeminal_neuralgia,abnormal_involuntary_movements
trigeminal_neuralgia,dizziness
trigeminal_neuralgia,facial_pain
trigeminal_neuralgia,headache
trigeminal_neuralgia,pain_in_eye
trigeminal_neuralgia,symptoms_of_the_face
trigeminal_neuralgia,toothache
trigger_finger_finger_disorder,bones_are_painful
trigger_finger_finger_disorder,hand_or_finger_cramps_or_spasms
trigger_finger_finger_disorder,hand_or_finger_pain
trigger_finger_finger_disorder,hand_or_finger_stiffness_or_tightness
trigger_finger_finger_disorder,hand_or_finger_swelling
trigger_finger_finger_disorder,wrist_pain
tuberculosis,congestion_in_chest
tuberculosis,cough
tuberculosis,shortness_of_breath
tuberculosis,vaginal_itching
tuberous_sclerosis,depressive_or_psychotic_symptoms
tuberous_sclerosis,elbow_weakness
tuberous_sclerosis,seizures
turner_syndrome,depression
turner_syndrome,emotional_symptoms
typhoid_fever,fever
typhoid_fever,wrist_pain
ulcerative_colitis,blood_in_stool
ulcerative_colitis,burning_abdominal_pain
ulcerative_colitis,diarrhea
ulcerative_colitis,lower_abdominal_pain
ulcerative_colitis,nausea
ulcerative_colitis,rectal_bleeding
ulcerative_colitis,sharp_abdominal_pain
ulcerative_colitis,swollen_lymph_nodes
ulcerative_colitis,vomiting
urethral_disorder,abusing_alcohol
urethral_disorder,involuntary_urination
urethral_disorder,painful_urination
urethral_disorder,retention_of_urine
urethral_disorder,sharp_abdominal_pain
urethral_disorder,side_pain
urethral_disorder,suprapubic_pain
urethral_disorder,vomiting
urethral_stricture,blood_in_urine
urethral_stricture,involuntary_urination
urethral_stricture,painful_urination
urethral_stricture,retention_of_urine
urethral_stricture,suprapubic_pain
urethral_stricture,symptoms_of_bladder
urethral_stricture,symptoms_of_prostate
urethral_stricture,symptoms_of_the_scrotum_and_testes
urethral_valves,elbow_weakness
urethral_valves,lower_abdominal_pain
urethral_valves,sharp_abdominal_pain
urethral_valves,side_pain
urethral_valves,suprapubic_pain
urethritis,blood_in_urine
urethritis,frequent_urination
urethritis,painful_urination
urethritis,penile_discharge
urethritis,penis_pain
urethritis,retention_of_urine
urethritis,sharp_abdominal_pain
urethritis,suprapubic_pain
urethritis,vaginal_itching
urge_incontinence,blood_in_urine
urge_incontinence,constipation
urge_incontinence,excessive_urination_at_night
urge_incontinence,frequent_urination
urge_incontinence,involuntary_urination
urge_incontinence,painful_urination
urge_incontinence,retention_of_urine
urge_incontinence,symptoms_of_bladder
urge_incontinence,vaginal_itching
urinary_tract_infection,back_pain
urinary_tract_infection,blood_in_urine
urinary_tract_infection,fever
urinary_tract_infection,frequent_urination
urinary_tract_infection,lower_abdominal_pain
urinary_tract_infection,nausea
urinary_tract_infection,painful_urination
urinary_tract_infection,retention_of_urine
urinary_tract_infection,side_pain
urinary_tract_infection,suprapubic_pain
urinary_tract_infection,vomiting
urinary_tract_obstruction,back_pain
urinary_tract_obstruction,blood_in_urine
urinary_tract_obstruction,excessive_urination_at_night
urinary_tract_obstruction,frequent_urination
urinary_tract_obstruction,painful_urination
urinary_tract_obstruction,retention_of_urine
urinary_tract_obstruction,sharp_abdominal_pain
urinary_tract_obstruction,side_pain
urinary_tract_obstruction,suprapubic_pain
urinary_tract_obstruction,symptoms_of_prostate
uterine_atony,back_cramps_or_spasms
uterine_atony,blood_in_urine
uterine_atony,intermenstrual_bleeding
uterine_atony,lower_abdominal_pain
uterine_atony,pain_during_pregnancy
uterine_atony,problems_during_pregnancy
uterine_atony,sharp_abdominal_pain
uterine_atony,spotting_or_bleeding_during_pregnancy
uterine_atony,uterine_contractions
uterine_cancer,groin_mass
uterine_cancer,pelvic_pain
uterine_cancer,vaginal_bleeding_after_menopause
uterine_fibroids,cramps_and_spasms
uterine_fibroids,heavy_menstrual_flow
uterine_fibroids,intermenstrual_bleeding
uterine_fibroids,involuntary_urination
uterine_fibroids,lower_abdominal_pain
uterine_fibroids,painful_menstruation
uterine_fibroids,pelvic_pain
uterine_fibroids,sharp_abdominal_pain
uterine_fibroids,unpredictable_menstruation
uveitis,diminished_vision
uveitis,elbow_weakness
uveitis,symptoms_of_eye
vacterl_syndrome,emotional_symptoms
vacterl_syndrome,suprapubic_pain
vaginal_cyst,blood_clots_during_menstrual_periods
vaginal_cyst,cramps_and_spasms
vaginal_cyst,heavy_menstrual_flow
vaginal_cyst,intermenstrual_bleeding
vaginal_cyst,lower_abdominal_pain
vaginal_cyst,pain_during_pregnancy
vaginal_cyst,pelvic_pain
vaginal_cyst,problems_during_pregnancy
vaginal_cyst,sharp_abdominal_pain
vaginal_cyst,spotting_or_bleeding_during_pregnancy
vaginal_cyst,vaginal_discharge
vaginal_cyst,vaginal_pain
vaginal_yeast_infection,itching_of_skin
vaginal_yeast_infection,lower_abdominal_pain
vaginal_yeast_infection,painful_urination
vaginal_yeast_infection,sharp_abdominal_pain
vaginal_yeast_infection,suprapubic_pain
vaginal_yeast_infection,vaginal_discharge
vaginal_yeast_infection,vaginal_itching
vaginal_yeast_infection,vaginal_pain
vaginal_yeast_infection,vaginal_redness
vaginal_yeast_infection,vulvar_irritation
vaginitis,lower_abdominal_pain
vaginitis,pain_during_intercourse
vaginitis,pain_during_pregnancy
vaginitis,painful_urination
vaginitis,pelvic_pain
vaginitis,sharp_abdominal_pain
vaginitis,suprapubic_pain
vaginitis,vaginal_discharge
vaginitis,vaginal_itching
vaginitis,vaginal_pain
vaginitis,vaginal_redness
valley_fever,fever
valley_fever,hand_or_finger_pain
valley_fever,shortness_of_breath
valley_fever,shoulder_swelling
varicocele_of_the_testicles,groin_pain
varicocele_of_the_testicles,infertility
varicocele_of_the_testicles,involuntary_urination
varicocele_of_the_testicles,lower_abdominal_pain
varicocele_of_the_testicles,mass_in_scrotum
varicocele_of_the_testicles,pain_in_testicles
varicocele_of_the_testicles,pain_of_the_anus
varicocele_of_the_testicles,skin_growth
varicocele_of_the_testicles,swelling_of_scrotum
varicocele_of_the_testicles,symptoms_of_the_scrotum_and_testes
varicose_veins,ache_all_over
varicose_veins,leg_cramps_or_spasms
varicose_veins,leg_lump_or_mass
varicose_veins,leg_pain
varicose_veins,leg_swelling
varicose_veins,lymphedema
varicose_veins,peripheral_edema
varicose_veins,skin_lesion
vasculitis,dizziness
vasculitis,foot_or_toe_swelling
vasculitis,headache
vasculitis,leg_pain
vasculitis,leg_stiffness_or_tightness
vasculitis,lymphedema
vasculitis,skin_lesion
vasculitis,skin_rash
venous_insufficiency,abnormal_appearing_skin
venous_insufficiency,burning_chest_pain
venous_insufficiency,fluid_retention
venous_insufficiency,leg_cramps_or_spasms
venous_insufficiency,leg_pain
venous_insufficiency,lymphedema
venous_insufficiency,skin_lesion
venous_insufficiency,skin_on_leg_or_foot_looks_infected
vertebrobasilar_insufficiency,back_pain
vertebrobasilar_insufficiency,dizziness
vertebrobasilar_insufficiency,leg_pain
vertebrobasilar_insufficiency,sharp_chest_pain
vesicoureteral_reflux,blood_in_urine
vesicoureteral_reflux,fever
vesicoureteral_reflux,involuntary_urination
vesicoureteral_reflux,suprapubic_pain
viral_exanthem,abnormal_appearing_skin
viral_exanthem,cough
viral_exanthem,decreased_appetite
viral_exanthem,fever
viral_exanthem,itching_of_skin
viral_exanthem,nasal_congestion
viral_exanthem,pulling_at_ears
viral_exanthem,skin_rash
viral_exanthem,skin_swelling
viral_exanthem,vomiting
viral_hepatitis,abusing_alcohol
viral_hepatitis,hand_or_finger_stiffness_or_tightness
viral_hepatitis,melena
viral_hepatitis,sharp_abdominal_pain
viral_hepatitis,stomach_bloating
viral_warts,abnormal_appearing_skin
viral_warts,acne_or_pimples
viral_warts,bumps_on_penis
viral_warts,lip_swelling
viral_warts,skin_growth
viral_warts,skin_lesion
viral_warts,skin_moles
viral_warts,skin_swelling
viral_warts,warts
vitamin_a_deficiency,hand_or_finger_pain
vitamin_a_deficiency,knee_lump_or_mass
vitamin_b12_deficiency,disturbance_of_memory
vitamin_b12_deficiency,fatigue
vitamin_b12_deficiency,hot_flashes
vitamin_b12_deficiency,knee_stiffness_or_tightness
vitamin_b12_deficiency,problems_with_movement
vitamin_d_deficiency,arm_stiffness_or_tightness
vitamin_d_deficiency,fatigue
vitamin_d_deficiency,hot_flashes
vitreous_degeneration,diminished_vision
vitreous_degeneration,double_vision
vitreous_degeneration,eye_redness
vitreous_degeneration,foreign_body_sensation_in_eye
vitreous_degeneration,lacrimation
vitreous_degeneration,pain_in_eye
vitreous_degeneration,spots_or_clouds_in_vision
vitreous_degeneration,symptoms_of_eye
vitreous_hemorrhage,blindness
vitreous_hemorrhage,diminished_vision
vitreous_hemorrhage,lacrimation
vitreous_hemorrhage,pain_in_eye
vitreous_hemorrhage,spots_or_clouds_in_vision
vitreous_hemorrhage,symptoms_of_eye
vocal_cord_polyp,difficulty_speaking
vocal_cord_polyp,hoarse_voice
vocal_cord_polyp,sore_throat
vocal_cord_polyp,throat_feels_tight
vocal_cord_polyp,throat_swelling
volvulus,depressive_or_psychotic_symptoms
volvulus,elbow_weakness
volvulus,sharp_abdominal_pain
volvulus,vomiting
von_willebrand_disease,blood_in_stool
von_willebrand_disease,muscle_swelling
von_willebrand_disease,nosebleed
vulvar_cancer,back_pain
vulvar_cancer,emotional_symptoms
vulvar_cancer,insomnia
vulvar_disorder,or_roughness
vulvar_disorder,pain_during_intercourse
vulvar_disorder,peeling
vulvar_disorder,scaliness
vulvar_disorder,skin_dryness
vulvar_disorder,vaginal_discharge
vulvar_disorder,vaginal_itching
vulvar_disorder,vaginal_pain
vulvar_disorder,vulvar_irritation
vulvodynia,back_pain
vulvodynia,burning_abdominal_pain
vulvodynia,cramps_and_spasms
vulvodynia,lower_abdominal_pain
vulvodynia,nausea
vulvodynia,pain_during_pregnancy
vulvodynia,painful_urination
vulvodynia,pelvic_pain
vulvodynia,sharp_abdominal_pain
vulvodynia,side_pain
vulvodynia,vaginal_discharge
vulvodynia,vaginal_pain
wernicke_korsakoff_syndrome,abusing_alcohol
wernicke_korsakoff_syndrome,anxiety_and_nervousness
wernicke_korsakoff_syndrome,depressive_or_psychotic_symptoms
white_blood_cell_disease,chills
white_blood_cell_disease,cough
white_blood_cell_disease,diarrhea
white_blood_cell_disease,fatigue
white_blood_cell_disease,fever
white_blood_cell_disease,heartburn
white_blood_cell_disease,nausea
white_blood_cell_disease,sharp_abdominal_pain
white_blood_cell_disease,vomiting
whooping_cough,cough
whooping_cough,nasal_congestion
whooping_cough,shortness_of_breath
whooping_cough,sore_throat
whooping_cough,vomiting
wilson_disease,cough
wilson_disease,insomnia
wilson_disease,sleepiness
yeast_infection,diaper_rash
yeast_infection,frequent_urination
yeast_infection,pelvic_pain
yeast_infection,sharp_abdominal_pain
yeast_infection,skin_rash
yeast_infection,suprapubic_pain
yeast_infection,vaginal_discharge
yeast_infection,vaginal_itching
yeast_infection,vaginal_pain
zenker_diverticulum,elbow_weakness
zenker_diverticulum,sharp_chest_pain
zenker_diverticulum,sore_throat
